symbol,market,scan_ts,total_score,early_score,confidence,price,change_pct,feat1,feat2,feat3,feat4,outcome_pct,outcome_label,labeled_ts
BTCUSDT,crypto,1762214400,52.94,30.0,0.662,101450.3,-4.781,0.0,2.054,1.0,0.0,3.174,1,1779002485
BTCUSDT,crypto,1762300800,58.8,25.8,0.735,103837.0,2.353,0.0,1.16,1.0,0.0,2.051,0,1779002485
BTCUSDT,crypto,1762387200,47.74,25.06,0.597,101305.6,-2.438,0.0,1.012,1.0,0.0,1.678,0,1779002485
BTCUSDT,crypto,1762473600,58.29,25.92,0.729,103305.2,1.974,0.0,1.184,1.0,0.0,-1.645,0,1779002485
BTCUSDT,crypto,1762560000,45.43,22.47,0.568,102269.3,-1.003,0.0,0.493,1.0,0.0,-2.557,0,1779002485
BTCUSDT,crypto,1762646400,53.74,23.27,0.672,104670.6,2.348,0.0,0.655,1.0,0.0,-9.674,-1,1779002485
BTCUSDT,crypto,1762732800,53.65,24.34,0.671,105966.3,1.238,0.0,0.868,1.0,0.0,-9.82,-1,1779002485
BTCUSDT,crypto,1762819200,46.9,25.0,0.586,103005.8,-2.794,0.0,0.999,1.0,0.0,-8.528,-1,1779002485
BTCUSDT,crypto,1762905600,50.59,25.41,0.632,101605.8,-1.359,0.0,1.081,1.0,0.0,-9.287,-1,1779002485
BTCUSDT,crypto,1762992000,56.7,29.02,0.709,99654.3,-1.921,0.0,1.804,1.0,0.0,-6.761,-1,1779002485
BTCUSDT,crypto,1763078400,52.25,30.0,0.653,94544.9,-5.127,0.0,2.093,1.0,0.0,-3.211,-1,1779002485
BTCUSDT,crypto,1763164800,50.69,23.02,0.634,95560.3,1.074,0.0,0.605,1.0,0.0,-9.375,-1,1779002485
BTCUSDT,crypto,1763251200,48.82,24.56,0.61,94221.7,-1.401,0.0,0.912,1.0,0.0,-9.688,-1,1779002485
BTCUSDT,crypto,1763337600,51.85,26.85,0.648,92169.7,-2.178,0.0,1.37,1.0,0.0,-8.116,-1,1779002485
BTCUSDT,crypto,1763424000,59.29,27.58,0.741,92916.9,0.811,0.0,1.517,1.0,0.0,-6.575,-1,1779002485
BTCUSDT,crypto,1763510400,53.91,27.22,0.674,91508.9,-1.515,0.0,1.444,1.0,0.0,-3.564,-1,1779002485
BTCUSDT,crypto,1763596800,49.29,28.76,0.616,86601.3,-5.363,0.0,1.751,1.0,0.0,0.835,0,1779002485
BTCUSDT,crypto,1763683200,59.02,30.0,0.738,85093.5,-1.741,0.0,2.741,1.0,0.0,6.281,1,1779002485
BTCUSDT,crypto,1763769600,46.66,22.55,0.583,84689.4,-0.475,0.0,0.51,1.0,0.0,7.796,1,1779002485
BTCUSDT,crypto,1763856000,54.96,23.73,0.687,86807.7,2.501,0.0,0.746,1.0,0.0,4.654,1,1779002485
BTCUSDT,crypto,1763942400,57.26,25.72,0.716,88247.1,1.658,0.0,1.145,1.0,0.0,2.853,0,1779002485
BTCUSDT,crypto,1764028800,48.68,24.14,0.609,87324.1,-1.046,0.0,0.827,1.0,0.0,3.431,1,1779002485
BTCUSDT,crypto,1764115200,57.64,23.59,0.721,90438.1,3.566,0.0,0.884,0.958,0.0,-4.64,-1,1779002485
BTCUSDT,crypto,1764201600,47.48,19.95,0.594,91292.2,0.944,0.0,0.629,0.84,0.0,-0.047,0,1779002485
BTCUSDT,crypto,1764288000,45.16,19.51,0.564,90847.8,-0.487,0.0,0.825,0.769,0.0,2.784,0,1779002485
BTCUSDT,crypto,1764374400,38.63,14.82,0.483,90765.0,-0.091,0.0,0.298,0.667,0.0,1.399,0,1779002485
BTCUSDT,crypto,1764460800,36.62,13.27,0.458,90320.6,-0.49,0.0,0.367,0.571,0.0,-1.143,0,1779002485
BTCUSDT,crypto,1764547200,39.17,17.33,0.49,86241.6,-4.516,0.0,1.674,0.448,0.0,3.427,1,1779002485
BTCUSDT,crypto,1764633600,53.74,13.48,0.672,91249.1,5.806,0.0,1.229,0.367,0.0,-0.99,0,1779002485
BTCUSDT,crypto,1764720000,41.63,9.17,0.52,93376.7,2.332,0.0,1.06,0.194,0.0,-2.962,0,1779002485
BTCUSDT,crypto,1764806400,30.01,6.48,0.375,92034.7,-1.437,0.0,0.78,0.129,0.0,0.656,0,1779002485
BTCUSDT,crypto,1764892800,27.71,6.23,0.346,89288.5,-2.984,0.0,0.989,0.065,0.0,3.012,1,1779002485
BTCUSDT,crypto,1764979200,26.0,2.18,0.325,89197.1,-0.102,0.0,0.306,0.032,0.0,3.678,1,1779002485
BTCUSDT,crypto,1765065600,32.85,4.21,0.411,90345.4,1.287,0.0,0.713,0.032,0.0,-0.128,0,1779002485
BTCUSDT,crypto,1765152000,32.3,4.93,0.404,90610.8,0.294,0.0,0.857,0.032,0.0,-0.463,0,1779002485
BTCUSDT,crypto,1765238400,38.73,6.52,0.484,92638.4,2.238,0.0,1.046,0.065,0.0,-4.879,-1,1779002485
BTCUSDT,crypto,1765324800,31.71,5.96,0.396,91977.5,-0.713,0.0,0.935,0.065,0.0,-6.075,-1,1779002485
BTCUSDT,crypto,1765411200,35.76,6.41,0.447,92477.5,0.544,0.0,1.152,0.032,0.0,-5.03,-1,1779002485
BTCUSDT,crypto,1765497600,27.76,5.38,0.347,90229.6,-2.431,0.0,0.947,0.032,0.0,-4.464,-1,1779002485
BTCUSDT,crypto,1765584000,25.39,1.81,0.317,90191.3,-0.042,0.0,0.233,0.032,0.0,-5.235,-1,1779002485
BTCUSDT,crypto,1765670400,25.32,4.35,0.317,88118.8,-2.298,0.0,0.613,0.065,0.0,-0.021,0,1779002485
BTCUSDT,crypto,1765756800,33.96,8.66,0.425,86389.9,-1.962,0.0,1.345,0.097,0.0,2.235,0,1779002485
BTCUSDT,crypto,1765843200,38.75,8.08,0.484,87826.3,1.663,0.0,0.97,0.161,0.0,0.905,0,1779002485
BTCUSDT,crypto,1765929600,36.99,11.03,0.462,86201.6,-1.85,0.0,1.431,0.194,0.0,2.761,0,1779002485
BTCUSDT,crypto,1766016000,41.22,12.79,0.515,85469.7,-0.849,0.0,1.525,0.258,0.0,2.332,0,1779002485
BTCUSDT,crypto,1766102400,45.99,11.57,0.575,88100.0,3.077,0.0,1.153,0.29,0.0,-0.537,0,1779002485
BTCUSDT,crypto,1766188800,31.69,7.57,0.396,88320.8,0.251,0.0,0.224,0.323,0.0,-1.288,0,1779002485
BTCUSDT,crypto,1766275200,31.94,6.64,0.399,88621.3,0.34,0.0,0.424,0.226,0.0,-1.47,0,1779002485
BTCUSDT,crypto,1766361600,37.39,9.75,0.467,88581.5,-0.045,0.0,1.046,0.226,0.0,-0.849,0,1779002485
BTCUSDT,crypto,1766448000,33.11,8.51,0.414,87463.0,-1.263,0.0,0.927,0.194,0.0,0.523,0,1779002485
BTCUSDT,crypto,1766534400,32.54,6.77,0.407,87627.3,0.188,0.0,0.579,0.194,0.0,-0.484,0,1779002485
BTCUSDT,crypto,1766620800,30.2,6.62,0.378,87182.8,-0.507,0.0,0.42,0.226,0.0,1.46,0,1779002485
BTCUSDT,crypto,1766707200,39.38,10.86,0.492,87318.2,0.155,0.0,1.141,0.258,0.0,0.332,0,1779002485
BTCUSDT,crypto,1766793600,30.84,6.16,0.385,87829.4,0.585,0.0,0.2,0.258,0.0,1.105,0,1779002485
BTCUSDT,crypto,1766880000,30.07,5.94,0.376,87920.5,0.104,0.0,0.285,0.226,0.0,2.31,0,1779002485
BTCUSDT,crypto,1766966400,37.97,9.52,0.475,87203.3,-0.816,0.0,1.517,0.097,0.0,3.89,1,1779002485
BTCUSDT,crypto,1767052800,36.1,5.69,0.451,88455.3,1.436,0.0,1.008,0.032,0.0,3.439,1,1779002485
BTCUSDT,crypto,1767139200,29.03,4.55,0.363,87608.2,-0.958,0.0,0.78,0.032,0.0,7.093,1,1779002485
BTCUSDT,crypto,1767225600,29.89,2.65,0.374,88800.0,1.36,0.0,0.402,0.032,0.0,5.527,1,1779002485
BTCUSDT,crypto,1767312000,41.18,8.36,0.515,89951.4,1.297,0.0,1.544,0.032,0.0,1.53,0,1779002485
BTCUSDT,crypto,1767398400,31.2,4.92,0.39,90595.8,0.716,0.0,0.468,0.129,0.0,0.512,0,1779002485
BTCUSDT,crypto,1767484800,33.88,6.31,0.423,91497.1,0.995,0.0,0.616,0.161,0.0,-0.977,0,1779002485
BTCUSDT,crypto,1767571200,51.34,15.43,0.642,93822.4,2.541,0.0,1.666,0.355,0.0,-3.574,-1,1779002485
BTCUSDT,crypto,1767657600,51.96,21.63,0.649,93708.0,-0.122,0.0,1.615,0.677,0.0,-2.928,0,1779002485
BTCUSDT,crypto,1767744000,41.35,17.45,0.517,91328.0,-2.54,0.0,1.296,0.548,0.0,-0.083,0,1779002485
BTCUSDT,crypto,1767830400,50.0,20.5,0.625,91059.8,-0.294,0.0,1.519,0.645,0.0,4.739,1,1779002485
BTCUSDT,crypto,1767916800,47.76,19.9,0.597,90603.6,-0.501,0.0,1.271,0.677,0.0,6.958,1,1779002485
BTCUSDT,crypto,1768003200,39.23,15.93,0.49,90469.6,-0.148,0.0,0.218,0.742,0.0,5.635,1,1779002485
BTCUSDT,crypto,1768089600,42.91,17.4,0.536,90964.4,0.547,0.0,0.383,0.774,0.0,4.99,1,1779002485
BTCUSDT,crypto,1768176000,50.42,19.45,0.63,91252.6,0.317,0.0,1.567,0.581,0.0,4.225,1,1779002485
BTCUSDT,crypto,1768262400,68.51,27.84,0.856,95375.2,4.518,0.0,1.827,0.935,0.0,-1.847,0,1779002485
BTCUSDT,crypto,1768348800,61.44,27.87,0.768,96907.9,1.607,0.0,1.573,1.0,0.0,-4.456,-1,1779002485
BTCUSDT,crypto,1768435200,51.97,26.12,0.65,95567.3,-1.383,0.0,1.224,1.0,0.0,-7.51,-1,1779002485
BTCUSDT,crypto,1768521600,50.67,24.15,0.633,95503.7,-0.067,0.0,0.83,1.0,0.0,-6.379,-1,1779002485
BTCUSDT,crypto,1768608000,44.13,20.91,0.552,95107.9,-0.414,0.0,0.31,0.968,0.0,-5.877,-1,1779002485
BTCUSDT,crypto,1768694400,41.76,19.91,0.522,93614.0,-1.571,0.0,0.498,0.871,0.0,-4.332,-1,1779002485
BTCUSDT,crypto,1768780800,46.16,21.31,0.577,92589.6,-1.094,0.0,0.907,0.839,0.0,-3.682,-1,1779002485
BTCUSDT,crypto,1768867200,45.45,24.07,0.568,88390.6,-4.535,0.0,1.589,0.806,0.0,-1.993,0,1779002485
BTCUSDT,crypto,1768953600,56.57,23.3,0.707,89411.4,1.155,0.0,1.692,0.742,0.0,-1.242,0,1779002485
BTCUSDT,crypto,1769040000,45.67,18.88,0.571,89518.5,0.12,0.0,0.809,0.742,0.0,-0.358,0,1779002485
BTCUSDT,crypto,1769126400,48.52,21.03,0.606,89558.7,0.045,0.0,0.98,0.806,0.0,-0.332,0,1779002485
BTCUSDT,crypto,1769212800,40.78,17.95,0.51,89180.7,-0.422,0.0,0.235,0.839,0.0,-5.131,-1,1779002485
BTCUSDT,crypto,1769299200,44.55,22.92,0.557,86628.9,-2.861,0.0,0.971,0.903,0.0,-2.791,0,1779002485
BTCUSDT,crypto,1769385600,57.09,25.37,0.714,88300.6,1.93,0.0,1.073,1.0,0.0,-10.865,-1,1779002485
BTCUSDT,crypto,1769472000,54.14,24.8,0.677,89197.8,1.016,0.0,0.96,1.0,0.0,-13.752,-1,1779002485
BTCUSDT,crypto,1769558400,52.86,25.11,0.661,89261.7,0.072,0.0,1.022,1.0,0.0,-11.841,-1,1779002485
BTCUSDT,crypto,1769644800,51.12,29.53,0.639,84604.7,-5.217,0.0,1.905,1.0,0.0,-10.487,-1,1779002485
BTCUSDT,crypto,1769731200,61.57,30.0,0.77,84211.4,-0.465,0.0,2.066,1.0,0.0,-13.15,-1,1779002485
BTCUSDT,crypto,1769817600,49.43,30.0,0.618,78706.8,-6.537,0.0,2.014,1.0,0.0,-20.124,-1,1779002485
BTCUSDT,crypto,1769904000,50.78,26.39,0.635,76931.5,-2.256,0.0,1.279,1.0,0.0,-8.302,-1,1779002485
BTCUSDT,crypto,1769990400,64.73,28.83,0.809,78692.5,2.289,0.0,1.765,1.0,0.0,-11.994,-1,1779002485
BTCUSDT,crypto,1770076800,54.98,30.0,0.687,75732.4,-3.762,0.0,2.051,1.0,0.0,-7.189,-1,1779002485
BTCUSDT,crypto,1770163200,54.4,29.38,0.68,73137.4,-3.427,0.0,1.875,1.0,0.0,-4.139,-1,1779002485
BTCUSDT,crypto,1770249600,47.5,30.0,0.594,62868.1,-14.041,0.0,4.098,1.0,0.0,9.444,1,1779002485
BTCUSDT,crypto,1770336000,77.5,30.0,0.969,70544.5,12.21,0.0,2.913,1.0,0.0,-4.947,-1,1779002485
BTCUSDT,crypto,1770422400,51.08,26.12,0.638,69254.2,-1.829,0.0,1.223,1.0,0.0,-4.348,-1,1779002485
BTCUSDT,crypto,1770508800,52.62,23.57,0.658,70288.1,1.493,0.0,0.713,1.0,0.0,-2.087,0,1779002485
BTCUSDT,crypto,1770595200,51.63,24.82,0.645,70110.5,-0.253,0.0,0.963,1.0,0.0,-0.449,0,1779002485
BTCUSDT,crypto,1770681600,46.68,23.95,0.584,68805.3,-1.862,0.0,0.79,1.0,0.0,-0.012,0,1779002485
BTCUSDT,crypto,1770768000,48.5,25.54,0.606,67054.4,-2.545,0.0,1.109,1.0,0.0,2.696,0,1779002485
BTCUSDT,crypto,1770854400,48.45,24.18,0.606,66243.1,-1.21,0.0,0.837,1.0,0.0,1.861,0,1779002485
BTCUSDT,crypto,1770940800,56.54,22.48,0.707,68821.5,3.892,0.0,0.754,0.935,0.0,-3.485,-1,1779002485
BTCUSDT,crypto,1771027200,47.32,19.71,0.592,69795.4,1.415,0.0,0.458,0.871,0.0,-4.042,-1,1779002485
BTCUSDT,crypto,1771113600,41.18,18.51,0.515,68796.9,-1.431,0.0,0.605,0.774,0.0,-1.188,0,1779002485
BTCUSDT,crypto,1771200000,41.56,15.89,0.52,68862.5,0.095,0.0,0.597,0.645,0.0,-1.35,0,1779002485
BTCUSDT,crypto,1771286400,36.65,15.22,0.458,67475.9,-2.014,0.0,0.591,0.613,0.0,0.204,0,1779002485
BTCUSDT,crypto,1771372800,36.81,14.2,0.46,66422.8,-1.561,0.0,0.647,0.548,0.0,-2.705,0,1779002485
BTCUSDT,crypto,1771459200,39.08,11.98,0.489,66974.0,0.83,0.0,0.589,0.452,0.0,-4.394,-1,1779002485
BTCUSDT,crypto,1771545600,42.44,12.34,0.531,67979.3,1.501,0.0,0.92,0.387,0.0,-0.039,0,1779002485
BTCUSDT,crypto,1771632000,32.42,8.25,0.405,67933.1,-0.068,0.0,0.361,0.323,0.0,-0.714,0,1779002485
BTCUSDT,crypto,1771718400,30.27,6.94,0.378,67613.5,-0.47,0.0,0.355,0.258,0.0,-2.629,0,1779002485
BTCUSDT,crypto,1771804800,29.64,9.92,0.37,64625.8,-4.419,0.0,1.211,0.194,0.0,3.576,1,1779002485
BTCUSDT,crypto,1771891200,31.76,6.2,0.397,64031.3,-0.92,0.0,0.981,0.065,0.0,2.684,0,1779002485
BTCUSDT,crypto,1771977600,48.76,7.33,0.609,67952.5,6.124,0.0,1.336,0.032,0.0,1.25,0,1779002485
BTCUSDT,crypto,1772064000,30.32,4.98,0.379,67448.2,-0.742,0.0,0.866,0.032,0.0,1.256,0,1779002485
BTCUSDT,crypto,1772150400,30.07,6.82,0.376,65836.0,-2.39,0.0,1.106,0.065,0.0,10.337,1,1779002485
BTCUSDT,crypto,1772236800,40.56,7.68,0.507,66937.1,1.672,0.0,1.407,0.032,0.0,5.853,1,1779002485
BTCUSDT,crypto,1772323200,31.25,6.47,0.391,65750.0,-1.773,0.0,1.165,0.032,0.0,3.548,1,1779002485
BTCUSDT,crypto,1772409600,47.19,8.03,0.59,68801.8,4.642,0.0,1.477,0.032,0.0,-2.281,0,1779002485
BTCUSDT,crypto,1772496000,36.34,8.62,0.454,68295.3,-0.736,0.0,1.337,0.097,0.0,-3.457,-1,1779002485
BTCUSDT,crypto,1772582400,58.94,14.43,0.737,72641.4,6.364,0.0,1.855,0.258,0.0,-5.847,-1,1779002485
BTCUSDT,crypto,1772668800,34.67,11.45,0.433,70854.8,-2.459,0.0,1.128,0.29,0.0,-1.345,0,1779002485
BTCUSDT,crypto,1772755200,31.02,11.07,0.388,68083.0,-3.912,0.0,1.053,0.29,0.0,3.036,1,1779002485
BTCUSDT,crypto,1772841600,30.36,8.08,0.38,67232.1,-1.25,0.0,0.456,0.29,0.0,4.831,1,1779002485
BTCUSDT,crypto,1772928000,32.7,10.26,0.409,65934.3,-1.93,0.0,0.761,0.323,0.0,7.524,1,1779002485
BTCUSDT,crypto,1773014400,49.27,13.53,0.616,68394.1,3.731,0.0,1.157,0.387,0.0,4.065,1,1779002485
BTCUSDT,crypto,1773100800,48.63,15.38,0.608,69901.9,2.205,0.0,1.269,0.452,0.0,4.116,1,1779002485
BTCUSDT,crypto,1773187200,42.3,14.24,0.529,70150.0,0.355,-5.8e-05,0.912,0.484,0.0,6.695,1,1779002485
BTCUSDT,crypto,1773273600,43.38,15.27,0.542,70480.1,0.471,-7.4e-05,0.86,0.548,0.0,4.813,1,1779002485
BTCUSDT,crypto,1773360000,49.94,19.24,0.624,70895.5,0.589,-6e-06,1.397,0.613,0.0,0.434,0,1779002485
BTCUSDT,crypto,1773446400,39.95,14.66,0.499,71174.4,0.393,-4.9e-05,0.351,0.645,0.0,-1.808,0,1779002485
BTCUSDT,crypto,1773532800,46.04,16.35,0.575,72778.9,2.254,2.7e-05,0.561,0.677,0.0,-3.169,-1,1779002485
BTCUSDT,crypto,1773619200,54.63,20.37,0.683,74846.4,2.841,2e-05,1.235,0.71,0.0,-7.97,-1,1779002485
BTCUSDT,crypto,1773705600,45.36,20.44,0.567,73872.4,-1.301,-1.3e-05,0.992,0.774,0.0,-8.179,-1,1779002485
BTCUSDT,crypto,1773792000,40.49,20.09,0.506,71202.9,-3.614,2.4e-05,1.05,0.742,0.0,-0.473,0,1779002485
BTCUSDT,crypto,1773878400,42.95,19.2,0.537,69887.4,-1.848,1.2e-05,1.001,0.71,0.0,0.911,0,1779002485
BTCUSDT,crypto,1773964800,45.59,17.15,0.57,70472.7,0.837,-2e-06,0.85,0.645,0.0,1.17,0,1779002485
BTCUSDT,crypto,1774051200,32.33,12.69,0.404,68881.5,-2.258,1.1e-05,0.344,0.548,0.0,-0.136,0,1779002485
BTCUSDT,crypto,1774137600,38.52,15.5,0.482,67830.6,-1.526,-6.8e-05,0.648,0.613,0.0,-2.162,0,1779002485
BTCUSDT,crypto,1774224000,57.52,18.85,0.719,70865.9,4.475,2e-06,1.447,0.581,0.0,-6.394,-1,1779002485
BTCUSDT,crypto,1774310400,41.38,15.16,0.517,70523.9,-0.483,3.1e-05,0.967,0.516,0.0,-6.446,-1,1779002485
BTCUSDT,crypto,1774396800,43.97,15.24,0.55,71297.5,1.097,4.7e-05,0.855,0.548,0.0,-6.358,-1,1779002485
BTCUSDT,crypto,1774483200,34.96,14.54,0.437,68788.0,-3.52,-2.1e-05,0.972,0.484,0.0,-0.794,0,1779002485
BTCUSDT,crypto,1774569600,39.15,17.83,0.489,66364.2,-3.524,-5.8e-05,1.115,0.613,0.0,2.595,0,1779002485
BTCUSDT,crypto,1774656000,38.58,13.89,0.482,66334.8,-0.044,-2e-06,0.455,0.581,0.0,0.805,0,1779002485
BTCUSDT,crypto,1774742400,42.49,18.34,0.531,65977.9,-0.538,2.7e-05,0.571,0.774,0.0,1.443,0,1779002485
BTCUSDT,crypto,1774828800,52.28,22.43,0.654,66764.4,1.192,8e-06,1.002,0.871,0.0,0.759,0,1779002485
BTCUSDT,crypto,1774915200,57.8,24.08,0.722,68241.5,2.212,-2.8e-05,1.331,0.871,0.0,1.108,0,1779002485
BTCUSDT,crypto,1775001600,47.93,21.67,0.599,68086.5,-0.227,6e-06,0.849,0.871,0.0,1.074,0,1779002485
BTCUSDT,crypto,1775088000,48.26,23.84,0.603,66868.5,-1.789,-7.4e-05,1.025,0.935,0.0,7.51,1,1779002485
BTCUSDT,crypto,1775174400,45.83,20.94,0.573,66930.0,0.092,4e-06,0.445,0.935,0.0,6.138,1,1779002485
BTCUSDT,crypto,1775260800,43.71,18.84,0.546,67271.0,0.509,1.7e-05,0.285,0.871,0.0,6.659,1,1779002485
BTCUSDT,crypto,1775347200,39.37,8.82,0.492,68997.9,2.567,1.9e-05,0.602,0.29,0.0,5.681,1,1779002485
BTCUSDT,crypto,1775433600,32.64,5.66,0.408,68817.9,-0.261,4e-06,1.004,0.032,0.0,6.097,1,1779002485
BTCUSDT,crypto,1775520000,46.59,8.41,0.582,71890.2,4.464,7.4e-05,1.424,0.065,0.0,-1.64,0,1779002485
BTCUSDT,crypto,1775606400,33.06,7.53,0.413,71038.1,-1.185,4e-05,1.119,0.097,0.0,4.711,1,1779002485
BTCUSDT,crypto,1775692800,38.03,8.0,0.475,71750.4,1.003,-2e-05,1.085,0.129,0.0,3.284,1,1779002485
BTCUSDT,crypto,1775779200,43.3,12.59,0.541,72917.4,1.626,-2.2e-05,0.969,0.387,0.0,2.549,0,1779002485
BTCUSDT,crypto,1775865600,39.55,14.03,0.494,73013.4,0.132,-6.8e-05,0.484,0.581,0.0,2.867,0,1779002485
BTCUSDT,crypto,1775952000,35.45,15.1,0.443,70711.1,-3.153,-3e-06,0.827,0.548,0.0,8.937,1,1779002485
BTCUSDT,crypto,1776038400,64.96,24.93,0.812,74385.0,5.196,-5.4e-05,1.373,0.903,0.0,1.706,0,1779002485
BTCUSDT,crypto,1776124800,53.76,25.88,0.672,74106.9,-0.374,-5.2e-05,1.175,1.0,0.0,-0.47,0,1779002485
BTCUSDT,crypto,1776211200,53.02,24.18,0.663,74776.2,0.903,-7.2e-05,0.836,1.0,0.0,1.356,0,1779002485
BTCUSDT,crypto,1776297600,53.78,25.14,0.672,75106.8,0.442,-2.2e-05,1.028,1.0,0.0,1.573,0,1779002485
BTCUSDT,crypto,1776384000,63.98,27.91,0.8,77030.6,2.561,-0.000108,1.582,1.0,0.0,1.44,0,1779002485
BTCUSDT,crypto,1776470400,45.18,22.69,0.565,75653.8,-1.787,-4.6e-05,0.667,0.968,0.0,3.388,1,1779002485
BTCUSDT,crypto,1776556800,44.3,22.13,0.554,73758.4,-2.505,-0.000123,0.813,0.903,-0.080156,4.931,1,1779002485
BTCUSDT,crypto,1776643200,57.53,24.04,0.719,75790.1,2.755,-2.7e-05,1.067,0.935,-0.026097,2.368,0,1779002485
BTCUSDT,crypto,1776729600,52.94,23.49,0.662,76288.2,0.657,-4.2e-05,1.085,0.903,-0.025553,3.048,1,1779002485
BTCUSDT,crypto,1776816000,56.07,22.41,0.701,78139.8,2.427,-7e-06,1.255,0.806,0.017012,-1.035,0,1779002485
BTCUSDT,crypto,1776902400,49.19,20.5,0.615,78216.8,0.099,-6.7e-05,1.132,0.742,0.095225,-2.453,0,1779002485
BTCUSDT,crypto,1776988800,42.24,17.62,0.528,77395.4,-1.05,-3.2e-05,0.814,0.677,-0.045354,-2.126,0,1779002485
BTCUSDT,crypto,1777075200,36.49,11.77,0.456,77585.0,0.245,-5.7e-05,0.29,0.516,-0.030067,-1.649,0,1779002485
BTCUSDT,crypto,1777161600,36.65,8.98,0.458,78613.5,1.326,2e-06,0.506,0.323,-0.002848,-0.536,0,1779002485
BTCUSDT,crypto,1777248000,35.69,10.67,0.446,77331.2,-1.631,-5.7e-05,1.101,0.258,0.003258,1.709,0,1779002485
BTCUSDT,crypto,1777334400,29.7,6.68,0.371,76298.1,-1.336,5.2e-05,0.691,0.161,0.013985,2.924,0,1779002485
BTCUSDT,crypto,1777420800,36.2,8.95,0.453,75749.9,-0.718,3.6e-05,1.274,0.129,0.000809,5.381,1,1779002485
BTCUSDT,crypto,1777507200,32.19,4.68,0.402,76305.4,0.733,-2.9e-05,0.679,0.065,-0.021936,5.971,1,1779002485
BTCUSDT,crypto,1777593600,38.86,5.95,0.486,78192.0,2.472,-3.1e-05,1.061,0.032,-0.001817,4.09,1,1779002485
BTCUSDT,crypto,1777680000,27.93,2.39,0.349,78652.9,0.589,-2.5e-05,0.348,0.032,0.089612,1.674,0,1779002485
BTCUSDT,crypto,1777766400,27.81,3.15,0.348,78529.0,-0.158,7e-06,0.502,0.032,-0.017098,2.071,0,1779002485
BTCUSDT,crypto,1777852800,47.9,11.94,0.599,79826.1,1.652,-3.2e-05,2.057,0.097,0.012738,1.012,0,1779002485
BTCUSDT,crypto,1777939200,40.17,8.62,0.502,80861.9,1.298,-8.2e-05,1.208,0.129,0.05122,1.627,0,1779002485
BTCUSDT,crypto,1778025600,38.25,8.74,0.478,81390.1,0.653,-3.8e-05,1.103,0.161,0.041999,0.38,0,1779002485
BTCUSDT,crypto,1778112000,32.42,8.57,0.405,79969.4,-1.746,-3e-05,0.939,0.194,-0.06068,0.615,0,1779002485
BTCUSDT,crypto,1778198400,35.28,8.38,0.441,80155.2,0.232,-1.5e-05,0.772,0.226,-0.023286,-1.082,0,1779002485
BTCUSDT,crypto,1778284800,30.79,5.25,0.385,80634.0,0.597,3.6e-05,0.405,0.161,-0.02944,0.515,0,1779002485
BTCUSDT,crypto,1778371200,36.97,7.4,0.462,82177.7,1.914,5.8e-05,0.705,0.194,-0.00611,-3.777,-1,1779002485
BTCUSDT,crypto,1778457600,34.93,9.17,0.437,81699.1,-0.582,4.6e-05,0.931,0.226,0.002435,-4.4,-1,1779002485
BTCUSDT,crypto,1778544000,34.4,10.51,0.43,80461.0,-1.515,5.8e-05,0.941,0.29,0.00056,-3.025,-1,1779002485
ETHUSDT,crypto,1762214400,47.5,30.0,0.594,3285.28,-8.797,0.0,2.607,1.0,0.0,9.011,1,1779002486
ETHUSDT,crypto,1762300800,63.57,26.34,0.795,3423.06,4.194,0.0,1.268,1.0,0.0,4.187,1,1779002486
ETHUSDT,crypto,1762387200,47.43,25.66,0.593,3313.7,-3.195,0.0,1.132,1.0,0.0,3.097,1,1779002486
ETHUSDT,crypto,1762473600,61.52,25.87,0.769,3434.36,3.641,0.0,1.174,1.0,0.0,-0.609,0,1779002486
ETHUSDT,crypto,1762560000,46.53,23.01,0.582,3400.07,-0.998,0.0,0.603,1.0,0.0,-4.998,-1,1779002486
ETHUSDT,crypto,1762646400,57.7,20.84,0.721,3581.31,5.33,0.0,0.74,0.857,0.0,-13.127,-1,1779002486
ETHUSDT,crypto,1762732800,50.26,24.29,0.628,3566.38,-0.417,0.0,0.859,1.0,0.0,-11.211,-1,1779002486
ETHUSDT,crypto,1762819200,44.75,25.33,0.559,3416.32,-4.208,0.0,1.067,1.0,0.0,-9.433,-1,1779002486
ETHUSDT,crypto,1762905600,53.95,25.81,0.674,3413.46,-0.084,0.0,1.162,1.0,0.0,-11.232,-1,1779002486
ETHUSDT,crypto,1762992000,49.95,29.09,0.624,3230.12,-5.371,0.0,1.819,1.0,0.0,-3.341,-1,1779002486
ETHUSDT,crypto,1763078400,53.29,29.07,0.666,3111.2,-3.682,0.0,1.815,1.0,0.0,-2.8,0,1779002486
ETHUSDT,crypto,1763164800,49.48,20.94,0.618,3166.55,1.779,0.0,0.496,0.923,0.0,-10.534,-1,1779002486
ETHUSDT,crypto,1763251200,46.6,22.91,0.582,3094.05,-2.29,0.0,1.153,0.857,0.0,-10.645,-1,1779002486
ETHUSDT,crypto,1763337600,49.56,24.27,0.62,3030.06,-2.068,0.0,1.386,0.867,0.0,-8.614,-1,1779002486
ETHUSDT,crypto,1763424000,54.85,20.01,0.686,3122.2,3.041,0.0,1.252,0.688,0.0,-10.296,-1,1779002486
ETHUSDT,crypto,1763510400,46.85,22.96,0.586,3024.09,-3.142,0.0,1.534,0.765,0.0,-2.378,0,1779002486
ETHUSDT,crypto,1763596800,44.28,26.66,0.554,2832.97,-6.32,0.0,1.553,0.944,0.0,4.422,1,1779002486
ETHUSDT,crypto,1763683200,56.62,28.94,0.708,2764.69,-2.41,0.0,1.999,0.947,0.0,9.416,1,1779002486
ETHUSDT,crypto,1763769600,40.46,15.32,0.506,2769.06,0.158,0.0,0.464,0.65,0.0,8.838,1,1779002486
ETHUSDT,crypto,1763856000,46.57,18.99,0.582,2800.73,1.144,0.0,0.559,0.81,0.0,8.179,1,1779002486
ETHUSDT,crypto,1763942400,62.27,23.57,0.778,2952.19,5.408,0.0,1.077,0.909,0.0,1.212,0,1779002486
ETHUSDT,crypto,1764028800,48.12,20.87,0.602,2958.24,0.205,0.0,0.869,0.826,0.0,1.074,0,1779002486
ETHUSDT,crypto,1764115200,50.68,19.75,0.634,3025.02,2.257,0.0,0.784,0.792,0.0,-7.522,-1,1779002486
ETHUSDT,crypto,1764201600,40.02,15.53,0.5,3013.8,-0.371,0.0,0.546,0.64,0.0,-0.636,0,1779002486
ETHUSDT,crypto,1764288000,39.32,12.11,0.491,3029.8,0.531,0.0,0.729,0.423,0.0,5.191,1,1779002486
ETHUSDT,crypto,1764374400,29.86,8.02,0.373,2987.96,-1.381,0.0,0.42,0.296,0.0,4.821,1,1779002486
ETHUSDT,crypto,1764460800,29.21,4.71,0.365,2990.02,0.069,0.0,0.371,0.143,0.0,1.015,0,1779002486
ETHUSDT,crypto,1764547200,25.24,9.19,0.315,2797.47,-6.44,0.0,1.286,0.138,0.0,8.546,1,1779002486
ETHUSDT,crypto,1764633600,47.42,6.08,0.593,2994.63,7.048,0.0,0.949,0.067,0.0,2.121,0,1779002486
ETHUSDT,crypto,1764720000,46.82,6.38,0.585,3187.07,6.426,0.0,1.018,0.065,0.0,-2.006,0,1779002486
ETHUSDT,crypto,1764806400,29.86,6.05,0.373,3132.01,-1.728,0.0,0.953,0.065,0.0,5.89,1,1779002486
ETHUSDT,crypto,1764892800,26.57,5.92,0.332,3020.38,-3.564,0.0,1.056,0.032,0.0,10.012,1,1779002486
ETHUSDT,crypto,1764979200,27.3,2.19,0.341,3036.53,0.535,0.0,0.309,0.032,0.0,6.561,1,1779002486
ETHUSDT,crypto,1765065600,33.76,5.56,0.422,3058.14,0.712,0.0,0.855,0.065,0.0,0.824,0,1779002486
ETHUSDT,crypto,1765152000,37.41,6.3,0.468,3123.14,2.125,0.0,0.872,0.097,0.0,-0.324,0,1779002486
ETHUSDT,crypto,1765238400,51.61,10.94,0.645,3316.49,6.191,0.0,1.156,0.258,0.0,-7.673,-1,1779002486
ETHUSDT,crypto,1765324800,38.87,10.9,0.486,3322.79,0.19,0.0,1.018,0.29,0.0,-10.82,-1,1779002486
ETHUSDT,crypto,1765411200,34.42,11.48,0.43,3235.77,-2.619,0.0,1.135,0.29,0.0,-8.497,-1,1779002486
ETHUSDT,crypto,1765497600,29.01,10.54,0.363,3083.34,-4.711,0.0,1.077,0.258,0.0,-8.152,-1,1779002486
ETHUSDT,crypto,1765584000,30.31,4.23,0.379,3113.01,0.962,0.0,0.331,0.129,0.0,-9.178,-1,1779002486
ETHUSDT,crypto,1765670400,26.14,3.78,0.327,3062.02,-1.638,0.0,0.627,0.032,0.0,-2.733,0,1779002486
ETHUSDT,crypto,1765756800,31.46,8.03,0.393,2963.25,-3.226,0.0,1.477,0.032,0.0,0.448,0,1779002486
ETHUSDT,crypto,1765843200,35.68,7.96,0.446,2960.84,-0.081,0.0,1.076,0.129,0.0,1.344,0,1779002486
ETHUSDT,crypto,1765929600,34.93,14.11,0.437,2832.0,-4.351,0.0,1.403,0.355,0.0,6.232,1,1779002486
ETHUSDT,crypto,1766016000,45.84,16.35,0.573,2827.3,-0.166,0.0,1.464,0.452,0.0,4.81,1,1779002486
ETHUSDT,crypto,1766102400,54.11,15.3,0.676,2978.33,5.342,0.0,1.125,0.484,0.0,-1.078,0,1779002486
ETHUSDT,crypto,1766188800,34.96,11.45,0.437,2976.54,-0.06,0.0,0.225,0.516,0.0,-2.493,0,1779002486
ETHUSDT,crypto,1766275200,35.34,9.16,0.442,3000.62,0.809,0.0,0.413,0.355,0.0,-2.459,0,1779002486
ETHUSDT,crypto,1766361600,39.46,11.77,0.493,3008.49,0.262,0.0,0.934,0.355,0.0,-2.024,0,1779002486
ETHUSDT,crypto,1766448000,35.4,11.18,0.442,2963.29,-1.502,0.0,0.945,0.323,0.0,-0.462,0,1779002486
ETHUSDT,crypto,1766534400,34.71,10.23,0.434,2946.23,-0.576,0.0,0.626,0.355,0.0,-0.332,0,1779002486
ETHUSDT,crypto,1766620800,34.99,13.22,0.437,2902.32,-1.49,0.0,0.451,0.548,0.0,2.408,0,1779002486
ETHUSDT,crypto,1766707200,45.47,16.77,0.568,2926.82,0.844,0.0,0.902,0.613,0.0,1.489,0,1779002486
ETHUSDT,crypto,1766793600,39.08,14.03,0.488,2947.61,0.71,0.0,0.226,0.645,0.0,1.862,0,1779002486
ETHUSDT,crypto,1766880000,38.57,14.42,0.482,2949.6,0.068,0.0,0.303,0.645,0.0,5.909,1,1779002486
ETHUSDT,crypto,1766966400,35.85,7.44,0.448,2936.45,-0.446,0.0,1.36,0.032,0.0,6.437,1,1779002486
ETHUSDT,crypto,1767052800,34.29,5.0,0.429,2972.22,1.218,0.0,0.871,0.032,0.0,5.757,1,1779002486
ETHUSDT,crypto,1767139200,29.82,4.05,0.373,2970.4,-0.061,0.0,0.68,0.032,0.0,8.528,1,1779002486
ETHUSDT,crypto,1767225600,28.47,2.23,0.356,3002.49,1.08,0.0,0.316,0.032,0.0,9.758,1,1779002486
ETHUSDT,crypto,1767312000,46.22,8.46,0.578,3123.89,4.043,0.0,1.434,0.065,0.0,1.397,0,1779002486
ETHUSDT,crypto,1767398400,29.51,4.74,0.369,3125.47,0.051,0.0,0.433,0.129,0.0,-0.641,0,1779002486
ETHUSDT,crypto,1767484800,32.54,6.06,0.407,3143.32,0.571,0.0,0.567,0.161,0.0,-1.787,0,1779002486
ETHUSDT,crypto,1767571200,46.66,11.78,0.583,3223.71,2.557,0.0,1.453,0.226,0.0,-4.288,-1,1779002486
ETHUSDT,crypto,1767657600,46.81,12.51,0.585,3295.46,2.226,0.0,1.47,0.258,0.0,-5.264,-1,1779002486
ETHUSDT,crypto,1767744000,34.76,12.59,0.434,3167.52,-3.882,0.0,1.486,0.258,0.0,-2.326,0,1779002486
ETHUSDT,crypto,1767830400,38.71,12.97,0.484,3105.45,-1.96,0.0,1.432,0.29,0.0,7.06,1,1779002486
ETHUSDT,crypto,1767916800,39.09,11.47,0.489,3087.15,-0.589,0.0,1.261,0.258,0.0,8.62,1,1779002486
ETHUSDT,crypto,1768003200,29.81,6.29,0.373,3085.47,-0.054,0.0,0.226,0.258,0.0,7.504,1,1779002486
ETHUSDT,crypto,1768089600,37.66,10.27,0.471,3122.0,1.184,0.0,0.505,0.387,0.0,5.534,1,1779002486
ETHUSDT,crypto,1768176000,39.36,11.91,0.492,3093.84,-0.902,0.0,1.35,0.258,0.0,6.95,1,1779002486
ETHUSDT,crypto,1768262400,63.58,17.92,0.795,3324.69,7.462,0.0,1.648,0.484,0.0,-1.261,0,1779002486
ETHUSDT,crypto,1768348800,52.92,20.48,0.661,3353.27,0.86,0.0,1.644,0.613,0.0,-4.928,-1,1779002486
ETHUSDT,crypto,1768435200,45.83,18.87,0.573,3317.0,-1.082,0.0,1.323,0.613,0.0,-11.419,-1,1779002486
ETHUSDT,crypto,1768521600,40.86,15.66,0.511,3294.77,-0.67,0.0,0.809,0.581,0.0,-9.534,-1,1779002486
ETHUSDT,crypto,1768608000,37.87,12.74,0.473,3308.87,0.428,0.0,0.355,0.548,0.0,-10.809,-1,1779002486
ETHUSDT,crypto,1768694400,36.21,12.48,0.453,3282.77,-0.789,0.0,0.561,0.484,0.0,-9.982,-1,1779002486
ETHUSDT,crypto,1768780800,33.47,10.95,0.418,3188.01,-2.887,0.0,1.158,0.258,0.0,-7.4,-1,1779002486
ETHUSDT,crypto,1768867200,34.81,17.85,0.435,2938.24,-7.835,0.0,1.892,0.419,0.0,-4.178,-1,1779002486
ETHUSDT,crypto,1768953600,55.67,20.3,0.696,2980.66,1.444,0.0,1.996,0.516,0.0,-1.737,0,1779002486
ETHUSDT,crypto,1769040000,43.98,18.5,0.55,2951.21,-0.988,0.0,0.991,0.677,0.0,2.498,0,1779002486
ETHUSDT,crypto,1769126400,49.35,21.68,0.617,2955.08,0.131,0.0,0.981,0.839,0.0,1.837,0,1779002486
ETHUSDT,crypto,1769212800,43.19,19.8,0.54,2952.09,-0.101,0.0,0.218,0.935,0.0,-4.441,-1,1779002486
ETHUSDT,crypto,1769299200,43.55,25.15,0.544,2815.49,-4.627,0.0,1.031,1.0,0.0,-3.901,-1,1779002486
ETHUSDT,crypto,1769385600,65.51,27.48,0.819,2928.9,4.028,0.0,1.495,1.0,0.0,-16.338,-1,1779002486
ETHUSDT,crypto,1769472000,60.13,25.53,0.752,3024.92,3.278,0.0,1.107,1.0,0.0,-24.988,-1,1779002486
ETHUSDT,crypto,1769558400,50.01,24.27,0.625,3009.36,-0.514,0.0,0.854,1.0,0.0,-22.058,-1,1779002486
ETHUSDT,crypto,1769644800,46.81,28.41,0.585,2821.0,-6.259,0.0,1.683,1.0,0.0,-20.871,-1,1779002486
ETHUSDT,crypto,1769731200,54.32,30.0,0.679,2705.66,-4.089,0.0,2.01,1.0,0.0,-20.647,-1,1779002486
ETHUSDT,crypto,1769817600,47.5,30.0,0.594,2450.38,-9.435,0.0,2.497,1.0,0.0,-25.524,-1,1779002486
ETHUSDT,crypto,1769904000,45.32,28.81,0.566,2269.04,-7.4,0.0,1.762,1.0,0.0,-9.101,-1,1779002486
ETHUSDT,crypto,1769990400,69.24,30.0,0.866,2345.55,3.372,0.0,2.208,1.0,0.0,-11.069,-1,1779002486
ETHUSDT,crypto,1770076800,52.84,30.0,0.66,2232.23,-4.831,0.0,2.317,1.0,0.0,-6.434,-1,1779002486
ETHUSDT,crypto,1770163200,54.86,30.0,0.686,2147.01,-3.818,0.0,2.126,1.0,0.0,-2.005,0,1779002486
ETHUSDT,crypto,1770249600,47.5,30.0,0.594,1824.95,-15.0,0.0,3.141,1.0,0.0,10.771,1,1779002486
ETHUSDT,crypto,1770336000,77.5,30.0,0.969,2062.54,13.019,0.0,2.163,1.0,0.0,-5.938,-1,1779002486
ETHUSDT,crypto,1770422400,58.77,27.0,0.735,2085.93,1.134,0.0,1.4,1.0,0.0,-6.653,-1,1779002486
ETHUSDT,crypto,1770508800,49.29,23.27,0.616,2088.6,0.128,0.0,0.653,1.0,0.0,-1.963,0,1779002486
ETHUSDT,crypto,1770595200,52.68,24.35,0.658,2103.96,0.735,0.0,0.871,1.0,0.0,-0.881,0,1779002486
ETHUSDT,crypto,1770681600,42.8,24.07,0.535,2021.51,-3.919,0.0,0.813,1.0,0.0,-2.772,0,1779002486
ETHUSDT,crypto,1770768000,44.46,25.01,0.556,1940.07,-4.029,0.0,1.001,1.0,0.0,2.952,0,1779002486
ETHUSDT,crypto,1770854400,50.55,23.66,0.632,1947.15,0.365,0.0,0.732,1.0,0.0,2.236,0,1779002486
ETHUSDT,crypto,1770940800,58.08,21.99,0.726,2047.6,5.159,0.0,0.655,0.935,0.0,-4.534,-1,1779002486
ETHUSDT,crypto,1771027200,47.04,19.13,0.588,2085.43,1.848,0.0,0.342,0.871,0.0,-6.583,-1,1779002486
ETHUSDT,crypto,1771113600,34.23,19.68,0.428,1965.47,-5.752,0.0,0.711,0.806,0.0,0.121,0,1779002486
ETHUSDT,crypto,1771200000,44.35,15.75,0.554,1997.35,1.622,0.0,0.57,0.645,0.0,-1.242,0,1779002486
ETHUSDT,crypto,1771286400,39.39,14.59,0.492,1990.68,-0.334,0.0,0.595,0.581,0.0,-1.691,0,1779002486
ETHUSDT,crypto,1771372800,34.53,12.33,0.432,1954.77,-1.804,0.0,0.66,0.452,0.0,-5.08,-1,1779002486
ETHUSDT,crypto,1771459200,35.16,10.54,0.439,1948.15,-0.339,0.0,0.559,0.387,0.0,-4.982,-1,1779002486
ETHUSDT,crypto,1771545600,37.29,9.61,0.466,1967.85,1.011,0.0,0.632,0.323,0.0,4.505,1,1779002486
ETHUSDT,crypto,1771632000,30.9,6.54,0.386,1972.54,0.238,0.0,0.277,0.258,0.0,2.746,0,1779002486
ETHUSDT,crypto,1771718400,25.43,2.9,0.318,1957.01,-0.787,0.0,0.322,0.065,0.0,-1.457,0,1779002486
ETHUSDT,crypto,1771804800,23.07,5.8,0.288,1855.47,-5.189,0.0,1.03,0.032,0.0,5.821,1,1779002486
ETHUSDT,crypto,1771891200,31.48,5.05,0.394,1851.09,-0.236,0.0,0.881,0.032,0.0,4.726,1,1779002486
ETHUSDT,crypto,1771977600,52.49,7.82,0.656,2056.5,11.097,0.0,1.434,0.032,0.0,-1.45,0,1779002486
ETHUSDT,crypto,1772064000,29.87,5.46,0.373,2026.71,-1.449,0.0,0.962,0.032,0.0,-2.213,0,1779002486
ETHUSDT,crypto,1772150400,24.67,6.25,0.308,1928.5,-4.846,0.0,1.121,0.032,0.0,10.24,1,1779002486
ETHUSDT,crypto,1772236800,39.68,7.1,0.496,1963.48,1.814,0.0,1.291,0.032,0.0,5.536,1,1779002486
ETHUSDT,crypto,1772323200,34.07,7.38,0.426,1938.57,-1.269,0.0,1.346,0.032,0.0,2.016,0,1779002486
ETHUSDT,crypto,1772409600,46.86,8.28,0.586,2026.69,4.546,0.0,1.398,0.065,0.0,-2.877,0,1779002486
ETHUSDT,crypto,1772496000,31.76,7.17,0.397,1981.85,-2.212,0.0,1.304,0.032,0.0,-2.315,0,1779002486
ETHUSDT,crypto,1772582400,56.33,11.26,0.704,2125.98,7.272,0.0,1.606,0.161,0.0,-6.289,-1,1779002486
ETHUSDT,crypto,1772668800,31.93,9.18,0.399,2072.18,-2.531,0.0,1.063,0.194,0.0,-1.775,0,1779002486
ETHUSDT,crypto,1772755200,25.54,7.37,0.319,1977.66,-4.561,0.0,0.958,0.129,0.0,3.708,1,1779002486
ETHUSDT,crypto,1772841600,28.12,4.57,0.351,1968.39,-0.469,0.0,0.398,0.129,0.0,5.294,1,1779002486
ETHUSDT,crypto,1772928000,30.79,7.73,0.385,1935.97,-1.647,0.0,0.771,0.194,0.0,8.008,1,1779002486
ETHUSDT,crypto,1773014400,44.62,10.41,0.558,1992.28,2.909,0.0,1.179,0.226,0.0,5.169,1,1779002486
ETHUSDT,crypto,1773100800,43.73,11.36,0.547,2035.39,2.164,0.0,1.11,0.29,0.0,6.993,1,1779002486
ETHUSDT,crypto,1773187200,39.38,11.3,0.492,2050.99,0.766,3e-05,0.84,0.355,0.0,14.66,1,1779002486
ETHUSDT,crypto,1773273600,43.54,13.95,0.544,2072.6,1.054,-1.5e-05,0.983,0.452,0.0,11.765,1,1779002486
ETHUSDT,crypto,1773360000,49.21,18.0,0.615,2091.01,0.888,2.1e-05,1.407,0.548,0.0,5.306,1,1779002486
ETHUSDT,crypto,1773446400,38.42,13.46,0.48,2095.27,0.204,-4.1e-05,0.37,0.581,0.0,1.971,0,1779002486
ETHUSDT,crypto,1773532800,49.16,15.61,0.615,2177.73,3.936,3.5e-05,0.671,0.613,0.0,-1.499,0,1779002486
ETHUSDT,crypto,1773619200,68.25,22.97,0.853,2351.66,7.987,7.1e-05,1.626,0.742,0.0,-11.409,-1,1779002486
ETHUSDT,crypto,1773705600,44.41,20.17,0.555,2316.45,-1.497,-1.1e-05,0.937,0.774,0.0,-11.379,-1,1779002486
ETHUSDT,crypto,1773792000,41.93,23.01,0.524,2201.95,-4.943,-1.4e-05,1.247,0.839,0.0,-2.313,0,1779002486
ETHUSDT,crypto,1773878400,42.78,20.85,0.535,2136.56,-2.97,1e-06,1.074,0.774,0.0,0.877,0,1779002486
ETHUSDT,crypto,1773964800,46.45,19.31,0.581,2145.08,0.399,-1e-06,0.766,0.774,0.0,1.068,0,1779002486
ETHUSDT,crypto,1774051200,35.42,17.13,0.443,2083.37,-2.877,2.1e-05,0.329,0.774,0.0,-1.162,0,1779002486
ETHUSDT,crypto,1774137600,43.11,19.33,0.539,2052.85,-1.465,-7.4e-05,0.769,0.774,0.0,-2.985,0,1779002486
ETHUSDT,crypto,1774224000,62.78,23.25,0.785,2151.01,4.782,6.1e-05,1.554,0.774,0.0,-7.324,-1,1779002486
ETHUSDT,crypto,1774310400,47.86,20.48,0.598,2155.29,0.199,-2.7e-05,0.87,0.806,0.0,-7.973,-1,1779002486
ETHUSDT,crypto,1774396800,47.93,20.2,0.599,2168.0,0.59,5e-06,0.815,0.806,0.0,-6.564,-1,1779002486
ETHUSDT,crypto,1774483200,37.6,19.46,0.47,2059.17,-5.02,-8.2e-05,1.053,0.71,0.0,2.201,0,1779002486
ETHUSDT,crypto,1774569600,39.43,17.75,0.493,1991.58,-3.282,-0.000181,0.969,0.645,0.0,7.392,1,1779002486
ETHUSDT,crypto,1774656000,39.6,14.58,0.495,1993.48,0.095,0.0,0.465,0.613,0.0,3.134,1,1779002486
ETHUSDT,crypto,1774742400,39.34,14.96,0.492,1983.44,-0.504,-3.8e-05,0.54,0.613,0.0,3.503,1,1779002486
ETHUSDT,crypto,1774828800,49.57,17.64,0.62,2025.69,2.13,4.1e-05,1.075,0.613,0.0,1.912,0,1779002486
ETHUSDT,crypto,1774915200,53.39,16.69,0.667,2104.49,3.89,-1e-05,1.274,0.516,0.0,0.231,0,1779002486
ETHUSDT,crypto,1775001600,44.41,14.28,0.555,2138.8,1.63,4.4e-05,0.92,0.484,0.0,-1.527,0,1779002486
ETHUSDT,crypto,1775088000,37.37,16.61,0.467,2055.96,-3.873,-7.3e-05,1.129,0.548,0.0,8.91,1,1779002486
ETHUSDT,crypto,1775174400,38.78,14.39,0.485,2052.92,-0.148,-1e-05,0.427,0.613,0.0,6.622,1,1779002486
ETHUSDT,crypto,1775260800,37.81,12.92,0.473,2064.43,0.561,7e-06,0.261,0.581,0.0,6.03,1,1779002486
ETHUSDT,crypto,1775347200,39.95,9.66,0.499,2109.35,2.176,-4.3e-05,0.643,0.323,0.0,6.379,1,1779002486
ETHUSDT,crypto,1775433600,33.99,6.27,0.425,2106.14,-0.152,2e-05,1.125,0.032,0.0,8.438,1,1779002486
ETHUSDT,crypto,1775520000,51.48,8.85,0.643,2239.14,6.315,1e-05,1.511,0.065,0.0,-2.167,0,1779002486
ETHUSDT,crypto,1775606400,31.41,8.16,0.393,2188.87,-2.245,6.7e-05,1.116,0.129,0.0,8.22,1,1779002486
ETHUSDT,crypto,1775692800,36.24,8.85,0.453,2188.92,0.002,1.9e-05,0.996,0.194,0.0,6.042,1,1779002486
ETHUSDT,crypto,1775779200,41.1,9.36,0.514,2243.9,2.512,-4e-06,0.84,0.258,0.0,5.124,1,1779002486
ETHUSDT,crypto,1775865600,39.6,10.24,0.495,2283.85,1.78,-3.3e-05,0.628,0.355,0.0,2.762,0,1779002486
ETHUSDT,crypto,1775952000,29.92,11.2,0.374,2190.62,-4.082,-5.5e-05,0.822,0.355,0.0,10.364,1,1779002486
ETHUSDT,crypto,1776038400,65.09,20.97,0.814,2368.8,8.134,3e-05,1.355,0.71,0.0,-0.836,0,1779002486
ETHUSDT,crypto,1776124800,48.25,23.68,0.603,2321.17,-2.011,3.5e-05,1.253,0.871,0.0,-2.541,0,1779002486
ETHUSDT,crypto,1776211200,53.41,23.52,0.668,2358.87,1.624,3e-06,0.832,0.968,0.0,-1.962,0,1779002486
ETHUSDT,crypto,1776297600,51.55,24.61,0.644,2346.92,-0.507,-3.8e-05,1.052,0.968,0.0,-0.886,0,1779002486
ETHUSDT,crypto,1776384000,61.71,26.63,0.771,2417.66,3.014,1.8e-05,1.327,1.0,0.0,-1.846,0,1779002486
ETHUSDT,crypto,1776470400,41.78,20.81,0.522,2348.99,-2.84,-0.000151,0.679,0.871,0.0,-0.854,0,1779002486
ETHUSDT,crypto,1776556800,40.78,20.33,0.51,2262.2,-3.695,-0.00023,0.84,0.806,-0.074271,2.285,0,1779002486
ETHUSDT,crypto,1776643200,51.94,19.93,0.649,2312.59,2.227,8e-06,1.019,0.742,0.005411,0.243,0,1779002486
ETHUSDT,crypto,1776729600,47.89,19.44,0.599,2326.13,0.585,-3.7e-05,0.919,0.742,-0.022587,1.814,0,1779002486
ETHUSDT,crypto,1776816000,49.27,17.37,0.616,2373.04,2.017,7.8e-05,1.151,0.581,0.004797,-2.982,0,1779002486
ETHUSDT,crypto,1776902400,36.33,11.52,0.454,2328.94,-1.858,-6e-05,1.144,0.29,0.097876,-1.742,0,1779002486
ETHUSDT,crypto,1776988800,32.42,7.24,0.405,2313.88,-0.647,-0.000121,0.674,0.194,-0.136242,-2.695,0,1779002486
ETHUSDT,crypto,1777075200,27.96,3.72,0.35,2318.21,0.187,-4.4e-05,0.229,0.129,-0.001065,-2.662,0,1779002486
ETHUSDT,crypto,1777161600,33.18,3.43,0.415,2368.32,2.162,-2.8e-05,0.557,0.032,0.014434,-3.124,-1,1779002486
ETHUSDT,crypto,1777248000,28.75,6.05,0.359,2302.28,-2.788,-7.6e-05,1.08,0.032,0.007771,0.592,0,1779002486
ETHUSDT,crypto,1777334400,28.68,4.02,0.359,2288.37,-0.604,0.0,0.675,0.032,-0.020305,1.455,0,1779002486
ETHUSDT,crypto,1777420800,33.28,7.44,0.416,2251.52,-1.61,4.8e-05,1.359,0.032,-0.022431,4.201,1,1779002486
ETHUSDT,crypto,1777507200,30.53,3.93,0.382,2256.49,0.221,-7.7e-05,0.656,0.032,0.01835,4.564,1,1779002486
ETHUSDT,crypto,1777593600,34.62,4.65,0.433,2294.34,1.677,-2.1e-05,0.802,0.032,-0.004219,2.413,0,1779002486
ETHUSDT,crypto,1777680000,28.06,2.16,0.351,2315.9,0.94,-4e-06,0.302,0.032,-0.02713,-1.122,0,1779002486
ETHUSDT,crypto,1777766400,28.72,3.4,0.359,2321.67,0.249,8.7e-05,0.552,0.032,0.011977,-0.668,0,1779002486
ETHUSDT,crypto,1777852800,42.06,9.37,0.526,2346.11,1.053,-2e-06,1.616,0.065,0.055622,-0.89,0,1779002486
ETHUSDT,crypto,1777939200,36.11,7.04,0.451,2359.47,0.569,-6.5e-05,1.021,0.097,-0.00049,0.455,0,1779002486
ETHUSDT,crypto,1778025600,39.27,9.96,0.491,2349.7,-0.414,-5.1e-05,1.477,0.129,-0.003126,-0.472,0,1779002486
ETHUSDT,crypto,1778112000,30.14,6.58,0.377,2289.91,-2.545,-4.3e-05,1.187,0.032,0.060003,-0.711,0,1779002486
ETHUSDT,crypto,1778198400,33.84,5.2,0.423,2306.17,0.71,-3.4e-05,0.91,0.032,0.045032,-2.109,0,1779002486
ETHUSDT,crypto,1778284800,29.62,3.28,0.37,2325.22,0.826,8.8e-05,0.526,0.032,-0.024584,-1.856,0,1779002486
ETHUSDT,crypto,1778371200,36.88,6.07,0.461,2370.21,1.935,6.7e-05,0.955,0.065,-0.031026,-6.183,-1,1779002486
ETHUSDT,crypto,1778457600,30.55,6.41,0.382,2338.61,-1.333,3.4e-05,0.895,0.097,-0.045712,-6.797,-1,1779002486
ETHUSDT,crypto,1778544000,28.08,6.31,0.351,2273.62,-2.779,4e-05,1.004,0.065,-0.001465,-4.037,-1,1779002486
SOLUSDT,crypto,1762214400,49.23,30.0,0.615,154.94,-6.635,0.0,2.302,1.0,0.0,6.138,1,1779002486
SOLUSDT,crypto,1762300800,63.77,25.9,0.797,162.28,4.737,0.0,1.18,1.0,0.0,3.056,1,1779002486
SOLUSDT,crypto,1762387200,42.97,24.6,0.537,155.2,-4.363,0.0,0.919,1.0,0.0,-0.451,0,1779002486
SOLUSDT,crypto,1762473600,62.02,25.56,0.775,161.72,4.201,0.0,1.112,1.0,0.0,-5.194,-1,1779002486
SOLUSDT,crypto,1762560000,43.39,22.78,0.542,157.94,-2.337,0.0,0.556,1.0,0.0,-8.434,-1,1779002486
SOLUSDT,crypto,1762646400,57.85,23.55,0.723,164.45,4.122,0.0,0.71,1.0,0.0,-15.579,-1,1779002486
SOLUSDT,crypto,1762732800,53.75,23.93,0.672,167.24,1.697,0.0,0.786,1.0,0.0,-16.557,-1,1779002486
SOLUSDT,crypto,1762819200,38.1,25.3,0.476,154.5,-7.618,0.0,1.06,1.0,0.0,-11.249,-1,1779002486
SOLUSDT,crypto,1762905600,51.95,25.49,0.649,153.32,-0.764,0.0,1.098,1.0,0.0,-14.623,-1,1779002486
SOLUSDT,crypto,1762992000,46.05,27.45,0.576,144.62,-5.674,0.0,1.49,1.0,0.0,-2.773,0,1779002486
SOLUSDT,crypto,1763078400,49.75,27.63,0.622,138.83,-4.004,0.0,1.525,1.0,0.0,-1.347,0,1779002486
SOLUSDT,crypto,1763164800,48.77,22.62,0.61,139.55,0.519,0.0,0.523,1.0,0.0,-4.264,-1,1779002486
SOLUSDT,crypto,1763251200,47.65,24.32,0.596,137.12,-1.741,0.0,0.863,1.0,0.0,-6.206,-1,1779002486
SOLUSDT,crypto,1763337600,47.07,26.82,0.588,130.9,-4.536,0.0,1.364,1.0,0.0,-2.597,0,1779002486
SOLUSDT,crypto,1763424000,65.47,21.57,0.818,140.61,7.418,0.0,1.313,0.75,0.0,-7.183,-1,1779002486
SOLUSDT,crypto,1763510400,42.5,19.66,0.531,136.96,-2.596,0.0,1.108,0.706,0.0,1.037,0,1779002486
SOLUSDT,crypto,1763596800,47.0,21.37,0.587,133.6,-2.453,0.0,1.607,0.667,0.0,3.967,1,1779002486
SOLUSDT,crypto,1763683200,46.61,21.58,0.583,128.61,-3.735,0.0,2.112,0.579,0.0,11.15,1,1779002486
SOLUSDT,crypto,1763769600,36.07,12.15,0.451,127.5,-0.863,0.0,0.629,0.45,0.0,10.408,1,1779002486
SOLUSDT,crypto,1763856000,42.29,11.82,0.529,130.51,2.361,0.0,0.65,0.429,0.0,5.187,1,1779002486
SOLUSDT,crypto,1763942400,54.29,14.41,0.679,138.38,6.03,0.0,1.064,0.455,0.0,-1.836,0,1779002486
SOLUSDT,crypto,1764028800,37.7,10.27,0.471,138.9,0.376,0.0,0.836,0.304,0.0,-3.974,-1,1779002486
SOLUSDT,crypto,1764115200,44.6,11.05,0.558,142.95,2.916,0.0,1.044,0.292,0.0,-11.459,-1,1779002486
SOLUSDT,crypto,1764201600,29.28,7.32,0.366,140.77,-1.525,0.0,0.503,0.24,0.0,-1.506,0,1779002486
SOLUSDT,crypto,1764288000,29.08,7.69,0.363,137.28,-2.479,0.0,0.769,0.192,0.0,5.347,1,1779002486
SOLUSDT,crypto,1764374400,26.74,4.65,0.334,135.84,-1.049,0.0,0.338,0.148,0.0,2.297,0,1779002486
SOLUSDT,crypto,1764460800,25.27,3.91,0.316,133.38,-1.811,0.0,0.497,0.071,0.0,-0.12,0,1779002486
SOLUSDT,crypto,1764547200,25.15,7.12,0.314,126.57,-5.106,0.0,1.148,0.069,0.0,4.401,1,1779002486
SOLUSDT,crypto,1764633600,49.09,6.13,0.614,138.65,9.544,0.0,1.092,0.033,0.0,-4.681,-1,1779002486
SOLUSDT,crypto,1764720000,41.91,6.05,0.524,144.62,4.306,0.0,0.951,0.065,0.0,-7.903,-1,1779002486
SOLUSDT,crypto,1764806400,23.9,5.58,0.299,138.96,-3.914,0.0,0.729,0.097,0.0,-0.82,0,1779002486
SOLUSDT,crypto,1764892800,23.68,5.04,0.296,133.22,-4.131,0.0,0.88,0.032,0.0,2.222,0,1779002486
SOLUSDT,crypto,1764979200,27.57,4.96,0.345,132.14,-0.811,0.0,0.347,0.161,0.0,3.194,1,1779002486
SOLUSDT,crypto,1765065600,31.5,5.13,0.394,132.16,0.015,0.0,0.768,0.065,0.0,0.023,0,1779002486
SOLUSDT,crypto,1765152000,34.0,5.29,0.425,133.19,0.779,0.0,0.93,0.032,0.0,-0.113,0,1779002486
SOLUSDT,crypto,1765238400,42.26,7.05,0.528,137.82,3.476,0.0,1.152,0.065,0.0,-6.175,-1,1779002486
SOLUSDT,crypto,1765324800,32.73,6.95,0.409,136.18,-1.19,0.0,1.132,0.065,0.0,-6.205,-1,1779002486
SOLUSDT,crypto,1765411200,34.7,6.29,0.434,136.36,0.132,0.0,1.129,0.032,0.0,-5.331,-1,1779002486
SOLUSDT,crypto,1765497600,28.61,6.43,0.358,132.19,-3.058,0.0,1.158,0.032,0.0,-6.824,-1,1779002486
SOLUSDT,crypto,1765584000,27.94,2.4,0.349,133.04,0.643,0.0,0.351,0.032,0.0,-10.147,-1,1779002486
SOLUSDT,crypto,1765670400,24.81,4.93,0.31,129.31,-2.804,0.0,0.599,0.097,0.0,-2.39,0,1779002486
SOLUSDT,crypto,1765756800,37.3,10.24,0.466,127.73,-1.222,0.0,1.402,0.161,0.0,-1.558,0,1779002486
SOLUSDT,crypto,1765843200,37.62,7.79,0.47,129.09,1.065,0.0,1.041,0.129,0.0,-2.425,0,1779002486
SOLUSDT,crypto,1765929600,36.26,14.69,0.453,123.17,-4.586,0.0,1.648,0.323,0.0,2.192,0,1779002486
SOLUSDT,crypto,1766016000,44.81,19.59,0.56,119.54,-2.947,0.0,1.724,0.548,0.0,3.689,1,1779002486
SOLUSDT,crypto,1766102400,57.78,17.86,0.722,126.22,5.588,0.0,1.249,0.581,0.0,-2.955,0,1779002486
SOLUSDT,crypto,1766188800,36.8,13.66,0.46,125.74,-0.38,0.0,0.28,0.613,0.0,-4.605,-1,1779002486
SOLUSDT,crypto,1766275200,41.22,15.64,0.515,125.96,0.175,0.0,0.547,0.645,0.0,-2.969,0,1779002486
SOLUSDT,crypto,1766361600,44.58,17.24,0.557,125.87,-0.071,0.0,0.996,0.613,0.0,-0.953,0,1779002486
SOLUSDT,crypto,1766448000,38.73,15.13,0.484,123.95,-1.525,0.0,0.832,0.548,0.0,1.017,0,1779002486
SOLUSDT,crypto,1766534400,37.38,14.1,0.467,122.49,-1.178,0.0,0.627,0.548,0.0,0.571,0,1779002486
SOLUSDT,crypto,1766620800,36.72,15.31,0.459,119.95,-2.074,0.0,0.611,0.613,0.0,4.143,1,1779002486
SOLUSDT,crypto,1766707200,50.43,18.52,0.63,122.22,1.892,0.0,1.124,0.645,0.0,1.939,0,1779002486
SOLUSDT,crypto,1766793600,43.83,15.11,0.548,124.67,2.005,0.0,0.441,0.645,0.0,1.733,0,1779002486
SOLUSDT,crypto,1766880000,40.84,15.19,0.511,125.21,0.433,0.0,0.457,0.645,0.0,5.615,1,1779002486
SOLUSDT,crypto,1766966400,43.56,17.63,0.544,123.19,-1.613,0.0,1.332,0.548,0.0,8.215,1,1779002486
SOLUSDT,crypto,1767052800,37.36,7.64,0.467,124.92,1.404,0.0,0.882,0.161,0.0,7.301,1,1779002486
SOLUSDT,crypto,1767139200,30.86,4.77,0.386,124.59,-0.264,0.0,0.825,0.032,0.0,10.635,1,1779002486
SOLUSDT,crypto,1767225600,31.53,3.04,0.394,126.83,1.798,0.0,0.479,0.032,0.0,11.196,1,1779002486
SOLUSDT,crypto,1767312000,43.81,6.71,0.548,132.24,4.266,0.0,1.213,0.032,0.0,3.085,1,1779002486
SOLUSDT,crypto,1767398400,31.66,4.74,0.396,133.31,0.809,0.0,0.561,0.097,0.0,3.743,1,1779002486
SOLUSDT,crypto,1767484800,34.4,7.34,0.43,134.04,0.548,0.0,0.693,0.194,0.0,1.373,0,1779002486
SOLUSDT,crypto,1767571200,54.14,18.79,0.677,137.84,2.835,0.0,1.436,0.581,0.0,-1.494,0,1779002486
SOLUSDT,crypto,1767657600,61.76,26.35,0.772,141.03,2.314,0.0,1.657,0.903,0.0,-0.979,0,1779002486
SOLUSDT,crypto,1767744000,45.61,23.93,0.57,136.32,-3.34,0.0,1.172,0.903,0.0,2.061,0,1779002486
SOLUSDT,crypto,1767830400,61.36,27.98,0.767,138.3,1.452,0.0,1.595,1.0,0.0,5.192,1,1779002486
SOLUSDT,crypto,1767916800,53.71,27.36,0.671,135.88,-1.75,0.0,1.471,1.0,0.0,7.897,1,1779002486
SOLUSDT,crypto,1768003200,46.01,21.83,0.575,135.78,-0.074,0.0,0.366,1.0,0.0,4.817,1,1779002486
SOLUSDT,crypto,1768089600,56.48,24.14,0.706,139.65,2.85,0.0,0.828,1.0,0.0,3.724,1,1779002486
SOLUSDT,crypto,1768176000,58.35,28.3,0.729,139.13,-0.372,0.0,1.659,1.0,0.0,3.242,1,1779002486
SOLUSDT,crypto,1768262400,68.66,28.51,0.858,145.48,4.564,0.0,1.703,1.0,0.0,-5.286,-1,1779002486
SOLUSDT,crypto,1768348800,56.13,26.04,0.702,146.61,0.777,0.0,1.208,1.0,0.0,-9.024,-1,1779002486
SOLUSDT,crypto,1768435200,45.36,23.71,0.567,142.32,-2.926,0.0,1.001,0.935,0.0,-11.664,-1,1779002486
SOLUSDT,crypto,1768521600,52.01,22.01,0.65,144.85,1.778,0.0,0.789,0.903,0.0,-10.611,-1,1779002486
SOLUSDT,crypto,1768608000,40.35,17.82,0.504,143.64,-0.835,0.0,0.339,0.806,0.0,-10.603,-1,1779002486
SOLUSDT,crypto,1768694400,34.05,16.62,0.426,137.79,-4.073,0.0,0.614,0.677,0.0,-7.569,-1,1779002486
SOLUSDT,crypto,1768780800,35.43,13.86,0.443,133.38,-3.201,0.0,1.094,0.419,0.0,-4.686,-1,1779002486
SOLUSDT,crypto,1768867200,32.23,14.16,0.403,125.72,-5.743,0.0,1.412,0.355,0.0,-5.536,-1,1779002486
SOLUSDT,crypto,1768953600,48.14,13.06,0.602,129.48,2.991,0.0,1.321,0.323,0.0,-4.093,-1,1779002486
SOLUSDT,crypto,1769040000,35.99,11.77,0.45,128.41,-0.826,0.0,0.676,0.419,0.0,-1.005,0,1779002486
SOLUSDT,crypto,1769126400,40.23,15.49,0.503,127.36,-0.818,0.0,0.776,0.581,0.0,-1.633,0,1779002486
SOLUSDT,crypto,1769212800,37.81,14.61,0.473,127.13,-0.181,0.0,0.213,0.677,0.0,-7.402,-1,1779002486
SOLUSDT,crypto,1769299200,39.17,24.28,0.49,118.76,-6.584,0.0,1.113,0.935,0.0,-1.027,0,1779002486
SOLUSDT,crypto,1769385600,61.25,24.81,0.766,124.18,4.564,0.0,0.962,1.0,0.0,-15.083,-1,1779002486
SOLUSDT,crypto,1769472000,55.67,24.22,0.696,127.12,2.368,0.0,0.843,1.0,0.0,-20.76,-1,1779002486
SOLUSDT,crypto,1769558400,47.46,23.93,0.593,125.28,-1.447,0.0,0.785,1.0,0.0,-16.603,-1,1779002486
SOLUSDT,crypto,1769644800,45.66,27.62,0.571,117.72,-6.034,0.0,1.523,1.0,0.0,-16.913,-1,1779002486
SOLUSDT,crypto,1769731200,60.75,29.28,0.759,117.54,-0.153,0.0,1.855,1.0,0.0,-21.669,-1,1779002486
SOLUSDT,crypto,1769817600,47.5,30.0,0.594,105.45,-10.286,0.0,2.449,1.0,0.0,-25.756,-1,1779002486
SOLUSDT,crypto,1769904000,48.89,27.67,0.611,100.73,-4.476,0.0,1.534,1.0,0.0,-13.214,-1,1779002486
SOLUSDT,crypto,1769990400,67.09,28.57,0.839,104.48,3.723,0.0,1.714,1.0,0.0,-16.242,-1,1779002486
SOLUSDT,crypto,1770076800,45.34,27.8,0.567,97.81,-6.384,0.0,1.561,1.0,0.0,-11.134,-1,1779002486
SOLUSDT,crypto,1770163200,50.76,30.0,0.635,92.07,-5.869,0.0,2.343,1.0,0.0,-5.822,-1,1779002486
SOLUSDT,crypto,1770249600,47.5,30.0,0.594,78.29,-14.967,0.0,3.405,1.0,0.0,5.952,1,1779002486
SOLUSDT,crypto,1770336000,77.5,30.0,0.969,87.42,11.662,0.0,2.942,1.0,0.0,-9.346,-1,1779002486
SOLUSDT,crypto,1770422400,53.21,25.25,0.665,87.51,0.103,0.0,1.05,1.0,0.0,-10.445,-1,1779002486
SOLUSDT,crypto,1770508800,47.64,23.25,0.596,86.92,-0.674,0.0,0.649,1.0,0.0,-3.026,-1,1779002486
SOLUSDT,crypto,1770595200,50.83,24.41,0.635,86.71,-0.242,0.0,0.882,1.0,0.0,1.511,0,1779002486
SOLUSDT,crypto,1770681600,40.88,23.53,0.511,82.95,-4.336,0.0,0.706,1.0,0.0,3.785,1,1779002486
SOLUSDT,crypto,1770768000,43.66,25.04,0.546,79.25,-4.461,0.0,1.008,1.0,0.0,9.009,1,1779002486
SOLUSDT,crypto,1770854400,48.59,24.16,0.607,78.37,-1.11,0.0,0.832,1.0,0.0,8.485,1,1779002486
SOLUSDT,crypto,1770940800,64.47,23.16,0.806,84.29,7.554,0.0,0.761,0.968,0.0,-3.251,-1,1779002486
SOLUSDT,crypto,1771027200,54.5,20.61,0.681,88.02,4.425,0.0,0.508,0.903,0.0,-6.317,-1,1779002486
SOLUSDT,crypto,1771113600,42.83,20.74,0.535,86.09,-2.193,0.0,0.794,0.839,0.0,-1.708,0,1779002486
SOLUSDT,crypto,1771200000,44.28,17.64,0.553,86.39,0.348,0.0,0.688,0.71,0.0,-1.47,0,1779002486
SOLUSDT,crypto,1771286400,37.91,15.42,0.474,85.02,-1.586,0.0,0.632,0.613,0.0,-2.67,0,1779002486
SOLUSDT,crypto,1771372800,31.32,13.97,0.391,81.55,-4.081,0.0,0.601,0.548,0.0,-4.513,-1,1779002486
SOLUSDT,crypto,1771459200,38.41,11.03,0.48,82.46,1.116,0.0,0.529,0.419,0.0,-4.305,-1,1779002486
SOLUSDT,crypto,1771545600,42.21,10.79,0.528,84.62,2.619,0.0,0.738,0.355,0.0,4.006,1,1779002486
SOLUSDT,crypto,1771632000,33.09,7.61,0.414,85.12,0.591,0.0,0.36,0.29,0.0,0.869,0,1779002486
SOLUSDT,crypto,1771718400,22.89,3.95,0.286,82.75,-2.784,0.0,0.402,0.097,0.0,-1.148,0,1779002486
SOLUSDT,crypto,1771804800,23.28,6.61,0.291,77.87,-5.897,0.0,1.193,0.032,0.0,8.245,1,1779002486
SOLUSDT,crypto,1771891200,33.68,4.58,0.421,78.91,1.336,0.0,0.787,0.032,0.0,5.88,1,1779002486
SOLUSDT,crypto,1771977600,51.84,7.49,0.648,88.01,11.532,0.0,1.369,0.032,0.0,-1.613,0,1779002486
SOLUSDT,crypto,1772064000,27.31,5.17,0.341,85.86,-2.443,0.0,0.905,0.032,0.0,1.235,0,1779002486
SOLUSDT,crypto,1772150400,24.71,6.15,0.309,81.8,-4.729,0.0,1.102,0.032,0.0,11.027,1,1779002486
SOLUSDT,crypto,1772236800,43.1,7.58,0.539,84.29,3.044,0.0,1.387,0.032,0.0,5.279,1,1779002486
SOLUSDT,crypto,1772323200,34.03,6.97,0.425,83.55,-0.878,0.0,1.264,0.032,0.0,1.305,0,1779002486
SOLUSDT,crypto,1772409600,44.7,8.11,0.559,86.59,3.639,0.0,1.364,0.065,0.0,-3.95,-1,1779002486
SOLUSDT,crypto,1772496000,36.27,6.83,0.453,86.92,0.381,0.0,1.237,0.032,0.0,-6.167,-1,1779002486
SOLUSDT,crypto,1772582400,48.76,9.61,0.609,90.82,4.487,0.0,1.535,0.097,0.0,-6.507,-1,1779002486
SOLUSDT,crypto,1772668800,31.91,8.93,0.399,88.74,-2.29,0.0,1.012,0.194,0.0,-3.279,-1,1779002486
SOLUSDT,crypto,1772755200,25.18,7.25,0.315,84.64,-4.62,0.0,0.934,0.129,0.0,2.221,0,1779002486
SOLUSDT,crypto,1772841600,26.57,5.39,0.332,83.17,-1.737,0.0,0.432,0.161,0.0,4.365,1,1779002486
SOLUSDT,crypto,1772928000,31.32,8.92,0.391,81.56,-1.936,0.0,0.753,0.258,0.0,8.043,1,1779002486
SOLUSDT,crypto,1773014400,46.29,10.37,0.579,84.91,4.107,0.0,1.042,0.258,0.0,3.627,1,1779002486
SOLUSDT,crypto,1773100800,37.4,7.65,0.467,85.83,1.084,0.0,1.015,0.129,0.0,7.515,1,1779002486
SOLUSDT,crypto,1773187200,36.5,7.23,0.456,86.52,0.804,-0.000102,0.93,0.129,0.0,11.119,1,1779002486
SOLUSDT,crypto,1773273600,37.47,10.05,0.468,86.8,0.324,-4e-06,0.849,0.29,0.0,8.952,1,1779002486
SOLUSDT,crypto,1773360000,46.49,15.22,0.581,88.12,1.521,9.1e-05,1.237,0.452,0.0,2.156,0,1779002486
SOLUSDT,crypto,1773446400,36.61,12.12,0.458,87.99,-0.148,-9.9e-05,0.359,0.516,0.0,0.966,0,1779002486
SOLUSDT,crypto,1773532800,42.15,6.93,0.527,92.28,4.876,1.7e-05,0.611,0.194,0.0,-2.687,0,1779002486
SOLUSDT,crypto,1773619200,54.88,18.59,0.686,96.14,4.183,5.2e-05,1.137,0.645,0.0,-8.987,-1,1779002486
SOLUSDT,crypto,1773705600,41.74,18.64,0.522,94.57,-1.633,-1.4e-05,0.759,0.742,0.0,-8.903,-1,1779002486
SOLUSDT,crypto,1773792000,38.09,20.19,0.476,90.02,-4.811,-6.5e-05,0.941,0.774,0.0,1.533,0,1779002486
SOLUSDT,crypto,1773878400,42.93,18.61,0.537,88.84,-1.311,-4e-06,0.883,0.71,0.0,2.15,0,1779002486
SOLUSDT,crypto,1773964800,45.42,17.33,0.568,89.8,1.081,-6.1e-05,0.627,0.71,0.0,2.06,0,1779002486
SOLUSDT,crypto,1774051200,34.78,14.85,0.435,87.5,-2.561,-0.000121,0.389,0.645,0.0,-1.177,0,1779002486
SOLUSDT,crypto,1774137600,41.63,17.88,0.52,86.15,-1.543,-0.000129,0.738,0.71,0.0,-3.622,-1,1779002486
SOLUSDT,crypto,1774224000,63.89,22.14,0.799,91.4,6.094,5e-05,1.461,0.742,0.0,-10.284,-1,1779002486
SOLUSDT,crypto,1774310400,47.19,20.2,0.59,90.75,-0.711,-0.00011,1.072,0.742,0.0,-10.369,-1,1779002486
SOLUSDT,crypto,1774396800,49.37,21.07,0.617,91.65,0.992,9.6e-05,0.859,0.839,0.0,-9.973,-1,1779002486
SOLUSDT,crypto,1774483200,38.73,20.63,0.484,86.47,-5.652,-0.000223,1.157,0.742,0.0,-3.839,-1,1779002486
SOLUSDT,crypto,1774569600,43.24,21.42,0.54,83.03,-3.978,-0.000398,1.057,0.806,0.0,-2.276,0,1779002486
SOLUSDT,crypto,1774656000,41.37,17.35,0.517,82.0,-1.241,-0.000169,0.631,0.71,0.0,-3.768,-1,1779002486
SOLUSDT,crypto,1774742400,47.55,22.31,0.594,81.34,-0.805,-0.000149,0.72,0.935,0.0,-1.217,0,1779002486
SOLUSDT,crypto,1774828800,56.74,25.63,0.709,82.51,1.438,-2e-05,1.126,1.0,0.0,-2.085,0,1779002486
SOLUSDT,crypto,1774915200,58.71,26.98,0.734,83.15,0.776,-0.000138,1.397,1.0,0.0,-1.563,0,1779002486
SOLUSDT,crypto,1775001600,51.11,26.67,0.639,81.14,-2.417,-1.9e-05,1.335,1.0,0.0,-1.454,0,1779002486
SOLUSDT,crypto,1775088000,50.99,26.84,0.637,78.91,-2.748,-6.2e-05,1.368,1.0,0.0,8.402,1,1779002486
SOLUSDT,crypto,1775174400,52.73,23.4,0.659,80.35,1.825,4.3e-05,0.679,1.0,0.0,2.701,0,1779002486
SOLUSDT,crypto,1775260800,48.7,22.45,0.609,80.79,0.548,-4e-05,0.49,1.0,0.0,3.094,1,1779002486
SOLUSDT,crypto,1775347200,50.9,21.72,0.636,81.85,1.312,-7.9e-05,0.732,0.903,0.0,3.58,1,1779002486
SOLUSDT,crypto,1775433600,44.36,21.58,0.554,79.96,-2.309,-1.8e-05,0.961,0.839,0.0,6.166,1,1779002486
SOLUSDT,crypto,1775520000,69.09,24.21,0.864,85.54,6.978,-6.8e-05,1.616,0.806,0.0,-4.735,-1,1779002486
SOLUSDT,crypto,1775606400,39.99,20.27,0.5,82.52,-3.531,0.0001,0.956,0.774,0.0,4.823,1,1779002486
SOLUSDT,crypto,1775692800,48.18,18.74,0.602,83.29,0.933,2.5e-05,1.038,0.677,0.0,0.444,0,1779002486
SOLUSDT,crypto,1775779200,45.32,15.64,0.567,84.78,1.789,8.3e-05,0.805,0.581,0.0,0.083,0,1779002486
SOLUSDT,crypto,1775865600,39.5,13.82,0.494,84.89,0.13,-1.2e-05,0.571,0.548,0.0,4.877,1,1779002486
SOLUSDT,crypto,1775952000,25.54,6.64,0.319,81.49,-4.005,-6.8e-05,0.813,0.129,0.0,8.86,1,1779002486
SOLUSDT,crypto,1776038400,46.84,6.6,0.586,86.5,6.148,0.0001,1.19,0.032,0.0,-0.451,0,1779002486
SOLUSDT,crypto,1776124800,27.12,6.17,0.339,83.66,-3.283,0.0001,1.104,0.032,0.0,-0.299,0,1779002486
SOLUSDT,crypto,1776211200,35.24,5.21,0.44,84.85,1.422,-2.3e-05,0.913,0.032,0.0,0.46,0,1779002486
SOLUSDT,crypto,1776297600,47.43,8.69,0.593,89.03,4.926,7.3e-05,1.351,0.097,0.0,-3.403,-1,1779002486
SOLUSDT,crypto,1776384000,36.98,8.92,0.462,88.71,-0.359,1e-05,1.267,0.129,0.0,-2.119,0,1779002486
SOLUSDT,crypto,1776470400,26.47,6.33,0.331,86.11,-2.931,-8e-05,0.62,0.161,0.0,-0.035,0,1779002486
SOLUSDT,crypto,1776556800,29.0,7.81,0.363,83.41,-3.136,-7.5e-05,0.917,0.161,-0.051121,3.261,1,1779002486
SOLUSDT,crypto,1776643200,39.67,8.77,0.496,85.24,2.194,4.9e-05,0.851,0.226,0.00369,1.044,0,1779002486
SOLUSDT,crypto,1776729600,35.97,7.45,0.45,86.0,0.892,-1e-06,0.845,0.161,-0.004263,1.012,0,1779002486
SOLUSDT,crypto,1776816000,36.69,7.67,0.459,86.83,0.965,0.0001,1.018,0.129,0.018431,-2.361,0,1779002486
SOLUSDT,crypto,1776902400,32.54,6.9,0.407,86.08,-0.864,1.9e-05,0.992,0.097,0.011015,-2.393,0,1779002486
SOLUSDT,crypto,1776988800,32.06,5.56,0.401,86.13,0.058,-5.3e-05,0.724,0.097,-0.021376,-3.622,-1,1779002486
SOLUSDT,crypto,1777075200,28.16,3.66,0.352,86.13,0.0,-5.6e-05,0.344,0.097,-0.013427,-3.588,-1,1779002486
SOLUSDT,crypto,1777161600,30.17,3.29,0.377,86.87,0.859,-3e-06,0.529,0.032,0.003311,-3.649,-1,1779002486
SOLUSDT,crypto,1777248000,30.68,6.85,0.383,84.78,-2.406,-0.000114,1.113,0.065,0.002419,-0.649,0,1779002486
SOLUSDT,crypto,1777334400,28.22,3.96,0.353,84.02,-0.896,-4.5e-05,0.664,0.032,0.034699,-0.179,0,1779002486
SOLUSDT,crypto,1777420800,34.25,7.55,0.428,83.01,-1.202,-6.7e-05,1.253,0.065,0.015229,1.253,0,1779002486
SOLUSDT,crypto,1777507200,31.91,6.47,0.399,83.04,0.036,7.6e-05,0.649,0.161,-0.012493,3.854,1,1779002486
SOLUSDT,crypto,1777593600,35.06,7.55,0.438,83.7,0.795,5e-05,0.735,0.194,0.013028,6.452,1,1779002486
SOLUSDT,crypto,1777680000,28.82,2.81,0.36,84.23,0.633,-1.8e-05,0.432,0.032,-0.008331,4.951,1,1779002486
SOLUSDT,crypto,1777766400,28.15,3.85,0.352,83.87,-0.427,-1.9e-05,0.512,0.065,-0.014084,9.658,1,1779002486
SOLUSDT,crypto,1777852800,39.0,8.42,0.487,84.05,0.215,2.4e-05,1.555,0.032,-0.007258,10.732,1,1779002486
SOLUSDT,crypto,1777939200,39.85,7.29,0.498,86.24,2.606,0.0001,1.07,0.097,0.033593,11.804,1,1779002486
SOLUSDT,crypto,1778025600,45.29,9.62,0.566,89.1,3.316,0.0001,1.408,0.129,0.029693,9.214,1,1779002486
SOLUSDT,crypto,1778112000,35.8,7.61,0.447,88.4,-0.786,-6e-05,1.393,0.032,0.079256,6.618,1,1779002486
SOLUSDT,crypto,1778198400,53.48,16.59,0.669,91.97,4.038,-1e-05,1.253,0.516,-0.014811,-0.935,0,1779002486
SOLUSDT,crypto,1778284800,47.48,18.11,0.594,93.07,1.196,1.5e-05,0.912,0.677,0.102186,-1.031,0,1779002486
SOLUSDT,crypto,1778371200,62.66,25.81,0.783,96.42,3.599,-9e-06,1.421,0.935,0.015847,-7.488,-1,1779002486
SOLUSDT,crypto,1778457600,59.63,27.8,0.745,97.31,0.923,6.5e-05,1.561,1.0,-0.025155,-11.129,-1,1779002486
SOLUSDT,crypto,1778544000,47.99,26.09,0.6,94.25,-3.145,8.1e-05,1.218,1.0,0.035357,-7.926,-1,1779002486
ZECUSDT,crypto,1762214400,66.19,30.0,0.827,440.6,1.845,0.0,2.17,1.0,0.0,39.703,1,1779002487
ZECUSDT,crypto,1762300800,68.63,25.57,0.858,476.05,8.046,0.0,1.113,1.0,0.0,9.768,1,1779002487
ZECUSDT,crypto,1762387200,68.92,25.71,0.862,534.87,12.356,0.0,1.142,1.0,0.0,-17.06,-1,1779002487
ZECUSDT,crypto,1762473600,77.5,30.0,0.969,645.27,20.641,0.0,2.129,1.0,0.0,-21.73,-1,1779002487
ZECUSDT,crypto,1762560000,48.22,30.0,0.603,599.21,-7.138,0.0,2.061,1.0,0.0,-13.301,-1,1779002487
ZECUSDT,crypto,1762646400,59.33,25.69,0.742,615.53,2.724,0.0,1.138,1.0,0.0,-1.201,0,1779002487
ZECUSDT,crypto,1762732800,39.55,23.52,0.494,522.55,-15.106,0.0,1.705,0.75,0.0,28.189,1,1779002487
ZECUSDT,crypto,1762819200,32.92,18.26,0.411,443.62,-15.105,0.0,1.431,0.556,0.0,57.497,1,1779002487
ZECUSDT,crypto,1762905600,58.03,14.27,0.725,505.05,13.847,0.0,1.253,0.4,0.0,20.901,1,1779002487
ZECUSDT,crypto,1762992000,39.42,6.51,0.493,519.51,2.863,0.0,0.938,0.091,0.0,20.194,1,1779002487
ZECUSDT,crypto,1763078400,49.55,6.86,0.619,608.14,17.06,0.0,1.038,0.083,0.0,10.751,1,1779002487
ZECUSDT,crypto,1763164800,55.92,10.75,0.699,669.85,10.147,0.0,1.534,0.154,0.0,-2.187,0,1779002487
ZECUSDT,crypto,1763251200,48.71,10.94,0.609,698.69,4.305,0.0,1.331,0.214,0.0,-21.184,-1,1779002487
ZECUSDT,crypto,1763337600,18.19,6.01,0.227,610.61,-12.606,0.0,0.936,0.067,0.0,-15.218,-1,1779002487
ZECUSDT,crypto,1763424000,38.72,6.47,0.484,624.42,2.262,0.0,1.044,0.062,0.0,-8.339,-1,1779002487
ZECUSDT,crypto,1763510400,47.79,5.73,0.597,673.52,7.863,0.0,0.911,0.059,0.0,-22.905,-1,1779002487
ZECUSDT,crypto,1763596800,25.51,4.78,0.319,655.2,-2.72,0.0,0.734,0.056,0.0,-22.062,-1,1779002487
ZECUSDT,crypto,1763683200,18.49,6.02,0.231,550.68,-15.952,0.0,0.993,0.053,0.0,-4.442,-1,1779002487
ZECUSDT,crypto,1763769600,21.78,6.13,0.272,517.69,-5.991,0.0,1.026,0.05,0.0,-5.399,-1,1779002487
ZECUSDT,crypto,1763856000,45.44,4.45,0.568,572.35,10.558,0.0,0.699,0.048,0.0,-21.02,-1,1779002487
ZECUSDT,crypto,1763942400,14.29,3.85,0.179,519.25,-9.278,0.0,0.588,0.045,0.0,-11.345,-1,1779002487
ZECUSDT,crypto,1764028800,26.41,4.05,0.33,510.65,-1.656,0.0,0.635,0.043,0.0,-16.187,-1,1779002487
ZECUSDT,crypto,1764115200,35.31,4.19,0.441,526.22,3.049,0.0,0.505,0.083,0.0,-34.605,-1,1779002487
ZECUSDT,crypto,1764201600,15.49,4.63,0.194,489.74,-6.932,0.0,0.445,0.12,0.0,-36.144,-1,1779002487
ZECUSDT,crypto,1764288000,17.24,6.79,0.215,452.04,-7.698,0.0,0.589,0.192,0.0,-25.082,-1,1779002487
ZECUSDT,crypto,1764374400,35.24,7.13,0.44,460.34,1.836,0.0,0.388,0.259,0.0,-20.207,-1,1779002487
ZECUSDT,crypto,1764460800,19.19,8.59,0.24,427.99,-7.027,0.0,0.431,0.321,0.0,-15.94,-1,1779002487
ZECUSDT,crypto,1764547200,29.13,14.61,0.364,344.12,-19.596,0.0,1.405,0.379,0.0,-0.79,0,1779002487
ZECUSDT,crypto,1764633600,31.73,17.11,0.397,312.73,-9.122,0.0,1.423,0.5,0.0,9.574,1,1779002487
ZECUSDT,crypto,1764720000,63.36,18.41,0.792,338.66,8.291,0.0,1.489,0.548,0.0,19.645,1,1779002487
ZECUSDT,crypto,1764806400,58.57,17.31,0.732,367.32,8.463,0.0,0.752,0.677,0.0,17.826,1,1779002487
ZECUSDT,crypto,1764892800,44.24,20.02,0.553,359.77,-2.055,0.0,1.166,0.71,0.0,12.391,1,1779002487
ZECUSDT,crypto,1764979200,33.32,17.61,0.416,341.4,-5.106,0.0,0.684,0.71,0.0,31.942,1,1779002487
ZECUSDT,crypto,1765065600,46.51,19.7,0.581,342.67,0.372,0.0,0.714,0.806,0.0,32.664,1,1779002487
ZECUSDT,crypto,1765152000,65.81,21.57,0.823,405.19,18.245,0.0,1.347,0.742,0.0,9.275,1,1779002487
ZECUSDT,crypto,1765238400,59.2,17.02,0.74,432.8,6.814,0.0,1.21,0.548,0.0,-6.643,-1,1779002487
ZECUSDT,crypto,1765324800,26.4,13.04,0.33,404.35,-6.573,0.0,0.802,0.452,0.0,2.216,0,1779002487
ZECUSDT,crypto,1765411200,55.86,13.37,0.698,450.45,11.401,0.0,0.998,0.419,0.0,-10.205,-1,1779002487
ZECUSDT,crypto,1765497600,40.36,12.2,0.505,454.6,0.921,0.0,0.763,0.419,0.0,-17.169,-1,1779002487
ZECUSDT,crypto,1765584000,32.5,10.83,0.406,442.77,-2.602,0.0,0.875,0.323,0.0,-12.307,-1,1779002487
ZECUSDT,crypto,1765670400,20.12,9.21,0.252,404.05,-8.745,0.0,0.681,0.29,0.0,9.865,1,1779002487
ZECUSDT,crypto,1765756800,41.62,9.85,0.52,413.31,2.292,0.0,0.937,0.258,0.0,8.132,1,1779002487
ZECUSDT,crypto,1765843200,28.31,6.33,0.354,404.48,-2.136,0.0,0.751,0.129,0.0,9.029,1,1779002487
ZECUSDT,crypto,1765929600,16.14,4.05,0.202,376.55,-6.905,0.0,0.681,0.032,0.0,14.582,1,1779002487
ZECUSDT,crypto,1766016000,35.98,3.95,0.45,388.28,3.115,0.0,0.66,0.032,0.0,7.466,1,1779002487
ZECUSDT,crypto,1766102400,45.35,4.25,0.567,443.91,14.327,0.0,0.721,0.032,0.0,1.023,0,1779002487
ZECUSDT,crypto,1766188800,28.8,3.12,0.36,446.92,0.678,0.0,0.365,0.065,0.0,-2.009,0,1779002487
ZECUSDT,crypto,1766275200,24.24,2.52,0.303,441.0,-1.325,0.0,0.374,0.032,0.0,1.546,0,1779002487
ZECUSDT,crypto,1766361600,23.13,2.8,0.289,431.46,-2.163,0.0,0.431,0.032,0.0,19.566,1,1779002487
ZECUSDT,crypto,1766448000,20.79,2.76,0.26,417.27,-3.289,0.0,0.422,0.032,0.0,26.959,1,1779002487
ZECUSDT,crypto,1766534400,44.77,3.99,0.56,448.45,7.472,0.0,0.668,0.032,0.0,20.455,1,1779002487
ZECUSDT,crypto,1766620800,23.11,2.97,0.289,437.94,-2.344,0.0,0.465,0.032,0.0,20.836,1,1779002487
ZECUSDT,crypto,1766707200,31.94,2.79,0.399,447.82,2.256,0.0,0.429,0.032,0.0,14.283,1,1779002487
ZECUSDT,crypto,1766793600,51.66,7.73,0.646,515.88,15.198,0.0,1.287,0.065,0.0,1.845,0,1779002487
ZECUSDT,crypto,1766880000,38.17,6.44,0.477,529.76,2.691,0.0,0.771,0.129,0.0,-7.853,-1,1779002487
ZECUSDT,crypto,1766966400,42.31,10.52,0.529,540.18,1.967,0.0,1.072,0.258,0.0,-5.374,-1,1779002487
ZECUSDT,crypto,1767052800,30.75,9.07,0.384,529.19,-2.035,0.0,0.652,0.29,0.0,-5.166,-1,1779002487
ZECUSDT,crypto,1767139200,29.92,10.23,0.374,511.78,-3.29,0.0,0.755,0.323,0.0,-1.686,0,1779002487
ZECUSDT,crypto,1767225600,42.88,12.37,0.536,525.4,2.661,0.0,0.538,0.484,0.0,-4.499,-1,1779002487
ZECUSDT,crypto,1767312000,28.42,15.21,0.355,488.16,-7.088,0.0,0.977,0.516,0.0,-3.847,-1,1779002487
ZECUSDT,crypto,1767398400,49.08,13.42,0.614,511.15,4.71,0.0,0.749,0.484,0.0,-17.484,-1,1779002487
ZECUSDT,crypto,1767484800,33.0,11.26,0.412,501.85,-1.819,0.0,0.575,0.419,0.0,-16.622,-1,1779002487
ZECUSDT,crypto,1767571200,36.2,9.82,0.452,503.15,0.259,0.0,0.673,0.323,0.0,-25.346,-1,1779002487
ZECUSDT,crypto,1767657600,36.44,9.51,0.456,501.76,-0.276,0.0,0.998,0.226,0.0,-23.984,-1,1779002487
ZECUSDT,crypto,1767744000,20.27,6.63,0.253,469.38,-6.453,0.0,0.81,0.129,0.0,-13.36,-1,1779002487
ZECUSDT,crypto,1767830400,31.37,13.87,0.392,421.78,-10.141,0.0,3.276,0.194,0.0,-4.208,-1,1779002487
ZECUSDT,crypto,1767916800,39.68,12.29,0.496,418.43,-0.794,0.0,1.296,0.29,0.0,6.766,1,1779002487
ZECUSDT,crypto,1768003200,31.9,16.39,0.399,375.62,-10.231,0.0,1.601,0.419,0.0,10.181,1,1779002487
ZECUSDT,crypto,1768089600,47.04,16.21,0.588,381.42,1.544,0.0,1.049,0.548,0.0,7.684,1,1779002487
ZECUSDT,crypto,1768176000,62.2,20.0,0.777,406.67,6.62,0.0,1.291,0.677,0.0,-1.672,0,1779002487
ZECUSDT,crypto,1768262400,49.45,22.83,0.618,404.03,-0.649,0.0,1.083,0.871,0.0,-6.841,-1,1779002487
ZECUSDT,crypto,1768348800,66.5,23.21,0.831,446.74,10.571,0.0,1.159,0.871,0.0,-17.417,-1,1779002487
ZECUSDT,crypto,1768435200,37.23,24.4,0.465,413.86,-7.36,0.0,1.009,0.968,0.0,-15.525,-1,1779002487
ZECUSDT,crypto,1768521600,46.37,22.69,0.58,410.73,-0.756,0.0,0.538,1.0,0.0,-13.41,-1,1779002487
ZECUSDT,crypto,1768608000,40.88,21.83,0.511,399.87,-2.644,0.0,0.367,1.0,0.0,-8.683,-1,1779002487
ZECUSDT,crypto,1768694400,35.59,22.42,0.445,376.39,-5.872,0.0,0.483,1.0,0.0,-2.341,0,1779002487
ZECUSDT,crypto,1768780800,46.49,23.98,0.581,368.93,-1.982,0.0,0.795,1.0,0.0,-2.553,0,1779002487
ZECUSDT,crypto,1768867200,41.07,24.52,0.513,349.61,-5.237,0.0,0.904,1.0,0.0,-5.826,-1,1779002487
ZECUSDT,crypto,1768953600,53.14,23.27,0.664,355.65,1.728,0.0,0.783,0.968,0.0,3.326,1,1779002487
ZECUSDT,crypto,1769040000,52.52,22.02,0.656,365.15,2.671,0.0,0.532,0.968,0.0,9.377,1,1779002487
ZECUSDT,crypto,1769126400,44.07,17.86,0.551,367.58,0.665,0.0,0.475,0.774,0.0,0.906,0,1779002487
ZECUSDT,crypto,1769212800,33.92,13.71,0.424,359.51,-2.195,0.0,0.42,0.581,0.0,-1.725,0,1779002487
ZECUSDT,crypto,1769299200,21.19,10.72,0.265,329.24,-8.42,0.0,0.595,0.387,0.0,3.374,1,1779002487
ZECUSDT,crypto,1769385600,48.72,7.54,0.609,367.48,11.615,0.0,0.735,0.194,0.0,-17.598,-1,1779002487
ZECUSDT,crypto,1769472000,46.48,4.81,0.581,399.39,8.683,0.0,0.834,0.032,0.0,-23.421,-1,1779002487
ZECUSDT,crypto,1769558400,15.33,3.87,0.192,370.91,-7.131,0.0,0.645,0.032,0.0,-20.32,-1,1779002487
ZECUSDT,crypto,1769644800,21.59,4.61,0.27,353.31,-4.745,0.0,0.793,0.032,0.0,-23.396,-1,1779002487
ZECUSDT,crypto,1769731200,27.0,7.21,0.338,340.35,-3.668,0.0,0.926,0.129,0.0,-26.035,-1,1779002487
ZECUSDT,crypto,1769817600,28.75,13.53,0.359,302.81,-11.03,0.0,1.545,0.29,0.0,-32.301,-1,1779002487
ZECUSDT,crypto,1769904000,42.26,12.42,0.528,305.85,1.004,0.0,1.065,0.355,0.0,-21.38,-1,1779002487
ZECUSDT,crypto,1769990400,35.67,14.47,0.446,295.54,-3.371,0.0,1.088,0.452,0.0,-18.678,-1,1779002487
ZECUSDT,crypto,1770076800,32.3,17.89,0.404,270.65,-8.422,0.0,1.384,0.548,0.0,-11.469,-1,1779002487
ZECUSDT,crypto,1770163200,38.16,23.85,0.477,251.74,-6.987,0.0,1.157,0.903,0.0,-4.584,-1,1779002487
ZECUSDT,crypto,1770249600,47.5,30.0,0.594,205.0,-18.567,0.0,2.912,1.0,0.0,13.995,1,1779002487
ZECUSDT,crypto,1770336000,77.5,30.0,0.969,240.46,17.298,0.0,2.255,1.0,0.0,-0.046,0,1779002487
ZECUSDT,crypto,1770422400,53.83,25.72,0.673,240.34,-0.05,0.0,1.143,1.0,0.0,-3.071,-1,1779002487
ZECUSDT,crypto,1770508800,49.43,23.77,0.618,239.61,-0.304,0.0,0.753,1.0,0.0,11.473,1,1779002487
ZECUSDT,crypto,1770595200,51.08,24.04,0.638,240.2,0.246,0.0,0.809,1.0,0.0,34.65,1,1779002487
ZECUSDT,crypto,1770681600,44.16,23.54,0.552,233.69,-2.71,0.0,0.709,1.0,0.0,27.387,1,1779002487
ZECUSDT,crypto,1770768000,60.6,26.2,0.758,240.35,2.85,0.0,1.24,1.0,0.0,22.322,1,1779002487
ZECUSDT,crypto,1770854400,43.51,23.58,0.544,232.96,-3.075,0.0,0.716,1.0,0.0,27.168,1,1779002487
ZECUSDT,crypto,1770940800,66.55,23.88,0.832,267.1,14.655,0.0,1.034,0.935,0.0,-0.988,0,1779002487
ZECUSDT,crypto,1771027200,69.93,25.25,0.874,323.43,21.089,0.0,1.436,0.903,0.0,-18.999,-1,1779002487
ZECUSDT,crypto,1771113600,35.34,22.31,0.442,297.69,-7.958,0.0,1.107,0.839,0.0,-13.061,-1,1779002487
ZECUSDT,crypto,1771200000,43.84,19.01,0.548,294.0,-1.24,0.0,0.962,0.71,0.0,-11.684,-1,1779002487
ZECUSDT,crypto,1771286400,43.5,15.87,0.544,296.25,0.765,0.0,0.722,0.613,0.0,-17.489,-1,1779002487
ZECUSDT,crypto,1771372800,26.98,15.55,0.337,264.46,-10.731,0.0,0.786,0.581,0.0,-10.202,-1,1779002487
ZECUSDT,crypto,1771459200,35.0,11.38,0.437,261.98,-0.938,0.0,0.599,0.419,0.0,-7.336,-1,1779002487
ZECUSDT,crypto,1771545600,33.3,10.48,0.416,258.81,-1.21,0.0,0.548,0.387,0.0,-5.734,-1,1779002487
ZECUSDT,crypto,1771632000,33.4,8.68,0.418,259.65,0.325,0.0,0.316,0.355,0.0,-8.061,-1,1779002487
ZECUSDT,crypto,1771718400,22.47,9.07,0.281,244.44,-5.858,0.0,0.523,0.323,0.0,-10.379,-1,1779002487
ZECUSDT,crypto,1771804800,33.16,12.05,0.414,237.48,-2.847,0.0,0.861,0.387,0.0,-7.302,-1,1779002487
ZECUSDT,crypto,1771891200,41.8,11.62,0.523,242.76,2.223,0.0,0.647,0.419,0.0,-12.144,-1,1779002487
ZECUSDT,crypto,1771977600,38.4,10.03,0.48,243.97,0.498,0.0,0.975,0.258,0.0,-8.333,-1,1779002487
ZECUSDT,crypto,1772064000,31.03,9.0,0.388,238.72,-2.152,0.0,0.767,0.258,0.0,-7.473,-1,1779002487
ZECUSDT,crypto,1772150400,21.49,9.58,0.269,219.07,-8.231,0.0,0.883,0.258,0.0,11.06,1,1779002487
ZECUSDT,crypto,1772236800,41.92,12.77,0.524,220.14,0.488,0.0,1.135,0.355,0.0,2.835,0,1779002487
ZECUSDT,crypto,1772323200,34.84,13.8,0.435,213.28,-3.116,0.0,0.954,0.452,0.0,-1.552,0,1779002487
ZECUSDT,crypto,1772409600,51.0,14.23,0.638,223.64,4.857,0.0,0.911,0.484,0.0,-11.854,-1,1779002487
ZECUSDT,crypto,1772496000,39.47,14.88,0.493,220.88,-1.234,0.0,0.911,0.516,0.0,-10.463,-1,1779002487
ZECUSDT,crypto,1772582400,59.5,15.52,0.744,243.3,10.15,0.0,1.297,0.452,0.0,-11.928,-1,1779002487
ZECUSDT,crypto,1772668800,25.97,13.85,0.325,226.38,-6.954,0.0,0.705,0.516,0.0,-1.732,0,1779002487
ZECUSDT,crypto,1772755200,21.27,8.89,0.266,209.97,-7.249,0.0,0.875,0.226,0.0,1.272,0,1779002487
ZECUSDT,crypto,1772841600,22.06,7.51,0.276,197.13,-6.115,0.0,0.857,0.161,0.0,5.641,1,1779002487
ZECUSDT,crypto,1772928000,34.89,6.84,0.436,197.77,0.325,0.0,0.98,0.097,0.0,5.228,1,1779002487
ZECUSDT,crypto,1773014400,51.79,7.47,0.647,214.28,8.348,0.0,1.364,0.032,0.0,-0.551,0,1779002487
ZECUSDT,crypto,1773100800,46.12,8.32,0.577,222.46,3.817,0.0,1.534,0.032,0.0,3.187,1,1779002487
ZECUSDT,crypto,1773187200,26.29,6.2,0.329,212.64,-4.414,-0.000173,1.111,0.032,0.0,30.168,1,1779002487
ZECUSDT,crypto,1773273600,29.84,5.72,0.373,208.25,-2.065,-0.000134,1.015,0.032,0.0,30.828,1,1779002487
ZECUSDT,crypto,1773360000,36.34,7.56,0.454,208.11,-0.067,0.0001,1.383,0.032,0.0,19.408,1,1779002487
ZECUSDT,crypto,1773446400,34.09,3.67,0.426,213.1,2.398,-2.2e-05,0.605,0.032,0.0,10.047,1,1779002487
ZECUSDT,crypto,1773532800,52.97,8.31,0.662,229.55,7.719,0.0001,1.532,0.032,0.0,2.126,0,1779002487
ZECUSDT,crypto,1773619200,61.15,13.87,0.764,276.79,20.579,4.4e-05,2.143,0.194,0.0,-20.615,-1,1779002487
ZECUSDT,crypto,1773705600,42.11,14.52,0.526,272.45,-1.568,9.6e-05,1.742,0.29,0.0,-20.272,-1,1779002487
ZECUSDT,crypto,1773792000,29.81,14.48,0.373,248.5,-8.791,4.1e-05,1.606,0.323,0.0,-8.109,-1,1779002487
ZECUSDT,crypto,1773878400,28.9,12.58,0.361,234.51,-5.63,8e-05,1.096,0.355,0.0,3.164,1,1779002487
ZECUSDT,crypto,1773964800,40.44,12.79,0.506,234.43,-0.034,-3.4e-05,1.01,0.387,0.0,-1.147,0,1779002487
ZECUSDT,crypto,1774051200,21.82,9.13,0.273,219.73,-6.271,-1.2e-05,0.536,0.323,0.0,1.015,0,1779002487
ZECUSDT,crypto,1774137600,35.27,10.86,0.441,217.22,-1.142,-8.9e-05,0.752,0.355,0.0,-0.824,0,1779002487
ZECUSDT,crypto,1774224000,51.99,12.89,0.65,228.35,5.124,-0.00011,1.159,0.355,0.0,-6.538,-1,1779002487
ZECUSDT,crypto,1774310400,50.22,11.53,0.628,241.93,5.947,2.7e-05,0.886,0.355,0.0,-11.169,-1,1779002487
ZECUSDT,crypto,1774396800,30.05,11.94,0.376,231.74,-4.212,3.3e-05,0.84,0.387,0.0,-2.637,0,1779002487
ZECUSDT,crypto,1774483200,26.78,8.97,0.335,221.96,-4.22,-0.000118,0.632,0.29,0.0,11.872,1,1779002487
ZECUSDT,crypto,1774569600,29.42,9.08,0.368,215.43,-2.942,-8.9e-05,0.655,0.29,0.0,16.641,1,1779002487
ZECUSDT,crypto,1774656000,31.72,8.16,0.396,213.42,-0.933,1.5e-05,0.599,0.258,0.0,12.754,1,1779002487
ZECUSDT,crypto,1774742400,34.74,8.16,0.434,214.91,0.698,6.1e-05,0.599,0.258,0.0,9.004,1,1779002487
ZECUSDT,crypto,1774828800,46.72,9.95,0.584,225.63,4.988,0.0001,0.958,0.258,0.0,11.284,1,1779002487
ZECUSDT,crypto,1774915200,61.2,14.56,0.765,248.31,10.052,4.9e-05,1.879,0.258,0.0,-1.373,0,1779002487
ZECUSDT,crypto,1775001600,39.55,9.52,0.494,251.28,1.196,-2.7e-05,1.001,0.226,0.0,0.02,0,1779002487
ZECUSDT,crypto,1775088000,26.86,8.11,0.336,240.64,-4.234,3.1e-05,0.976,0.161,0.0,33.054,1,1779002487
ZECUSDT,crypto,1775174400,25.46,5.61,0.318,234.26,-2.651,-5.2e-05,0.478,0.161,0.0,37.958,1,1779002487
ZECUSDT,crypto,1775260800,47.4,7.33,0.592,251.09,7.184,5.1e-05,0.691,0.194,0.0,45.972,1,1779002487
ZECUSDT,crypto,1775347200,27.5,5.56,0.344,244.9,-2.465,-0.00015,0.725,0.097,0.0,53.189,1,1779002487
ZECUSDT,crypto,1775433600,38.28,5.64,0.479,251.33,2.626,2e-05,0.999,0.032,0.0,47.376,1,1779002487
ZECUSDT,crypto,1775520000,77.64,29.35,0.971,320.18,27.394,-0.000157,2.32,0.968,0.0,13.099,1,1779002487
ZECUSDT,crypto,1775606400,67.37,30.0,0.842,323.18,0.937,-0.0006,2.204,1.0,0.0,13.862,1,1779002487
ZECUSDT,crypto,1775692800,77.21,30.0,0.965,366.52,13.41,5.8e-05,2.152,1.0,0.0,-3.43,-1,1779002487
ZECUSDT,crypto,1775779200,63.79,27.14,0.797,375.16,2.357,-0.000458,1.428,1.0,0.0,-7.853,-1,1779002487
ZECUSDT,crypto,1775865600,48.02,23.88,0.6,370.4,-1.269,-6e-05,0.775,1.0,0.0,-8.226,-1,1779002487
ZECUSDT,crypto,1775952000,47.08,24.78,0.589,362.12,-2.235,0.0001,0.956,1.0,0.0,-9.24,-1,1779002487
ZECUSDT,crypto,1776038400,58.79,26.78,0.735,367.98,1.618,0.0001,1.355,1.0,0.0,-12.256,-1,1779002487
ZECUSDT,crypto,1776124800,43.76,24.41,0.547,353.95,-3.813,-1.1e-05,0.883,1.0,0.0,-14.85,-1,1779002487
ZECUSDT,crypto,1776211200,42.57,21.97,0.532,345.7,-2.331,0.0001,0.652,0.935,0.0,-9.745,-1,1779002487
ZECUSDT,crypto,1776297600,42.69,20.65,0.534,339.93,-1.669,7e-05,0.646,0.871,0.0,-6.86,-1,1779002487
ZECUSDT,crypto,1776384000,39.52,20.08,0.494,328.66,-3.315,7.7e-05,0.791,0.806,0.0,-3.776,-1,1779002487
ZECUSDT,crypto,1776470400,38.51,17.34,0.481,322.88,-1.759,6.3e-05,0.5,0.742,0.0,6.039,1,1779002487
ZECUSDT,crypto,1776556800,31.12,17.86,0.389,301.39,-6.656,-8e-05,0.734,0.71,-0.019572,19.111,1,1779002487
ZECUSDT,crypto,1776643200,47.98,15.74,0.6,312.01,3.524,2.6e-05,0.566,0.645,0.032859,14.942,1,1779002487
ZECUSDT,crypto,1776729600,45.92,16.21,0.574,316.61,1.474,-6e-05,0.791,0.613,0.02203,12.1,1,1779002487
ZECUSDT,crypto,1776816000,41.43,15.02,0.518,316.25,-0.114,-0.000148,0.681,0.581,-0.004252,12.269,1,1779002487
ZECUSDT,crypto,1776902400,57.78,15.36,0.722,342.38,8.262,2.2e-05,1.007,0.516,0.034038,-1.858,0,1779002487
ZECUSDT,crypto,1776988800,51.3,14.64,0.641,358.99,4.851,0.0001,0.992,0.484,0.05948,-8.805,-1,1779002487
ZECUSDT,crypto,1777075200,34.17,9.7,0.427,358.63,-0.1,-4.1e-05,0.392,0.387,-0.017461,-2.281,0,1779002487
ZECUSDT,crypto,1777161600,25.63,3.23,0.32,354.92,-1.034,-5e-06,0.388,0.065,-0.025852,8.408,1,1779002487
ZECUSDT,crypto,1777248000,30.19,4.56,0.377,355.05,0.037,4.3e-05,0.654,0.065,0.013465,9.168,1,1779002487
ZECUSDT,crypto,1777334400,18.42,4.07,0.23,336.02,-5.36,4.1e-05,0.555,0.065,-0.019367,22.853,1,1779002487
ZECUSDT,crypto,1777420800,24.44,4.38,0.306,327.38,-2.571,7.8e-05,0.618,0.065,-0.017239,29.046,1,1779002487
ZECUSDT,crypto,1777507200,46.34,5.69,0.579,350.45,7.047,7.1e-05,0.881,0.065,-0.050981,47.445,1,1779002487
ZECUSDT,crypto,1777593600,53.88,9.42,0.674,384.76,9.79,-2.5e-05,1.368,0.129,0.054068,43.983,1,1779002487
ZECUSDT,crypto,1777680000,38.24,10.0,0.478,387.6,0.738,-1.2e-05,0.839,0.29,0.101434,48.189,1,1779002487
ZECUSDT,crypto,1777766400,58.44,15.3,0.731,412.81,6.504,-1.5e-05,1.512,0.387,0.025508,48.463,1,1779002487
ZECUSDT,crypto,1777852800,52.66,17.18,0.658,422.47,2.34,0.0001,1.759,0.419,0.136223,40.673,1,1779002487
ZECUSDT,crypto,1777939200,70.11,21.61,0.876,516.72,22.309,-0.000199,2.186,0.581,-0.016438,14.668,1,1779002487
ZECUSDT,crypto,1778025600,71.14,24.19,0.889,553.99,7.213,-5e-06,2.967,0.71,-0.046811,0.462,0,1779002487
ZECUSDT,crypto,1778112000,61.43,24.6,0.768,574.38,3.681,4.3e-05,1.436,0.871,-0.089592,-0.615,0,1779002487
ZECUSDT,crypto,1778198400,69.27,26.77,0.866,612.87,6.701,3.5e-05,1.354,1.0,-0.030558,-14.45,-1,1779002487
ZECUSDT,crypto,1778284800,49.08,26.39,0.614,594.3,-3.03,2.8e-05,1.278,1.0,0.053206,-5.726,-1,1779002487
ZECUSDT,crypto,1778371200,52.03,25.17,0.65,592.51,-0.301,4.1e-05,1.033,1.0,-0.006857,-13.063,-1,1779002487
ZECUSDT,crypto,1778457600,36.7,22.77,0.459,556.55,-6.069,0.0001,0.813,0.935,-0.03173,-8.174,-1,1779002487
ZECUSDT,crypto,1778544000,52.55,21.73,0.657,570.85,2.569,9.7e-05,0.733,0.903,-0.074261,-9.763,-1,1779002487
HYPEUSDT,crypto,1762214400,46.58,19.97,0.582,39.012,-2.924,0.0,1.993,0.5,0.0,7.18,1,1779002488
HYPEUSDT,crypto,1762300800,50.68,11.41,0.634,41.357,6.011,0.0,0.949,0.333,0.0,0.208,0,1779002488
HYPEUSDT,crypto,1762387200,21.89,9.11,0.274,38.498,-6.913,0.0,0.822,0.25,0.0,0.478,0,1779002488
HYPEUSDT,crypto,1762473600,51.45,8.98,0.643,42.243,9.728,0.0,0.995,0.2,0.0,-9.202,-1,1779002488
HYPEUSDT,crypto,1762560000,21.6,6.18,0.27,40.145,-4.967,0.0,0.57,0.167,0.0,-4.03,-1,1779002488
HYPEUSDT,crypto,1762646400,38.27,5.16,0.478,41.813,4.155,0.0,0.46,0.143,0.0,-10.334,-1,1779002488
HYPEUSDT,crypto,1762732800,28.61,5.19,0.358,41.443,-0.885,0.0,0.538,0.125,0.0,-6.94,-1,1779002488
HYPEUSDT,crypto,1762819200,17.1,5.07,0.214,38.682,-6.662,0.0,0.57,0.111,0.0,0.044,0,1779002488
HYPEUSDT,crypto,1762905600,33.23,8.21,0.415,38.356,-0.843,0.0,0.842,0.2,0.0,2.552,0,1779002488
HYPEUSDT,crypto,1762992000,37.79,9.93,0.472,38.527,0.446,0.0,0.894,0.273,0.0,0.327,0,1779002488
HYPEUSDT,crypto,1763078400,37.15,14.18,0.464,37.492,-2.686,0.0,1.169,0.417,0.0,3.601,1,1779002488
HYPEUSDT,crypto,1763164800,39.87,9.66,0.498,38.567,2.867,0.0,0.394,0.385,0.0,-2.66,0,1779002488
HYPEUSDT,crypto,1763251200,33.13,6.4,0.414,38.699,0.342,0.0,0.709,0.143,0.0,-12.53,-1,1779002488
HYPEUSDT,crypto,1763337600,35.29,5.42,0.441,39.335,1.643,0.0,0.817,0.067,0.0,-23.791,-1,1779002488
HYPEUSDT,crypto,1763424000,33.45,7.84,0.418,38.653,-1.734,0.0,1.317,0.062,0.0,-17.567,-1,1779002488
HYPEUSDT,crypto,1763510400,32.5,5.1,0.406,38.842,0.489,0.0,0.784,0.059,0.0,-13.166,-1,1779002488
HYPEUSDT,crypto,1763596800,25.27,5.29,0.316,37.541,-3.349,0.0,0.836,0.056,0.0,-10.186,-1,1779002488
HYPEUSDT,crypto,1763683200,30.66,13.16,0.383,33.85,-9.832,0.0,2.7,0.158,0.0,7.007,1,1779002488
HYPEUSDT,crypto,1763769600,26.69,12.59,0.334,29.977,-11.442,0.0,1.319,0.3,0.0,15.832,1,1779002488
HYPEUSDT,crypto,1763856000,60.33,19.29,0.754,31.863,6.291,0.0,1.191,0.667,0.0,9.607,1,1779002488
HYPEUSDT,crypto,1763942400,61.79,20.61,0.772,33.728,5.853,0.0,1.394,0.682,0.0,1.782,0,1779002488
HYPEUSDT,crypto,1764028800,50.05,21.2,0.626,33.717,-0.033,0.0,1.283,0.739,0.0,-5.288,-1,1779002488
HYPEUSDT,crypto,1764115200,61.58,19.61,0.77,36.222,7.429,0.0,0.922,0.75,0.0,-14.389,-1,1779002488
HYPEUSDT,crypto,1764201600,32.17,14.97,0.402,34.723,-4.138,0.0,0.594,0.6,0.0,-2.52,0,1779002488
HYPEUSDT,crypto,1764288000,44.33,16.11,0.554,34.924,0.579,0.0,0.914,0.577,0.0,-0.785,0,1779002488
HYPEUSDT,crypto,1764374400,37.94,14.24,0.474,34.329,-1.704,0.0,0.922,0.481,0.0,-2.36,0,1779002488
HYPEUSDT,crypto,1764460800,24.93,12.84,0.312,31.934,-6.977,0.0,0.71,0.464,0.0,-3.034,-1,1779002488
HYPEUSDT,crypto,1764547200,42.35,18.68,0.529,31.01,-2.893,0.0,1.392,0.586,0.0,-0.206,0,1779002488
HYPEUSDT,crypto,1764633600,60.89,17.36,0.761,33.848,9.152,0.0,1.206,0.567,0.0,-12.199,-1,1779002488
HYPEUSDT,crypto,1764720000,45.43,14.26,0.568,34.65,2.369,0.0,0.787,0.516,0.0,-14.909,-1,1779002488
HYPEUSDT,crypto,1764806400,33.29,13.82,0.416,33.519,-3.264,0.0,0.7,0.516,0.0,-16.776,-1,1779002488
HYPEUSDT,crypto,1764892800,28.6,16.35,0.357,30.965,-7.62,0.0,0.948,0.581,0.0,-6.937,-1,1779002488
HYPEUSDT,crypto,1764979200,37.26,12.93,0.466,30.946,-0.061,0.0,0.392,0.548,0.0,-5.875,-1,1779002488
HYPEUSDT,crypto,1765065600,34.46,14.14,0.431,29.719,-3.965,0.0,1.15,0.419,0.0,-3.806,-1,1779002488
HYPEUSDT,crypto,1765152000,38.01,12.1,0.475,29.484,-0.791,0.0,1.0,0.355,0.0,0.312,0,1779002488
HYPEUSDT,crypto,1765238400,32.24,13.48,0.403,27.896,-5.386,0.0,1.406,0.323,0.0,3.262,1,1779002488
HYPEUSDT,crypto,1765324800,45.59,10.82,0.57,28.817,3.302,0.0,1.132,0.258,0.0,-4.282,-1,1779002488
HYPEUSDT,crypto,1765411200,42.45,12.45,0.531,29.128,1.079,0.0,1.07,0.355,0.0,-8.027,-1,1779002488
HYPEUSDT,crypto,1765497600,39.96,15.42,0.499,28.588,-1.854,0.0,1.149,0.484,0.0,-14.394,-1,1779002488
HYPEUSDT,crypto,1765584000,48.55,16.02,0.607,29.576,3.456,0.0,0.623,0.645,0.0,-24.067,-1,1779002488
HYPEUSDT,crypto,1765670400,40.01,19.1,0.5,28.806,-2.603,0.0,0.724,0.774,0.0,-13.692,-1,1779002488
HYPEUSDT,crypto,1765756800,43.29,24.0,0.541,27.583,-4.246,0.0,1.057,0.935,0.0,-13.019,-1,1779002488
HYPEUSDT,crypto,1765843200,45.23,22.95,0.565,26.79,-2.875,0.0,1.106,0.871,0.0,-7.335,-1,1779002488
HYPEUSDT,crypto,1765929600,45.22,28.86,0.565,24.473,-8.649,0.0,1.772,1.0,0.0,1.626,0,1779002488
HYPEUSDT,crypto,1766016000,43.54,28.02,0.544,22.458,-8.234,0.0,1.604,1.0,0.0,6.67,1,1779002488
HYPEUSDT,crypto,1766102400,69.25,25.87,0.866,24.862,10.704,0.0,1.175,1.0,0.0,1.183,0,1779002488
HYPEUSDT,crypto,1766188800,41.24,22.87,0.516,23.992,-3.499,0.0,0.574,1.0,0.0,1.634,0,1779002488
HYPEUSDT,crypto,1766275200,55.39,22.97,0.692,24.825,3.472,0.0,0.595,1.0,0.0,3.823,1,1779002488
HYPEUSDT,crypto,1766361600,49.55,23.02,0.619,24.871,0.185,0.0,0.732,0.968,0.0,4.383,1,1779002488
HYPEUSDT,crypto,1766448000,38.43,20.35,0.48,23.956,-3.679,0.0,0.587,0.871,0.0,5.786,1,1779002488
HYPEUSDT,crypto,1766534400,53.52,18.56,0.669,25.156,5.009,0.0,0.487,0.806,0.0,2.524,0,1779002488
HYPEUSDT,crypto,1766620800,35.37,16.92,0.442,24.384,-3.069,0.0,0.417,0.742,0.0,6.484,1,1779002488
HYPEUSDT,crypto,1766707200,52.71,16.18,0.659,25.774,5.7,0.0,0.526,0.677,0.0,-1.249,0,1779002488
HYPEUSDT,crypto,1766793600,38.7,12.53,0.484,25.961,0.726,0.0,0.442,0.516,0.0,-6.618,-1,1779002488
HYPEUSDT,crypto,1766880000,28.17,7.8,0.352,25.342,-2.384,0.0,0.528,0.258,0.0,-2.936,0,1779002488
HYPEUSDT,crypto,1766966400,37.29,7.24,0.466,25.791,1.772,0.0,0.802,0.161,0.0,-1.609,0,1779002488
HYPEUSDT,crypto,1767052800,32.27,4.85,0.403,25.965,0.675,0.0,0.713,0.065,0.0,3.455,1,1779002488
HYPEUSDT,crypto,1767139200,24.06,3.08,0.301,25.452,-1.976,0.0,0.486,0.032,0.0,4.118,1,1779002488
HYPEUSDT,crypto,1767225600,23.83,5.74,0.298,24.243,-4.75,0.0,1.018,0.032,0.0,16.471,1,1779002488
HYPEUSDT,crypto,1767312000,36.88,6.05,0.461,24.598,1.464,0.0,1.08,0.032,0.0,9.212,1,1779002488
HYPEUSDT,crypto,1767398400,37.67,4.75,0.471,25.376,3.163,0.0,0.82,0.032,0.0,1.166,0,1779002488
HYPEUSDT,crypto,1767484800,43.92,5.18,0.549,26.862,5.856,0.0,0.906,0.032,0.0,-6.667,-1,1779002488
HYPEUSDT,crypto,1767571200,35.49,8.17,0.444,26.5,-1.348,0.0,1.504,0.032,0.0,-9.294,-1,1779002488
HYPEUSDT,crypto,1767657600,53.6,10.29,0.67,28.236,6.551,0.0,1.542,0.129,0.0,-13.472,-1,1779002488
HYPEUSDT,crypto,1767744000,27.03,8.09,0.338,26.864,-4.859,0.0,1.231,0.097,0.0,-11.592,-1,1779002488
HYPEUSDT,crypto,1767830400,24.49,6.4,0.306,25.672,-4.437,0.0,0.893,0.097,0.0,0.3,0,1779002488
HYPEUSDT,crypto,1767916800,27.85,5.34,0.348,25.071,-2.341,0.0,0.939,0.032,0.0,3.566,1,1779002488
HYPEUSDT,crypto,1768003200,24.88,6.6,0.311,24.037,-4.124,0.0,0.805,0.129,0.0,2.85,0,1779002488
HYPEUSDT,crypto,1768089600,34.49,6.29,0.431,24.432,1.643,0.0,0.483,0.194,0.0,2.3,0,1779002488
HYPEUSDT,crypto,1768176000,37.73,12.99,0.472,23.75,-2.791,0.0,1.565,0.258,0.0,7.027,1,1779002488
HYPEUSDT,crypto,1768262400,55.22,11.44,0.69,25.749,8.417,0.0,1.256,0.258,0.0,-5.022,-1,1779002488
HYPEUSDT,crypto,1768348800,39.16,9.1,0.489,25.965,0.839,0.0,1.175,0.161,0.0,-8.669,-1,1779002488
HYPEUSDT,crypto,1768435200,29.68,10.96,0.371,24.722,-4.787,0.0,1.159,0.258,0.0,-15.128,-1,1779002488
HYPEUSDT,crypto,1768521600,36.37,9.06,0.455,24.994,1.1,0.0,0.522,0.323,0.0,-13.867,-1,1779002488
HYPEUSDT,crypto,1768608000,36.02,8.29,0.45,25.419,1.7,0.0,0.367,0.323,0.0,-15.654,-1,1779002488
HYPEUSDT,crypto,1768694400,30.87,12.49,0.386,24.456,-3.789,0.0,0.692,0.452,0.0,-7.45,-1,1779002488
HYPEUSDT,crypto,1768780800,39.55,16.72,0.494,23.714,-3.034,0.0,1.28,0.516,0.0,-2.151,0,1779002488
HYPEUSDT,crypto,1768867200,39.31,22.03,0.491,20.982,-11.521,0.0,1.955,0.613,0.0,5.772,1,1779002488
HYPEUSDT,crypto,1768953600,58.39,22.12,0.73,21.528,2.602,0.0,1.714,0.677,0.0,15.807,1,1779002488
HYPEUSDT,crypto,1769040000,46.45,20.12,0.581,21.44,-0.409,0.0,0.928,0.774,0.0,43.657,1,1779002488
HYPEUSDT,crypto,1769126400,61.6,22.04,0.77,22.634,5.569,0.0,1.183,0.806,0.0,52.107,1,1779002488
HYPEUSDT,crypto,1769212800,51.96,20.28,0.649,23.204,2.518,0.0,0.829,0.806,0.0,32.693,1,1779002488
HYPEUSDT,crypto,1769299200,39.67,21.33,0.496,22.193,-4.357,0.0,0.911,0.839,0.0,37.985,1,1779002488
HYPEUSDT,crypto,1769385600,65.41,21.05,0.818,24.931,12.337,0.0,1.372,0.71,0.0,24.391,1,1779002488
HYPEUSDT,crypto,1769472000,77.5,30.0,0.969,30.8,23.541,0.0,3.774,1.0,0.0,-0.737,0,1779002488
HYPEUSDT,crypto,1769558400,77.5,30.0,0.969,34.428,11.779,0.0,4.359,1.0,0.0,-3.329,-1,1779002488
HYPEUSDT,crypto,1769644800,47.5,30.0,0.594,30.79,-10.567,0.0,2.885,1.0,0.0,6.187,1,1779002488
HYPEUSDT,crypto,1769731200,61.42,30.0,0.768,30.623,-0.542,0.0,2.608,1.0,0.0,15.861,1,1779002488
HYPEUSDT,crypto,1769817600,64.77,29.86,0.81,31.012,1.27,0.0,1.972,1.0,0.0,6.691,1,1779002488
HYPEUSDT,crypto,1769904000,56.96,28.65,0.712,30.573,-1.416,0.0,1.729,1.0,0.0,5.901,1,1779002488
HYPEUSDT,crypto,1769990400,77.03,29.77,0.963,33.282,8.861,0.0,1.953,1.0,0.0,-5.652,-1,1779002488
HYPEUSDT,crypto,1770076800,58.97,30.0,0.737,32.695,-1.764,0.0,2.754,1.0,0.0,-0.777,0,1779002488
HYPEUSDT,crypto,1770163200,72.17,27.34,0.902,35.48,8.518,0.0,1.467,1.0,0.0,-11.7,-1,1779002488
HYPEUSDT,crypto,1770249600,45.67,28.33,0.571,33.087,-6.745,0.0,1.666,1.0,0.0,-12.83,-1,1779002488
HYPEUSDT,crypto,1770336000,54.14,27.96,0.677,32.377,-2.146,0.0,1.593,1.0,0.0,-9.257,-1,1779002488
HYPEUSDT,crypto,1770422400,41.99,21.79,0.525,31.401,-3.014,0.0,0.746,0.903,0.0,-0.99,0,1779002488
HYPEUSDT,crypto,1770508800,51.88,20.09,0.649,32.441,3.312,0.0,0.534,0.871,0.0,-2.706,0,1779002488
HYPEUSDT,crypto,1770595200,35.89,17.87,0.449,31.329,-3.428,0.0,0.476,0.774,0.0,1.615,0,1779002488
HYPEUSDT,crypto,1770681600,25.81,15.93,0.323,28.842,-7.938,0.0,0.476,0.677,0.0,6.439,1,1779002488
HYPEUSDT,crypto,1770768000,42.51,13.95,0.531,29.38,1.865,0.0,0.467,0.581,0.0,6.351,1,1779002488
HYPEUSDT,crypto,1770854400,50.03,13.1,0.625,31.09,5.82,0.0,0.556,0.516,0.0,-5.108,-1,1779002488
HYPEUSDT,crypto,1770940800,39.67,11.9,0.496,31.563,1.521,0.0,0.445,0.484,0.0,-9.159,-1,1779002488
HYPEUSDT,crypto,1771027200,33.13,7.35,0.414,31.835,0.862,0.0,0.31,0.29,0.0,-8.905,-1,1779002488
HYPEUSDT,crypto,1771113600,21.6,4.73,0.27,30.699,-3.568,0.0,0.301,0.161,0.0,-1.091,0,1779002488
HYPEUSDT,crypto,1771200000,31.97,4.24,0.4,31.246,1.782,0.0,0.333,0.129,0.0,-4.852,-1,1779002488
HYPEUSDT,crypto,1771286400,16.59,3.59,0.207,29.502,-5.582,0.0,0.331,0.097,0.0,-1.651,0,1779002488
HYPEUSDT,crypto,1771372800,23.86,5.11,0.298,28.672,-2.813,0.0,0.376,0.161,0.0,-8.036,-1,1779002488
HYPEUSDT,crypto,1771459200,31.45,4.94,0.393,29.0,1.144,0.0,0.344,0.161,0.0,-6.621,-1,1779002488
HYPEUSDT,crypto,1771545600,40.3,6.13,0.504,30.364,4.703,0.0,0.453,0.194,0.0,-8.168,-1,1779002488
HYPEUSDT,crypto,1771632000,25.13,5.66,0.314,29.73,-2.088,0.0,0.229,0.226,0.0,-5.456,-1,1779002488
HYPEUSDT,crypto,1771718400,24.96,6.22,0.312,29.015,-2.405,0.0,0.211,0.258,0.0,-5.983,-1,1779002488
HYPEUSDT,crypto,1771804800,22.9,10.6,0.286,26.368,-9.123,0.0,0.96,0.29,0.0,18.34,1,1779002488
HYPEUSDT,crypto,1771891200,40.64,9.27,0.508,27.08,2.7,0.0,0.693,0.29,0.0,16.433,1,1779002488
HYPEUSDT,crypto,1771977600,42.66,10.02,0.533,27.884,2.969,0.0,0.842,0.29,0.0,17.662,1,1779002488
HYPEUSDT,crypto,1772064000,38.4,10.05,0.48,28.108,0.803,0.0,0.848,0.29,0.0,11.314,1,1779002488
HYPEUSDT,crypto,1772150400,34.05,12.27,0.426,27.279,-2.949,0.0,1.035,0.355,0.0,17.838,1,1779002488
HYPEUSDT,crypto,1772236800,57.16,12.09,0.714,31.204,14.388,0.0,1.514,0.226,0.0,-2.144,0,1779002488
HYPEUSDT,crypto,1772323200,45.71,13.14,0.571,31.53,1.045,0.0,1.596,0.258,0.0,-1.621,0,1779002488
HYPEUSDT,crypto,1772409600,59.08,19.07,0.739,32.809,4.056,0.0,1.879,0.484,0.0,-7.684,-1,1779002488
HYPEUSDT,crypto,1772496000,37.0,17.05,0.463,31.288,-4.636,0.0,1.345,0.516,0.0,-1.927,0,1779002488
HYPEUSDT,crypto,1772582400,50.99,16.99,0.637,32.145,2.739,0.0,1.204,0.548,0.0,7.827,1,1779002488
HYPEUSDT,crypto,1772668800,32.01,15.25,0.4,30.535,-5.009,0.0,0.856,0.548,0.0,11.842,1,1779002488
HYPEUSDT,crypto,1772755200,44.76,14.71,0.56,31.019,1.585,0.0,0.877,0.516,0.0,16.722,1,1779002488
HYPEUSDT,crypto,1772841600,34.04,13.29,0.426,30.288,-2.357,0.0,0.593,0.516,0.0,22.979,1,1779002488
HYPEUSDT,crypto,1772928000,41.48,13.02,0.519,30.685,1.311,0.0,0.668,0.484,0.0,18.723,1,1779002488
HYPEUSDT,crypto,1773014400,72.0,24.67,0.9,34.661,12.957,0.0,1.966,0.742,0.0,9.036,1,1779002488
HYPEUSDT,crypto,1773100800,48.16,22.37,0.602,34.151,-1.471,0.0,1.248,0.806,0.0,9.051,1,1779002488
HYPEUSDT,crypto,1773187200,62.29,22.26,0.779,36.206,6.017,0.0,1.098,0.839,0.0,12.644,1,1779002488
HYPEUSDT,crypto,1773273600,56.68,22.92,0.709,37.248,2.878,0.0,1.101,0.871,0.0,10.465,1,1779002488
HYPEUSDT,crypto,1773360000,46.1,23.35,0.576,36.43,-2.196,0.0,0.928,0.935,0.0,15.506,1,1779002488
HYPEUSDT,crypto,1773446400,56.48,22.92,0.706,37.793,3.741,0.0,0.714,0.968,0.0,4.064,1,1779002488
HYPEUSDT,crypto,1773532800,44.0,21.88,0.55,37.242,-1.458,0.0,0.506,0.968,0.0,6.138,1,1779002488
HYPEUSDT,crypto,1773619200,68.4,25.45,0.855,40.784,9.511,0.0,1.09,1.0,0.0,-4.043,-1,1779002488
HYPEUSDT,crypto,1773705600,52.89,24.31,0.661,41.146,0.888,0.0,0.861,1.0,0.0,-6.815,-1,1779002488
HYPEUSDT,crypto,1773792000,64.24,28.6,0.803,42.079,2.268,0.0,1.721,1.0,0.0,-11.26,-1,1779002488
HYPEUSDT,crypto,1773878400,39.04,23.84,0.488,39.329,-6.535,0.0,1.155,0.903,0.0,2.522,0,1779002488
HYPEUSDT,crypto,1773964800,50.37,22.14,0.63,39.528,0.506,0.0,0.944,0.871,0.0,1.973,0,1779002488
HYPEUSDT,crypto,1774051200,40.85,18.55,0.511,39.135,-0.994,0.0,0.356,0.839,0.0,0.036,0,1779002488
HYPEUSDT,crypto,1774137600,41.16,19.1,0.515,38.342,-2.026,0.0,0.723,0.774,0.0,0.824,0,1779002488
HYPEUSDT,crypto,1774224000,44.22,20.57,0.553,37.341,-2.611,0.0,1.274,0.71,0.0,5.68,1,1779002488
HYPEUSDT,crypto,1774310400,59.77,17.59,0.747,40.321,7.981,0.0,0.937,0.645,0.0,-6.158,-1,1779002488
HYPEUSDT,crypto,1774396800,41.16,15.17,0.515,40.308,-0.032,0.0,0.712,0.581,0.0,-8.606,-1,1779002488
HYPEUSDT,crypto,1774483200,35.05,14.63,0.438,39.149,-2.875,0.0,0.733,0.548,0.0,-6.514,-1,1779002488
HYPEUSDT,crypto,1774569600,35.83,12.44,0.448,38.658,-1.254,0.0,0.681,0.452,0.0,-6.811,-1,1779002488
HYPEUSDT,crypto,1774656000,32.5,3.24,0.406,39.462,2.08,0.0,0.519,0.032,0.0,-10.831,-1,1779002488
HYPEUSDT,crypto,1774742400,19.89,3.13,0.249,37.838,-4.115,0.0,0.497,0.032,0.0,-5.909,-1,1779002488
HYPEUSDT,crypto,1774828800,27.66,5.54,0.346,36.839,-2.64,0.0,0.979,0.032,0.0,-1.298,0,1779002488
HYPEUSDT,crypto,1774915200,31.99,5.72,0.4,36.599,-0.651,0.0,1.015,0.032,0.0,0.669,0,1779002488
HYPEUSDT,crypto,1775001600,30.76,6.67,0.385,36.025,-1.568,0.0,0.947,0.097,0.0,0.733,0,1779002488
HYPEUSDT,crypto,1775088000,29.78,7.25,0.372,35.188,-2.323,0.0,0.934,0.129,0.0,9.699,1,1779002488
HYPEUSDT,crypto,1775174400,33.81,6.42,0.423,35.602,1.177,0.0,0.509,0.194,0.0,8.808,1,1779002488
HYPEUSDT,crypto,1775260800,34.68,6.22,0.434,36.361,2.132,0.0,0.34,0.226,0.0,8.501,1,1779002488
HYPEUSDT,crypto,1775347200,34.65,7.01,0.433,36.844,1.328,0.0,0.498,0.226,0.0,12.846,1,1779002488
HYPEUSDT,crypto,1775433600,30.46,7.1,0.381,36.289,-1.506,0.0,0.775,0.161,0.0,16.404,1,1779002488
HYPEUSDT,crypto,1775520000,46.46,6.25,0.581,38.601,6.371,0.0,0.993,0.065,0.0,5.756,1,1779002488
HYPEUSDT,crypto,1775606400,36.81,7.12,0.46,38.738,0.355,0.0,1.296,0.032,0.0,14.296,1,1779002488
HYPEUSDT,crypto,1775692800,36.42,5.44,0.455,39.452,1.843,0.0,0.958,0.032,0.0,10.258,1,1779002488
HYPEUSDT,crypto,1775779200,48.23,9.74,0.603,41.577,5.386,0.0,1.044,0.226,0.0,7.317,1,1779002488
HYPEUSDT,crypto,1775865600,41.4,12.37,0.518,42.242,1.599,0.0,0.667,0.452,0.0,3.657,1,1779002488
HYPEUSDT,crypto,1775952000,34.14,14.02,0.427,40.823,-3.359,0.0,0.868,0.484,0.0,9.272,1,1779002488
HYPEUSDT,crypto,1776038400,63.92,18.69,0.799,44.276,8.458,0.0,1.545,0.548,0.0,-1.143,0,1779002488
HYPEUSDT,crypto,1776124800,44.67,18.53,0.558,43.499,-1.755,-4.5e-05,1.384,0.581,0.0,-6.428,-1,1779002488
HYPEUSDT,crypto,1776211200,51.1,18.19,0.639,44.619,2.575,7e-06,1.058,0.645,0.0,-8.81,-1,1779002488
HYPEUSDT,crypto,1776297600,45.03,19.66,0.563,43.787,-1.865,-9.6e-05,1.223,0.677,0.0,-9.21,-1,1779002488
HYPEUSDT,crypto,1776384000,52.34,20.49,0.654,44.608,1.875,1.1e-05,1.131,0.742,0.0,-7.795,-1,1779002488
HYPEUSDT,crypto,1776470400,40.38,18.61,0.505,43.77,-1.879,2.3e-05,0.626,0.774,0.0,-5.668,-1,1779002488
HYPEUSDT,crypto,1776556800,33.31,19.94,0.416,40.703,-7.007,4.5e-05,1.021,0.742,0.007687,1.088,0,1779002488
HYPEUSDT,crypto,1776643200,47.84,19.82,0.598,40.688,-0.037,9e-06,1.126,0.71,-0.055196,1.932,0,1779002488
HYPEUSDT,crypto,1776729600,43.33,19.61,0.542,39.754,-2.296,5e-05,1.212,0.677,-0.029651,6.726,1,1779002488
HYPEUSDT,crypto,1776816000,54.06,18.78,0.676,41.131,3.464,7e-06,1.176,0.645,0.026711,1.213,0,1779002488
HYPEUSDT,crypto,1776902400,42.01,15.3,0.525,41.289,0.384,5e-05,0.738,0.581,0.00405,-2.725,0,1779002488
HYPEUSDT,crypto,1776988800,37.56,13.49,0.47,41.146,-0.346,5e-05,0.504,0.548,-0.004753,-2.948,0,1779002488
HYPEUSDT,crypto,1777075200,37.6,11.7,0.47,41.474,0.797,4.3e-05,0.404,0.484,-0.019126,-4.28,-1,1779002488
HYPEUSDT,crypto,1777161600,35.83,6.71,0.448,42.428,2.3,3.6e-05,0.439,0.226,-0.023214,-3.012,-1,1779002488
HYPEUSDT,crypto,1777248000,28.6,5.38,0.357,41.63,-1.881,5e-05,0.946,0.032,0.00704,-0.903,0,1779002488
HYPEUSDT,crypto,1777334400,26.98,6.21,0.337,40.164,-3.521,5e-05,1.112,0.032,0.033382,3.426,1,1779002488
HYPEUSDT,crypto,1777420800,32.42,5.91,0.405,39.933,-0.575,1.9e-05,1.052,0.032,0.021273,4.688,1,1779002488
HYPEUSDT,crypto,1777507200,31.92,6.31,0.399,39.699,-0.586,1.8e-05,0.875,0.097,-0.020325,10.053,1,1779002488
HYPEUSDT,crypto,1777593600,41.48,7.1,0.518,41.15,3.655,-9e-06,0.904,0.129,-0.001546,4.746,1,1779002488
HYPEUSDT,crypto,1777680000,30.76,4.97,0.384,41.254,0.253,5e-05,0.607,0.097,0.008786,3.069,1,1779002488
HYPEUSDT,crypto,1777766400,29.19,3.1,0.365,41.54,0.693,5e-05,0.491,0.032,0.015597,4.08,1,1779002488
HYPEUSDT,crypto,1777852800,35.92,6.38,0.449,41.805,0.638,-7e-06,1.146,0.032,-0.023305,2.643,0,1779002488
HYPEUSDT,crypto,1777939200,43.8,6.59,0.548,43.69,4.509,5e-05,1.189,0.032,0.021941,-1.588,0,1779002488
HYPEUSDT,crypto,1778025600,31.62,6.29,0.395,43.103,-1.344,2.7e-05,1.13,0.032,0.09019,-2.571,0,1779002488
HYPEUSDT,crypto,1778112000,29.76,5.43,0.372,42.52,-1.353,5e-05,0.957,0.032,-0.050456,-5.355,-1,1779002488
HYPEUSDT,crypto,1778198400,34.33,4.68,0.429,43.235,1.682,5e-05,0.808,0.032,-0.011837,-10.209,-1,1779002488
HYPEUSDT,crypto,1778284800,30.29,5.15,0.379,42.91,-0.752,-5.6e-05,0.772,0.065,-0.002365,2.832,0,1779002488
HYPEUSDT,crypto,1778371200,33.98,6.95,0.425,42.996,0.2,4.7e-05,0.874,0.129,-0.006047,2.726,0,1779002488
HYPEUSDT,crypto,1778457600,28.82,5.89,0.36,41.995,-2.328,3e-05,1.048,0.032,-0.030666,-0.438,0,1779002488
HYPEUSDT,crypto,1778544000,25.91,6.82,0.324,40.243,-4.172,-1.2e-05,0.976,0.097,-0.078063,5.685,1,1779002488
XRPUSDT,crypto,1762214400,53.48,30.0,0.668,2.2039,-4.51,0.0,2.32,1.0,0.0,7.305,1,1779002488
XRPUSDT,crypto,1762300800,62.29,20.3,0.779,2.342,6.266,0.0,1.392,0.667,0.0,7.814,1,1779002488
XRPUSDT,crypto,1762387200,43.38,26.0,0.542,2.2117,-5.564,0.0,1.201,1.0,0.0,8.075,1,1779002488
XRPUSDT,crypto,1762473600,64.74,26.46,0.809,2.3149,4.666,0.0,1.291,1.0,0.0,3.089,1,1779002488
XRPUSDT,crypto,1762560000,45.94,22.99,0.574,2.2854,-1.274,0.0,0.598,1.0,0.0,1.562,0,1779002488
XRPUSDT,crypto,1762646400,56.11,23.33,0.701,2.3649,3.479,0.0,0.665,1.0,0.0,-5.146,-1,1779002488
XRPUSDT,crypto,1762732800,68.49,26.22,0.856,2.525,6.77,0.0,1.245,1.0,0.0,-11.453,-1,1779002488
XRPUSDT,crypto,1762819200,38.11,22.03,0.476,2.3903,-5.335,0.0,0.85,0.889,0.0,-7.388,-1,1779002488
XRPUSDT,crypto,1762905600,49.98,22.9,0.625,2.3864,-0.163,0.0,0.981,0.9,0.0,-9.395,-1,1779002488
XRPUSDT,crypto,1762992000,52.53,27.75,0.657,2.3211,-2.736,0.0,1.55,1.0,0.0,-4.519,-1,1779002488
XRPUSDT,crypto,1763078400,49.31,26.76,0.616,2.2432,-3.356,0.0,1.352,1.0,0.0,-6.018,-1,1779002488
XRPUSDT,crypto,1763164800,37.67,13.3,0.471,2.2358,-0.33,0.0,0.506,0.538,0.0,-10.596,-1,1779002488
XRPUSDT,crypto,1763251200,36.33,11.48,0.454,2.2137,-0.988,0.0,0.867,0.357,0.0,-11.912,-1,1779002488
XRPUSDT,crypto,1763337600,35.31,11.4,0.441,2.1622,-2.326,0.0,1.213,0.267,0.0,-9.828,-1,1779002488
XRPUSDT,crypto,1763424000,43.5,10.5,0.544,2.2162,2.497,0.0,1.101,0.25,0.0,-7.603,-1,1779002488
XRPUSDT,crypto,1763510400,35.31,16.57,0.441,2.1082,-4.873,0.0,1.197,0.529,0.0,5.635,1,1779002488
XRPUSDT,crypto,1763596800,45.03,26.45,0.563,1.9989,-5.185,0.0,1.29,1.0,0.0,10.111,1,1779002488
XRPUSDT,crypto,1763683200,57.61,30.0,0.72,1.95,-2.446,0.0,2.147,1.0,0.0,13.949,1,1779002488
XRPUSDT,crypto,1763769600,48.68,23.1,0.608,1.9497,-0.015,0.0,0.621,1.0,0.0,12.781,1,1779002488
XRPUSDT,crypto,1763856000,60.05,23.75,0.751,2.0477,5.026,0.0,0.75,1.0,0.0,6.373,1,1779002488
XRPUSDT,crypto,1763942400,69.69,25.64,0.871,2.227,8.756,0.0,1.31,0.955,0.0,-1.221,0,1779002488
XRPUSDT,crypto,1764028800,48.09,23.1,0.601,2.201,-1.167,0.0,0.967,0.913,0.0,-2.149,0,1779002488
XRPUSDT,crypto,1764115200,48.5,20.79,0.606,2.222,0.954,0.0,0.659,0.875,0.0,-8.704,-1,1779002488
XRPUSDT,crypto,1764201600,41.83,19.1,0.523,2.1989,-1.04,0.0,0.46,0.84,0.0,-2.106,0,1779002488
XRPUSDT,crypto,1764288000,46.16,20.85,0.577,2.1782,-0.941,0.0,0.939,0.808,0.0,0.84,0,1779002488
XRPUSDT,crypto,1764374400,43.48,16.91,0.543,2.1998,0.992,0.0,0.418,0.741,0.0,-4.769,-1,1779002488
XRPUSDT,crypto,1764460800,33.0,12.7,0.412,2.1537,-2.096,0.0,0.397,0.536,0.0,-5.59,-1,1779002488
XRPUSDT,crypto,1764547200,30.36,12.84,0.38,2.0286,-5.809,0.0,1.327,0.31,0.0,0.059,0,1779002488
XRPUSDT,crypto,1764633600,45.6,6.1,0.57,2.1526,6.113,0.0,0.954,0.067,0.0,-5.11,-1,1779002488
XRPUSDT,crypto,1764720000,35.35,5.03,0.442,2.1965,2.039,0.0,0.748,0.065,0.0,-5.709,-1,1779002488
XRPUSDT,crypto,1764806400,21.93,4.67,0.274,2.0949,-4.626,0.0,0.804,0.032,0.0,0.487,0,1779002488
XRPUSDT,crypto,1764892800,24.77,4.72,0.31,2.0333,-2.94,0.0,0.686,0.065,0.0,0.359,0,1779002488
XRPUSDT,crypto,1764979200,27.05,3.42,0.338,2.0298,-0.172,0.0,0.296,0.097,0.0,0.158,0,1779002488
XRPUSDT,crypto,1765065600,33.52,6.17,0.419,2.0426,0.631,0.0,0.718,0.129,0.0,-1.777,0,1779002488
XRPUSDT,crypto,1765152000,32.64,4.0,0.408,2.0711,1.395,0.0,0.67,0.032,0.0,-2.395,0,1779002488
XRPUSDT,crypto,1765238400,36.02,5.76,0.45,2.1051,1.642,0.0,0.894,0.065,0.0,-6.085,-1,1779002488
XRPUSDT,crypto,1765324800,24.63,4.45,0.308,2.0406,-3.064,0.0,0.761,0.032,0.0,-7.062,-1,1779002488
XRPUSDT,crypto,1765411200,31.21,5.05,0.39,2.033,-0.372,0.0,0.881,0.032,0.0,-5.135,-1,1779002488
XRPUSDT,crypto,1765497600,28.55,4.66,0.357,2.0063,-1.313,0.0,0.803,0.032,0.0,-7.222,-1,1779002488
XRPUSDT,crypto,1765584000,29.11,3.19,0.364,2.0215,0.758,0.0,0.38,0.065,0.0,-10.626,-1,1779002488
XRPUSDT,crypto,1765670400,25.11,4.47,0.314,1.977,-2.201,0.0,0.508,0.097,0.0,-3.48,-1,1779002488
XRPUSDT,crypto,1765756800,31.09,10.3,0.389,1.8965,-4.072,0.0,1.286,0.194,0.0,1.888,0,1779002488
XRPUSDT,crypto,1765843200,40.86,9.75,0.511,1.9286,1.693,0.0,1.046,0.226,0.0,-0.389,0,1779002488
XRPUSDT,crypto,1765929600,38.73,16.44,0.484,1.8614,-3.484,0.0,1.352,0.484,0.0,2.251,0,1779002488
XRPUSDT,crypto,1766016000,43.01,19.0,0.538,1.8067,-2.939,0.0,1.478,0.581,0.0,3.642,1,1779002488
XRPUSDT,crypto,1766102400,58.18,17.71,0.727,1.9082,5.618,0.0,1.348,0.548,0.0,-2.432,0,1779002488
XRPUSDT,crypto,1766188800,41.79,13.87,0.522,1.9323,1.263,0.0,0.58,0.548,0.0,-5.217,-1,1779002488
XRPUSDT,crypto,1766275200,38.78,14.53,0.485,1.9211,-0.58,0.0,0.583,0.581,0.0,-4.076,-1,1779002488
XRPUSDT,crypto,1766361600,39.56,14.62,0.494,1.9033,-0.927,0.0,0.859,0.516,0.0,-1.608,0,1779002488
XRPUSDT,crypto,1766448000,32.38,9.14,0.405,1.8725,-1.618,0.0,0.795,0.258,0.0,-0.422,0,1779002488
XRPUSDT,crypto,1766534400,32.93,8.04,0.412,1.8618,-0.571,0.0,0.706,0.226,0.0,-0.666,0,1779002488
XRPUSDT,crypto,1766620800,34.45,12.44,0.431,1.8315,-1.627,0.0,0.553,0.484,0.0,2.457,0,1779002488
XRPUSDT,crypto,1766707200,45.14,16.51,0.564,1.8428,0.617,0.0,0.979,0.581,0.0,-0.092,0,1779002488
XRPUSDT,crypto,1766793600,40.18,12.38,0.502,1.8727,1.623,0.0,0.411,0.516,0.0,0.342,0,1779002488
XRPUSDT,crypto,1766880000,28.55,5.07,0.357,1.8646,-0.433,0.0,0.369,0.161,0.0,7.589,1,1779002488
XRPUSDT,crypto,1766966400,30.53,5.15,0.382,1.8494,-0.815,0.0,0.902,0.032,0.0,9.062,1,1779002488
XRPUSDT,crypto,1767052800,32.36,3.79,0.405,1.8765,1.465,0.0,0.629,0.032,0.0,11.356,1,1779002488
XRPUSDT,crypto,1767139200,27.77,4.84,0.347,1.8411,-1.886,0.0,0.839,0.032,0.0,27.484,1,1779002488
XRPUSDT,crypto,1767225600,32.96,3.49,0.412,1.8791,2.064,0.0,0.569,0.032,0.0,22.553,1,1779002488
XRPUSDT,crypto,1767312000,51.89,8.26,0.649,2.0061,6.759,0.0,1.523,0.032,0.0,7.911,1,1779002488
XRPUSDT,crypto,1767398400,33.95,6.15,0.424,2.017,0.543,0.0,0.843,0.097,0.0,5.211,1,1779002488
XRPUSDT,crypto,1767484800,45.48,9.83,0.569,2.0896,3.599,0.0,1.191,0.194,0.0,0.239,0,1779002488
XRPUSDT,crypto,1767571200,77.5,30.0,0.969,2.3471,12.323,0.0,2.423,1.0,0.0,-10.967,-1,1779002488
XRPUSDT,crypto,1767657600,58.73,30.0,0.734,2.3029,-1.883,0.0,3.083,1.0,0.0,-9.979,-1,1779002488
XRPUSDT,crypto,1767744000,46.89,28.19,0.586,2.1648,-5.997,0.0,1.638,1.0,0.0,-5.183,-1,1779002488
XRPUSDT,crypto,1767830400,57.74,29.59,0.722,2.1221,-1.972,0.0,1.919,1.0,0.0,1.998,0,1779002488
XRPUSDT,crypto,1767916800,52.97,26.53,0.662,2.0946,-1.296,0.0,1.306,1.0,0.0,2.096,0,1779002488
XRPUSDT,crypto,1768003200,45.64,21.8,0.57,2.0897,-0.234,0.0,0.36,1.0,0.0,-0.589,0,1779002488
XRPUSDT,crypto,1768089600,46.11,21.95,0.576,2.0731,-0.794,0.0,0.648,0.935,0.0,-0.304,0,1779002488
XRPUSDT,crypto,1768176000,50.82,23.86,0.635,2.0526,-0.989,0.0,1.288,0.871,0.0,0.473,0,1779002488
XRPUSDT,crypto,1768262400,63.0,23.18,0.787,2.1645,5.452,0.0,1.282,0.839,0.0,-8.043,-1,1779002488
XRPUSDT,crypto,1768348800,48.28,21.51,0.604,2.1385,-1.201,0.0,1.335,0.742,0.0,-7.178,-1,1779002488
XRPUSDT,crypto,1768435200,40.45,18.93,0.506,2.0774,-2.857,0.0,0.947,0.71,0.0,-9.074,-1,1779002488
XRPUSDT,crypto,1768521600,41.6,16.84,0.52,2.0668,-0.51,0.0,0.658,0.677,0.0,-5.816,-1,1779002488
XRPUSDT,crypto,1768608000,38.93,14.88,0.487,2.0623,-0.218,0.0,0.396,0.645,0.0,-6.774,-1,1779002488
XRPUSDT,crypto,1768694400,33.01,14.55,0.413,1.9904,-3.486,0.0,0.587,0.581,0.0,-3.607,-1,1779002488
XRPUSDT,crypto,1768780800,44.92,16.96,0.561,1.985,-0.271,0.0,1.199,0.548,0.0,-3.602,-1,1779002488
XRPUSDT,crypto,1768867200,34.43,15.97,0.43,1.8889,-4.841,0.0,1.129,0.516,0.0,-2.885,0,1779002488
XRPUSDT,crypto,1768953600,51.42,16.24,0.643,1.9466,3.055,0.0,1.313,0.484,0.0,-2.235,0,1779002488
XRPUSDT,crypto,1769040000,36.16,12.9,0.452,1.9226,-1.233,0.0,0.645,0.484,0.0,-0.411,0,1779002488
XRPUSDT,crypto,1769126400,39.75,13.99,0.497,1.9186,-0.208,0.0,0.734,0.516,0.0,-0.427,0,1779002488
XRPUSDT,crypto,1769212800,35.33,12.17,0.442,1.9135,-0.266,0.0,0.24,0.548,0.0,-5.592,-1,1779002488
XRPUSDT,crypto,1769299200,31.83,13.31,0.398,1.8344,-4.134,0.0,0.856,0.452,0.0,-5.49,-1,1779002488
XRPUSDT,crypto,1769385600,47.2,11.83,0.59,1.9031,3.745,0.0,1.076,0.323,0.0,-13.51,-1,1779002488
XRPUSDT,crypto,1769472000,38.06,10.08,0.476,1.9147,0.61,0.0,0.854,0.29,0.0,-16.953,-1,1779002488
XRPUSDT,crypto,1769558400,35.59,9.35,0.445,1.9104,-0.225,0.0,0.838,0.258,0.0,-15.259,-1,1779002488
XRPUSDT,crypto,1769644800,34.12,14.48,0.427,1.8065,-5.439,0.0,1.605,0.323,0.0,-12.638,-1,1779002488
XRPUSDT,crypto,1769731200,44.76,20.32,0.56,1.7337,-4.03,0.0,2.133,0.516,0.0,-12.84,-1,1779002488
XRPUSDT,crypto,1769817600,45.29,22.9,0.566,1.646,-5.059,0.0,2.724,0.645,0.0,-26.27,-1,1779002488
XRPUSDT,crypto,1769904000,47.25,23.51,0.591,1.5901,-3.396,0.0,1.606,0.774,0.0,-7.654,-1,1779002488
XRPUSDT,crypto,1769990400,63.49,28.36,0.794,1.6189,1.811,0.0,1.801,0.968,0.0,-12.138,-1,1779002488
XRPUSDT,crypto,1770076800,53.38,27.95,0.667,1.5782,-2.514,0.0,1.591,1.0,0.0,-9.397,-1,1779002488
XRPUSDT,crypto,1770163200,49.77,27.89,0.622,1.5111,-4.252,0.0,1.577,1.0,0.0,-4.95,-1,1779002488
XRPUSDT,crypto,1770249600,47.5,30.0,0.594,1.2136,-19.688,0.0,5.109,1.0,0.0,15.26,1,1779002488
XRPUSDT,crypto,1770336000,77.5,30.0,0.969,1.4684,20.995,0.0,3.806,1.0,0.0,-6.769,-1,1779002488
XRPUSDT,crypto,1770422400,52.38,28.07,0.655,1.4224,-3.133,0.0,1.614,1.0,0.0,-4.197,-1,1779002488
XRPUSDT,crypto,1770508800,51.35,23.9,0.642,1.4299,0.527,0.0,0.779,1.0,0.0,-1.664,0,1779002488
XRPUSDT,crypto,1770595200,53.31,24.96,0.666,1.4363,0.448,0.0,0.992,1.0,0.0,5.006,1,1779002488
XRPUSDT,crypto,1770681600,44.09,23.41,0.551,1.3988,-2.611,0.0,0.681,1.0,0.0,5.383,1,1779002488
XRPUSDT,crypto,1770768000,48.8,25.28,0.61,1.369,-2.13,0.0,1.057,1.0,0.0,8.576,1,1779002488
XRPUSDT,crypto,1770854400,48.1,23.26,0.601,1.3627,-0.46,0.0,0.652,1.0,0.0,8.109,1,1779002488
XRPUSDT,crypto,1770940800,52.86,21.03,0.661,1.4061,3.185,0.0,0.593,0.903,0.0,1.067,0,1779002488
XRPUSDT,crypto,1771027200,59.45,19.6,0.743,1.5082,7.261,0.0,0.565,0.839,0.0,-6.783,-1,1779002488
XRPUSDT,crypto,1771113600,47.25,22.06,0.591,1.4741,-2.261,0.0,1.444,0.742,0.0,-3.107,-1,1779002488
XRPUSDT,crypto,1771200000,44.58,16.65,0.557,1.4864,0.834,0.0,0.75,0.645,0.0,-3.828,-1,1779002488
XRPUSDT,crypto,1771286400,38.71,15.12,0.484,1.4732,-0.888,0.0,0.573,0.613,0.0,-5.491,-1,1779002488
XRPUSDT,crypto,1771372800,29.72,11.99,0.372,1.4211,-3.537,0.0,0.462,0.484,0.0,-4.919,-1,1779002488
XRPUSDT,crypto,1771459200,34.03,11.03,0.425,1.4059,-1.07,0.0,0.528,0.419,0.0,-4.14,-1,1779002488
XRPUSDT,crypto,1771545600,38.74,10.07,0.484,1.4283,1.593,0.0,0.595,0.355,0.0,0.343,0,1779002488
XRPUSDT,crypto,1771632000,31.49,7.32,0.394,1.4295,0.084,0.0,0.302,0.29,0.0,-1.952,0,1779002488
XRPUSDT,crypto,1771718400,23.47,4.38,0.293,1.3923,-2.602,0.0,0.359,0.129,0.0,-2.665,0,1779002488
XRPUSDT,crypto,1771804800,26.9,5.47,0.336,1.3512,-2.952,0.0,0.966,0.032,0.0,1.776,0,1779002488
XRPUSDT,crypto,1771891200,30.2,4.43,0.378,1.3477,-0.259,0.0,0.758,0.032,0.0,0.304,0,1779002488
XRPUSDT,crypto,1771977600,45.89,5.67,0.574,1.4332,6.344,0.0,1.006,0.032,0.0,-3.063,-1,1779002488
XRPUSDT,crypto,1772064000,27.92,5.24,0.349,1.4016,-2.205,0.0,0.919,0.032,0.0,-2.975,0,1779002488
XRPUSDT,crypto,1772150400,26.94,6.5,0.337,1.3552,-3.311,0.0,0.913,0.097,0.0,5.534,1,1779002488
XRPUSDT,crypto,1772236800,43.42,10.27,0.543,1.3752,1.476,0.0,1.539,0.129,0.0,2.014,0,1779002488
XRPUSDT,crypto,1772323200,33.59,8.86,0.42,1.3518,-1.702,0.0,1.127,0.161,0.0,0.792,0,1779002488
XRPUSDT,crypto,1772409600,41.94,8.88,0.524,1.3893,2.774,0.0,1.002,0.194,0.0,-2.397,0,1779002488
XRPUSDT,crypto,1772496000,31.54,8.89,0.394,1.3599,-2.116,0.0,0.876,0.226,0.0,-1.522,0,1779002488
XRPUSDT,crypto,1772582400,47.24,8.82,0.591,1.4302,5.169,0.0,1.118,0.161,0.0,-4.755,-1,1779002488
XRPUSDT,crypto,1772668800,30.08,7.64,0.376,1.4029,-1.909,0.0,0.753,0.194,0.0,-1.24,0,1779002488
XRPUSDT,crypto,1772755200,23.91,3.91,0.299,1.3625,-2.88,0.0,0.653,0.032,0.0,1.571,0,1779002488
XRPUSDT,crypto,1772841600,25.46,2.28,0.318,1.356,-0.477,0.0,0.327,0.032,0.0,2.058,0,1779002488
XRPUSDT,crypto,1772928000,26.48,3.55,0.331,1.3392,-1.239,0.0,0.581,0.032,0.0,4.383,1,1779002488
XRPUSDT,crypto,1773014400,35.61,5.16,0.445,1.3622,1.717,0.0,0.903,0.032,0.0,3.179,1,1779002488
XRPUSDT,crypto,1773100800,37.99,6.36,0.475,1.3855,1.71,0.0,1.143,0.032,0.0,4.525,1,1779002488
XRPUSDT,crypto,1773187200,30.26,4.23,0.378,1.3839,-0.115,-3.7e-05,0.717,0.032,0.0,11.439,1,1779002488
XRPUSDT,crypto,1773273600,30.12,4.09,0.377,1.3839,0.0,-1.6e-05,0.69,0.032,0.0,9.661,1,1779002488
XRPUSDT,crypto,1773360000,35.88,6.24,0.448,1.3979,1.012,9.5e-05,1.119,0.032,0.0,4.729,1,1779002488
XRPUSDT,crypto,1773446400,28.9,3.08,0.361,1.4055,0.544,-8.9e-05,0.358,0.065,0.0,2.946,0,1779002488
XRPUSDT,crypto,1773532800,37.7,6.07,0.471,1.4482,3.038,8.8e-05,0.699,0.129,0.0,-0.262,0,1779002488
XRPUSDT,crypto,1773619200,56.98,15.27,0.712,1.5422,6.491,1e-06,1.247,0.452,0.0,-8.695,-1,1779002488
XRPUSDT,crypto,1773705600,48.76,21.4,0.609,1.5176,-1.595,-3.7e-05,1.571,0.677,0.0,-8.797,-1,1779002488
XRPUSDT,crypto,1773792000,39.19,18.91,0.49,1.464,-3.532,-2.6e-05,0.943,0.71,0.0,-2.213,0,1779002488
XRPUSDT,crypto,1773878400,42.24,18.39,0.528,1.4469,-1.168,0.0001,0.839,0.71,0.0,-2.198,0,1779002488
XRPUSDT,crypto,1773964800,42.97,17.75,0.537,1.4444,-0.173,-3.1e-05,0.582,0.742,0.0,-2.119,0,1779002488
XRPUSDT,crypto,1774051200,35.42,15.63,0.443,1.4081,-2.513,-4.8e-05,0.416,0.677,0.0,-3.423,-1,1779002488
XRPUSDT,crypto,1774137600,41.16,18.34,0.514,1.3841,-1.704,-4.3e-05,0.701,0.742,0.0,-4.27,-1,1779002488
XRPUSDT,crypto,1774224000,57.43,20.69,0.718,1.4316,3.432,-4.6e-05,1.429,0.677,0.0,-6.908,-1,1779002488
XRPUSDT,crypto,1774310400,42.53,17.7,0.532,1.4151,-1.153,-9.7e-05,0.83,0.677,0.0,-6.219,-1,1779002488
XRPUSDT,crypto,1774396800,43.89,17.48,0.549,1.4138,-0.092,-3e-05,0.787,0.677,0.0,-6.387,-1,1779002488
XRPUSDT,crypto,1774483200,40.52,19.87,0.506,1.3599,-3.812,-0.000147,1.007,0.742,0.0,-1.434,0,1779002488
XRPUSDT,crypto,1774569600,46.04,23.3,0.576,1.325,-2.566,-2.7e-05,1.047,0.903,0.0,1.668,0,1779002488
XRPUSDT,crypto,1774656000,46.65,20.47,0.583,1.3327,0.581,-2.1e-05,0.481,0.903,0.0,-1.013,0,1779002488
XRPUSDT,crypto,1774742400,48.49,23.21,0.606,1.3271,-0.42,-8e-05,0.643,1.0,0.0,-0.708,0,1779002488
XRPUSDT,crypto,1774828800,49.7,24.0,0.621,1.3235,-0.271,5.1e-05,0.8,1.0,0.0,-0.68,0,1779002488
XRPUSDT,crypto,1774915200,54.58,24.75,0.682,1.3404,1.277,-6e-06,0.95,1.0,0.0,-1.082,0,1779002488
XRPUSDT,crypto,1775001600,50.08,23.54,0.626,1.3471,0.5,9.8e-05,0.707,1.0,0.0,-1.997,0,1779002488
XRPUSDT,crypto,1775088000,51.15,25.67,0.639,1.3192,-2.071,-0.00029,1.135,1.0,0.0,4.457,1,1779002488
XRPUSDT,crypto,1775174400,48.48,23.15,0.606,1.3177,-0.114,1.7e-05,0.629,1.0,0.0,1.837,0,1779002488
XRPUSDT,crypto,1775260800,46.41,21.85,0.58,1.3145,-0.243,-0.000139,0.37,1.0,0.0,2.168,0,1779002488
XRPUSDT,crypto,1775347200,50.63,21.2,0.633,1.3259,0.867,-0.000156,0.884,0.839,0.0,2.202,0,1779002488
XRPUSDT,crypto,1775433600,42.98,16.61,0.537,1.3202,-0.43,5.5e-05,1.0,0.581,0.0,2.553,0,1779002488
XRPUSDT,crypto,1775520000,50.82,12.8,0.635,1.378,4.378,-8.3e-05,1.27,0.323,0.0,-3.926,-1,1779002488
XRPUSDT,crypto,1775606400,33.07,10.68,0.413,1.3419,-2.62,7.7e-05,1.104,0.258,0.0,2.482,0,1779002488
XRPUSDT,crypto,1775692800,38.03,9.76,0.475,1.343,0.082,-7.2e-05,1.049,0.226,0.0,1.325,0,1779002488
XRPUSDT,crypto,1775779200,35.6,7.59,0.445,1.3551,0.901,2e-06,0.744,0.194,0.0,2.686,0,1779002488
XRPUSDT,crypto,1775865600,32.56,6.53,0.407,1.3539,-0.089,-7.9e-05,0.662,0.161,0.0,7.253,1,1779002488
XRPUSDT,crypto,1775952000,28.22,5.78,0.353,1.3239,-2.216,-0.000107,0.768,0.097,0.0,11.406,1,1779002488
XRPUSDT,crypto,1776038400,41.85,6.29,0.523,1.3752,3.875,7e-05,1.13,0.032,0.0,4.094,1,1779002488
XRPUSDT,crypto,1776124800,31.76,6.06,0.397,1.3608,-1.047,2.6e-05,1.084,0.032,0.0,2.403,0,1779002488
XRPUSDT,crypto,1776211200,38.94,6.79,0.487,1.3915,2.256,7e-05,1.099,0.065,0.0,2.307,0,1779002488
XRPUSDT,crypto,1776297600,50.58,11.34,0.632,1.4521,4.355,1.5e-05,1.622,0.161,0.0,-1.343,0,1779002488
XRPUSDT,crypto,1776384000,47.46,14.28,0.593,1.4749,1.57,5.6e-05,1.565,0.323,0.0,-3.153,-1,1779002488
XRPUSDT,crypto,1776470400,32.64,11.56,0.408,1.4315,-2.943,1e-06,0.893,0.355,0.0,0.447,0,1779002488
XRPUSDT,crypto,1776556800,34.81,12.32,0.435,1.3935,-2.655,-1.4e-05,1.045,0.355,-0.01261,2.799,0,1779002488
XRPUSDT,crypto,1776643200,45.75,13.96,0.572,1.4236,2.16,-8e-06,0.986,0.452,-0.022618,-0.035,0,1779002488
XRPUSDT,crypto,1776729600,41.47,13.84,0.518,1.4326,0.632,6.1e-05,0.833,0.484,-0.023345,-0.168,0,1779002488
XRPUSDT,crypto,1776816000,39.58,13.72,0.495,1.4284,-0.293,2.1e-05,0.809,0.484,-0.005107,-1.995,0,1779002488
XRPUSDT,crypto,1776902400,43.01,14.37,0.538,1.4379,0.665,-2.3e-05,0.939,0.484,0.0091,-4.041,-1,1779002488
XRPUSDT,crypto,1776988800,38.01,12.28,0.475,1.4325,-0.376,-1.9e-05,0.778,0.419,-0.011443,-4.468,-1,1779002488
XRPUSDT,crypto,1777075200,32.24,8.98,0.403,1.4231,-0.656,-3.6e-05,0.378,0.355,-0.063102,-3.928,-1,1779002488
XRPUSDT,crypto,1777161600,34.11,8.1,0.426,1.4302,0.499,-4.3e-05,0.459,0.29,0.001199,-3.16,-1,1779002488
XRPUSDT,crypto,1777248000,34.44,10.85,0.431,1.3999,-2.119,-5.9e-05,1.008,0.29,0.022801,-0.507,0,1779002488
XRPUSDT,crypto,1777334400,32.03,9.21,0.4,1.3798,-1.436,4.5e-05,0.681,0.29,0.002315,0.529,0,1779002488
XRPUSDT,crypto,1777420800,37.85,10.88,0.473,1.3685,-0.819,-7.7e-05,1.144,0.258,0.007054,1.637,0,1779002488
XRPUSDT,crypto,1777507200,34.07,8.54,0.426,1.3672,-0.095,3.1e-05,0.675,0.258,-0.028801,3.255,1,1779002488
XRPUSDT,crypto,1777593600,36.77,8.09,0.46,1.385,1.302,1e-06,0.716,0.226,0.01738,2.823,0,1779002488
XRPUSDT,crypto,1777680000,31.76,5.68,0.397,1.3928,0.563,1e-06,0.492,0.161,0.001776,-0.495,0,1779002488
XRPUSDT,crypto,1777766400,28.91,5.44,0.361,1.3871,-0.409,8.3e-05,0.442,0.161,0.004649,2.206,0,1779002488
XRPUSDT,crypto,1777852800,39.13,9.25,0.489,1.3909,0.274,-3.3e-05,1.334,0.129,0.001098,2.071,0,1779002488
XRPUSDT,crypto,1777939200,36.78,7.11,0.46,1.4117,1.495,7.1e-05,0.906,0.129,-0.003435,4.314,1,1779002488
XRPUSDT,crypto,1778025600,40.04,9.18,0.501,1.4241,0.878,-1e-06,1.32,0.129,0.011628,3.701,1,1779002488
XRPUSDT,crypto,1778112000,31.23,7.87,0.39,1.3859,-2.682,-5.9e-05,1.187,0.097,0.001434,3.637,1,1779002488
XRPUSDT,crypto,1778198400,39.33,6.68,0.492,1.4177,2.295,-3.3e-05,1.078,0.065,0.012395,0.607,0,1779002488
XRPUSDT,crypto,1778284800,31.8,5.35,0.398,1.4197,0.141,7.5e-05,0.811,0.065,-0.02181,4.571,1,1779002488
XRPUSDT,crypto,1778371200,54.13,14.52,0.677,1.4726,3.726,6.7e-05,2.038,0.226,0.02137,-2.676,0,1779002488
XRPUSDT,crypto,1778457600,45.86,14.9,0.573,1.4768,0.285,-1.9e-05,1.56,0.355,0.078322,-4.334,-1,1779002488
XRPUSDT,crypto,1778544000,40.2,15.73,0.502,1.4363,-2.742,-2.2e-05,1.468,0.419,0.02319,-1.358,0,1779002488
DOGEUSDT,crypto,1762214400,56.37,30.0,0.705,0.16217,-3.066,0.0,2.217,1.0,0.0,10.514,1,1779002489
DOGEUSDT,crypto,1762300800,58.03,24.73,0.725,0.16709,3.034,0.0,0.946,1.0,0.0,8.744,1,1779002489
DOGEUSDT,crypto,1762387200,43.59,23.86,0.545,0.16155,-3.316,0.0,0.772,1.0,0.0,6.45,1,1779002489
DOGEUSDT,crypto,1762473600,68.82,25.66,0.86,0.17873,10.634,0.0,1.132,1.0,0.0,-4.84,-1,1779002489
DOGEUSDT,crypto,1762560000,47.43,24.01,0.593,0.17597,-1.544,0.0,0.801,1.0,0.0,-6.95,-1,1779002489
DOGEUSDT,crypto,1762646400,47.37,17.73,0.592,0.17922,1.847,0.0,0.689,0.714,0.0,-12.086,-1,1779002489
DOGEUSDT,crypto,1762732800,43.76,14.25,0.547,0.1817,1.384,0.0,0.849,0.5,0.0,-10.242,-1,1779002489
DOGEUSDT,crypto,1762819200,39.18,22.58,0.49,0.17197,-5.355,0.0,0.961,0.889,0.0,-7.827,-1,1779002489
DOGEUSDT,crypto,1762905600,49.53,24.61,0.619,0.17008,-1.099,0.0,0.923,1.0,0.0,-10.601,-1,1779002489
DOGEUSDT,crypto,1762992000,46.95,25.95,0.587,0.16374,-3.728,0.0,1.191,1.0,0.0,-1.258,0,1779002489
DOGEUSDT,crypto,1763078400,48.52,26.78,0.606,0.15756,-3.774,0.0,1.357,1.0,0.0,-1.923,0,1779002489
DOGEUSDT,crypto,1763164800,42.2,10.19,0.527,0.16309,3.51,0.0,0.499,0.385,0.0,-8.725,-1,1779002489
DOGEUSDT,crypto,1763251200,31.52,10.18,0.394,0.15851,-2.808,0.0,0.893,0.286,0.0,-11.539,-1,1779002489
DOGEUSDT,crypto,1763337600,33.97,13.14,0.425,0.15205,-4.075,0.0,1.295,0.333,0.0,-7.8,-1,1779002489
DOGEUSDT,crypto,1763424000,51.24,10.53,0.64,0.16168,6.333,0.0,1.107,0.25,0.0,-10.354,-1,1779002489
DOGEUSDT,crypto,1763510400,31.47,11.85,0.393,0.15453,-4.422,0.0,1.193,0.294,0.0,-1.812,0,1779002489
DOGEUSDT,crypto,1763596800,36.08,14.35,0.451,0.14886,-3.669,0.0,1.314,0.389,0.0,2.748,0,1779002489
DOGEUSDT,crypto,1763683200,46.68,25.79,0.584,0.14022,-5.804,0.0,2.097,0.789,0.0,10.305,1,1779002489
DOGEUSDT,crypto,1763769600,50.69,23.62,0.634,0.14019,-0.021,0.0,0.924,0.95,0.0,8.824,1,1779002489
DOGEUSDT,crypto,1763856000,55.5,23.11,0.694,0.14494,3.388,0.0,0.623,1.0,0.0,3.567,1,1779002489
DOGEUSDT,crypto,1763942400,61.34,24.74,0.767,0.15173,4.685,0.0,0.947,1.0,0.0,-2.267,0,1779002489
DOGEUSDT,crypto,1764028800,51.64,23.77,0.646,0.15295,0.804,0.0,0.754,1.0,0.0,-4.609,-1,1779002489
DOGEUSDT,crypto,1764115200,52.41,23.83,0.655,0.15467,1.125,0.0,0.767,1.0,0.0,-12.485,-1,1779002489
DOGEUSDT,crypto,1764201600,41.1,19.06,0.514,0.15256,-1.364,0.0,0.453,0.84,0.0,-4.497,-1,1779002489
DOGEUSDT,crypto,1764288000,42.57,19.33,0.532,0.15011,-1.606,0.0,0.79,0.769,0.0,0.986,0,1779002489
DOGEUSDT,crypto,1764374400,29.77,7.81,0.372,0.14829,-1.212,0.0,0.377,0.296,0.0,-0.641,0,1779002489
DOGEUSDT,crypto,1764460800,25.96,4.41,0.325,0.1459,-1.612,0.0,0.454,0.107,0.0,-4.407,-1,1779002489
DOGEUSDT,crypto,1764547200,22.65,8.68,0.283,0.13536,-7.224,0.0,1.184,0.138,0.0,3.206,1,1779002489
DOGEUSDT,crypto,1764633600,47.67,5.75,0.596,0.1457,7.639,0.0,0.884,0.067,0.0,-4.859,-1,1779002489
DOGEUSDT,crypto,1764720000,39.6,5.15,0.495,0.15159,4.043,0.0,0.773,0.065,0.0,-5.977,-1,1779002489
DOGEUSDT,crypto,1764806400,23.99,3.87,0.3,0.14734,-2.804,0.0,0.646,0.032,0.0,0.38,0,1779002489
DOGEUSDT,crypto,1764892800,20.21,4.52,0.253,0.13947,-5.341,0.0,0.774,0.032,0.0,2.703,0,1779002489
DOGEUSDT,crypto,1764979200,26.93,2.37,0.337,0.1397,0.165,0.0,0.346,0.032,0.0,0.415,0,1779002489
DOGEUSDT,crypto,1765065600,29.98,5.48,0.375,0.13862,-0.773,0.0,0.709,0.097,0.0,-1.284,0,1779002489
DOGEUSDT,crypto,1765152000,36.1,4.3,0.451,0.14253,2.821,0.0,0.732,0.032,0.0,-2.498,0,1779002489
DOGEUSDT,crypto,1765238400,40.83,5.72,0.51,0.1479,3.768,0.0,1.015,0.032,0.0,-9.398,-1,1779002489
DOGEUSDT,crypto,1765324800,26.45,5.45,0.331,0.14324,-3.151,0.0,0.961,0.032,0.0,-9.467,-1,1779002489
DOGEUSDT,crypto,1765411200,28.58,5.43,0.357,0.14028,-2.066,0.0,0.957,0.032,0.0,-6.109,-1,1779002489
DOGEUSDT,crypto,1765497600,28.38,6.68,0.355,0.13684,-2.452,0.0,0.821,0.129,0.0,-7.732,-1,1779002489
DOGEUSDT,crypto,1765584000,33.57,5.91,0.42,0.13897,1.557,0.0,0.408,0.194,0.0,-12.19,-1,1779002489
DOGEUSDT,crypto,1765670400,26.34,7.76,0.329,0.134,-3.576,0.0,0.648,0.226,0.0,-1.381,0,1779002489
DOGEUSDT,crypto,1765756800,37.39,14.54,0.467,0.12968,-3.224,0.0,1.36,0.387,0.0,1.696,0,1779002489
DOGEUSDT,crypto,1765843200,43.05,12.58,0.538,0.13171,1.565,0.0,0.968,0.387,0.0,-0.501,0,1779002489
DOGEUSDT,crypto,1765929600,37.93,16.69,0.474,0.12626,-4.138,0.0,1.403,0.484,0.0,4.934,1,1779002489
DOGEUSDT,crypto,1766016000,43.2,19.19,0.54,0.12203,-3.35,0.0,1.644,0.548,0.0,5.9,1,1779002489
DOGEUSDT,crypto,1766102400,60.86,17.16,0.761,0.13215,8.293,0.0,1.239,0.548,0.0,-2.77,0,1779002489
DOGEUSDT,crypto,1766188800,37.09,12.98,0.464,0.13188,-0.204,0.0,0.403,0.548,0.0,-6.309,-1,1779002489
DOGEUSDT,crypto,1766275200,40.11,15.89,0.501,0.13105,-0.629,0.0,0.596,0.645,0.0,-6.868,-1,1779002489
DOGEUSDT,crypto,1766361600,46.09,16.5,0.576,0.13249,1.099,0.0,0.978,0.581,0.0,-6.182,-1,1779002489
DOGEUSDT,crypto,1766448000,36.42,14.58,0.455,0.12923,-2.461,0.0,0.851,0.516,0.0,-4.14,-1,1779002489
DOGEUSDT,crypto,1766534400,37.56,12.94,0.47,0.12849,-0.573,0.0,0.653,0.484,0.0,-4.428,-1,1779002489
DOGEUSDT,crypto,1766620800,33.3,15.04,0.416,0.12356,-3.837,0.0,0.686,0.581,0.0,-0.243,0,1779002489
DOGEUSDT,crypto,1766707200,44.19,18.52,0.552,0.12205,-1.222,0.0,1.123,0.645,0.0,-3.802,-1,1779002489
DOGEUSDT,crypto,1766793600,47.07,18.18,0.588,0.1243,1.844,0.0,0.54,0.774,0.0,2.003,0,1779002489
DOGEUSDT,crypto,1766880000,39.98,15.85,0.5,0.12388,-0.338,0.0,0.461,0.677,0.0,14.474,1,1779002489
DOGEUSDT,crypto,1766966400,43.53,16.55,0.544,0.1228,-0.872,0.0,1.245,0.516,0.0,16.507,1,1779002489
DOGEUSDT,crypto,1767052800,36.84,9.37,0.46,0.12326,0.375,0.0,0.842,0.258,0.0,21.24,1,1779002489
DOGEUSDT,crypto,1767139200,30.67,11.74,0.383,0.11741,-4.746,0.0,1.186,0.29,0.0,29.163,1,1779002489
DOGEUSDT,crypto,1767225600,55.98,11.18,0.7,0.12679,7.989,0.0,1.461,0.194,0.0,18.684,1,1779002489
DOGEUSDT,crypto,1767312000,63.31,15.81,0.791,0.14181,11.846,0.0,2.748,0.29,0.0,3.194,1,1779002489
DOGEUSDT,crypto,1767398400,49.46,19.36,0.618,0.14307,0.889,0.0,1.163,0.677,0.0,-0.825,0,1779002489
DOGEUSDT,crypto,1767484800,70.53,29.56,0.882,0.14944,4.452,0.0,1.913,1.0,0.0,-5.882,-1,1779002489
DOGEUSDT,crypto,1767571200,63.57,29.06,0.795,0.15165,1.479,0.0,1.812,1.0,0.0,-7.959,-1,1779002489
DOGEUSDT,crypto,1767657600,59.55,29.29,0.744,0.15048,-0.772,0.0,1.859,1.0,0.0,-8.333,-1,1779002489
DOGEUSDT,crypto,1767744000,49.48,26.24,0.618,0.14634,-2.751,0.0,1.248,1.0,0.0,-6.704,-1,1779002489
DOGEUSDT,crypto,1767830400,49.57,26.57,0.62,0.14189,-3.041,0.0,1.315,1.0,0.0,4.454,1,1779002489
DOGEUSDT,crypto,1767916800,50.06,24.65,0.626,0.14065,-0.874,0.0,0.93,1.0,0.0,4.6,1,1779002489
DOGEUSDT,crypto,1768003200,43.87,21.44,0.548,0.13958,-0.761,0.0,0.289,1.0,0.0,0.279,0,1779002489
DOGEUSDT,crypto,1768089600,46.28,23.07,0.579,0.13794,-1.175,0.0,0.613,1.0,0.0,0.072,0,1779002489
DOGEUSDT,crypto,1768176000,48.77,23.19,0.61,0.13653,-1.022,0.0,1.025,0.903,0.0,0.938,0,1779002489
DOGEUSDT,crypto,1768262400,68.54,25.52,0.857,0.14821,8.555,0.0,1.104,1.0,0.0,-11.234,-1,1779002489
DOGEUSDT,crypto,1768348800,47.99,22.19,0.6,0.14712,-0.735,0.0,0.954,0.871,0.0,-12.255,-1,1779002489
DOGEUSDT,crypto,1768435200,35.59,18.5,0.445,0.13997,-4.86,0.0,0.862,0.71,0.0,-11.917,-1,1779002489
DOGEUSDT,crypto,1768521600,40.41,17.11,0.505,0.13804,-1.379,0.0,0.712,0.677,0.0,-8.403,-1,1779002489
DOGEUSDT,crypto,1768608000,37.97,14.03,0.475,0.13781,-0.167,0.0,0.355,0.613,0.0,-9.796,-1,1779002489
DOGEUSDT,crypto,1768694400,30.56,14.37,0.382,0.13156,-4.535,0.0,0.552,0.581,0.0,-5.214,-1,1779002489
DOGEUSDT,crypto,1768780800,41.36,16.47,0.517,0.12909,-1.877,0.0,1.229,0.516,0.0,-3.827,-1,1779002489
DOGEUSDT,crypto,1768867200,32.96,14.56,0.412,0.12329,-4.493,0.0,0.977,0.484,0.0,-3.171,-1,1779002489
DOGEUSDT,crypto,1768953600,49.5,15.79,0.619,0.12644,2.555,0.0,1.222,0.484,0.0,-3.29,-1,1779002489
DOGEUSDT,crypto,1769040000,36.19,14.01,0.452,0.12431,-1.685,0.0,0.609,0.548,0.0,1.48,0,1779002489
DOGEUSDT,crypto,1769126400,42.1,15.29,0.526,0.1247,0.314,0.0,0.736,0.581,0.0,0.2,0,1779002489
DOGEUSDT,crypto,1769212800,35.72,12.86,0.447,0.12415,-0.441,0.0,0.249,0.581,0.0,-5.598,-1,1779002489
DOGEUSDT,crypto,1769299200,35.03,15.92,0.438,0.11938,-3.842,0.0,0.86,0.581,0.0,-3.024,-1,1779002489
DOGEUSDT,crypto,1769385600,47.42,15.51,0.593,0.12228,2.429,0.0,0.909,0.548,0.0,-14.81,-1,1779002489
DOGEUSDT,crypto,1769472000,47.28,13.74,0.591,0.12615,3.165,0.0,0.942,0.452,0.0,-17.392,-1,1779002489
DOGEUSDT,crypto,1769558400,37.92,12.85,0.474,0.12495,-0.951,0.0,0.893,0.419,0.0,-13.685,-1,1779002489
DOGEUSDT,crypto,1769644800,36.85,18.86,0.461,0.1172,-6.202,0.0,1.579,0.548,0.0,-9.599,-1,1779002489
DOGEUSDT,crypto,1769731200,49.18,21.01,0.615,0.11577,-1.22,0.0,1.622,0.645,0.0,-10.365,-1,1779002489
DOGEUSDT,crypto,1769817600,47.5,30.0,0.594,0.10417,-10.02,0.0,2.391,1.0,0.0,-15.129,-1,1779002489
DOGEUSDT,crypto,1769904000,57.15,27.29,0.714,0.10421,0.038,0.0,1.457,1.0,0.0,-5.556,-1,1779002489
DOGEUSDT,crypto,1769990400,66.19,28.03,0.827,0.10785,3.493,0.0,1.735,0.968,0.0,-8.957,-1,1779002489
DOGEUSDT,crypto,1770076800,54.37,27.05,0.68,0.10595,-1.762,0.0,1.668,0.935,0.0,-8.853,-1,1779002489
DOGEUSDT,crypto,1770163200,49.99,25.16,0.625,0.10377,-2.058,0.0,1.289,0.935,0.0,-7.44,-1,1779002489
DOGEUSDT,crypto,1770249600,47.5,30.0,0.594,0.08841,-14.802,0.0,3.125,1.0,0.0,4.864,1,1779002489
DOGEUSDT,crypto,1770336000,77.5,30.0,0.969,0.09842,11.322,0.0,2.359,1.0,0.0,-7.468,-1,1779002489
DOGEUSDT,crypto,1770422400,51.66,24.82,0.646,0.09819,-0.234,0.0,0.963,1.0,0.0,-5.326,-1,1779002489
DOGEUSDT,crypto,1770508800,45.32,23.06,0.566,0.09657,-1.65,0.0,0.612,1.0,0.0,0.062,0,1779002489
DOGEUSDT,crypto,1770595200,48.24,23.41,0.603,0.09605,-0.538,0.0,0.682,1.0,0.0,15.554,1,1779002489
DOGEUSDT,crypto,1770681600,41.24,22.85,0.516,0.09271,-3.477,0.0,0.57,1.0,0.0,10.678,1,1779002489
DOGEUSDT,crypto,1770768000,47.55,24.29,0.594,0.09107,-1.769,0.0,0.858,1.0,0.0,10.871,1,1779002489
DOGEUSDT,crypto,1770854400,52.91,22.81,0.661,0.09296,2.075,0.0,0.691,0.968,0.0,8.229,1,1779002489
DOGEUSDT,crypto,1770940800,54.99,21.33,0.687,0.09663,3.948,0.0,0.653,0.903,0.0,1.925,0,1779002489
DOGEUSDT,crypto,1771027200,65.25,22.26,0.816,0.11099,14.861,0.0,1.098,0.839,0.0,-11.424,-1,1779002489
DOGEUSDT,crypto,1771113600,39.18,23.26,0.49,0.10261,-7.55,0.0,1.684,0.742,0.0,-2.505,0,1779002489
DOGEUSDT,crypto,1771200000,41.18,17.06,0.515,0.10097,-1.598,0.0,0.961,0.613,0.0,-2.585,0,1779002489
DOGEUSDT,crypto,1771286400,38.58,12.91,0.482,0.10061,-0.357,0.0,0.776,0.452,0.0,-5.059,-1,1779002489
DOGEUSDT,crypto,1771372800,30.37,8.95,0.38,0.09849,-2.107,0.0,0.628,0.29,0.0,-5.95,-1,1779002489
DOGEUSDT,crypto,1771459200,30.54,5.17,0.382,0.09831,-0.183,0.0,0.647,0.097,0.0,-7.1,-1,1779002489
DOGEUSDT,crypto,1771545600,36.06,5.67,0.451,0.10004,1.76,0.0,0.875,0.065,0.0,0.87,0,1779002489
DOGEUSDT,crypto,1771632000,23.87,2.69,0.298,0.09836,-1.679,0.0,0.408,0.032,0.0,-1.444,0,1779002489
DOGEUSDT,crypto,1771718400,22.24,3.08,0.278,0.09552,-2.887,0.0,0.487,0.032,0.0,-2.314,0,1779002489
DOGEUSDT,crypto,1771804800,28.2,6.2,0.352,0.09263,-3.026,0.0,1.11,0.032,0.0,1.479,0,1779002489
DOGEUSDT,crypto,1771891200,28.94,5.27,0.362,0.09133,-1.403,0.0,0.796,0.065,0.0,0.58,0,1779002489
DOGEUSDT,crypto,1771977600,52.93,8.04,0.662,0.10091,10.489,0.0,1.479,0.032,0.0,-7.333,-1,1779002489
DOGEUSDT,crypto,1772064000,25.79,6.23,0.322,0.09694,-3.934,0.0,0.987,0.065,0.0,-7.252,-1,1779002489
DOGEUSDT,crypto,1772150400,26.98,6.95,0.337,0.09331,-3.745,0.0,1.003,0.097,0.0,5.991,1,1779002489
DOGEUSDT,crypto,1772236800,41.45,10.03,0.518,0.094,0.739,0.0,1.489,0.129,0.0,-0.5,0,1779002489
DOGEUSDT,crypto,1772323200,33.27,9.27,0.416,0.09186,-2.277,0.0,1.21,0.161,0.0,-0.686,0,1779002489
DOGEUSDT,crypto,1772409600,40.8,8.97,0.51,0.09351,1.796,0.0,1.148,0.161,0.0,-3.893,-1,1779002489
DOGEUSDT,crypto,1772496000,31.57,10.64,0.395,0.08991,-3.85,0.0,1.225,0.226,0.0,-0.934,0,1779002489
DOGEUSDT,crypto,1772582400,60.41,13.07,0.755,0.0989,9.999,0.0,1.968,0.161,0.0,-8.574,-1,1779002489
DOGEUSDT,crypto,1772668800,28.61,11.06,0.358,0.09353,-5.43,0.0,1.181,0.258,0.0,0.994,0,1779002489
DOGEUSDT,crypto,1772755200,27.07,5.06,0.338,0.09123,-2.459,0.0,0.884,0.032,0.0,1.754,0,1779002489
DOGEUSDT,crypto,1772841600,25.01,3.07,0.313,0.08987,-1.491,0.0,0.485,0.032,0.0,5.363,1,1779002489
DOGEUSDT,crypto,1772928000,31.48,6.35,0.394,0.08907,-0.89,0.0,0.883,0.097,0.0,7.679,1,1779002489
DOGEUSDT,crypto,1773014400,36.6,5.86,0.457,0.09042,1.516,0.0,1.042,0.032,0.0,6.16,1,1779002489
DOGEUSDT,crypto,1773100800,50.55,9.88,0.632,0.09446,4.468,0.0,1.847,0.032,0.0,3.049,1,1779002489
DOGEUSDT,crypto,1773187200,31.63,6.33,0.395,0.09283,-1.726,-0.000113,1.137,0.032,0.0,10.945,1,1779002489
DOGEUSDT,crypto,1773273600,36.18,5.35,0.452,0.09469,2.004,7.8e-05,0.942,0.032,0.0,5.735,1,1779002489
DOGEUSDT,crypto,1773360000,39.53,7.8,0.494,0.09591,1.288,0.0001,1.431,0.032,0.0,-0.74,0,1779002489
DOGEUSDT,crypto,1773446400,29.37,3.98,0.367,0.09599,0.083,-8e-06,0.538,0.065,0.0,-2.604,0,1779002489
DOGEUSDT,crypto,1773532800,33.8,5.09,0.422,0.09734,1.406,-5e-05,0.63,0.097,0.0,-3.298,-1,1779002489
DOGEUSDT,crypto,1773619200,52.84,11.87,0.66,0.10299,5.804,0.0001,1.471,0.226,0.0,-11.36,-1,1779002489
DOGEUSDT,crypto,1773705600,30.62,9.07,0.383,0.10012,-2.787,-1.5e-05,0.911,0.226,0.0,-10.028,-1,1779002489
DOGEUSDT,crypto,1773792000,26.61,8.68,0.333,0.0952,-4.914,-8.9e-05,0.963,0.194,0.0,-1.176,0,1779002489
DOGEUSDT,crypto,1773878400,29.85,7.29,0.373,0.09349,-1.796,-4.7e-05,0.684,0.194,0.0,1.679,0,1779002489
DOGEUSDT,crypto,1773964800,33.92,6.9,0.424,0.09413,0.685,-2.6e-05,0.605,0.194,0.0,2.125,0,1779002489
DOGEUSDT,crypto,1774051200,27.75,8.69,0.347,0.09129,-3.017,-7.2e-05,0.448,0.323,0.0,0.789,0,1779002489
DOGEUSDT,crypto,1774137600,36.01,12.48,0.45,0.09008,-1.325,-4.4e-05,0.69,0.452,0.0,-0.033,0,1779002489
DOGEUSDT,crypto,1774224000,49.24,11.82,0.615,0.09408,4.44,-6e-06,1.202,0.29,0.0,-3.359,-1,1779002489
DOGEUSDT,crypto,1774310400,35.16,6.82,0.44,0.09506,1.042,-3.4e-05,0.718,0.161,0.0,-4.902,-1,1779002489
DOGEUSDT,crypto,1774396800,36.34,7.98,0.454,0.09613,1.126,0.0001,0.822,0.194,0.0,-5.565,-1,1779002489
DOGEUSDT,crypto,1774483200,26.79,7.75,0.335,0.09201,-4.286,-0.000118,0.905,0.161,0.0,0.293,0,1779002489
DOGEUSDT,crypto,1774569600,28.92,6.66,0.361,0.09005,-2.13,-0.000115,0.688,0.161,0.0,2.321,0,1779002489
DOGEUSDT,crypto,1774656000,35.12,7.21,0.439,0.09092,0.966,0.0001,0.796,0.161,0.0,-0.627,0,1779002489
DOGEUSDT,crypto,1774742400,31.94,7.06,0.399,0.0904,-0.572,-6.7e-05,0.638,0.194,0.0,1.217,0,1779002489
DOGEUSDT,crypto,1774828800,36.85,9.27,0.461,0.09078,0.42,0.0001,0.95,0.226,0.0,1.366,0,1779002489
DOGEUSDT,crypto,1774915200,41.56,10.38,0.52,0.09228,1.652,-3.3e-05,1.043,0.258,0.0,0.076,0,1779002489
DOGEUSDT,crypto,1775001600,37.81,11.35,0.473,0.09214,-0.152,-2e-06,0.85,0.355,0.0,-1.747,0,1779002489
DOGEUSDT,crypto,1775088000,38.26,14.6,0.478,0.09035,-1.943,-2.3e-05,0.985,0.484,0.0,5.047,1,1779002489
DOGEUSDT,crypto,1775174400,41.81,13.79,0.523,0.0915,1.273,0.0001,0.694,0.516,0.0,0.929,0,1779002489
DOGEUSDT,crypto,1775260800,34.83,8.37,0.435,0.09202,0.568,-5.1e-05,0.513,0.29,0.0,0.576,0,1779002489
DOGEUSDT,crypto,1775347200,33.02,5.0,0.413,0.09235,0.359,-9e-05,0.871,0.032,0.0,1.408,0,1779002489
DOGEUSDT,crypto,1775433600,30.14,6.36,0.377,0.09053,-1.971,0.0001,1.144,0.032,0.0,2.762,0,1779002489
DOGEUSDT,crypto,1775520000,45.31,6.77,0.566,0.09491,4.838,-4.7e-05,1.225,0.032,0.0,-4.351,-1,1779002489
DOGEUSDT,crypto,1775606400,28.76,6.4,0.359,0.09235,-2.697,0.0001,1.151,0.032,0.0,1.884,0,1779002489
DOGEUSDT,crypto,1775692800,35.16,6.31,0.44,0.09255,0.217,-5.3e-05,1.132,0.032,0.0,0.378,0,1779002489
DOGEUSDT,crypto,1775779200,35.93,6.27,0.449,0.09365,1.189,3.9e-05,0.996,0.065,0.0,1.281,0,1779002489
DOGEUSDT,crypto,1775865600,29.96,4.55,0.374,0.09303,-0.662,-6.4e-05,0.782,0.032,0.0,6.6,1,1779002489
DOGEUSDT,crypto,1775952000,28.0,5.24,0.35,0.09078,-2.419,-0.0001,0.919,0.032,0.0,9.451,1,1779002489
DOGEUSDT,crypto,1776038400,41.57,6.41,0.52,0.09409,3.646,8e-05,1.153,0.032,0.0,0.68,0,1779002489
DOGEUSDT,crypto,1776124800,37.32,9.25,0.467,0.0929,-1.265,0.0001,1.721,0.032,0.0,0.086,0,1779002489
DOGEUSDT,crypto,1776211200,37.38,6.01,0.467,0.09485,2.099,1e-05,0.944,0.065,0.0,0.316,0,1779002489
DOGEUSDT,crypto,1776297600,57.41,16.7,0.718,0.09917,4.555,0.0001,1.92,0.355,0.0,-4.074,-1,1779002489
DOGEUSDT,crypto,1776384000,48.02,16.86,0.6,0.09936,0.192,3.8e-05,1.694,0.419,0.0,-3.814,-1,1779002489
DOGEUSDT,crypto,1776470400,31.38,12.79,0.392,0.09473,-4.66,-7e-05,1.011,0.387,0.0,2.491,0,1779002489
DOGEUSDT,crypto,1776556800,38.02,13.39,0.475,0.09298,-1.847,-3.5e-05,1.13,0.387,-0.052215,5.818,1,1779002489
DOGEUSDT,crypto,1776643200,42.72,12.03,0.534,0.09515,2.334,2.3e-05,0.728,0.419,-0.024547,2.953,0,1779002489
DOGEUSDT,crypto,1776729600,37.88,12.23,0.473,0.09513,-0.021,0.0,0.639,0.452,-0.023522,4.236,1,1779002489
DOGEUSDT,crypto,1776816000,41.21,13.01,0.515,0.09557,0.463,0.0001,1.054,0.387,-0.043795,3.474,1,1779002489
DOGEUSDT,crypto,1776902400,44.06,13.63,0.551,0.09709,1.59,0.0001,1.049,0.419,0.066899,2.256,0,1779002489
DOGEUSDT,crypto,1776988800,44.07,15.18,0.551,0.09839,1.339,0.0001,0.843,0.548,0.327563,5.722,1,1779002489
DOGEUSDT,crypto,1777075200,38.73,15.19,0.484,0.09796,-0.437,7.4e-05,0.457,0.645,0.040579,8.667,1,1779002489
DOGEUSDT,crypto,1777161600,42.6,15.14,0.533,0.09916,1.225,7.3e-05,0.576,0.613,-0.020253,9.369,1,1779002489
DOGEUSDT,crypto,1777248000,46.44,19.82,0.58,0.09889,-0.272,6.5e-05,0.997,0.742,0.024622,9.657,1,1779002489
DOGEUSDT,crypto,1777334400,48.64,20.67,0.608,0.09928,0.394,0.0001,1.037,0.774,-0.019255,9.005,1,1779002489
DOGEUSDT,crypto,1777420800,67.68,26.13,0.846,0.10402,4.774,0.0001,3.084,0.806,0.042112,5.797,1,1779002489
DOGEUSDT,crypto,1777507200,62.52,27.72,0.782,0.10645,2.336,1.9e-05,1.544,1.0,0.059514,7.825,1,1779002489
DOGEUSDT,crypto,1777593600,58.44,26.17,0.731,0.10845,1.879,3.1e-05,1.234,1.0,-0.002843,3.633,1,1779002489
DOGEUSDT,crypto,1777680000,48.09,22.86,0.601,0.10844,-0.009,2.3e-05,0.573,1.0,0.040384,-0.609,0,1779002489
DOGEUSDT,crypto,1777766400,47.21,22.71,0.59,0.10822,-0.203,6e-05,0.541,1.0,-0.01271,1.155,0,1779002489
DOGEUSDT,crypto,1777852800,60.69,27.45,0.759,0.11005,1.691,2.1e-05,1.491,1.0,-0.005934,-1.236,0,1779002489
DOGEUSDT,crypto,1777939200,59.62,24.37,0.745,0.11478,4.298,4.3e-05,0.874,1.0,-0.01621,-2.056,0,1779002489
DOGEUSDT,crypto,1778025600,51.18,26.2,0.64,0.11239,-2.082,-8.9e-05,1.24,1.0,0.040717,-0.997,0,1779002489
DOGEUSDT,crypto,1778112000,44.08,24.93,0.551,0.10778,-4.102,1.7e-05,0.987,1.0,-0.197594,2.171,0,1779002489
DOGEUSDT,crypto,1778198400,51.39,22.3,0.642,0.10947,1.568,2.6e-05,0.717,0.935,-0.146084,2.868,0,1779002489
DOGEUSDT,crypto,1778284800,44.49,20.91,0.556,0.10869,-0.713,6.8e-05,0.569,0.903,-0.051113,6.174,1,1779002489
DOGEUSDT,crypto,1778371200,57.83,22.67,0.723,0.11242,3.432,2e-05,1.179,0.839,-0.018574,0.783,0,1779002489
DOGEUSDT,crypto,1778457600,47.97,22.07,0.6,0.11127,-1.023,0.0001,1.188,0.806,0.135831,-1.744,0,1779002489
DOGEUSDT,crypto,1778544000,43.69,19.2,0.546,0.11012,-1.034,6.4e-05,0.873,0.742,0.14462,-0.518,0,1779002489
LABUSDT,crypto,1762387200,20.85,11.68,0.261,0.14608,-9.71,0.0,0.335,0.5,0.0,-1.027,0,1779002490
LABUSDT,crypto,1762473600,58.43,13.8,0.73,0.18151,24.254,0.0,1.427,0.333,0.0,-20.351,-1,1779002490
LABUSDT,crypto,1762560000,41.94,17.1,0.524,0.18172,0.116,0.0,0.421,0.75,0.0,-26.678,-1,1779002490
LABUSDT,crypto,1762646400,25.89,17.19,0.324,0.16689,-8.161,0.0,0.239,0.8,0.0,-27.929,-1,1779002490
LABUSDT,crypto,1762732800,29.62,21.06,0.37,0.15417,-7.622,0.0,0.212,1.0,0.0,-28.358,-1,1779002490
LABUSDT,crypto,1762819200,31.98,20.96,0.4,0.14458,-6.22,0.0,0.192,1.0,0.0,-22.949,-1,1779002490
LABUSDT,crypto,1762905600,44.12,20.82,0.551,0.14457,-0.007,0.0,0.163,1.0,0.0,-12.886,-1,1779002490
LABUSDT,crypto,1762992000,30.5,21.5,0.381,0.13324,-7.837,0.0,0.3,1.0,0.0,-15.476,-1,1779002490
LABUSDT,crypto,1763078400,29.47,20.98,0.368,0.12028,-9.727,0.0,0.197,1.0,0.0,-16.196,-1,1779002490
LABUSDT,crypto,1763164800,28.96,20.73,0.362,0.11045,-8.173,0.0,0.146,1.0,0.0,-11.833,-1,1779002490
LABUSDT,crypto,1763251200,45.84,20.81,0.573,0.1114,0.86,0.0,0.162,1.0,0.0,-13.438,-1,1779002490
LABUSDT,crypto,1763337600,59.98,21.24,0.75,0.12594,13.052,0.0,0.248,1.0,0.0,-29.419,-1,1779002490
LABUSDT,crypto,1763424000,29.33,20.91,0.367,0.11262,-10.576,0.0,0.183,1.0,0.0,-22.767,-1,1779002490
LABUSDT,crypto,1763510400,10.83,2.33,0.135,0.1008,-10.495,0.0,0.2,0.067,0.0,-7.222,-1,1779002490
LABUSDT,crypto,1763596800,20.59,3.06,0.257,0.09738,-3.393,0.0,0.363,0.062,0.0,-1.232,0,1779002490
LABUSDT,crypto,1763683200,28.27,5.63,0.353,0.09643,-0.976,0.0,0.419,0.176,0.0,-2.997,0,1779002490
LABUSDT,crypto,1763769600,13.83,4.83,0.173,0.08889,-7.819,0.0,0.299,0.167,0.0,6.244,1,1779002490
LABUSDT,crypto,1763856000,25.55,6.3,0.319,0.08698,-2.149,0.0,0.208,0.263,0.0,16.9,1,1779002490
LABUSDT,crypto,1763942400,45.66,7.08,0.571,0.09352,7.519,0.0,0.216,0.3,0.0,-0.438,0,1779002490
LABUSDT,crypto,1764028800,37.84,8.16,0.473,0.09618,2.844,0.0,0.299,0.333,0.0,-6.977,-1,1779002490
LABUSDT,crypto,1764115200,27.2,9.19,0.34,0.09354,-2.745,0.0,0.201,0.409,0.0,-15.961,-1,1779002490
LABUSDT,crypto,1764201600,31.76,6.28,0.397,0.09444,0.962,0.0,0.212,0.261,0.0,-14.39,-1,1779002490
LABUSDT,crypto,1764288000,43.07,3.2,0.538,0.10168,7.666,0.0,0.473,0.042,0.0,-9.717,-1,1779002490
LABUSDT,crypto,1764374400,28.3,10.8,0.354,0.09311,-8.428,0.0,2.906,0.04,0.0,2.384,0,1779002490
LABUSDT,crypto,1764460800,21.08,3.59,0.264,0.08947,-3.909,0.0,0.563,0.038,0.0,12.306,1,1779002490
LABUSDT,crypto,1764547200,13.98,3.61,0.175,0.07861,-12.138,0.0,0.574,0.037,0.0,40.784,1,1779002490
LABUSDT,crypto,1764633600,33.02,2.77,0.413,0.08085,2.85,0.0,0.411,0.036,0.0,24.861,1,1779002490
LABUSDT,crypto,1764720000,48.32,5.75,0.604,0.0918,13.544,0.0,1.013,0.034,0.0,30.327,1,1779002490
LABUSDT,crypto,1764806400,43.58,7.03,0.545,0.09533,3.845,0.0,1.273,0.033,0.0,21.473,1,1779002490
LABUSDT,crypto,1764892800,43.74,5.54,0.547,0.10048,5.402,0.0,0.979,0.032,0.0,17.128,1,1779002490
LABUSDT,crypto,1764979200,44.54,3.84,0.557,0.11067,10.141,0.0,0.64,0.032,0.0,0.795,0,1779002490
LABUSDT,crypto,1765065600,12.53,2.84,0.157,0.10095,-8.783,0.0,0.439,0.032,0.0,3.764,1,1779002490
LABUSDT,crypto,1765152000,58.79,11.29,0.735,0.11964,18.514,0.0,11.206,0.065,0.0,-7.121,-1,1779002490
LABUSDT,crypto,1765238400,29.33,7.59,0.367,0.1158,-3.21,0.0,1.131,0.097,0.0,-2.729,0,1779002490
LABUSDT,crypto,1765324800,35.6,7.17,0.445,0.11769,1.632,0.0,0.532,0.226,0.0,-5.497,-1,1779002490
LABUSDT,crypto,1765411200,29.17,11.13,0.365,0.11155,-5.217,0.0,1.195,0.258,0.0,-2.098,0,1779002490
LABUSDT,crypto,1765497600,29.16,12.01,0.364,0.10475,-6.096,0.0,1.369,0.258,0.0,2.329,0,1779002490
LABUSDT,crypto,1765584000,51.67,10.44,0.646,0.11112,6.081,0.0,1.314,0.194,0.0,-10.178,-1,1779002490
LABUSDT,crypto,1765670400,38.23,9.4,0.478,0.11264,1.368,0.0,0.719,0.29,0.0,-5.025,-1,1779002490
LABUSDT,crypto,1765756800,30.04,8.26,0.376,0.11122,-1.261,0.0,0.361,0.323,0.0,27.333,1,1779002490
LABUSDT,crypto,1765843200,25.12,5.38,0.314,0.10921,-1.807,0.0,0.172,0.226,0.0,15.704,1,1779002490
LABUSDT,crypto,1765929600,24.0,4.53,0.3,0.10719,-1.85,0.0,0.133,0.194,0.0,47.831,1,1779002490
LABUSDT,crypto,1766016000,14.96,5.37,0.187,0.09981,-6.885,0.0,0.171,0.226,0.0,56.988,1,1779002490
LABUSDT,crypto,1766102400,40.45,3.08,0.506,0.10698,7.184,0.0,0.1,0.129,0.0,36.427,1,1779002490
LABUSDT,crypto,1766188800,69.11,21.61,0.864,0.14162,32.38,0.0,2.288,0.581,0.0,-18.507,-1,1779002490
LABUSDT,crypto,1766275200,37.82,20.32,0.473,0.12636,-10.775,0.0,3.368,0.516,0.0,-14.324,-1,1779002490
LABUSDT,crypto,1766361600,61.8,18.6,0.773,0.15846,25.404,0.0,1.14,0.645,0.0,-30.834,-1,1779002490
LABUSDT,crypto,1766448000,42.23,18.08,0.528,0.15669,-1.117,0.0,0.777,0.71,0.0,-30.921,-1,1779002490
LABUSDT,crypto,1766534400,33.17,19.61,0.415,0.14595,-6.854,0.0,0.954,0.742,0.0,-24.077,-1,1779002490
LABUSDT,crypto,1766620800,29.75,18.22,0.372,0.11541,-20.925,0.0,0.806,0.71,0.0,-9.141,-1,1779002490
LABUSDT,crypto,1766707200,30.0,17.36,0.375,0.10826,-6.195,0.0,0.505,0.742,0.0,8.729,1,1779002490
LABUSDT,crypto,1766793600,42.1,15.34,0.526,0.1096,1.238,0.0,0.358,0.677,0.0,2.755,0,1779002490
LABUSDT,crypto,1766880000,40.38,17.6,0.505,0.10824,-1.241,0.0,0.553,0.742,0.0,13.295,1,1779002490
LABUSDT,crypto,1766966400,46.39,17.64,0.58,0.11081,2.374,0.0,0.302,0.806,0.0,24.565,1,1779002490
LABUSDT,crypto,1767052800,31.23,18.45,0.39,0.10486,-5.37,0.0,0.205,0.871,0.0,29.744,1,1779002490
LABUSDT,crypto,1767139200,58.87,19.39,0.736,0.11771,12.254,0.0,0.395,0.871,0.0,1.979,0,1779002490
LABUSDT,crypto,1767225600,36.55,19.42,0.457,0.11262,-4.324,0.0,0.657,0.806,0.0,10.3,1,1779002490
LABUSDT,crypto,1767312000,56.05,16.37,0.701,0.12263,8.888,0.0,0.435,0.71,0.0,9.255,1,1779002490
LABUSDT,crypto,1767398400,60.51,19.89,0.756,0.13803,12.558,0.0,0.624,0.839,0.0,3.84,1,1779002490
LABUSDT,crypto,1767484800,40.46,18.48,0.506,0.13605,-1.434,0.0,0.47,0.806,0.0,-3.168,-1,1779002490
LABUSDT,crypto,1767571200,22.93,13.84,0.287,0.12004,-11.768,0.0,0.317,0.613,0.0,10.338,1,1779002490
LABUSDT,crypto,1767657600,43.11,12.31,0.539,0.12422,3.482,0.0,0.267,0.548,0.0,5.989,1,1779002490
LABUSDT,crypto,1767744000,49.61,10.9,0.62,0.13398,7.857,0.0,0.244,0.484,0.0,2.971,0,1779002490
LABUSDT,crypto,1767830400,62.38,17.48,0.78,0.14333,6.979,0.0,1.689,0.452,0.0,5.198,1,1779002490
LABUSDT,crypto,1767916800,17.12,8.68,0.214,0.13174,-8.086,0.0,0.188,0.387,0.0,10.665,1,1779002490
LABUSDT,crypto,1768003200,32.86,8.51,0.411,0.13245,0.539,0.0,0.154,0.387,0.0,8.524,1,1779002490
LABUSDT,crypto,1768089600,26.59,4.58,0.332,0.13166,-0.596,0.0,0.141,0.194,0.0,13.436,1,1779002490
LABUSDT,crypto,1768176000,34.94,1.76,0.437,0.13796,4.785,0.0,0.222,0.032,0.0,20.752,1,1779002490
LABUSDT,crypto,1768262400,41.76,2.78,0.522,0.15078,9.293,0.0,0.297,0.065,0.0,35.489,1,1779002490
LABUSDT,crypto,1768348800,22.8,4.43,0.285,0.14579,-3.309,0.0,0.499,0.097,0.0,1.619,0,1779002490
LABUSDT,crypto,1768435200,24.74,3.49,0.309,0.14374,-1.406,0.0,0.311,0.097,0.0,7.5,1,1779002490
LABUSDT,crypto,1768521600,35.83,3.73,0.448,0.14935,3.903,0.0,0.359,0.097,0.0,8.584,1,1779002490
LABUSDT,crypto,1768608000,47.43,7.54,0.593,0.16659,11.543,0.0,0.477,0.258,0.0,-2.905,0,1779002490
LABUSDT,crypto,1768694400,77.5,30.0,0.969,0.20429,22.63,0.0,10.886,1.0,0.0,-23.427,-1,1779002490
LABUSDT,crypto,1768780800,37.82,20.32,0.473,0.14815,-27.481,0.0,3.067,0.516,0.0,7.796,1,1779002490
LABUSDT,crypto,1768867200,60.13,19.03,0.752,0.15452,4.3,0.0,3.794,0.452,0.0,0.835,0,1779002490
LABUSDT,crypto,1768953600,50.68,12.69,0.633,0.16217,4.951,0.0,1.118,0.355,0.0,-4.557,-1,1779002490
LABUSDT,crypto,1769040000,32.15,7.66,0.402,0.16175,-0.259,0.0,0.5,0.258,0.0,-2.219,0,1779002490
LABUSDT,crypto,1769126400,23.78,6.51,0.297,0.15643,-3.289,0.0,0.27,0.258,0.0,3.139,1,1779002490
LABUSDT,crypto,1769212800,34.12,6.3,0.426,0.1597,2.09,0.0,0.228,0.258,0.0,-6.074,-1,1779002490
LABUSDT,crypto,1769299200,25.79,6.66,0.322,0.15581,-2.436,0.0,0.3,0.258,0.0,-7.792,-1,1779002490
LABUSDT,crypto,1769385600,26.32,4.19,0.329,0.15478,-0.661,0.0,0.192,0.161,0.0,-11.429,-1,1779002490
LABUSDT,crypto,1769472000,31.61,3.01,0.395,0.15816,2.184,0.0,0.345,0.065,0.0,-14.618,-1,1779002490
LABUSDT,crypto,1769558400,31.08,2.93,0.389,0.16134,2.011,0.0,0.327,0.065,0.0,-16.512,-1,1779002490
LABUSDT,crypto,1769644800,13.0,2.6,0.162,0.15,-7.029,0.0,0.391,0.032,0.0,-11.32,-1,1779002490
LABUSDT,crypto,1769731200,16.31,1.45,0.204,0.14367,-4.22,0.0,0.16,0.032,0.0,-6.188,-1,1779002490
LABUSDT,crypto,1769817600,15.86,1.58,0.198,0.13709,-4.58,0.0,0.187,0.032,0.0,-10.373,-1,1779002490
LABUSDT,crypto,1769904000,22.11,1.94,0.276,0.13504,-1.495,0.0,0.131,0.065,0.0,-4.495,-1,1779002490
LABUSDT,crypto,1769990400,25.57,3.08,0.32,0.1347,-0.252,0.0,0.1,0.129,0.0,-7.691,-1,1779002490
LABUSDT,crypto,1770076800,24.94,4.4,0.312,0.13302,-1.247,0.0,0.107,0.194,0.0,-8.63,-1,1779002490
LABUSDT,crypto,1770163200,32.26,6.46,0.403,0.13478,1.323,0.0,0.131,0.29,0.0,-12.843,-1,1779002490
LABUSDT,crypto,1770249600,20.2,11.51,0.253,0.12287,-8.837,0.0,0.238,0.516,0.0,-3.264,-1,1779002490
LABUSDT,crypto,1770336000,47.1,13.79,0.589,0.12897,4.965,0.0,0.177,0.645,0.0,-9.553,-1,1779002490
LABUSDT,crypto,1770422400,17.59,1.78,0.22,0.12434,-3.59,0.0,0.098,0.065,0.0,-6.715,-1,1779002490
LABUSDT,crypto,1770508800,23.59,5.06,0.295,0.12154,-2.252,0.0,0.108,0.226,0.0,-0.148,0,1779002490
LABUSDT,crypto,1770595200,27.83,10.53,0.348,0.11747,-3.349,0.0,0.3,0.452,0.0,18.566,1,1779002490
LABUSDT,crypto,1770681600,39.28,13.01,0.491,0.11886,1.183,0.0,0.28,0.581,0.0,11.972,1,1779002490
LABUSDT,crypto,1770768000,37.83,15.98,0.473,0.11665,-1.859,0.0,0.615,0.645,0.0,19.314,1,1779002490
LABUSDT,crypto,1770854400,39.64,16.23,0.495,0.11599,-0.566,0.0,0.408,0.71,0.0,25.692,1,1779002490
LABUSDT,crypto,1770940800,48.8,14.32,0.61,0.12136,4.63,0.0,0.542,0.581,0.0,33.347,1,1779002490
LABUSDT,crypto,1771027200,58.22,14.23,0.728,0.13928,14.766,0.0,1.298,0.387,0.0,14.015,1,1779002490
LABUSDT,crypto,1771113600,27.1,9.33,0.339,0.13309,-4.444,0.0,0.833,0.258,0.0,9.708,1,1779002490
LABUSDT,crypto,1771200000,38.18,3.59,0.477,0.13918,4.576,0.0,0.589,0.032,0.0,1.063,0,1779002490
LABUSDT,crypto,1771286400,52.64,10.65,0.658,0.14579,4.749,0.0,2.006,0.032,0.0,-6.537,-1,1779002490
LABUSDT,crypto,1771372800,58.79,11.29,0.735,0.16183,11.002,0.0,2.834,0.065,0.0,-16.208,-1,1779002490
LABUSDT,crypto,1771459200,44.56,15.81,0.557,0.1588,-1.872,0.0,2.135,0.29,0.0,-16.19,-1,1779002490
LABUSDT,crypto,1771545600,33.51,17.2,0.419,0.14601,-8.054,0.0,1.762,0.419,0.0,-0.007,0,1779002490
LABUSDT,crypto,1771632000,32.62,13.24,0.408,0.14066,-3.664,0.0,0.842,0.452,0.0,10.095,1,1779002490
LABUSDT,crypto,1771718400,30.63,12.03,0.383,0.13626,-3.128,0.0,0.471,0.484,0.0,17.958,1,1779002490
LABUSDT,crypto,1771804800,37.49,13.14,0.469,0.1356,-0.484,0.0,0.564,0.516,0.0,17.094,1,1779002490
LABUSDT,crypto,1771891200,33.71,12.94,0.421,0.13309,-1.851,0.0,0.394,0.548,0.0,26.275,1,1779002490
LABUSDT,crypto,1771977600,61.13,16.33,0.764,0.146,9.7,0.0,1.46,0.452,0.0,10.685,1,1779002490
LABUSDT,crypto,1772064000,55.42,17.81,0.693,0.15486,6.068,0.0,0.595,0.742,0.0,16.802,1,1779002490
LABUSDT,crypto,1772150400,55.87,20.96,0.698,0.16073,3.791,0.0,0.966,0.806,0.0,16.935,1,1779002490
LABUSDT,crypto,1772236800,55.57,25.82,0.695,0.15878,-1.213,0.0,1.937,0.806,0.0,-12.073,-1,1779002490
LABUSDT,crypto,1772323200,56.85,19.72,0.711,0.16806,5.845,0.0,0.589,0.839,0.0,-1.94,0,1779002490
LABUSDT,crypto,1772409600,35.99,17.36,0.45,0.1616,-3.844,0.0,0.763,0.677,0.0,-7.042,-1,1779002490
LABUSDT,crypto,1772496000,63.18,20.26,0.79,0.18088,11.931,0.0,1.084,0.742,0.0,-16.536,-1,1779002490
LABUSDT,crypto,1772582400,62.0,24.55,0.775,0.18795,3.909,0.0,1.427,0.871,0.0,-21.165,-1,1779002490
LABUSDT,crypto,1772668800,37.18,19.68,0.465,0.13961,-25.72,0.0,4.367,0.484,0.0,9.992,1,1779002490
LABUSDT,crypto,1772755200,66.53,19.03,0.832,0.1648,18.043,0.0,2.849,0.452,0.0,-11.007,-1,1779002490
LABUSDT,crypto,1772841600,21.52,8.62,0.269,0.15022,-8.847,0.0,1.079,0.161,0.0,4.68,1,1779002490
LABUSDT,crypto,1772928000,33.42,6.57,0.418,0.15097,0.499,0.0,0.67,0.161,0.0,14.142,1,1779002490
LABUSDT,crypto,1773014400,29.36,6.9,0.367,0.14817,-1.855,0.0,0.734,0.161,0.0,31.167,1,1779002490
LABUSDT,crypto,1773100800,52.36,12.58,0.654,0.15356,3.638,0.0,2.106,0.129,0.0,30.776,1,1779002490
LABUSDT,crypto,1773187200,22.66,6.51,0.283,0.14666,-4.493,0.0,0.528,0.194,0.0,36.738,1,1779002490
LABUSDT,crypto,1773273600,49.93,7.78,0.624,0.15725,7.221,0.0,1.041,0.129,0.0,28.153,1,1779002490
LABUSDT,crypto,1773360000,49.51,7.94,0.619,0.17232,9.583,0.0,0.814,0.194,0.0,15.413,1,1779002490
LABUSDT,crypto,1773446400,66.72,21.06,0.834,0.19435,12.784,0.0,1.631,0.645,0.0,-1.626,0,1779002490
LABUSDT,crypto,1773532800,64.1,26.82,0.801,0.20082,3.329,0.0,1.623,0.935,0.0,-8.889,-1,1779002490
LABUSDT,crypto,1773619200,55.12,26.45,0.689,0.20054,-0.139,0.0,1.29,1.0,0.0,6.363,1,1779002490
LABUSDT,crypto,1773705600,52.62,24.57,0.658,0.20152,0.489,0.0,0.914,1.0,0.0,6.277,1,1779002490
LABUSDT,crypto,1773792000,45.11,22.61,0.564,0.19888,-1.31,0.0,0.523,1.0,0.0,4.078,1,1779002490
LABUSDT,crypto,1773878400,38.5,21.87,0.481,0.19119,-3.867,0.0,0.373,1.0,0.0,3.829,1,1779002490
LABUSDT,crypto,1773964800,35.83,20.64,0.448,0.18297,-4.299,0.0,0.257,0.968,0.0,5.367,1,1779002490
LABUSDT,crypto,1774051200,70.35,26.42,0.879,0.2133,16.576,0.0,1.285,1.0,0.0,-10.258,-1,1779002490
LABUSDT,crypto,1774137600,63.32,30.0,0.791,0.21417,0.408,0.0,3.345,1.0,0.0,-4.898,-1,1779002490
LABUSDT,crypto,1774224000,42.81,23.51,0.535,0.20699,-3.352,0.0,0.701,1.0,0.0,5.981,1,1779002490
LABUSDT,crypto,1774310400,39.29,22.49,0.491,0.19851,-4.097,0.0,0.499,1.0,0.0,6.292,1,1779002490
LABUSDT,crypto,1774396800,37.17,18.92,0.465,0.19279,-2.881,0.0,0.301,0.871,0.0,13.133,1,1779002490
LABUSDT,crypto,1774483200,41.72,18.71,0.521,0.19142,-0.711,0.0,0.386,0.839,0.0,10.908,1,1779002490
LABUSDT,crypto,1774569600,56.37,17.63,0.705,0.20368,6.405,0.0,0.686,0.71,0.0,-0.118,0,1779002490
LABUSDT,crypto,1774656000,69.89,22.65,0.874,0.21937,7.703,0.0,1.948,0.645,0.0,-12.034,-1,1779002490
LABUSDT,crypto,1774742400,29.53,10.88,0.369,0.211,-3.815,0.0,0.756,0.355,0.0,-4.768,-1,1779002490
LABUSDT,crypto,1774828800,41.18,8.23,0.515,0.21811,3.37,0.0,0.743,0.226,0.0,0.619,0,1779002490
LABUSDT,crypto,1774915200,26.48,4.98,0.331,0.2123,-2.664,0.0,0.866,0.032,0.0,16.627,1,1779002490
LABUSDT,crypto,1775001600,18.76,2.63,0.235,0.20344,-4.173,0.0,0.396,0.032,0.0,45.846,1,1779002490
LABUSDT,crypto,1775088000,17.5,2.97,0.219,0.19297,-5.146,0.0,0.464,0.032,0.0,102.114,1,1779002490
LABUSDT,crypto,1775174400,35.03,2.46,0.438,0.20094,4.13,0.0,0.362,0.032,0.0,85.015,1,1779002490
LABUSDT,crypto,1775260800,45.67,5.05,0.571,0.21946,9.217,0.0,0.624,0.097,0.0,89.934,1,1779002490
LABUSDT,crypto,1775347200,58.74,12.23,0.734,0.2476,12.822,0.0,1.802,0.161,0.0,104.152,1,1779002490
LABUSDT,crypto,1775433600,70.4,22.9,0.88,0.29671,19.834,0.0,6.203,0.645,0.0,43.905,1,1779002490
LABUSDT,crypto,1775520000,77.5,30.0,0.969,0.39002,31.448,0.0,7.17,1.0,0.0,39.408,1,1779002490
LABUSDT,crypto,1775606400,53.14,30.0,0.664,0.37177,-4.679,0.0,9.822,1.0,0.0,57.132,1,1779002490
LABUSDT,crypto,1775692800,77.5,30.0,0.969,0.41683,12.12,0.0,2.428,1.0,0.0,15.289,1,1779002490
LABUSDT,crypto,1775779200,77.5,30.0,0.969,0.50548,21.268,0.0,3.793,1.0,0.0,0.427,0,1779002490
LABUSDT,crypto,1775865600,45.72,29.11,0.572,0.42698,-15.53,0.0,1.822,1.0,0.0,15.2,1,1779002490
LABUSDT,crypto,1775952000,75.05,28.78,0.938,0.54372,27.341,0.0,1.755,1.0,0.0,6.932,1,1779002490
LABUSDT,crypto,1776038400,70.05,26.34,0.876,0.58417,7.439,0.0,1.267,1.0,0.0,-12.507,-1,1779002490
LABUSDT,crypto,1776124800,42.49,27.3,0.531,0.48056,-17.736,5e-05,1.589,0.968,0.0,11.501,1,1779002490
LABUSDT,crypto,1776211200,62.33,24.79,0.779,0.50764,5.635,0.000463,1.217,0.935,0.0,13.6,1,1779002490
LABUSDT,crypto,1776297600,37.86,19.81,0.473,0.49188,-3.105,0.000126,0.478,0.871,0.0,17.996,1,1779002490
LABUSDT,crypto,1776384000,57.47,19.67,0.718,0.58141,18.202,0.000522,0.58,0.839,0.0,-1.584,0,1779002490
LABUSDT,crypto,1776470400,27.84,18.93,0.348,0.51111,-12.091,0.000277,0.56,0.806,0.0,43.335,1,1779002490
LABUSDT,crypto,1776556800,53.35,18.13,0.667,0.53583,4.837,5.1e-05,0.659,0.742,-0.038661,38.981,1,1779002490
LABUSDT,crypto,1776643200,53.47,15.59,0.668,0.57668,7.624,0.000332,0.408,0.677,-0.001084,47.447,1,1779002490
LABUSDT,crypto,1776729600,38.48,13.92,0.481,0.5804,0.645,5e-05,0.203,0.645,-0.031769,33.391,1,1779002490
LABUSDT,crypto,1776816000,33.37,12.78,0.417,0.5722,-1.413,5e-05,0.233,0.581,-0.018417,24.816,1,1779002490
LABUSDT,crypto,1776902400,53.2,14.27,0.665,0.7326,28.032,0.000374,0.66,0.548,0.024682,-9.5,-1,1779002490
LABUSDT,crypto,1776988800,51.03,19.68,0.638,0.7447,1.652,0.00089,3.445,0.484,0.127134,-10.031,-1,1779002490
LABUSDT,crypto,1777075200,58.51,15.91,0.731,0.8503,14.18,0.000355,1.375,0.452,0.078158,-18.088,-1,1779002490
LABUSDT,crypto,1777161600,30.01,15.57,0.375,0.7742,-8.95,5e-05,1.437,0.419,0.023543,57.22,1,1779002490
LABUSDT,crypto,1777248000,22.31,11.4,0.279,0.7142,-7.75,5e-05,0.732,0.387,0.015429,179.151,1,1779002490
LABUSDT,crypto,1777334400,17.65,8.09,0.221,0.663,-7.169,5e-05,0.328,0.323,-0.030272,216.531,1,1779002490
LABUSDT,crypto,1777420800,32.35,6.94,0.404,0.67,1.056,6.8e-05,0.227,0.29,-0.018574,142.209,1,1779002490
LABUSDT,crypto,1777507200,37.1,6.15,0.464,0.6965,3.955,9.2e-05,0.199,0.258,-0.019862,271.888,1,1779002490
LABUSDT,crypto,1777593600,61.02,19.05,0.763,1.2172,74.76,0.000849,1.745,0.516,-0.007673,274.376,1,1779002490
LABUSDT,crypto,1777680000,70,30.0,0.875,1.9937,63.794,0.003714,21.293,1.0,0.278134,125.701,1,1779002490
LABUSDT,crypto,1777766400,65.52,30.0,0.819,2.0986,5.262,0.002747,9.673,1.0,-0.097332,89.96,1,1779002490
LABUSDT,crypto,1777852800,43.32,29.35,0.542,1.6228,-22.672,0.000707,2.721,0.968,0.188353,188.033,1,1779002490
LABUSDT,crypto,1777939200,69.19,29.5,0.865,2.5902,59.613,0.001459,1.899,1.0,0.073399,83.882,1,1779002490
LABUSDT,crypto,1778025600,71.02,29.95,0.888,4.5569,75.928,0.001276,1.99,1.0,-0.104507,7.218,1,1779002490
LABUSDT,crypto,1778112000,50.22,25.24,0.628,4.4998,-1.253,5e-05,1.048,1.0,-0.012397,8.16,1,1779002490
LABUSDT,crypto,1778198400,30.29,21.2,0.379,3.9865,-11.407,5e-05,0.368,0.968,-0.088119,51.993,1,1779002490
LABUSDT,crypto,1778284800,58.61,20.03,0.733,4.6742,17.251,5e-05,0.265,0.935,0.053601,23.326,1,1779002490
LABUSDT,crypto,1778371200,46.17,18.77,0.577,4.7629,1.898,5e-05,0.271,0.871,-0.002422,-3.248,-1,1779002490
LABUSDT,crypto,1778457600,48.65,19.26,0.608,4.8858,2.58,0.000151,0.497,0.839,-0.030116,-6.834,-1,1779002490
LABUSDT,crypto,1778544000,38.16,17.47,0.477,4.867,-0.385,0.000474,0.268,0.806,-0.155192,0.623,0,1779002490
BNBUSDT,crypto,1762214400,50.51,29.64,0.631,937.16,-5.638,0.0,1.929,1.0,0.0,6.291,1,1779002491
BNBUSDT,crypto,1762300800,55.29,24.08,0.691,958.81,2.31,0.0,0.817,1.0,0.0,3.415,1,1779002491
BNBUSDT,crypto,1762387200,47.37,23.28,0.592,950.75,-0.841,0.0,0.656,1.0,0.0,0.751,0,1779002491
BNBUSDT,crypto,1762473600,60.88,24.93,0.761,991.21,4.256,0.0,0.987,1.0,0.0,-3.904,-1,1779002491
BNBUSDT,crypto,1762560000,48.76,23.2,0.61,990.5,-0.072,0.0,0.641,1.0,0.0,-6.444,-1,1779002491
BNBUSDT,crypto,1762646400,49.74,23.05,0.622,996.12,0.567,0.0,0.611,1.0,0.0,-8.074,-1,1779002491
BNBUSDT,crypto,1762732800,47.94,23.18,0.599,991.55,-0.459,0.0,0.636,1.0,0.0,-5.926,-1,1779002491
BNBUSDT,crypto,1762819200,42.6,23.45,0.533,957.89,-3.395,0.0,0.689,1.0,0.0,-3.209,-1,1779002491
BNBUSDT,crypto,1762905600,47.85,23.23,0.598,952.51,-0.562,0.0,0.647,1.0,0.0,-4.744,-1,1779002491
BNBUSDT,crypto,1762992000,46.12,24.52,0.576,926.67,-2.713,0.0,0.904,1.0,0.0,0.721,0,1779002491
BNBUSDT,crypto,1763078400,52.43,26.15,0.655,915.69,-1.185,0.0,1.23,1.0,0.0,-1.969,0,1779002491
BNBUSDT,crypto,1763164800,47.75,19.22,0.597,932.79,1.867,0.0,0.459,0.846,0.0,-7.063,-1,1779002491
BNBUSDT,crypto,1763251200,41.73,16.65,0.522,927.15,-0.605,0.0,0.758,0.643,0.0,-10.353,-1,1779002491
BNBUSDT,crypto,1763337600,41.44,17.61,0.518,907.32,-2.139,0.0,1.121,0.6,0.0,-8.05,-1,1779002491
BNBUSDT,crypto,1763424000,46.64,12.95,0.583,933.35,2.869,0.0,1.09,0.375,0.0,-9.568,-1,1779002491
BNBUSDT,crypto,1763510400,33.0,12.6,0.412,897.66,-3.824,0.0,1.108,0.353,0.0,-3.609,-1,1779002491
BNBUSDT,crypto,1763596800,32.12,11.01,0.401,866.91,-3.426,0.0,1.091,0.278,0.0,-0.438,0,1779002491
BNBUSDT,crypto,1763683200,38.3,14.13,0.479,831.16,-4.124,0.0,1.983,0.211,0.0,7.33,1,1779002491
BNBUSDT,crypto,1763769600,33.65,7.2,0.421,834.28,0.375,0.0,0.64,0.2,0.0,7.412,1,1779002491
BNBUSDT,crypto,1763856000,34.34,7.13,0.429,844.05,1.171,0.0,0.474,0.238,0.0,5.153,1,1779002491
BNBUSDT,crypto,1763942400,42.99,10.91,0.537,865.26,2.513,0.0,0.91,0.318,0.0,0.925,0,1779002491
BNBUSDT,crypto,1764028800,37.23,11.96,0.465,863.11,-0.248,0.0,0.653,0.435,0.0,1.402,0,1779002491
BNBUSDT,crypto,1764115200,44.45,11.79,0.556,892.08,3.356,0.0,0.691,0.417,0.0,-7.355,-1,1779002491
BNBUSDT,crypto,1764201600,32.88,7.14,0.411,896.12,0.453,0.0,0.468,0.24,0.0,-2.114,0,1779002491
BNBUSDT,crypto,1764288000,30.82,6.66,0.385,887.54,-0.957,0.0,0.716,0.154,0.0,3.791,1,1779002491
BNBUSDT,crypto,1764374400,24.85,3.89,0.311,873.26,-1.609,0.0,0.334,0.111,0.0,3.117,1,1779002491
BNBUSDT,crypto,1764460800,29.44,3.96,0.368,875.21,0.223,0.0,0.507,0.071,0.0,1.001,0,1779002491
BNBUSDT,crypto,1764547200,26.57,8.64,0.332,826.47,-5.569,0.0,1.314,0.103,0.0,7.762,1,1779002491
BNBUSDT,crypto,1764633600,46.34,6.45,0.579,877.18,6.136,0.0,1.024,0.067,0.0,2.009,0,1779002491
BNBUSDT,crypto,1764720000,43.14,5.95,0.539,921.19,5.017,0.0,0.931,0.065,0.0,-2.588,0,1779002491
BNBUSDT,crypto,1764806400,26.18,4.41,0.327,900.48,-2.248,0.0,0.753,0.032,0.0,-0.318,0,1779002491
BNBUSDT,crypto,1764892800,26.89,4.35,0.336,883.97,-1.833,0.0,0.741,0.032,0.0,1.121,0,1779002491
BNBUSDT,crypto,1764979200,28.56,2.6,0.357,890.62,0.752,0.0,0.391,0.032,0.0,-0.486,0,1779002491
BNBUSDT,crypto,1765065600,31.0,4.11,0.388,894.8,0.469,0.0,0.692,0.032,0.0,-1.446,0,1779002491
BNBUSDT,crypto,1765152000,30.1,3.84,0.376,897.35,0.285,0.0,0.639,0.032,0.0,0.016,0,1779002491
BNBUSDT,crypto,1765238400,32.73,5.41,0.409,897.62,0.03,0.0,0.953,0.032,0.0,-2.229,0,1779002491
BNBUSDT,crypto,1765324800,32.36,6.31,0.404,893.88,-0.417,0.0,0.876,0.097,0.0,-3.957,-1,1779002491
BNBUSDT,crypto,1765411200,30.79,5.32,0.385,886.29,-0.849,0.0,0.934,0.032,0.0,-1.151,0,1779002491
BNBUSDT,crypto,1765497600,29.25,4.2,0.366,881.86,-0.5,0.0,0.711,0.032,0.0,-4.407,-1,1779002491
BNBUSDT,crypto,1765584000,32.6,3.6,0.407,897.49,1.772,0.0,0.591,0.032,0.0,-7.492,-1,1779002491
BNBUSDT,crypto,1765670400,24.77,3.67,0.31,877.61,-2.215,0.0,0.605,0.032,0.0,-2.401,0,1779002491
BNBUSDT,crypto,1765756800,30.59,6.87,0.382,858.51,-2.176,0.0,1.115,0.065,0.0,-0.46,0,1779002491
BNBUSDT,crypto,1765843200,37.46,6.4,0.468,876.09,2.048,0.0,0.893,0.097,0.0,-1.936,0,1779002491
BNBUSDT,crypto,1765929600,31.65,9.96,0.396,843.0,-3.777,0.0,1.348,0.161,0.0,1.912,0,1779002491
BNBUSDT,crypto,1766016000,36.58,11.13,0.457,830.25,-1.512,0.0,1.195,0.258,0.0,1.691,0,1779002491
BNBUSDT,crypto,1766102400,43.78,10.38,0.547,856.54,3.167,0.0,0.914,0.29,0.0,-1.125,0,1779002491
BNBUSDT,crypto,1766188800,31.21,7.81,0.39,854.56,-0.231,0.0,0.272,0.323,0.0,-2.937,0,1779002491
BNBUSDT,crypto,1766275200,33.18,7.06,0.415,859.13,0.535,0.0,0.509,0.226,0.0,-2.826,0,1779002491
BNBUSDT,crypto,1766361600,36.62,9.64,0.458,859.12,-0.001,0.0,0.896,0.258,0.0,-1.561,0,1779002491
BNBUSDT,crypto,1766448000,30.56,8.01,0.382,844.29,-1.726,0.0,0.699,0.226,0.0,1.851,0,1779002491
BNBUSDT,crypto,1766534400,33.15,7.27,0.414,846.9,0.309,0.0,0.551,0.226,0.0,0.703,0,1779002491
BNBUSDT,crypto,1766620800,31.32,10.02,0.391,829.46,-2.059,0.0,0.584,0.355,0.0,3.94,1,1779002491
BNBUSDT,crypto,1766707200,42.96,14.1,0.537,834.85,0.65,0.0,1.013,0.452,0.0,3.577,1,1779002491
BNBUSDT,crypto,1766793600,39.33,11.31,0.492,845.71,1.301,0.0,0.584,0.419,0.0,2.236,0,1779002491
BNBUSDT,crypto,1766880000,39.98,9.96,0.5,859.92,1.68,0.0,0.831,0.29,0.0,2.544,0,1779002491
BNBUSDT,crypto,1766966400,34.76,8.57,0.435,852.85,-0.822,0.0,1.068,0.161,0.0,3.074,1,1779002491
BNBUSDT,crypto,1767052800,33.64,5.77,0.42,862.14,1.089,0.0,0.638,0.129,0.0,3.926,1,1779002491
BNBUSDT,crypto,1767139200,34.02,5.78,0.425,864.71,0.298,0.0,1.028,0.032,0.0,5.342,1,1779002491
BNBUSDT,crypto,1767225600,30.7,4.43,0.384,864.62,-0.01,0.0,0.758,0.032,0.0,6.22,1,1779002491
BNBUSDT,crypto,1767312000,39.38,6.77,0.492,881.8,1.987,0.0,1.226,0.032,0.0,2.161,0,1779002491
BNBUSDT,crypto,1767398400,29.88,4.64,0.373,879.07,-0.31,0.0,0.671,0.065,0.0,1.537,0,1779002491
BNBUSDT,crypto,1767484800,38.65,7.44,0.483,895.99,1.925,0.0,0.972,0.129,0.0,0.153,0,1779002491
BNBUSDT,crypto,1767571200,47.26,15.23,0.591,910.9,1.664,0.0,1.24,0.452,0.0,-0.27,0,1779002491
BNBUSDT,crypto,1767657600,56.1,24.37,0.701,918.4,0.823,0.0,1.518,0.839,0.0,-1.486,0,1779002491
BNBUSDT,crypto,1767744000,48.81,23.77,0.61,900.86,-1.91,0.0,1.271,0.871,0.0,0.606,0,1779002491
BNBUSDT,crypto,1767830400,52.54,25.29,0.657,892.58,-0.919,0.0,1.317,0.935,0.0,5.788,1,1779002491
BNBUSDT,crypto,1767916800,52.3,24.04,0.654,897.36,0.536,0.0,0.937,0.968,0.0,5.761,1,1779002491
BNBUSDT,crypto,1768003200,56.99,26.01,0.712,908.44,1.235,0.0,1.202,1.0,0.0,2.542,0,1779002491
BNBUSDT,crypto,1768089600,51.66,24.99,0.646,904.75,-0.406,0.0,0.997,1.0,0.0,3.733,1,1779002491
BNBUSDT,crypto,1768176000,54.92,25.71,0.687,906.32,0.174,0.0,1.272,0.968,0.0,4.551,1,1779002491
BNBUSDT,crypto,1768262400,70.87,30.0,0.886,944.24,4.184,0.0,2.181,1.0,0.0,-1.22,0,1779002491
BNBUSDT,crypto,1768348800,56.13,26.3,0.702,949.06,0.51,0.0,1.261,1.0,0.0,-2.627,0,1779002491
BNBUSDT,crypto,1768435200,48.31,24.1,0.604,931.53,-1.847,0.0,1.079,0.935,0.0,-5.026,-1,1779002491
BNBUSDT,crypto,1768521600,48.47,21.27,0.606,938.52,0.75,0.0,0.64,0.903,0.0,-5.843,-1,1779002491
BNBUSDT,crypto,1768608000,49.1,21.37,0.614,947.57,0.964,0.0,0.661,0.903,0.0,-6.239,-1,1779002491
BNBUSDT,crypto,1768694400,40.45,17.96,0.506,932.72,-1.567,0.0,0.624,0.742,0.0,-4.355,-1,1779002491
BNBUSDT,crypto,1768780800,47.45,19.85,0.593,924.13,-0.921,0.0,1.389,0.645,0.0,-3.947,-1,1779002491
BNBUSDT,crypto,1768867200,37.23,16.47,0.465,884.71,-4.266,0.0,1.358,0.484,0.0,-2.044,0,1779002491
BNBUSDT,crypto,1768953600,44.73,14.78,0.559,883.68,-0.116,0.0,1.536,0.355,0.0,-0.423,0,1779002491
BNBUSDT,crypto,1769040000,35.63,8.93,0.445,888.45,0.54,0.0,0.624,0.29,0.0,1.172,0,1779002491
BNBUSDT,crypto,1769126400,34.81,8.32,0.435,892.1,0.411,0.0,0.633,0.258,0.0,1.273,0,1779002491
BNBUSDT,crypto,1769212800,30.64,7.79,0.383,887.65,-0.499,0.0,0.269,0.323,0.0,-2.112,0,1779002491
BNBUSDT,crypto,1769299200,34.03,12.65,0.425,866.63,-2.368,0.0,0.723,0.452,0.0,-0.868,0,1779002491
BNBUSDT,crypto,1769385600,43.28,14.34,0.541,879.94,1.536,0.0,0.674,0.548,0.0,-11.206,-1,1779002491
BNBUSDT,crypto,1769472000,45.63,14.9,0.57,898.86,2.15,0.0,0.786,0.548,0.0,-15.594,-1,1779002491
BNBUSDT,crypto,1769558400,39.92,13.04,0.499,903.46,0.512,0.0,0.672,0.484,0.0,-14.305,-1,1779002491
BNBUSDT,crypto,1769644800,46.01,22.35,0.575,868.9,-3.825,0.0,1.761,0.677,0.0,-13.09,-1,1779002491
BNBUSDT,crypto,1769731200,54.58,25.23,0.682,859.11,-1.127,0.0,1.821,0.806,0.0,-18.812,-1,1779002491
BNBUSDT,crypto,1769817600,47.5,30.0,0.594,781.33,-9.054,0.0,2.424,1.0,0.0,-22.114,-1,1779002491
BNBUSDT,crypto,1769904000,56.11,29.7,0.701,758.69,-2.898,0.0,1.94,1.0,0.0,-13.403,-1,1779002491
BNBUSDT,crypto,1769990400,66.56,29.98,0.832,774.22,2.047,0.0,1.996,1.0,0.0,-16.423,-1,1779002491
BNBUSDT,crypto,1770076800,54.74,28.58,0.684,755.16,-2.462,0.0,1.717,1.0,0.0,-15.268,-1,1779002491
BNBUSDT,crypto,1770163200,47.5,30.0,0.594,697.49,-7.637,0.0,2.102,1.0,0.0,-8.756,-1,1779002491
BNBUSDT,crypto,1770249600,47.5,30.0,0.594,608.55,-12.751,0.0,4.094,1.0,0.0,1.796,0,1779002491
BNBUSDT,crypto,1770336000,77.5,30.0,0.969,657.0,7.962,0.0,2.872,1.0,0.0,-7.429,-1,1779002491
BNBUSDT,crypto,1770422400,50.42,25.47,0.63,647.07,-1.511,0.0,1.094,1.0,0.0,-5.055,-1,1779002491
BNBUSDT,crypto,1770508800,47.16,23.45,0.59,639.86,-1.114,0.0,0.689,1.0,0.0,-3.262,-1,1779002491
BNBUSDT,crypto,1770595200,50.25,24.41,0.628,636.42,-0.538,0.0,0.883,1.0,0.0,-0.556,0,1779002491
BNBUSDT,crypto,1770681600,44.68,23.75,0.558,619.48,-2.662,0.0,0.75,1.0,0.0,-0.697,0,1779002491
BNBUSDT,crypto,1770768000,52.21,26.68,0.653,608.19,-1.822,0.0,1.335,1.0,0.0,3.117,1,1779002491
BNBUSDT,crypto,1770854400,51.58,23.53,0.645,614.36,1.014,0.0,0.705,1.0,0.0,0.549,0,1779002491
BNBUSDT,crypto,1770940800,53.87,24.93,0.673,618.99,0.754,0.0,0.986,1.0,0.0,-2.352,0,1779002491
BNBUSDT,crypto,1771027200,52.11,22.24,0.651,632.88,2.244,0.0,0.577,0.968,0.0,-4.001,-1,1779002491
BNBUSDT,crypto,1771113600,42.36,21.76,0.529,615.16,-2.8,0.0,0.739,0.903,0.0,1.777,0,1779002491
BNBUSDT,crypto,1771200000,49.28,19.5,0.616,627.15,1.949,0.0,0.675,0.806,0.0,-0.212,0,1779002491
BNBUSDT,crypto,1771286400,39.43,17.06,0.493,617.73,-1.502,0.0,0.574,0.71,0.0,-0.447,0,1779002491
BNBUSDT,crypto,1771372800,36.77,15.41,0.46,604.43,-2.153,0.0,0.631,0.613,0.0,-1.358,0,1779002491
BNBUSDT,crypto,1771459200,40.32,13.88,0.504,607.56,0.518,0.0,0.581,0.548,0.0,-3.977,-1,1779002491
BNBUSDT,crypto,1771545600,45.52,13.62,0.569,626.09,3.05,0.0,0.659,0.516,0.0,0.594,0,1779002491
BNBUSDT,crypto,1771632000,35.56,11.09,0.445,625.82,-0.043,0.0,0.412,0.452,0.0,0.034,0,1779002491
BNBUSDT,crypto,1771718400,29.61,8.52,0.37,614.97,-1.734,0.0,0.413,0.323,0.0,-0.153,0,1779002491
BNBUSDT,crypto,1771804800,33.59,11.17,0.42,596.22,-3.049,0.0,1.202,0.258,0.0,3.509,1,1779002491
BNBUSDT,crypto,1771891200,30.7,7.86,0.384,583.4,-2.15,0.0,0.928,0.161,0.0,5.965,1,1779002491
BNBUSDT,crypto,1771977600,52.02,8.55,0.65,629.81,7.955,0.0,1.194,0.129,0.0,1.27,0,1779002491
BNBUSDT,crypto,1772064000,29.97,4.66,0.375,626.03,-0.6,0.0,0.803,0.032,0.0,1.185,0,1779002491
BNBUSDT,crypto,1772150400,27.83,4.9,0.348,614.03,-1.917,0.0,0.852,0.032,0.0,7.174,1,1779002491
BNBUSDT,crypto,1772236800,36.85,6.99,0.461,617.14,0.506,0.0,1.269,0.032,0.0,5.002,1,1779002491
BNBUSDT,crypto,1772323200,34.84,6.32,0.435,618.2,0.172,0.0,1.135,0.032,0.0,1.462,0,1779002491
BNBUSDT,crypto,1772409600,43.43,8.26,0.543,637.81,3.172,0.0,1.265,0.097,0.0,-2.755,0,1779002491
BNBUSDT,crypto,1772496000,33.89,7.67,0.424,633.45,-0.684,0.0,1.017,0.129,0.0,-3.434,-1,1779002491
BNBUSDT,crypto,1772582400,47.22,10.73,0.59,658.08,3.888,0.0,1.243,0.226,0.0,-3.58,-1,1779002491
BNBUSDT,crypto,1772668800,33.04,9.38,0.413,648.01,-1.53,0.0,0.843,0.258,0.0,-0.944,0,1779002491
BNBUSDT,crypto,1772755200,29.19,9.13,0.365,627.24,-3.205,0.0,0.793,0.258,0.0,3.904,1,1779002491
BNBUSDT,crypto,1772841600,29.39,7.14,0.367,620.24,-1.116,0.0,0.396,0.258,0.0,5.116,1,1779002491
BNBUSDT,crypto,1772928000,32.16,9.43,0.402,611.7,-1.377,0.0,0.597,0.323,0.0,7.201,1,1779002491
BNBUSDT,crypto,1773014400,48.1,12.94,0.601,634.52,3.731,0.0,1.039,0.387,0.0,3.639,1,1779002491
BNBUSDT,crypto,1773100800,41.7,12.63,0.521,641.89,1.162,0.0,0.849,0.419,0.0,5.021,1,1779002491
BNBUSDT,crypto,1773187200,45.61,15.18,0.57,651.73,1.533,0.0,0.972,0.516,0.0,4.292,1,1779002491
BNBUSDT,crypto,1773273600,40.89,14.64,0.511,651.97,0.037,0.0,0.735,0.548,0.0,2.537,0,1779002491
BNBUSDT,crypto,1773360000,48.26,18.11,0.603,655.75,0.58,0.0,1.299,0.581,0.0,-0.592,0,1779002491
BNBUSDT,crypto,1773446400,38.63,13.91,0.483,657.61,0.284,0.0,0.331,0.613,0.0,-2.857,0,1779002491
BNBUSDT,crypto,1773532800,46.93,16.16,0.587,674.12,2.511,0.0,0.65,0.645,0.0,-4.765,-1,1779002491
BNBUSDT,crypto,1773619200,46.95,17.21,0.587,679.7,0.828,0.0,1.119,0.581,0.0,-7.269,-1,1779002491
BNBUSDT,crypto,1773705600,40.95,17.32,0.512,668.51,-1.646,0.0,0.884,0.645,0.0,-6.347,-1,1779002491
BNBUSDT,crypto,1773792000,40.35,17.86,0.504,651.87,-2.489,0.0,0.992,0.645,0.0,-1.928,0,1779002491
BNBUSDT,crypto,1773878400,37.95,15.21,0.474,638.82,-2.002,0.0,0.848,0.548,0.0,-0.08,0,1779002491
BNBUSDT,crypto,1773964800,40.66,13.74,0.508,642.0,0.498,0.0,0.684,0.516,0.0,0.911,0,1779002491
BNBUSDT,crypto,1774051200,28.43,7.69,0.355,630.29,-1.824,0.0,0.377,0.29,0.0,-0.244,0,1779002491
BNBUSDT,crypto,1774137600,40.14,14.47,0.502,626.08,-0.668,-7.3e-05,0.829,0.516,0.0,-1.974,0,1779002491
BNBUSDT,crypto,1774224000,51.63,16.46,0.645,639.3,2.112,-7.3e-05,1.616,0.419,0.0,-4.442,-1,1779002491
BNBUSDT,crypto,1774310400,38.78,12.17,0.485,638.31,-0.155,0.0,0.885,0.387,0.0,-5.084,-1,1779002491
BNBUSDT,crypto,1774396800,42.06,12.16,0.526,647.85,1.495,0.0,0.883,0.387,0.0,-5.932,-1,1779002491
BNBUSDT,crypto,1774483200,32.22,11.36,0.403,628.75,-2.948,0.0,0.852,0.355,0.0,-1.767,0,1779002491
BNBUSDT,crypto,1774569600,41.89,18.79,0.524,613.72,-2.39,-2.7e-05,1.049,0.677,0.0,-0.414,0,1779002491
BNBUSDT,crypto,1774656000,40.36,16.1,0.504,610.9,-0.459,-2.7e-05,0.509,0.677,0.0,-4.436,-1,1779002491
BNBUSDT,crypto,1774742400,43.58,19.75,0.545,605.86,-0.825,0.0,0.596,0.839,0.0,-2.882,0,1779002491
BNBUSDT,crypto,1774828800,53.84,25.08,0.673,609.42,0.588,0.0,1.017,1.0,0.0,-2.593,0,1779002491
BNBUSDT,crypto,1774915200,58.14,26.47,0.727,617.64,1.349,0.0,1.295,1.0,0.0,-2.563,0,1779002491
BNBUSDT,crypto,1775001600,49.79,24.78,0.622,611.18,-1.046,3.6e-05,0.957,1.0,0.0,-1.756,0,1779002491
BNBUSDT,crypto,1775088000,51.87,29.26,0.648,583.8,-4.48,3.6e-05,1.851,1.0,0.0,6.305,1,1779002491
BNBUSDT,crypto,1775174400,51.19,23.55,0.64,588.4,0.788,0.0,0.711,1.0,0.0,2.211,0,1779002491
BNBUSDT,crypto,1775260800,48.53,21.8,0.607,593.62,0.887,0.0,0.49,0.968,0.0,1.646,0,1779002491
BNBUSDT,crypto,1775347200,51.57,22.19,0.645,601.81,1.38,0.0,0.824,0.903,0.0,0.688,0,1779002491
BNBUSDT,crypto,1775433600,46.64,19.8,0.583,600.45,-0.226,3.2e-05,0.992,0.742,0.0,1.177,0,1779002491
BNBUSDT,crypto,1775520000,52.63,16.95,0.658,620.61,3.357,3.2e-05,1.326,0.516,0.0,-4.542,-1,1779002491
BNBUSDT,crypto,1775606400,35.04,13.66,0.438,601.41,-3.094,4.1e-05,1.054,0.419,0.0,2.291,0,1779002491
BNBUSDT,crypto,1775692800,39.19,11.65,0.49,603.39,0.329,3.3e-05,0.91,0.355,0.0,1.785,0,1779002491
BNBUSDT,crypto,1775779200,34.12,7.4,0.426,605.95,0.424,3.3e-05,0.706,0.194,0.0,2.827,0,1779002491
BNBUSDT,crypto,1775865600,32.11,6.16,0.401,607.52,0.259,2e-06,0.587,0.161,0.0,4.713,1,1779002491
BNBUSDT,crypto,1775952000,26.97,5.05,0.337,592.42,-2.486,2e-06,0.881,0.032,0.0,8.626,1,1779002491
BNBUSDT,crypto,1776038400,42.58,6.52,0.532,615.19,3.844,0.0,1.174,0.032,0.0,2.443,0,1779002491
BNBUSDT,crypto,1776124800,34.8,6.72,0.435,614.16,-0.167,3e-05,1.215,0.032,0.0,0.361,0,1779002491
BNBUSDT,crypto,1776211200,34.82,5.14,0.435,623.08,1.452,4.4e-05,0.899,0.032,0.0,1.04,0,1779002491
BNBUSDT,crypto,1776297600,40.4,7.93,0.505,636.15,2.098,4.4e-05,1.199,0.097,0.0,-0.657,0,1779002491
BNBUSDT,crypto,1776384000,39.13,8.77,0.489,643.52,1.159,0.0,1.108,0.161,0.0,-0.887,0,1779002491
BNBUSDT,crypto,1776470400,30.77,8.14,0.385,630.22,-2.067,0.0,0.854,0.194,0.0,1.368,0,1779002491
BNBUSDT,crypto,1776556800,31.69,9.05,0.396,616.38,-2.196,0.0,0.906,0.226,-0.00992,3.263,1,1779002491
BNBUSDT,crypto,1776643200,40.04,9.58,0.501,629.56,2.138,1.9e-05,0.755,0.29,-0.016608,-0.105,0,1779002491
BNBUSDT,crypto,1776729600,41.8,14.15,0.522,631.97,0.383,1.9e-05,0.895,0.484,0.016455,0.666,0,1779002491
BNBUSDT,crypto,1776816000,41.05,11.77,0.513,637.81,0.924,7.6e-05,1.064,0.323,-0.018019,-1.667,0,1779002491
BNBUSDT,crypto,1776902400,36.69,9.7,0.459,638.84,0.161,7.6e-05,0.908,0.258,-0.00064,-2.185,0,1779002491
BNBUSDT,crypto,1776988800,31.31,6.89,0.391,636.49,-0.368,7.3e-05,0.604,0.194,0.005571,-2.963,0,1779002491
BNBUSDT,crypto,1777075200,27.88,5.68,0.348,628.9,-1.192,7.3e-05,0.49,0.161,0.007073,-2.113,0,1779002491
BNBUSDT,crypto,1777161600,32.63,5.21,0.408,636.18,1.158,6e-06,0.527,0.129,0.007848,-3.216,-1,1779002491
BNBUSDT,crypto,1777248000,32.9,8.25,0.411,627.18,-1.415,6e-06,1.004,0.161,-0.01578,-1.411,0,1779002491
BNBUSDT,crypto,1777334400,29.6,5.31,0.37,624.88,-0.367,4.1e-05,0.546,0.129,0.015012,-1.168,0,1779002491
BNBUSDT,crypto,1777420800,33.04,7.82,0.413,617.63,-1.16,4.1e-05,1.048,0.129,0.001857,0.874,0,1779002491
BNBUSDT,crypto,1777507200,29.31,4.72,0.366,615.61,-0.327,7e-06,0.556,0.097,0.001529,2.459,0,1779002491
BNBUSDT,crypto,1777593600,31.67,5.58,0.396,615.72,0.018,2e-05,0.73,0.097,0.011874,5.262,1,1779002491
BNBUSDT,crypto,1777680000,28.58,2.95,0.357,618.33,0.424,5e-06,0.461,0.032,-0.003302,3.07,1,1779002491
BNBUSDT,crypto,1777766400,28.43,3.54,0.355,617.58,-0.121,5.3e-05,0.579,0.032,-0.010829,5.214,1,1779002491
BNBUSDT,crypto,1777852800,43.41,9.96,0.543,623.03,0.882,2.8e-05,1.864,0.032,-0.004185,4.342,1,1779002491
BNBUSDT,crypto,1777939200,34.71,5.46,0.434,630.75,1.239,0.000107,0.962,0.032,0.043413,5.292,1,1779002491
BNBUSDT,crypto,1778025600,49.41,12.55,0.618,648.12,2.754,9.5e-05,1.865,0.161,0.023819,3.527,1,1779002491
BNBUSDT,crypto,1778112000,34.86,9.28,0.436,637.31,-1.668,5.9e-05,1.341,0.129,0.013621,4.381,1,1779002491
BNBUSDT,crypto,1778198400,40.44,9.42,0.506,649.78,1.957,5.9e-05,0.981,0.226,-0.035529,3.404,1,1779002491
BNBUSDT,crypto,1778284800,35.48,9.54,0.444,650.08,0.046,7.4e-05,0.746,0.29,-0.015776,4.412,1,1779002491
BNBUSDT,crypto,1778371200,47.44,15.35,0.593,664.13,2.161,8e-05,1.134,0.484,-0.013586,1.28,0,1779002491
BNBUSDT,crypto,1778457600,51.93,20.98,0.649,670.98,1.031,8e-05,1.357,0.71,0.04051,-2.155,0,1779002491
BNBUSDT,crypto,1778544000,57.37,28.36,0.717,665.23,-0.857,0.000157,1.802,0.968,0.044641,-1.554,0,1779002491
SUIUSDT,crypto,1762214400,53.38,30.0,0.667,1.9745,-4.558,0.0,2.256,1.0,0.0,8.569,1,1779002492
SUIUSDT,crypto,1762300800,59.65,25.72,0.746,2.0309,2.856,0.0,1.144,1.0,0.0,6.445,1,1779002492
SUIUSDT,crypto,1762387200,48.41,26.12,0.605,1.9667,-3.161,0.0,1.224,1.0,0.0,2.044,0,1779002492
SUIUSDT,crypto,1762473600,71.27,26.88,0.891,2.1441,9.02,0.0,1.377,1.0,0.0,-8.288,-1,1779002492
SUIUSDT,crypto,1762560000,47.69,23.65,0.596,2.1215,-1.054,0.0,0.729,1.0,0.0,-11.775,-1,1779002492
SUIUSDT,crypto,1762646400,48.37,20.46,0.605,2.1437,1.046,0.0,0.664,0.857,0.0,-18.855,-1,1779002492
SUIUSDT,crypto,1762732800,51.84,23.82,0.648,2.1618,0.844,0.0,0.765,1.0,0.0,-18.17,-1,1779002492
SUIUSDT,crypto,1762819200,36.64,24.24,0.458,2.0069,-7.165,0.0,0.847,1.0,0.0,-16.369,-1,1779002492
SUIUSDT,crypto,1762905600,47.71,24.62,0.596,1.9664,-2.018,0.0,0.924,1.0,0.0,-17.758,-1,1779002492
SUIUSDT,crypto,1762992000,45.47,26.3,0.568,1.8717,-4.816,0.0,1.26,1.0,0.0,-10.888,-1,1779002492
SUIUSDT,crypto,1763078400,43.32,27.48,0.542,1.7395,-7.063,0.0,1.495,1.0,0.0,-7.68,-1,1779002492
SUIUSDT,crypto,1763164800,49.91,21.24,0.624,1.769,1.696,0.0,0.556,0.923,0.0,-15.421,-1,1779002492
SUIUSDT,crypto,1763251200,41.4,23.86,0.518,1.6784,-5.122,0.0,1.057,0.929,0.0,-17.189,-1,1779002492
SUIUSDT,crypto,1763337600,48.73,26.76,0.609,1.6172,-3.646,0.0,1.352,1.0,0.0,-16.887,-1,1779002492
SUIUSDT,crypto,1763424000,58.01,23.99,0.725,1.6679,3.135,0.0,1.049,0.938,0.0,-17.999,-1,1779002492
SUIUSDT,crypto,1763510400,46.85,25.89,0.586,1.6059,-3.717,0.0,1.178,1.0,0.0,-4.919,-1,1779002492
SUIUSDT,crypto,1763596800,41.37,26.26,0.517,1.4962,-6.831,0.0,1.253,1.0,0.0,4.458,1,1779002492
SUIUSDT,crypto,1763683200,48.29,30.0,0.604,1.3899,-7.105,0.0,2.222,1.0,0.0,10.979,1,1779002492
SUIUSDT,crypto,1763769600,44.05,24.07,0.551,1.3441,-3.295,0.0,0.814,1.0,0.0,14.761,1,1779002492
SUIUSDT,crypto,1763856000,52.78,23.38,0.66,1.3677,1.756,0.0,0.677,1.0,0.0,11.165,1,1779002492
SUIUSDT,crypto,1763942400,71.36,26.93,0.892,1.5269,11.64,0.0,1.386,1.0,0.0,-1.886,0,1779002492
SUIUSDT,crypto,1764028800,61.49,27.14,0.769,1.5629,2.358,0.0,1.428,1.0,0.0,-4.281,-1,1779002492
SUIUSDT,crypto,1764115200,50.81,25.46,0.635,1.5425,-1.305,0.0,1.092,1.0,0.0,-12.862,-1,1779002492
SUIUSDT,crypto,1764201600,47.28,21.19,0.591,1.5425,0.0,0.0,0.718,0.88,0.0,5.491,1,1779002492
SUIUSDT,crypto,1764288000,44.75,20.64,0.559,1.5204,-1.433,0.0,0.896,0.808,0.0,11.083,1,1779002492
SUIUSDT,crypto,1764374400,37.57,16.04,0.47,1.4981,-1.467,0.0,0.393,0.704,0.0,10.653,1,1779002492
SUIUSDT,crypto,1764460800,37.89,12.12,0.474,1.496,-0.14,0.0,0.71,0.429,0.0,3.937,1,1779002492
SUIUSDT,crypto,1764547200,29.79,14.94,0.372,1.3441,-10.154,0.0,1.47,0.379,0.0,16.271,1,1779002492
SUIUSDT,crypto,1764633600,55.9,10.87,0.699,1.6272,21.062,0.0,1.507,0.167,0.0,-2.722,0,1779002492
SUIUSDT,crypto,1764720000,50.88,11.69,0.636,1.6889,3.792,0.0,1.822,0.129,0.0,-4.713,-1,1779002492
SUIUSDT,crypto,1764806400,28.32,5.4,0.354,1.6577,-1.847,0.0,0.822,0.065,0.0,0.066,0,1779002492
SUIUSDT,crypto,1764892800,20.42,5.48,0.255,1.5549,-6.201,0.0,0.967,0.032,0.0,3.788,1,1779002492
SUIUSDT,crypto,1764979200,29.7,3.41,0.371,1.5628,0.508,0.0,0.554,0.032,0.0,3.091,1,1779002492
SUIUSDT,crypto,1765065600,35.95,5.76,0.449,1.5829,1.286,0.0,1.024,0.032,0.0,-1.548,0,1779002492
SUIUSDT,crypto,1765152000,34.66,4.74,0.433,1.6093,1.668,0.0,0.818,0.032,0.0,-0.317,0,1779002492
SUIUSDT,crypto,1765238400,39.51,6.07,0.494,1.6588,3.076,0.0,0.956,0.065,0.0,-6.408,-1,1779002492
SUIUSDT,crypto,1765324800,29.4,7.45,0.368,1.6138,-2.713,0.0,0.975,0.129,0.0,-8.923,-1,1779002492
SUIUSDT,crypto,1765411200,32.27,5.38,0.403,1.6111,-0.167,0.0,0.946,0.032,0.0,-6.238,-1,1779002492
SUIUSDT,crypto,1765497600,25.64,5.16,0.32,1.5584,-3.271,0.0,0.904,0.032,0.0,-8.695,-1,1779002492
SUIUSDT,crypto,1765584000,33.56,2.91,0.419,1.6042,2.939,0.0,0.454,0.032,0.0,-16.095,-1,1779002492
SUIUSDT,crypto,1765670400,24.47,4.53,0.306,1.5525,-3.223,0.0,0.777,0.032,0.0,-4.573,-1,1779002492
SUIUSDT,crypto,1765756800,25.39,7.74,0.317,1.4698,-5.327,0.0,1.16,0.097,0.0,-1.109,0,1779002492
SUIUSDT,crypto,1765843200,41.01,7.77,0.513,1.5106,2.776,0.0,1.037,0.129,0.0,-4.382,-1,1779002492
SUIUSDT,crypto,1765929600,25.63,8.98,0.32,1.4229,-5.806,0.0,1.152,0.161,0.0,2.727,0,1779002492
SUIUSDT,crypto,1766016000,28.36,10.59,0.355,1.346,-5.404,0.0,1.215,0.226,0.0,6.642,1,1779002492
SUIUSDT,crypto,1766102400,53.33,10.5,0.667,1.4815,10.067,0.0,1.067,0.258,0.0,-4.495,-1,1779002492
SUIUSDT,crypto,1766188800,27.96,7.52,0.349,1.4535,-1.89,0.0,0.343,0.29,0.0,-6.295,-1,1779002492
SUIUSDT,crypto,1766275200,30.84,7.05,0.385,1.4444,-0.626,0.0,0.507,0.226,0.0,-3.226,-1,1779002492
SUIUSDT,crypto,1766361600,38.04,9.15,0.475,1.4617,1.198,0.0,0.798,0.258,0.0,-0.746,0,1779002492
SUIUSDT,crypto,1766448000,30.15,7.88,0.377,1.4354,-1.799,0.0,0.673,0.226,0.0,0.738,0,1779002492
SUIUSDT,crypto,1766534400,29.5,6.86,0.369,1.4149,-1.428,0.0,0.598,0.194,0.0,1.71,0,1779002492
SUIUSDT,crypto,1766620800,27.82,9.95,0.348,1.362,-3.739,0.0,0.57,0.355,0.0,5.25,1,1779002492
SUIUSDT,crypto,1766707200,42.9,11.44,0.536,1.3978,2.628,0.0,0.741,0.387,0.0,0.422,0,1779002492
SUIUSDT,crypto,1766793600,42.16,9.91,0.527,1.4508,3.792,0.0,0.434,0.387,0.0,1.42,0,1779002492
SUIUSDT,crypto,1766880000,34.27,9.76,0.428,1.446,-0.331,0.0,0.533,0.355,0.0,11.162,1,1779002492
SUIUSDT,crypto,1766966400,34.33,8.0,0.429,1.4391,-0.477,0.0,0.956,0.161,0.0,15.69,1,1779002492
SUIUSDT,crypto,1767052800,30.64,5.43,0.383,1.4335,-0.389,0.0,0.699,0.097,0.0,17.97,1,1779002492
SUIUSDT,crypto,1767139200,26.29,4.3,0.329,1.4037,-2.079,0.0,0.73,0.032,0.0,35.3,1,1779002492
SUIUSDT,crypto,1767225600,39.1,3.8,0.489,1.4714,4.823,0.0,0.631,0.032,0.0,29.326,1,1779002492
SUIUSDT,crypto,1767312000,53.07,8.43,0.663,1.6074,9.243,0.0,1.428,0.065,0.0,13.214,1,1779002492
SUIUSDT,crypto,1767398400,44.85,10.18,0.561,1.6649,3.577,0.0,1.004,0.258,0.0,9.064,1,1779002492
SUIUSDT,crypto,1767484800,50.07,18.66,0.626,1.6911,1.574,0.0,1.152,0.645,0.0,7.084,1,1779002492
SUIUSDT,crypto,1767571200,75.81,29.16,0.948,1.8992,12.306,0.0,1.831,1.0,0.0,-5.571,-1,1779002492
SUIUSDT,crypto,1767657600,62.89,30.0,0.786,1.9029,0.195,0.0,2.769,1.0,0.0,-5.655,-1,1779002492
SUIUSDT,crypto,1767744000,48.56,27.4,0.607,1.8198,-4.367,0.0,1.479,1.0,0.0,-3.215,-1,1779002492
SUIUSDT,crypto,1767830400,56.13,27.03,0.702,1.8158,-0.22,0.0,1.407,1.0,0.0,3.563,1,1779002492
SUIUSDT,crypto,1767916800,51.45,24.75,0.643,1.8109,-0.27,0.0,0.949,1.0,0.0,2.27,0,1779002492
SUIUSDT,crypto,1768003200,46.3,22.87,0.579,1.7934,-0.966,0.0,0.573,1.0,0.0,-0.73,0,1779002492
SUIUSDT,crypto,1768089600,48.59,22.94,0.607,1.7953,0.106,0.0,0.587,1.0,0.0,-0.401,0,1779002492
SUIUSDT,crypto,1768176000,47.44,23.39,0.593,1.7613,-1.894,0.0,1.066,0.903,0.0,1.363,0,1779002492
SUIUSDT,crypto,1768262400,65.22,23.3,0.815,1.8805,6.768,0.0,1.177,0.871,0.0,-9.864,-1,1779002492
SUIUSDT,crypto,1768348800,48.21,22.44,0.603,1.852,-1.516,0.0,1.262,0.806,0.0,-15.383,-1,1779002492
SUIUSDT,crypto,1768435200,39.51,19.8,0.494,1.7803,-3.871,0.0,0.991,0.742,0.0,-17.486,-1,1779002492
SUIUSDT,crypto,1768521600,43.74,16.96,0.547,1.7881,0.438,0.0,0.682,0.677,0.0,-15.564,-1,1779002492
SUIUSDT,crypto,1768608000,38.59,14.65,0.482,1.7853,-0.157,0.0,0.35,0.645,0.0,-16.261,-1,1779002492
SUIUSDT,crypto,1768694400,28.0,13.61,0.35,1.695,-5.058,0.0,0.4,0.581,0.0,-12.224,-1,1779002492
SUIUSDT,crypto,1768780800,32.08,17.77,0.401,1.5671,-7.546,0.0,1.361,0.548,0.0,-5.309,-1,1779002492
SUIUSDT,crypto,1768867200,30.77,15.56,0.385,1.469,-6.26,0.0,1.047,0.516,0.0,-4.731,-1,1779002492
SUIUSDT,crypto,1768953600,49.9,15.76,0.624,1.5098,2.777,0.0,1.217,0.484,0.0,-4.411,-1,1779002492
SUIUSDT,crypto,1769040000,36.25,13.01,0.453,1.495,-0.98,0.0,0.538,0.516,0.0,-3.712,-1,1779002492
SUIUSDT,crypto,1769126400,38.02,13.73,0.475,1.4878,-0.482,0.0,0.552,0.548,0.0,-5.451,-1,1779002492
SUIUSDT,crypto,1769212800,36.82,13.55,0.46,1.4839,-0.262,0.0,0.259,0.613,0.0,-11.038,-1,1779002492
SUIUSDT,crypto,1769299200,31.89,16.83,0.399,1.3995,-5.688,0.0,0.786,0.645,0.0,-9.039,-1,1779002492
SUIUSDT,crypto,1769385600,49.11,16.64,0.614,1.4432,3.123,0.0,0.747,0.645,0.0,-20.122,-1,1779002492
SUIUSDT,crypto,1769472000,42.69,17.13,0.534,1.4395,-0.256,0.0,0.716,0.677,0.0,-23.536,-1,1779002492
SUIUSDT,crypto,1769558400,39.91,17.76,0.499,1.4067,-2.279,0.0,0.842,0.677,0.0,-18.334,-1,1779002492
SUIUSDT,crypto,1769644800,41.66,23.48,0.521,1.3201,-6.156,0.0,1.599,0.774,0.0,-15.779,-1,1779002492
SUIUSDT,crypto,1769731200,51.24,27.29,0.641,1.273,-3.568,0.0,1.717,0.935,0.0,-14.87,-1,1779002492
SUIUSDT,crypto,1769817600,47.5,30.0,0.594,1.1528,-9.442,0.0,2.551,1.0,0.0,-23.482,-1,1779002492
SUIUSDT,crypto,1769904000,47.4,26.97,0.592,1.1007,-4.519,0.0,1.394,1.0,0.0,-7.85,-1,1779002492
SUIUSDT,crypto,1769990400,63.83,26.29,0.798,1.1488,4.37,0.0,1.259,1.0,0.0,-12.552,-1,1779002492
SUIUSDT,crypto,1770076800,49.09,26.52,0.614,1.1118,-3.221,0.0,1.303,1.0,0.0,-12.601,-1,1779002492
SUIUSDT,crypto,1770163200,50.19,26.37,0.627,1.0837,-2.527,0.0,1.275,1.0,0.0,-11.202,-1,1779002492
SUIUSDT,crypto,1770249600,47.5,30.0,0.594,0.8821,-18.603,0.0,3.341,1.0,0.0,5.385,1,1779002492
SUIUSDT,crypto,1770336000,76.85,29.35,0.961,1.0143,14.987,0.0,2.892,0.968,0.0,-11.9,-1,1779002492
SUIUSDT,crypto,1770422400,49.29,23.71,0.616,1.0046,-0.956,0.0,1.0,0.935,0.0,-8.242,-1,1779002492
SUIUSDT,crypto,1770508800,41.73,22.89,0.522,0.9717,-3.275,0.0,0.578,1.0,0.0,-1.122,0,1779002492
SUIUSDT,crypto,1770595200,48.94,24.19,0.612,0.9623,-0.967,0.0,0.837,1.0,0.0,6.921,1,1779002492
SUIUSDT,crypto,1770681600,41.85,23.07,0.523,0.9296,-3.398,0.0,0.615,1.0,0.0,4.733,1,1779002492
SUIUSDT,crypto,1770768000,42.19,23.72,0.527,0.8936,-3.873,0.0,0.743,1.0,0.0,11.034,1,1779002492
SUIUSDT,crypto,1770854400,56.94,23.74,0.712,0.9218,3.156,0.0,0.878,0.968,0.0,4.979,1,1779002492
SUIUSDT,crypto,1770940800,57.56,22.33,0.72,0.9608,4.231,0.0,0.854,0.903,0.0,-3.206,-1,1779002492
SUIUSDT,crypto,1771027200,60.89,20.49,0.761,1.0289,7.088,0.0,0.744,0.839,0.0,-9.807,-1,1779002492
SUIUSDT,crypto,1771113600,34.02,17.91,0.425,0.9736,-5.375,0.0,0.872,0.677,0.0,-2.065,0,1779002492
SUIUSDT,crypto,1771200000,43.85,13.93,0.548,0.9922,1.91,0.0,0.721,0.516,0.0,-4.384,-1,1779002492
SUIUSDT,crypto,1771286400,31.94,11.38,0.399,0.9677,-2.469,0.0,0.599,0.419,0.0,-4.423,-1,1779002492
SUIUSDT,crypto,1771372800,26.77,8.93,0.335,0.93,-3.896,0.0,0.625,0.29,0.0,-5.462,-1,1779002492
SUIUSDT,crypto,1771459200,31.49,6.0,0.394,0.928,-0.215,0.0,0.684,0.129,0.0,-7.414,-1,1779002492
SUIUSDT,crypto,1771545600,36.75,5.02,0.459,0.9535,2.748,0.0,0.747,0.065,0.0,1.563,0,1779002492
SUIUSDT,crypto,1771632000,26.18,2.66,0.327,0.9487,-0.503,0.0,0.404,0.032,0.0,-1.233,0,1779002492
SUIUSDT,crypto,1771718400,21.89,2.53,0.274,0.9249,-2.509,0.0,0.377,0.032,0.0,-2.779,0,1779002492
SUIUSDT,crypto,1771804800,25.34,6.69,0.317,0.8792,-4.941,0.0,1.208,0.032,0.0,2.764,0,1779002492
SUIUSDT,crypto,1771891200,26.75,4.72,0.334,0.8592,-2.275,0.0,0.816,0.032,0.0,3.27,1,1779002492
SUIUSDT,crypto,1771977600,53.21,8.18,0.665,0.9684,12.709,0.0,1.507,0.032,0.0,-4.719,-1,1779002492
SUIUSDT,crypto,1772064000,26.8,5.72,0.335,0.937,-3.242,0.0,1.014,0.032,0.0,-3.042,-1,1779002492
SUIUSDT,crypto,1772150400,24.69,5.45,0.309,0.8992,-4.034,0.0,0.961,0.032,0.0,6.395,1,1779002492
SUIUSDT,crypto,1772236800,42.3,10.07,0.529,0.9035,0.478,0.0,1.755,0.065,0.0,5.479,1,1779002492
SUIUSDT,crypto,1772323200,35.46,9.57,0.443,0.8873,-1.793,0.0,1.397,0.129,0.0,1.555,0,1779002492
SUIUSDT,crypto,1772409600,47.73,10.24,0.597,0.9227,3.99,0.0,1.402,0.161,0.0,-3.045,-1,1779002492
SUIUSDT,crypto,1772496000,32.78,7.97,0.41,0.9085,-1.539,0.0,1.078,0.129,0.0,-3.203,-1,1779002492
SUIUSDT,crypto,1772582400,49.27,9.69,0.616,0.9567,5.305,0.0,1.294,0.161,0.0,-1.526,0,1779002492
SUIUSDT,crypto,1772668800,36.39,8.62,0.455,0.953,-0.387,0.0,1.209,0.129,0.0,0.378,0,1779002492
SUIUSDT,crypto,1772755200,22.37,5.7,0.28,0.9011,-5.446,0.0,1.011,0.032,0.0,8.523,1,1779002492
SUIUSDT,crypto,1772841600,26.51,3.05,0.331,0.8946,-0.721,0.0,0.481,0.032,0.0,10.686,1,1779002492
SUIUSDT,crypto,1772928000,28.53,5.04,0.357,0.8794,-1.699,0.0,0.878,0.032,0.0,13.168,1,1779002492
SUIUSDT,crypto,1773014400,50.43,7.16,0.63,0.9421,7.13,0.0,1.303,0.032,0.0,6.199,1,1779002492
SUIUSDT,crypto,1773100800,39.19,7.45,0.49,0.9566,1.539,0.0,1.232,0.065,0.0,6.962,1,1779002492
SUIUSDT,crypto,1773187200,38.17,6.92,0.477,0.9779,2.227,8e-06,0.868,0.129,0.0,9.704,1,1779002492
SUIUSDT,crypto,1773273600,37.83,8.68,0.473,0.9902,1.258,5e-06,0.832,0.226,0.0,3.878,1,1779002492
SUIUSDT,crypto,1773360000,41.79,12.11,0.522,0.9952,0.505,2.5e-05,1.26,0.29,0.0,-0.764,0,1779002492
SUIUSDT,crypto,1773446400,40.34,14.11,0.504,1.0005,0.533,-3.2e-05,0.5,0.581,0.0,-4.258,-1,1779002492
SUIUSDT,crypto,1773532800,46.14,15.95,0.577,1.0232,2.269,-1.9e-05,0.61,0.645,0.0,-5.434,-1,1779002492
SUIUSDT,crypto,1773619200,56.53,19.51,0.707,1.0728,4.848,0.0001,1.064,0.71,0.0,-13.097,-1,1779002492
SUIUSDT,crypto,1773705600,37.53,18.97,0.469,1.0286,-4.12,-3.4e-05,0.826,0.742,0.0,-12.036,-1,1779002492
SUIUSDT,crypto,1773792000,38.48,19.58,0.481,0.9876,-3.986,-5.5e-05,0.819,0.774,0.0,-3.564,-1,1779002492
SUIUSDT,crypto,1773878400,37.98,18.22,0.475,0.9579,-3.007,2e-05,0.676,0.742,0.0,-0.595,0,1779002492
SUIUSDT,crypto,1773964800,44.73,17.27,0.559,0.9676,1.013,2.6e-05,0.614,0.71,0.0,0.052,0,1779002492
SUIUSDT,crypto,1774051200,32.89,15.37,0.411,0.9323,-3.648,-0.0001,0.364,0.677,0.0,-0.794,0,1779002492
SUIUSDT,crypto,1774137600,38.24,17.91,0.478,0.9048,-2.95,-4e-06,0.743,0.71,0.0,-2.708,0,1779002492
SUIUSDT,crypto,1774224000,59.05,19.8,0.738,0.9524,5.261,4e-06,1.25,0.677,0.0,-9.807,-1,1779002492
SUIUSDT,crypto,1774310400,43.76,17.79,0.547,0.9522,-0.021,1.7e-05,0.719,0.71,0.0,-11.111,-1,1779002492
SUIUSDT,crypto,1774396800,46.14,16.99,0.577,0.9681,1.67,2.6e-05,0.688,0.677,0.0,-10.794,-1,1779002492
SUIUSDT,crypto,1774483200,34.7,16.85,0.434,0.9249,-4.462,-6.4e-05,0.79,0.645,0.0,-5.103,-1,1779002492
SUIUSDT,crypto,1774569600,35.69,17.93,0.446,0.8803,-4.822,-0.000105,0.876,0.677,0.0,0.148,0,1779002492
SUIUSDT,crypto,1774656000,42.1,20.66,0.526,0.859,-2.42,2.2e-05,0.777,0.839,0.0,0.221,0,1779002492
SUIUSDT,crypto,1774742400,47.75,23.85,0.597,0.8464,-1.467,-9.7e-05,0.77,1.0,0.0,3.202,1,1779002492
SUIUSDT,crypto,1774828800,57.44,25.69,0.718,0.8636,2.032,0.0001,1.138,1.0,0.0,0.915,0,1779002492
SUIUSDT,crypto,1774915200,53.92,24.22,0.674,0.8777,1.633,5.9e-05,0.845,1.0,0.0,-0.798,0,1779002492
SUIUSDT,crypto,1775001600,53.06,24.69,0.663,0.8816,0.444,-5.7e-05,0.938,1.0,0.0,-1.304,0,1779002492
SUIUSDT,crypto,1775088000,49.03,25.51,0.613,0.8609,-2.348,-4.1e-05,1.102,1.0,0.0,11.442,1,1779002492
SUIUSDT,crypto,1775174400,51.48,23.2,0.644,0.8735,1.464,7.1e-05,0.641,1.0,0.0,4.522,1,1779002492
SUIUSDT,crypto,1775260800,45.02,20.52,0.563,0.8715,-0.229,1e-06,0.492,0.903,0.0,6.713,1,1779002492
SUIUSDT,crypto,1775347200,45.11,18.51,0.564,0.8707,-0.092,-0.000122,0.734,0.742,0.0,8.384,1,1779002492
SUIUSDT,crypto,1775433600,41.49,13.36,0.519,0.8701,-0.069,0.0001,1.253,0.355,0.0,8.148,1,1779002492
SUIUSDT,crypto,1775520000,57.03,12.43,0.713,0.9594,10.263,3.5e-05,1.454,0.258,0.0,-6.108,-1,1779002492
SUIUSDT,crypto,1775606400,29.18,10.25,0.365,0.913,-4.836,5.7e-05,1.277,0.194,0.0,5.082,1,1779002492
SUIUSDT,crypto,1775692800,39.96,8.49,0.5,0.93,1.862,2e-06,1.052,0.161,0.0,0.215,0,1779002492
SUIUSDT,crypto,1775779200,36.51,7.29,0.456,0.9437,1.473,5.7e-05,0.813,0.161,0.0,1.558,0,1779002492
SUIUSDT,crypto,1775865600,32.27,6.8,0.403,0.941,-0.286,8e-06,0.715,0.161,0.0,6.259,1,1779002492
SUIUSDT,crypto,1775952000,21.99,4.4,0.275,0.9008,-4.272,2.5e-05,0.751,0.032,0.0,10.591,1,1779002492
SUIUSDT,crypto,1776038400,47.52,7.04,0.594,0.9594,6.505,2.6e-05,1.021,0.097,0.0,-0.365,0,1779002492
SUIUSDT,crypto,1776124800,26.63,5.22,0.333,0.932,-2.856,-1e-05,0.915,0.032,0.0,-1.062,0,1779002492
SUIUSDT,crypto,1776211200,37.6,5.48,0.47,0.9584,2.833,4.6e-05,0.837,0.065,0.0,-1.544,0,1779002492
SUIUSDT,crypto,1776297600,55.22,15.31,0.69,0.9999,4.33,2.2e-05,1.772,0.323,0.0,-5.091,-1,1779002492
SUIUSDT,crypto,1776384000,47.58,18.66,0.595,0.9962,-0.37,-2.4e-05,1.409,0.581,0.0,-5.24,-1,1779002492
SUIUSDT,crypto,1776470400,31.04,12.28,0.388,0.9559,-4.045,3.8e-05,0.908,0.387,0.0,-1.119,0,1779002492
SUIUSDT,crypto,1776556800,31.17,10.63,0.39,0.9221,-3.536,-5.7e-05,0.965,0.29,-0.050121,2.505,0,1779002492
SUIUSDT,crypto,1776643200,41.22,10.09,0.515,0.9436,2.332,6.5e-05,0.858,0.29,-0.015969,-0.583,0,1779002492
SUIUSDT,crypto,1776729600,37.69,9.5,0.471,0.949,0.572,-4.2e-05,0.868,0.258,-0.023697,-0.421,0,1779002492
SUIUSDT,crypto,1776816000,31.85,6.03,0.398,0.944,-0.527,7.5e-05,0.949,0.065,0.000984,-0.964,0,1779002492
SUIUSDT,crypto,1776902400,32.52,5.14,0.406,0.9452,0.127,-2.7e-05,0.899,0.032,0.018524,-2.148,0,1779002492
SUIUSDT,crypto,1776988800,29.22,3.84,0.365,0.9452,0.0,6.3e-05,0.639,0.032,-0.012702,-4.105,-1,1779002492
SUIUSDT,crypto,1777075200,27.33,3.33,0.342,0.9381,-0.751,-6.2e-05,0.538,0.032,0.018612,-3.219,-1,1779002492
SUIUSDT,crypto,1777161600,30.1,3.39,0.376,0.945,0.736,3e-06,0.55,0.032,0.025727,-2.804,0,1779002492
SUIUSDT,crypto,1777248000,32.46,5.97,0.406,0.9349,-1.069,-0.000162,1.064,0.032,-0.013273,-0.824,0,1779002492
SUIUSDT,crypto,1777334400,28.09,4.32,0.351,0.9249,-1.07,5.4e-05,0.736,0.032,0.000153,-0.584,0,1779002492
SUIUSDT,crypto,1777420800,33.59,8.62,0.42,0.9064,-2.0,-8.7e-05,1.207,0.129,-0.00771,2.438,0,1779002492
SUIUSDT,crypto,1777507200,32.05,6.15,0.401,0.9079,0.165,-3.1e-05,0.584,0.161,0.041966,6.399,1,1779002492
SUIUSDT,crypto,1777593600,36.25,7.75,0.453,0.9185,1.168,4.2e-05,0.775,0.194,-0.014653,8.024,1,1779002492
SUIUSDT,crypto,1777680000,33.77,6.37,0.422,0.9272,0.947,2.7e-05,0.628,0.161,0.005801,4.368,1,1779002492
SUIUSDT,crypto,1777766400,30.53,6.99,0.382,0.9195,-0.83,8.1e-05,0.623,0.194,-0.009865,11.06,1,1779002492
SUIUSDT,crypto,1777852800,43.87,12.1,0.548,0.9285,0.979,5.3e-05,1.516,0.226,-0.026747,15.218,1,1779002492
SUIUSDT,crypto,1777939200,47.45,11.24,0.593,0.966,4.039,8.8e-05,1.215,0.258,0.01272,37.888,1,1779002492
SUIUSDT,crypto,1778025600,47.03,11.42,0.588,0.9922,2.712,0.0001,1.638,0.161,0.068632,30.034,1,1779002492
SUIUSDT,crypto,1778112000,31.75,7.67,0.397,0.9677,-2.469,0.0001,1.404,0.032,0.039072,27.901,1,1779002492
SUIUSDT,crypto,1778198400,55.91,15.54,0.699,1.0212,5.529,7e-05,1.431,0.419,-0.003414,18.224,1,1779002492
SUIUSDT,crypto,1778284800,63.85,21.61,0.798,1.0698,4.759,-4.4e-05,2.081,0.581,0.006157,11.002,1,1779002492
SUIUSDT,crypto,1778371200,77.26,30.0,0.966,1.332,24.509,4.8e-05,7.628,1.0,-0.031199,-17.508,-1,1779002492
SUIUSDT,crypto,1778457600,56.26,30.0,0.703,1.2902,-3.138,-8e-06,3.891,1.0,0.209388,-17.796,-1,1779002492
SUIUSDT,crypto,1778544000,53.28,29.64,0.666,1.2377,-4.069,7.2e-05,1.928,1.0,-0.090064,-13.905,-1,1779002492
UBUSDT,crypto,1762214400,20.59,11.55,0.257,0.06012,-8.087,0.0,0.309,0.5,0.0,-21.657,-1,1779002492
UBUSDT,crypto,1762300800,16.25,7.71,0.203,0.0556,-7.518,0.0,0.208,0.333,0.0,-13.129,-1,1779002492
UBUSDT,crypto,1762387200,27.5,5.63,0.344,0.05525,-0.629,0.0,0.126,0.25,0.0,-16.507,-1,1779002492
UBUSDT,crypto,1762473600,20.38,4.79,0.255,0.05312,-3.855,0.0,0.159,0.2,0.0,-14.721,-1,1779002492
UBUSDT,crypto,1762560000,21.53,3.97,0.269,0.05164,-2.786,0.0,0.127,0.167,0.0,-8.404,-1,1779002492
UBUSDT,crypto,1762646400,12.67,4.01,0.158,0.0471,-8.792,0.0,0.231,0.143,0.0,-12.548,-1,1779002492
UBUSDT,crypto,1762732800,32.45,3.68,0.406,0.0483,2.548,0.0,0.236,0.125,0.0,-16.17,-1,1779002492
UBUSDT,crypto,1762819200,22.62,7.88,0.283,0.04613,-4.493,0.0,0.244,0.333,0.0,-11.381,-1,1779002492
UBUSDT,crypto,1762905600,29.28,9.19,0.366,0.0453,-1.799,0.0,0.238,0.4,0.0,-8.146,-1,1779002492
UBUSDT,crypto,1762992000,44.5,12.04,0.556,0.0473,4.415,0.0,0.226,0.545,0.0,-13.594,-1,1779002492
UBUSDT,crypto,1763078400,26.2,16.02,0.328,0.04119,-12.918,0.0,0.537,0.667,0.0,-1.287,0,1779002492
UBUSDT,crypto,1763164800,33.84,14.29,0.423,0.04049,-1.699,0.0,0.089,0.692,0.0,-2.47,0,1779002492
UBUSDT,crypto,1763251200,41.3,16.29,0.516,0.04088,0.963,0.0,0.116,0.786,0.0,2.886,0,1779002492
UBUSDT,crypto,1763337600,43.3,14.61,0.541,0.04161,1.786,0.0,0.523,0.6,0.0,5.215,1,1779002492
UBUSDT,crypto,1763424000,33.22,12.77,0.415,0.04087,-1.778,0.0,0.303,0.562,0.0,12.552,1,1779002492
UBUSDT,crypto,1763510400,31.96,8.77,0.399,0.04066,-0.514,0.0,0.343,0.353,0.0,5.632,1,1779002492
UBUSDT,crypto,1763596800,23.64,4.56,0.296,0.03949,-2.878,0.0,0.467,0.111,0.0,5.622,1,1779002492
UBUSDT,crypto,1763683200,42.85,4.19,0.536,0.04206,6.508,0.0,0.628,0.053,0.0,4.066,1,1779002492
UBUSDT,crypto,1763769600,45.51,7.91,0.569,0.04378,4.089,0.0,1.383,0.05,0.0,-1.165,0,1779002492
UBUSDT,crypto,1763856000,38.83,3.57,0.485,0.046,5.071,0.0,0.523,0.048,0.0,-3.109,-1,1779002492
UBUSDT,crypto,1763942400,16.49,4.08,0.206,0.04295,-6.63,0.0,0.634,0.045,0.0,-1.839,0,1779002492
UBUSDT,crypto,1764028800,24.24,4.19,0.303,0.04171,-2.887,0.0,0.665,0.043,0.0,4.316,1,1779002492
UBUSDT,crypto,1764115200,39.27,3.86,0.491,0.04377,4.939,0.0,0.606,0.042,0.0,-0.914,0,1779002492
UBUSDT,crypto,1764201600,28.39,4.48,0.355,0.04327,-1.142,0.0,0.737,0.04,0.0,-1.063,0,1779002492
UBUSDT,crypto,1764288000,42.74,7.5,0.534,0.04457,3.004,0.0,1.346,0.038,0.0,-6.978,-1,1779002492
UBUSDT,crypto,1764374400,16.6,2.83,0.207,0.04216,-5.407,0.0,0.417,0.037,0.0,0.522,0,1779002492
UBUSDT,crypto,1764460800,34.17,2.99,0.427,0.04351,3.202,0.0,0.455,0.036,0.0,-2.482,0,1779002492
UBUSDT,crypto,1764547200,30.35,4.59,0.379,0.04337,-0.322,0.0,0.78,0.034,0.0,-4.012,-1,1779002492
UBUSDT,crypto,1764633600,25.29,3.02,0.316,0.04281,-1.291,0.0,0.471,0.033,0.0,1.121,0,1779002492
UBUSDT,crypto,1764720000,22.39,3.42,0.28,0.04146,-3.153,0.0,0.555,0.032,0.0,1.278,0,1779002492
UBUSDT,crypto,1764806400,32.79,3.25,0.41,0.04238,2.219,0.0,0.52,0.032,0.0,-0.755,0,1779002492
UBUSDT,crypto,1764892800,27.28,2.59,0.341,0.04243,0.118,0.0,0.39,0.032,0.0,3.229,1,1779002492
UBUSDT,crypto,1764979200,22.8,2.36,0.285,0.04163,-1.885,0.0,0.343,0.032,0.0,10.233,1,1779002492
UBUSDT,crypto,1765065600,36.38,3.27,0.455,0.04329,3.988,0.0,0.526,0.032,0.0,-4.089,-1,1779002492
UBUSDT,crypto,1765152000,25.12,4.64,0.314,0.04199,-3.003,0.0,0.798,0.032,0.0,1.548,0,1779002492
UBUSDT,crypto,1765238400,27.67,2.74,0.346,0.04206,0.167,0.0,0.419,0.032,0.0,-1.831,0,1779002492
UBUSDT,crypto,1765324800,37.4,3.64,0.468,0.0438,4.137,0.0,0.598,0.032,0.0,-2.991,0,1779002492
UBUSDT,crypto,1765411200,51.97,10.61,0.65,0.04589,4.772,0.0,1.863,0.065,0.0,-6.08,-1,1779002492
UBUSDT,crypto,1765497600,28.43,11.43,0.355,0.04152,-9.523,0.0,1.899,0.097,0.0,3.203,1,1779002492
UBUSDT,crypto,1765584000,32.64,2.69,0.408,0.04264,2.697,0.0,0.41,0.032,0.0,-1.993,0,1779002492
UBUSDT,crypto,1765670400,22.16,3.96,0.277,0.04129,-3.166,0.0,0.406,0.097,0.0,0.799,0,1779002492
UBUSDT,crypto,1765756800,35.35,4.49,0.442,0.04249,2.906,0.0,0.51,0.097,0.0,-9.132,-1,1779002492
UBUSDT,crypto,1765843200,39.66,8.11,0.496,0.0431,1.436,0.0,1.235,0.097,0.0,-4.919,-1,1779002492
UBUSDT,crypto,1765929600,28.62,4.61,0.358,0.04285,-0.58,0.0,0.535,0.097,0.0,-3.431,-1,1779002492
UBUSDT,crypto,1766016000,25.33,4.21,0.317,0.04179,-2.474,0.0,0.714,0.032,0.0,-3.853,-1,1779002492
UBUSDT,crypto,1766102400,30.69,5.15,0.384,0.04162,-0.407,0.0,0.772,0.065,0.0,-17.347,-1,1779002492
UBUSDT,crypto,1766188800,24.32,12.02,0.304,0.03861,-7.232,0.0,0.855,0.387,0.0,-1.994,0,1779002492
UBUSDT,crypto,1766275200,63.16,18.39,0.79,0.04098,6.138,0.0,4.644,0.419,0.0,-6.857,-1,1779002492
UBUSDT,crypto,1766361600,39.59,12.09,0.495,0.04138,0.976,0.0,0.611,0.452,0.0,-4.616,-1,1779002492
UBUSDT,crypto,1766448000,32.21,13.24,0.403,0.04018,-2.9,0.0,0.455,0.548,0.0,-5.898,-1,1779002492
UBUSDT,crypto,1766534400,43.63,26.13,0.545,0.0344,-14.385,0.0,11.593,0.806,0.0,9.07,1,1779002492
UBUSDT,crypto,1766620800,74.92,27.42,0.936,0.03784,10.0,0.0,2.412,0.871,0.0,-5.576,-1,1779002492
UBUSDT,crypto,1766707200,51.16,22.81,0.64,0.03817,0.872,0.0,0.821,0.935,0.0,-7.414,-1,1779002492
UBUSDT,crypto,1766793600,51.55,20.47,0.644,0.03947,3.406,0.0,0.353,0.935,0.0,-11.705,-1,1779002492
UBUSDT,crypto,1766880000,36.65,21.28,0.458,0.03781,-4.206,0.0,0.256,1.0,0.0,-5.792,-1,1779002492
UBUSDT,crypto,1766966400,42.78,20.91,0.535,0.03752,-0.767,0.0,0.182,1.0,0.0,-2.345,0,1779002492
UBUSDT,crypto,1767052800,37.73,22.39,0.472,0.03573,-4.771,0.0,0.477,1.0,0.0,-1.651,0,1779002492
UBUSDT,crypto,1767139200,44.15,21.59,0.552,0.03534,-1.092,0.0,0.447,0.968,0.0,3.707,1,1779002492
UBUSDT,crypto,1767225600,43.59,21.93,0.545,0.03485,-1.387,0.0,0.386,1.0,0.0,8.981,1,1779002492
UBUSDT,crypto,1767312000,51.18,22.13,0.64,0.03562,2.209,0.0,0.427,1.0,0.0,18.417,1,1779002492
UBUSDT,crypto,1767398400,53.76,22.77,0.672,0.03664,2.864,0.0,0.554,1.0,0.0,28.493,1,1779002492
UBUSDT,crypto,1767484800,36.31,21.0,0.454,0.03514,-4.094,0.0,0.199,1.0,0.0,12.834,1,1779002492
UBUSDT,crypto,1767571200,52.66,19.17,0.658,0.03665,4.297,0.0,0.479,0.839,0.0,0.955,0,1779002492
UBUSDT,crypto,1767657600,49.13,16.78,0.614,0.03798,3.629,0.0,0.518,0.71,0.0,-6.503,-1,1779002492
UBUSDT,crypto,1767744000,72.34,24.84,0.904,0.04218,11.058,0.0,3.972,0.742,0.0,-16.382,-1,1779002492
UBUSDT,crypto,1767830400,77.5,30.0,0.969,0.04708,11.617,0.0,9.458,1.0,0.0,-25.658,-1,1779002492
UBUSDT,crypto,1767916800,45.93,29.22,0.574,0.03965,-15.782,0.0,1.843,1.0,0.0,-11.173,-1,1779002492
UBUSDT,crypto,1768003200,41.24,25.41,0.516,0.037,-6.683,0.0,1.34,0.935,0.0,1.189,0,1779002492
UBUSDT,crypto,1768089600,36.47,20.04,0.456,0.03551,-4.027,0.0,0.396,0.903,0.0,6.026,1,1779002492
UBUSDT,crypto,1768176000,43.66,20.29,0.546,0.03527,-0.676,0.0,0.444,0.903,0.0,3.289,1,1779002492
UBUSDT,crypto,1768262400,40.24,18.02,0.503,0.035,-0.766,0.0,0.25,0.839,0.0,4.314,1,1779002492
UBUSDT,crypto,1768348800,43.7,19.0,0.546,0.03522,0.629,0.0,0.188,0.903,0.0,2.158,0,1779002492
UBUSDT,crypto,1768435200,57.6,19.96,0.72,0.03744,6.303,0.0,0.507,0.871,0.0,-5.849,-1,1779002492
UBUSDT,crypto,1768521600,41.66,16.76,0.521,0.03765,0.561,0.0,0.256,0.774,0.0,-4.515,-1,1779002492
UBUSDT,crypto,1768608000,35.94,18.02,0.449,0.03643,-3.24,0.0,0.379,0.806,0.0,-1.674,0,1779002492
UBUSDT,crypto,1768694400,42.58,18.21,0.532,0.03651,0.22,0.0,0.287,0.839,0.0,-4.519,-1,1779002492
UBUSDT,crypto,1768780800,37.24,16.24,0.465,0.03598,-1.452,0.0,0.28,0.742,0.0,0.417,0,1779002492
UBUSDT,crypto,1768867200,42.27,19.65,0.528,0.03525,-2.029,0.0,0.834,0.774,0.0,5.362,1,1779002492
UBUSDT,crypto,1768953600,43.1,14.12,0.539,0.03595,1.986,0.0,0.502,0.581,0.0,-3.727,-1,1779002492
UBUSDT,crypto,1769040000,37.5,13.35,0.469,0.03582,-0.362,0.0,0.476,0.548,0.0,-1.535,0,1779002492
UBUSDT,crypto,1769126400,36.45,18.04,0.456,0.03486,-2.68,0.0,0.254,0.839,0.0,-0.086,0,1779002492
UBUSDT,crypto,1769212800,43.12,12.47,0.539,0.03613,3.643,0.0,0.172,0.581,0.0,-0.609,0,1779002492
UBUSDT,crypto,1769299200,42.25,12.56,0.528,0.03714,2.795,0.0,0.319,0.548,0.0,-1.858,0,1779002492
UBUSDT,crypto,1769385600,33.54,21.69,0.419,0.03461,-6.812,0.0,0.596,0.935,0.0,7.859,1,1779002492
UBUSDT,crypto,1769472000,36.04,8.73,0.45,0.03527,1.907,0.0,0.198,0.387,0.0,2.467,0,1779002492
UBUSDT,crypto,1769558400,21.86,1.25,0.273,0.03483,-1.248,0.0,0.121,0.032,0.0,-11.197,-1,1779002492
UBUSDT,crypto,1769644800,33.88,2.91,0.424,0.03591,3.101,0.0,0.453,0.032,0.0,-2.84,0,1779002492
UBUSDT,crypto,1769731200,31.97,3.55,0.4,0.03645,1.504,0.0,0.582,0.032,0.0,-1.811,0,1779002492
UBUSDT,crypto,1769817600,49.26,11.94,0.616,0.03733,2.414,0.0,3.602,0.097,0.0,-9.483,-1,1779002492
UBUSDT,crypto,1769904000,31.36,8.58,0.392,0.03614,-3.188,0.0,1.33,0.097,0.0,-7.803,-1,1779002492
UBUSDT,crypto,1769990400,31.37,13.87,0.392,0.03093,-14.416,0.0,2.226,0.194,0.0,9.57,1,1779002492
UBUSDT,crypto,1770076800,62.02,14.52,0.775,0.03489,12.803,0.0,2.127,0.226,0.0,-2.322,0,1779002492
UBUSDT,crypto,1770163200,42.73,9.47,0.534,0.03579,2.58,0.0,1.12,0.194,0.0,0.279,0,1779002492
UBUSDT,crypto,1770249600,23.54,8.04,0.294,0.03379,-5.588,0.0,0.834,0.194,0.0,13.17,1,1779002492
UBUSDT,crypto,1770336000,34.95,10.84,0.437,0.03332,-1.391,0.0,0.878,0.323,0.0,14.016,1,1779002492
UBUSDT,crypto,1770422400,38.05,9.61,0.476,0.03389,1.711,0.0,0.503,0.355,0.0,23.724,1,1779002492
UBUSDT,crypto,1770508800,35.34,9.73,0.442,0.03408,0.561,0.0,0.398,0.387,0.0,30.37,1,1779002492
UBUSDT,crypto,1770595200,52.9,14.08,0.661,0.03589,5.311,0.0,1.139,0.419,0.0,29.479,1,1779002492
UBUSDT,crypto,1770681600,64.07,18.75,0.801,0.03824,6.548,0.0,1.944,0.452,0.0,24.765,1,1779002492
UBUSDT,crypto,1770768000,50.87,19.68,0.636,0.03799,-0.654,0.0,3.12,0.484,0.0,20.795,1,1779002492
UBUSDT,crypto,1770854400,60.67,16.75,0.758,0.04193,10.371,0.0,1.285,0.516,0.0,15.168,1,1779002492
UBUSDT,crypto,1770940800,68.86,27.22,0.861,0.04443,5.962,0.0,1.444,1.0,0.0,-7.698,-1,1779002492
UBUSDT,crypto,1771027200,57.97,23.15,0.725,0.04647,4.591,0.0,0.629,1.0,0.0,-20.077,-1,1779002492
UBUSDT,crypto,1771113600,55.28,23.72,0.691,0.04771,2.668,0.0,0.744,1.0,0.0,-16.537,-1,1779002492
UBUSDT,crypto,1771200000,39.93,22.53,0.499,0.04589,-3.815,0.0,0.506,1.0,0.0,-22.445,-1,1779002492
UBUSDT,crypto,1771286400,56.25,21.65,0.703,0.04829,5.23,0.0,0.329,1.0,0.0,-29.654,-1,1779002492
UBUSDT,crypto,1771372800,43.17,27.51,0.54,0.04101,-15.076,0.0,1.632,0.968,0.0,-12.534,-1,1779002492
UBUSDT,crypto,1771459200,33.07,22.14,0.413,0.03714,-9.437,0.0,0.686,0.935,0.0,15.832,1,1779002492
UBUSDT,crypto,1771545600,67.15,24.14,0.839,0.03982,7.216,0.0,1.216,0.903,0.0,8.162,1,1779002492
UBUSDT,crypto,1771632000,32.7,21.63,0.409,0.03559,-10.623,0.0,0.714,0.903,0.0,10.79,1,1779002492
UBUSDT,crypto,1771718400,38.69,21.04,0.484,0.03397,-4.552,0.0,0.852,0.839,0.0,10.892,1,1779002492
UBUSDT,crypto,1771804800,69.24,25.84,0.865,0.03587,5.593,0.0,1.942,0.806,0.0,-2.175,0,1779002492
UBUSDT,crypto,1771891200,72.98,25.48,0.912,0.04302,19.933,0.0,2.266,0.774,0.0,-23.989,-1,1779002492
UBUSDT,crypto,1771977600,47.49,19.48,0.594,0.04307,0.116,0.0,1.056,0.71,0.0,-20.153,-1,1779002492
UBUSDT,crypto,1772064000,36.84,21.12,0.461,0.03943,-8.451,0.0,1.644,0.645,0.0,-19.706,-1,1779002492
UBUSDT,crypto,1772150400,41.51,20.1,0.519,0.03767,-4.464,0.0,1.568,0.613,0.0,-10.937,-1,1779002492
UBUSDT,crypto,1772236800,30.97,16.89,0.387,0.03509,-6.849,0.0,1.055,0.581,0.0,1.026,0,1779002492
UBUSDT,crypto,1772323200,38.41,20.9,0.48,0.0327,-6.811,0.0,1.728,0.613,0.0,12.691,1,1779002492
UBUSDT,crypto,1772409600,55.06,17.89,0.688,0.03439,5.168,0.0,0.868,0.677,0.0,0.552,0,1779002492
UBUSDT,crypto,1772496000,29.22,18.92,0.365,0.03166,-7.938,0.0,0.559,0.806,0.0,0.916,0,1779002492
UBUSDT,crypto,1772582400,60.29,21.31,0.754,0.03355,5.97,0.0,0.908,0.839,0.0,-5.544,-1,1779002492
UBUSDT,crypto,1772668800,57.98,20.14,0.725,0.03545,5.663,0.0,0.802,0.806,0.0,-11.086,-1,1779002492
UBUSDT,crypto,1772755200,62.89,23.02,0.786,0.03685,3.949,0.0,1.894,0.677,0.0,-10.882,-1,1779002492
UBUSDT,crypto,1772841600,27.0,13.25,0.338,0.03458,-6.16,0.0,0.714,0.484,0.0,-8.415,-1,1779002492
UBUSDT,crypto,1772928000,21.95,11.1,0.274,0.03195,-7.606,0.0,0.671,0.387,0.0,-1.628,0,1779002492
UBUSDT,crypto,1773014400,33.22,8.76,0.415,0.03169,-0.814,0.0,0.719,0.258,0.0,2.051,0,1779002492
UBUSDT,crypto,1773100800,31.86,7.8,0.398,0.03152,-0.536,0.0,0.528,0.258,0.0,4.346,1,1779002492
UBUSDT,crypto,1773187200,40.45,7.37,0.506,0.03284,4.188,0.0,0.441,0.258,0.0,-2.649,0,1779002492
UBUSDT,crypto,1773273600,21.79,5.47,0.272,0.03167,-3.563,0.0,0.19,0.226,0.0,-2.684,0,1779002492
UBUSDT,crypto,1773360000,32.22,8.2,0.403,0.03143,-0.758,0.0,0.607,0.258,0.0,1.209,0,1779002492
UBUSDT,crypto,1773446400,35.45,6.48,0.443,0.03234,2.895,0.0,0.135,0.29,0.0,3.68,1,1779002492
UBUSDT,crypto,1773532800,36.6,8.25,0.458,0.03289,1.701,0.0,0.49,0.29,0.0,-1.946,0,1779002492
UBUSDT,crypto,1773619200,21.05,2.39,0.263,0.03197,-2.797,0.0,0.35,0.032,0.0,-2.815,0,1779002492
UBUSDT,crypto,1773705600,20.48,2.91,0.256,0.03082,-3.597,0.0,0.453,0.032,0.0,3.472,1,1779002492
UBUSDT,crypto,1773792000,41.68,6.7,0.521,0.03181,3.212,0.0,1.211,0.032,0.0,7.45,1,1779002492
UBUSDT,crypto,1773878400,40.77,4.05,0.51,0.03353,5.407,0.0,0.681,0.032,0.0,-3.251,-1,1779002492
UBUSDT,crypto,1773964800,27.56,6.67,0.344,0.03225,-3.817,0.0,1.205,0.032,0.0,13.054,1,1779002492
UBUSDT,crypto,1774051200,21.76,3.93,0.272,0.03107,-3.659,0.0,0.529,0.065,0.0,-0.322,0,1779002492
UBUSDT,crypto,1774137600,32.85,3.18,0.411,0.03189,2.639,0.0,0.378,0.065,0.0,-6.773,-1,1779002492
UBUSDT,crypto,1774224000,52.41,8.74,0.655,0.03418,7.181,0.0,1.361,0.097,0.0,-25.688,-1,1779002492
UBUSDT,crypto,1774310400,21.39,5.5,0.267,0.03244,-5.091,0.0,0.714,0.097,0.0,-11.529,-1,1779002492
UBUSDT,crypto,1774396800,58.08,12.55,0.726,0.03646,12.392,0.0,1.606,0.226,0.0,-31.871,-1,1779002492
UBUSDT,crypto,1774483200,28.15,10.65,0.352,0.03097,-15.058,0.0,12.852,0.032,0.0,-21.02,-1,1779002492
UBUSDT,crypto,1774569600,35.78,11.29,0.447,0.02973,-4.004,0.0,4.672,0.065,0.0,-15.91,-1,1779002492
UBUSDT,crypto,1774656000,34.6,17.1,0.432,0.0254,-14.564,0.0,3.238,0.355,0.0,-15.197,-1,1779002492
UBUSDT,crypto,1774742400,61.92,16.08,0.774,0.0287,12.992,0.0,1.668,0.387,0.0,-15.679,-1,1779002492
UBUSDT,crypto,1774828800,36.53,19.03,0.457,0.02484,-13.449,0.0,5.038,0.452,0.0,-12.56,-1,1779002492
UBUSDT,crypto,1774915200,49.06,20.62,0.613,0.02446,-1.53,0.0,1.801,0.581,0.0,-9.485,-1,1779002492
UBUSDT,crypto,1775001600,53.08,20.83,0.664,0.025,2.208,0.0,1.068,0.774,0.0,-24.36,-1,1779002492
UBUSDT,crypto,1775088000,36.52,23.22,0.457,0.02154,-13.84,0.0,1.161,0.871,0.0,2.368,0,1779002492
UBUSDT,crypto,1775174400,65.55,24.03,0.819,0.0242,12.349,0.0,0.805,1.0,0.0,-12.107,-1,1779002492
UBUSDT,crypto,1775260800,41.28,26.89,0.516,0.02172,-10.248,0.0,1.378,1.0,0.0,-13.858,-1,1779002492
UBUSDT,crypto,1775347200,53.39,23.51,0.667,0.02214,1.934,0.0,0.702,1.0,0.0,-0.181,0,1779002492
UBUSDT,crypto,1775433600,38.0,25.25,0.475,0.01891,-14.589,0.0,1.05,1.0,0.0,21.893,1,1779002492
UBUSDT,crypto,1775520000,67.65,25.07,0.846,0.02205,16.605,0.0,1.015,1.0,0.0,8.844,1,1779002492
UBUSDT,crypto,1775606400,40.32,22.45,0.504,0.02127,-3.537,0.0,0.49,1.0,0.0,11.801,1,1779002492
UBUSDT,crypto,1775692800,41.31,26.9,0.516,0.01871,-12.036,0.0,1.381,1.0,0.0,29.075,1,1779002492
UBUSDT,crypto,1775779200,66.96,24.73,0.837,0.0221,18.119,0.0,0.946,1.0,0.0,30.136,1,1779002492
UBUSDT,crypto,1775865600,63.44,25.53,0.793,0.02305,4.299,0.0,1.364,0.935,0.0,51.931,1,1779002492
UBUSDT,crypto,1775952000,53.18,19.6,0.665,0.024,4.121,0.0,0.566,0.839,0.0,68.167,1,1779002492
UBUSDT,crypto,1776038400,41.89,18.35,0.524,0.02378,-0.917,0.0,0.574,0.774,0.0,76.325,1,1779002492
UBUSDT,crypto,1776124800,47.4,17.47,0.593,0.02415,1.556,5e-05,0.914,0.645,0.0,73.623,1,1779002492
UBUSDT,crypto,1776211200,55.8,15.8,0.697,0.02876,19.089,0.000337,0.837,0.581,0.0,41.794,1,1779002492
UBUSDT,crypto,1776297600,60.13,22.16,0.752,0.03502,21.766,0.001599,1.594,0.71,0.0,37.664,1,1779002492
UBUSDT,crypto,1776384000,73.83,30.0,0.923,0.04036,15.248,0.000735,2.391,1.0,0.0,67.17,1,1779002492
UBUSDT,crypto,1776470400,63.4,26.69,0.793,0.04193,3.89,5e-05,1.337,1.0,0.0,27.069,1,1779002492
UBUSDT,crypto,1776556800,51.28,24.51,0.641,0.04193,0.0,5e-05,0.903,1.0,-0.024292,11.71,1,1779002492
UBUSDT,crypto,1776643200,42.16,22.7,0.527,0.04078,-2.743,5e-05,0.54,1.0,-0.033155,16.184,1,1779002492
UBUSDT,crypto,1776729600,63.03,22.89,0.788,0.04821,18.22,5e-05,0.578,1.0,-0.021748,2.261,0,1779002492
UBUSDT,crypto,1776816000,71.42,30.0,0.893,0.06747,39.95,0.001217,8.848,1.0,0.011402,-27.138,-1,1779002492
UBUSDT,crypto,1776902400,46.78,30.0,0.585,0.05328,-21.032,0.000144,7.389,1.0,0.114223,4.692,1,1779002492
UBUSDT,crypto,1776988800,42.46,26.96,0.531,0.04684,-12.087,5e-05,1.65,0.935,-0.157195,37.404,1,1779002492
UBUSDT,crypto,1777075200,49.17,21.34,0.615,0.04738,1.153,5e-05,0.655,0.903,-0.142509,44.745,1,1779002492
UBUSDT,crypto,1777161600,54.76,20.91,0.684,0.0493,4.052,5e-05,0.698,0.871,-0.126322,156.288,1,1779002492
UBUSDT,crypto,1777248000,42.61,18.85,0.533,0.04916,-0.284,5e-05,0.415,0.839,-0.143971,206.998,1,1779002492
UBUSDT,crypto,1777334400,58.97,18.92,0.737,0.05578,13.466,5e-05,0.559,0.806,-0.079645,110.326,1,1779002492
UBUSDT,crypto,1777420800,69.71,23.97,0.871,0.06436,15.382,5e-05,1.697,0.774,-0.025269,90.087,1,1779002492
UBUSDT,crypto,1777507200,69.56,24.19,0.869,0.06858,6.557,5e-05,3.381,0.71,0.084075,91.193,1,1779002492
UBUSDT,crypto,1777593600,78.91,30.0,0.986,0.12635,84.237,-0.000282,11.187,1.0,-0.17577,11.785,1,1779002492
UBUSDT,crypto,1777680000,77.25,30.0,0.966,0.15092,19.446,5e-05,3.965,1.0,-0.045236,-20.289,-1,1779002492
UBUSDT,crypto,1777766400,41.54,26.82,0.519,0.11732,-22.263,5e-05,1.493,0.968,-0.326885,-4.381,-1,1779002492
UBUSDT,crypto,1777852800,55.14,22.26,0.689,0.12234,4.279,0.000348,0.711,0.935,-0.029525,-5.681,-1,1779002492
UBUSDT,crypto,1777939200,57.61,20.26,0.72,0.13112,7.177,0.000342,0.44,0.903,-0.069221,0.252,0,1779002492
UBUSDT,crypto,1778025600,56.81,18.82,0.71,0.14124,7.718,0.000183,0.28,0.871,-0.014511,-3.682,-1,1779002492
UBUSDT,crypto,1778112000,25.76,17.64,0.322,0.1203,-14.826,5e-05,0.173,0.839,0.074545,41.405,1,1779002492
UBUSDT,crypto,1778198400,27.87,17.62,0.348,0.11218,-6.75,5e-05,0.299,0.806,-0.122817,89.383,1,1779002492
UBUSDT,crypto,1778284800,45.15,16.01,0.564,0.11539,2.861,5e-05,0.234,0.742,0.15096,86.359,1,1779002492
UBUSDT,crypto,1778371200,52.9,14.76,0.661,0.13145,13.918,0.000114,0.242,0.677,0.019631,75.184,1,1779002492
UBUSDT,crypto,1778457600,44.29,13.9,0.554,0.13604,3.492,0.000275,0.457,0.581,-0.007803,26.272,1,1779002492
UBUSDT,crypto,1778544000,51.9,13.13,0.649,0.17011,25.044,5e-05,0.304,0.581,0.005893,-14.044,-1,1779002492
1000PEPEUSDT,crypto,1762214400,58.27,30.0,0.728,0.0055952,-2.115,0.0,2.788,1.0,0.0,8.371,1,1779002493
1000PEPEUSDT,crypto,1762300800,58.63,25.17,0.733,0.005757,2.892,0.0,1.034,1.0,0.0,8.011,1,1779002493
1000PEPEUSDT,crypto,1762387200,46.17,25.61,0.577,0.0055398,-3.773,0.0,1.122,1.0,0.0,5.354,1,1779002493
1000PEPEUSDT,crypto,1762473600,72.21,27.35,0.903,0.0061943,11.815,0.0,1.471,1.0,0.0,-7.767,-1,1779002493
1000PEPEUSDT,crypto,1762560000,47.1,24.04,0.589,0.0060864,-1.742,0.0,0.809,1.0,0.0,-10.916,-1,1779002493
1000PEPEUSDT,crypto,1762646400,49.74,23.99,0.622,0.0060636,-0.375,0.0,0.799,1.0,0.0,-19.109,-1,1779002493
1000PEPEUSDT,crypto,1762732800,53.67,21.79,0.671,0.0062182,2.55,0.0,0.857,0.875,0.0,-19.874,-1,1779002493
1000PEPEUSDT,crypto,1762819200,38.62,24.2,0.483,0.0058364,-6.14,0.0,0.84,1.0,0.0,-16.63,-1,1779002493
1000PEPEUSDT,crypto,1762905600,47.47,24.6,0.593,0.0057132,-2.111,0.0,0.919,1.0,0.0,-17.442,-1,1779002493
1000PEPEUSDT,crypto,1762992000,44.69,26.19,0.559,0.005422,-5.097,0.0,1.238,1.0,0.0,-10.236,-1,1779002493
1000PEPEUSDT,crypto,1763078400,47.24,29.87,0.59,0.0049049,-9.537,0.0,1.974,1.0,0.0,-2.879,0,1779002493
1000PEPEUSDT,crypto,1763164800,52.9,23.62,0.661,0.0049824,1.58,0.0,0.724,1.0,0.0,-10.71,-1,1779002493
1000PEPEUSDT,crypto,1763251200,49.31,25.75,0.616,0.0048658,-2.34,0.0,1.149,1.0,0.0,-15.346,-1,1779002493
1000PEPEUSDT,crypto,1763337600,48.0,25.81,0.6,0.0047167,-3.064,0.0,1.162,1.0,0.0,-12.611,-1,1779002493
1000PEPEUSDT,crypto,1763424000,57.28,23.58,0.716,0.004867,3.187,0.0,0.965,0.938,0.0,-14.522,-1,1779002493
1000PEPEUSDT,crypto,1763510400,50.19,25.97,0.627,0.0047637,-2.122,0.0,1.194,1.0,0.0,-4.263,-1,1779002493
1000PEPEUSDT,crypto,1763596800,43.74,27.23,0.547,0.0044488,-6.61,0.0,1.446,1.0,0.0,2.848,0,1779002493
1000PEPEUSDT,crypto,1763683200,47.68,30.0,0.596,0.0041191,-7.411,0.0,2.359,1.0,0.0,13.981,1,1779002493
1000PEPEUSDT,crypto,1763769600,52.32,24.84,0.654,0.0041219,0.068,0.0,0.968,1.0,0.0,14.277,1,1779002493
1000PEPEUSDT,crypto,1763856000,50.47,23.06,0.631,0.0041602,0.929,0.0,0.611,1.0,0.0,11.273,1,1779002493
1000PEPEUSDT,crypto,1763942400,68.83,25.66,0.86,0.0045606,9.625,0.0,1.133,1.0,0.0,0.066,0,1779002493
1000PEPEUSDT,crypto,1764028800,50.96,23.9,0.637,0.0045755,0.327,0.0,0.781,1.0,0.0,-0.973,0,1779002493
1000PEPEUSDT,crypto,1764115200,55.85,24.06,0.698,0.004695,2.612,0.0,0.813,1.0,0.0,-13.721,-1,1779002493
1000PEPEUSDT,crypto,1764201600,45.16,19.4,0.565,0.0047104,0.328,0.0,0.521,0.84,0.0,-3.085,-1,1779002493
1000PEPEUSDT,crypto,1764288000,42.76,19.55,0.535,0.0046292,-1.724,0.0,0.832,0.769,0.0,3.705,1,1779002493
1000PEPEUSDT,crypto,1764374400,37.72,15.69,0.472,0.0045636,-1.417,0.0,0.472,0.667,0.0,4.35,1,1779002493
1000PEPEUSDT,crypto,1764460800,34.9,11.2,0.436,0.004531,-0.714,0.0,0.526,0.429,0.0,-3.123,-1,1779002493
1000PEPEUSDT,crypto,1764547200,28.3,13.5,0.354,0.0040508,-10.598,0.0,1.459,0.31,0.0,11.366,1,1779002493
1000PEPEUSDT,crypto,1764633600,51.02,7.76,0.638,0.0045651,12.696,0.0,1.152,0.1,0.0,-3.091,-1,1779002493
1000PEPEUSDT,crypto,1764720000,45.04,6.75,0.563,0.0048007,5.161,0.0,1.092,0.065,0.0,-1.048,0,1779002493
1000PEPEUSDT,crypto,1764806400,29.67,4.71,0.371,0.0047621,-0.804,0.0,0.814,0.032,0.0,3.923,1,1779002493
1000PEPEUSDT,crypto,1764892800,17.19,5.17,0.215,0.0043895,-7.824,0.0,0.904,0.032,0.0,5.791,1,1779002493
1000PEPEUSDT,crypto,1764979200,34.07,3.33,0.426,0.0045112,2.773,0.0,0.538,0.032,0.0,1.831,0,1779002493
1000PEPEUSDT,crypto,1765065600,28.0,5.01,0.35,0.004424,-1.933,0.0,0.872,0.032,0.0,-2.206,0,1779002493
1000PEPEUSDT,crypto,1765152000,49.67,6.53,0.621,0.0047504,7.378,0.0,1.177,0.032,0.0,-7.808,-1,1779002493
1000PEPEUSDT,crypto,1765238400,45.44,8.58,0.568,0.0049489,4.179,0.0,1.2,0.129,0.0,-15.731,-1,1779002493
1000PEPEUSDT,crypto,1765324800,25.32,9.19,0.317,0.0046437,-6.167,0.0,1.193,0.161,0.0,-12.428,-1,1779002493
1000PEPEUSDT,crypto,1765411200,30.31,5.3,0.379,0.0045938,-1.075,0.0,0.931,0.032,0.0,-10.906,-1,1779002493
1000PEPEUSDT,crypto,1765497600,21.16,5.47,0.264,0.0043264,-5.821,0.0,0.966,0.032,0.0,-9.842,-1,1779002493
1000PEPEUSDT,crypto,1765584000,30.12,2.9,0.376,0.0043795,1.227,0.0,0.452,0.032,0.0,-15.173,-1,1779002493
1000PEPEUSDT,crypto,1765670400,22.09,5.54,0.276,0.0041704,-4.775,0.0,0.72,0.097,0.0,-1.393,0,1779002493
1000PEPEUSDT,crypto,1765756800,33.9,10.12,0.424,0.0040666,-2.489,0.0,1.25,0.194,0.0,0.209,0,1779002493
1000PEPEUSDT,crypto,1765843200,41.28,12.62,0.516,0.0040928,0.644,0.0,0.975,0.387,0.0,-1.681,0,1779002493
1000PEPEUSDT,crypto,1765929600,35.36,15.97,0.442,0.0039006,-4.696,0.0,1.258,0.484,0.0,3.071,1,1779002493
1000PEPEUSDT,crypto,1766016000,39.24,18.61,0.49,0.003715,-4.758,0.0,1.528,0.548,0.0,5.892,1,1779002493
1000PEPEUSDT,crypto,1766102400,61.95,18.03,0.774,0.0041123,10.694,0.0,1.283,0.581,0.0,-3.373,-1,1779002493
1000PEPEUSDT,crypto,1766188800,37.62,14.59,0.47,0.0040751,-0.905,0.0,0.467,0.613,0.0,-4.449,-1,1779002493
1000PEPEUSDT,crypto,1766275200,39.12,16.01,0.489,0.004024,-1.254,0.0,0.622,0.645,0.0,0.211,0,1779002493
1000PEPEUSDT,crypto,1766361600,44.69,17.96,0.559,0.0040204,-0.089,0.0,0.882,0.677,0.0,4.375,1,1779002493
1000PEPEUSDT,crypto,1766448000,39.98,17.66,0.5,0.0039339,-2.152,0.0,0.823,0.677,0.0,6.136,1,1779002493
1000PEPEUSDT,crypto,1766534400,43.68,15.71,0.546,0.0039736,1.009,0.0,0.69,0.613,0.0,2.368,0,1779002493
1000PEPEUSDT,crypto,1766620800,38.97,17.66,0.487,0.0038938,-2.008,0.0,0.565,0.742,0.0,6.251,1,1779002493
1000PEPEUSDT,crypto,1766707200,52.1,18.34,0.651,0.0040325,3.562,0.0,0.829,0.71,0.0,0.0,0,1779002493
1000PEPEUSDT,crypto,1766793600,49.17,15.73,0.615,0.0041963,4.062,0.0,0.564,0.645,0.0,17.289,1,1779002493
1000PEPEUSDT,crypto,1766880000,37.51,13.17,0.469,0.0041753,-0.5,0.0,0.569,0.516,0.0,43.721,1,1779002493
1000PEPEUSDT,crypto,1766966400,33.42,11.59,0.418,0.0040677,-2.577,0.0,0.898,0.355,0.0,50.141,1,1779002493
1000PEPEUSDT,crypto,1767052800,34.59,4.98,0.432,0.0041372,1.709,0.0,0.739,0.065,0.0,73.347,1,1779002493
1000PEPEUSDT,crypto,1767139200,24.89,4.05,0.311,0.0040325,-2.531,0.0,0.68,0.032,0.0,73.706,1,1779002493
1000PEPEUSDT,crypto,1767225600,67.18,20.0,0.84,0.0049218,22.053,0.0,1.936,0.516,0.0,36.265,1,1779002493
1000PEPEUSDT,crypto,1767312000,77.5,30.0,0.969,0.0060008,21.923,0.0,5.738,1.0,0.0,9.345,1,1779002493
1000PEPEUSDT,crypto,1767398400,66.05,30.0,0.826,0.0061073,1.775,0.0,2.71,1.0,0.0,-0.377,0,1779002493
1000PEPEUSDT,crypto,1767484800,77.5,30.0,0.969,0.0071717,17.428,0.0,3.163,1.0,0.0,-14.811,-1,1779002493
1000PEPEUSDT,crypto,1767571200,57.84,30.0,0.723,0.0070047,-2.329,0.0,2.046,1.0,0.0,-15.166,-1,1779002493
1000PEPEUSDT,crypto,1767657600,49.93,27.97,0.624,0.0067067,-4.254,0.0,1.594,1.0,0.0,-13.436,-1,1779002493
1000PEPEUSDT,crypto,1767744000,52.78,27.3,0.66,0.0065616,-2.164,0.0,1.461,1.0,0.0,-12.678,-1,1779002493
1000PEPEUSDT,crypto,1767830400,39.27,25.34,0.491,0.0060843,-7.274,0.0,1.196,0.968,0.0,8.007,1,1779002493
1000PEPEUSDT,crypto,1767916800,52.14,23.44,0.652,0.0061095,0.414,0.0,1.074,0.903,0.0,2.156,0,1779002493
1000PEPEUSDT,crypto,1768003200,38.74,19.56,0.484,0.0059424,-2.735,0.0,0.429,0.871,0.0,-0.55,0,1779002493
1000PEPEUSDT,crypto,1768089600,39.41,18.82,0.493,0.0058056,-2.302,0.0,0.538,0.806,0.0,2.046,0,1779002493
1000PEPEUSDT,crypto,1768176000,42.21,18.9,0.528,0.0057297,-1.307,0.0,0.684,0.774,0.0,1.166,0,1779002493
1000PEPEUSDT,crypto,1768262400,60.61,18.97,0.758,0.0065715,14.692,0.0,0.827,0.742,0.0,-16.87,-1,1779002493
1000PEPEUSDT,crypto,1768348800,36.36,18.73,0.454,0.0062412,-5.026,0.0,1.036,0.677,0.0,-15.499,-1,1779002493
1000PEPEUSDT,crypto,1768435200,30.78,15.9,0.385,0.0059097,-5.311,0.0,0.6,0.645,0.0,-15.649,-1,1779002493
1000PEPEUSDT,crypto,1768521600,39.71,14.49,0.496,0.0059244,0.249,0.0,0.446,0.613,0.0,-13.235,-1,1779002493
1000PEPEUSDT,crypto,1768608000,32.45,12.94,0.406,0.0057965,-2.159,0.0,0.265,0.581,0.0,-14.593,-1,1779002493
1000PEPEUSDT,crypto,1768694400,26.04,12.69,0.325,0.0054629,-5.755,0.0,0.473,0.516,0.0,-8.043,-1,1779002493
1000PEPEUSDT,crypto,1768780800,33.43,13.76,0.418,0.0052739,-3.46,0.0,0.817,0.484,0.0,-5.182,-1,1779002493
1000PEPEUSDT,crypto,1768867200,26.26,11.55,0.328,0.0049849,-5.48,0.0,0.633,0.419,0.0,-5.553,-1,1779002493
1000PEPEUSDT,crypto,1768953600,46.17,12.59,0.577,0.0051403,3.117,0.0,0.969,0.387,0.0,-2.613,0,1779002493
1000PEPEUSDT,crypto,1769040000,29.09,11.18,0.364,0.0049506,-3.69,0.0,0.558,0.419,0.0,1.469,0,1779002493
1000PEPEUSDT,crypto,1769126400,40.55,11.74,0.507,0.0050235,1.473,0.0,0.671,0.419,0.0,-0.86,0,1779002493
1000PEPEUSDT,crypto,1769212800,32.69,9.42,0.409,0.0050006,-0.456,0.0,0.336,0.387,0.0,-5.365,-1,1779002493
1000PEPEUSDT,crypto,1769299200,29.48,12.89,0.368,0.0047081,-5.849,0.0,1.158,0.355,0.0,-1.517,0,1779002493
1000PEPEUSDT,crypto,1769385600,48.61,9.63,0.608,0.005006,6.327,0.0,0.765,0.29,0.0,-17.167,-1,1779002493
1000PEPEUSDT,crypto,1769472000,37.61,9.47,0.47,0.0050233,0.346,0.0,0.99,0.226,0.0,-17.248,-1,1779002493
1000PEPEUSDT,crypto,1769558400,32.74,8.23,0.409,0.0049803,-0.856,0.0,0.743,0.226,0.0,-14.708,-1,1779002493
1000PEPEUSDT,crypto,1769644800,28.74,10.68,0.359,0.0047323,-4.98,0.0,1.104,0.258,0.0,-12.941,-1,1779002493
1000PEPEUSDT,crypto,1769731200,38.74,13.04,0.484,0.0046367,-2.02,0.0,1.447,0.29,0.0,-9.349,-1,1779002493
1000PEPEUSDT,crypto,1769817600,35.89,18.39,0.449,0.0041466,-10.57,0.0,2.054,0.419,0.0,-17.347,-1,1779002493
1000PEPEUSDT,crypto,1769904000,45.22,15.95,0.565,0.0041569,0.248,0.0,1.254,0.484,0.0,-5.908,-1,1779002493
1000PEPEUSDT,crypto,1769990400,47.55,14.53,0.594,0.0042478,2.187,0.0,1.229,0.419,0.0,-9.073,-1,1779002493
1000PEPEUSDT,crypto,1770076800,37.14,13.88,0.464,0.0041199,-3.011,0.0,1.356,0.355,0.0,-8.357,-1,1779002493
1000PEPEUSDT,crypto,1770163200,45.63,13.09,0.57,0.0042032,2.022,0.0,1.199,0.355,0.0,-9.229,-1,1779002493
1000PEPEUSDT,crypto,1770249600,37.82,20.32,0.473,0.0034273,-18.46,0.0,2.33,0.516,0.0,6.428,1,1779002493
1000PEPEUSDT,crypto,1770336000,66.53,19.03,0.832,0.0039113,14.122,0.0,2.162,0.452,0.0,-8.874,-1,1779002493
1000PEPEUSDT,crypto,1770422400,39.67,15.0,0.496,0.0038624,-1.25,0.0,0.935,0.516,0.0,-3.731,-1,1779002493
1000PEPEUSDT,crypto,1770508800,35.72,14.67,0.447,0.0037756,-2.247,0.0,0.611,0.581,0.0,-0.026,0,1779002493
1000PEPEUSDT,crypto,1770595200,45.7,17.32,0.571,0.0038153,1.051,0.0,0.755,0.677,0.0,26.7,1,1779002493
1000PEPEUSDT,crypto,1770681600,35.06,17.77,0.438,0.0036476,-4.395,0.0,0.716,0.71,0.0,21.0,1,1779002493
1000PEPEUSDT,crypto,1770768000,43.54,20.55,0.544,0.0035642,-2.286,0.0,1.013,0.774,0.0,25.607,1,1779002493
1000PEPEUSDT,crypto,1770854400,54.56,19.45,0.682,0.0037183,4.324,0.0,0.793,0.774,0.0,18.226,1,1779002493
1000PEPEUSDT,crypto,1770940800,47.29,17.98,0.591,0.0037746,1.514,0.0,0.757,0.71,0.0,12.144,1,1779002493
1000PEPEUSDT,crypto,1771027200,71.8,25.21,0.897,0.004834,28.067,0.0,1.817,0.806,0.0,-12.553,-1,1779002493
1000PEPEUSDT,crypto,1771113600,39.11,21.61,0.489,0.0044136,-8.697,0.0,2.052,0.581,0.0,-3.589,-1,1779002493
1000PEPEUSDT,crypto,1771200000,42.28,12.33,0.529,0.0044769,1.434,0.0,0.917,0.387,0.0,-7.295,-1,1779002493
1000PEPEUSDT,crypto,1771286400,27.98,5.84,0.35,0.004396,-1.807,0.0,0.651,0.129,0.0,-7.809,-1,1779002493
1000PEPEUSDT,crypto,1771372800,20.9,3.23,0.261,0.004233,-3.708,0.0,0.517,0.032,0.0,-6.298,-1,1779002493
1000PEPEUSDT,crypto,1771459200,27.43,2.92,0.343,0.0042272,-0.137,0.0,0.455,0.032,0.0,-6.688,-1,1779002493
1000PEPEUSDT,crypto,1771545600,32.9,5.18,0.411,0.0042552,0.662,0.0,0.779,0.065,0.0,-2.804,0,1779002493
1000PEPEUSDT,crypto,1771632000,24.94,4.33,0.312,0.0041503,-2.465,0.0,0.608,0.065,0.0,-7.877,-1,1779002493
1000PEPEUSDT,crypto,1771718400,23.37,3.11,0.292,0.0040527,-2.352,0.0,0.493,0.032,0.0,-9.191,-1,1779002493
1000PEPEUSDT,crypto,1771804800,29.65,6.67,0.371,0.0039664,-2.129,0.0,0.948,0.097,0.0,-7.896,-1,1779002493
1000PEPEUSDT,crypto,1771891200,29.06,4.16,0.363,0.0039445,-0.552,0.0,0.702,0.032,0.0,-12.552,-1,1779002493
1000PEPEUSDT,crypto,1771977600,45.64,7.04,0.57,0.0041359,4.852,0.0,1.279,0.032,0.0,-14.998,-1,1779002493
1000PEPEUSDT,crypto,1772064000,19.37,6.58,0.242,0.0038234,-7.556,0.0,1.058,0.065,0.0,-9.541,-1,1779002493
1000PEPEUSDT,crypto,1772150400,27.29,7.11,0.341,0.0036802,-3.745,0.0,1.035,0.097,0.0,-0.853,0,1779002493
1000PEPEUSDT,crypto,1772236800,36.24,8.89,0.453,0.0036532,-0.734,0.0,1.263,0.129,0.0,-4.9,-1,1779002493
1000PEPEUSDT,crypto,1772323200,30.75,13.25,0.384,0.0034494,-5.579,0.0,1.231,0.355,0.0,-1.847,0,1779002493
1000PEPEUSDT,crypto,1772409600,47.35,14.38,0.592,0.0035156,1.919,0.0,1.327,0.387,0.0,-7.674,-1,1779002493
1000PEPEUSDT,crypto,1772496000,39.7,14.74,0.496,0.0034586,-1.621,0.0,1.141,0.452,0.0,-8.078,-1,1779002493
1000PEPEUSDT,crypto,1772582400,56.59,16.38,0.707,0.0036488,5.499,0.0,1.341,0.484,0.0,-10.579,-1,1779002493
1000PEPEUSDT,crypto,1772668800,34.26,16.15,0.428,0.0034742,-4.785,0.0,1.037,0.548,0.0,-5.089,-1,1779002493
1000PEPEUSDT,crypto,1772755200,34.26,12.94,0.428,0.0033857,-2.547,0.0,0.782,0.452,0.0,-1.704,0,1779002493
1000PEPEUSDT,crypto,1772841600,31.72,14.23,0.397,0.0032458,-4.132,0.0,0.652,0.548,0.0,3.195,1,1779002493
1000PEPEUSDT,crypto,1772928000,39.49,16.35,0.494,0.0031792,-2.052,0.0,0.948,0.581,0.0,5.961,1,1779002493
1000PEPEUSDT,crypto,1773014400,51.18,17.51,0.64,0.0032628,2.63,0.0,1.18,0.581,0.0,2.768,0,1779002493
1000PEPEUSDT,crypto,1773100800,48.67,17.51,0.608,0.0032974,1.06,0.0,1.308,0.548,0.0,4.807,1,1779002493
1000PEPEUSDT,crypto,1773187200,43.45,13.78,0.543,0.003328,0.928,-0.00024,0.821,0.484,0.0,20.493,1,1779002493
1000PEPEUSDT,crypto,1773273600,38.19,8.5,0.477,0.0033495,0.646,-0.000385,0.796,0.226,0.0,9.389,1,1779002493
1000PEPEUSDT,crypto,1773360000,38.74,8.62,0.484,0.0033687,0.573,4.2e-05,1.337,0.097,0.0,4.61,1,1779002493
1000PEPEUSDT,crypto,1773446400,30.14,3.25,0.377,0.0033531,-0.463,-0.00054,0.522,0.032,0.0,1.789,0,1779002493
1000PEPEUSDT,crypto,1773532800,36.44,3.76,0.456,0.0034559,3.066,-0.000187,0.623,0.032,0.0,-1.233,0,1779002493
1000PEPEUSDT,crypto,1773619200,58.29,11.29,0.729,0.00401,16.033,0.0001,2.956,0.065,0.0,-17.441,-1,1779002493
1000PEPEUSDT,crypto,1773705600,23.7,8.38,0.296,0.003664,-8.628,-1.6e-05,1.548,0.032,0.0,-10.609,-1,1779002493
1000PEPEUSDT,crypto,1773792000,25.85,5.83,0.323,0.003524,-3.821,6e-06,1.038,0.032,0.0,-1.978,0,1779002493
1000PEPEUSDT,crypto,1773878400,25.75,4.79,0.322,0.0034131,-3.147,-0.000122,0.829,0.032,0.0,3.46,1,1779002493
1000PEPEUSDT,crypto,1773964800,29.21,3.48,0.365,0.0034133,0.006,-7.7e-05,0.567,0.032,0.0,3.677,1,1779002493
1000PEPEUSDT,crypto,1774051200,22.64,3.3,0.283,0.0033106,-3.009,-0.00017,0.401,0.065,0.0,2.788,0,1779002493
1000PEPEUSDT,crypto,1774137600,30.4,5.62,0.38,0.0032753,-1.066,-0.000276,0.607,0.129,0.0,0.018,0,1779002493
1000PEPEUSDT,crypto,1774224000,48.33,8.5,0.604,0.0034543,5.465,-9.8e-05,1.183,0.129,0.0,-5.008,-1,1779002493
1000PEPEUSDT,crypto,1774310400,34.81,4.1,0.435,0.0035312,2.226,-6.1e-05,0.691,0.032,0.0,-7.301,-1,1779002493
1000PEPEUSDT,crypto,1774396800,31.35,5.26,0.392,0.0035388,0.215,3.5e-05,0.666,0.097,0.0,-6.262,-1,1779002493
1000PEPEUSDT,crypto,1774483200,24.12,4.99,0.302,0.0034029,-3.84,-0.00025,0.611,0.097,0.0,0.044,0,1779002493
1000PEPEUSDT,crypto,1774569600,24.99,3.83,0.312,0.0032759,-3.732,-0.000589,0.636,0.032,0.0,3.868,1,1779002493
1000PEPEUSDT,crypto,1774656000,28.03,3.13,0.35,0.0032813,0.165,8.2e-05,0.497,0.032,0.0,1.536,0,1779002493
1000PEPEUSDT,crypto,1774742400,30.53,3.49,0.382,0.0032734,-0.241,-0.000437,0.568,0.032,0.0,4.372,1,1779002493
1000PEPEUSDT,crypto,1774828800,32.47,4.22,0.406,0.0033172,1.338,0.0001,0.715,0.032,0.0,2.65,0,1779002493
1000PEPEUSDT,crypto,1774915200,36.25,4.62,0.453,0.0034044,2.629,2e-05,0.794,0.032,0.0,2.638,0,1779002493
1000PEPEUSDT,crypto,1775001600,31.48,4.6,0.394,0.0034026,-0.053,-0.000106,0.792,0.032,0.0,-2.448,0,1779002493
1000PEPEUSDT,crypto,1775088000,27.38,5.2,0.342,0.0033317,-2.084,1.4e-05,0.782,0.065,0.0,11.697,1,1779002493
1000PEPEUSDT,crypto,1775174400,35.67,4.61,0.446,0.0034165,2.545,0.0001,0.793,0.032,0.0,3.597,1,1779002493
1000PEPEUSDT,crypto,1775260800,29.55,4.43,0.369,0.0034051,-0.334,-0.00016,0.498,0.097,0.0,3.16,1,1779002493
1000PEPEUSDT,crypto,1775347200,36.32,3.82,0.454,0.0034942,2.617,-0.000319,0.634,0.032,0.0,3.832,1,1779002493
1000PEPEUSDT,crypto,1775433600,27.59,8.12,0.345,0.0033193,-5.005,0.0001,1.495,0.032,0.0,9.641,1,1779002493
1000PEPEUSDT,crypto,1775520000,57.09,10.06,0.714,0.0037214,12.114,-0.000279,1.625,0.097,0.0,-7.051,-1,1779002493
1000PEPEUSDT,crypto,1775606400,29.65,10.0,0.371,0.0035394,-4.891,0.0001,1.485,0.129,0.0,5.984,1,1779002493
1000PEPEUSDT,crypto,1775692800,38.63,9.79,0.483,0.0035127,-0.754,-0.000258,1.312,0.161,0.0,1.469,0,1779002493
1000PEPEUSDT,crypto,1775779200,44.72,9.91,0.559,0.0036281,3.285,5.8e-05,1.207,0.194,0.0,2.596,0,1779002493
1000PEPEUSDT,crypto,1775865600,39.59,10.14,0.495,0.0036393,0.309,-0.000144,1.124,0.226,0.0,9.279,1,1779002493
1000PEPEUSDT,crypto,1775952000,28.12,10.08,0.351,0.003459,-4.954,-0.000104,0.985,0.258,0.0,14.27,1,1779002493
1000PEPEUSDT,crypto,1776038400,56.6,12.71,0.708,0.0037512,8.448,0.0001,1.38,0.29,0.0,0.605,0,1779002493
1000PEPEUSDT,crypto,1776124800,32.58,13.5,0.407,0.0035643,-4.982,0.0001,1.409,0.323,0.0,2.345,0,1779002493
1000PEPEUSDT,crypto,1776211200,47.92,12.08,0.599,0.0037223,4.433,0.0001,0.996,0.355,0.0,0.865,0,1779002493
1000PEPEUSDT,crypto,1776297600,71.61,24.84,0.895,0.003977,6.843,-0.000117,2.543,0.742,0.0,-4.038,-1,1779002493
1000PEPEUSDT,crypto,1776384000,57.6,28.24,0.72,0.0039526,-0.614,3.2e-05,1.649,1.0,0.0,-4.058,-1,1779002493
1000PEPEUSDT,crypto,1776470400,40.95,23.49,0.512,0.0037739,-4.521,2.5e-05,0.827,0.968,0.0,1.399,0,1779002493
1000PEPEUSDT,crypto,1776556800,42.74,21.08,0.534,0.0036479,-3.339,-0.000177,0.99,0.806,-0.037281,5.908,1,1779002493
1000PEPEUSDT,crypto,1776643200,48.83,16.77,0.61,0.0037545,2.922,3e-05,0.773,0.645,-0.029187,2.512,0,1779002493
1000PEPEUSDT,crypto,1776729600,45.46,16.3,0.568,0.0038164,1.649,5e-06,0.679,0.645,-0.029718,2.031,0,1779002493
1000PEPEUSDT,crypto,1776816000,37.25,12.13,0.466,0.0037922,-0.634,0.0001,0.877,0.387,0.019885,3.011,1,1779002493
1000PEPEUSDT,crypto,1776902400,38.92,11.35,0.486,0.0038267,0.91,7.2e-05,0.722,0.387,-0.003556,1.346,0,1779002493
1000PEPEUSDT,crypto,1776988800,37.82,10.82,0.473,0.0038634,0.959,0.0001,0.616,0.387,-0.04771,-0.272,0,1779002493
1000PEPEUSDT,crypto,1777075200,33.21,8.97,0.415,0.0038488,-0.378,-0.000126,0.374,0.355,0.029621,0.621,0,1779002493
1000PEPEUSDT,crypto,1777161600,35.24,8.35,0.441,0.0038939,1.172,0.0001,0.509,0.29,-0.0205,1.094,0,1779002493
1000PEPEUSDT,crypto,1777248000,39.04,11.23,0.488,0.0039064,0.321,2e-05,0.955,0.323,0.019955,2.166,0,1779002493
1000PEPEUSDT,crypto,1777334400,33.51,9.38,0.419,0.0038782,-0.722,0.0001,0.714,0.29,-0.04487,1.617,0,1779002493
1000PEPEUSDT,crypto,1777420800,43.29,12.53,0.541,0.0038529,-0.652,-0.000182,1.731,0.194,0.017619,3.335,1,1779002493
1000PEPEUSDT,crypto,1777507200,34.43,7.31,0.43,0.0038727,0.514,0.0001,0.818,0.161,0.017694,6.21,1,1779002493
1000PEPEUSDT,crypto,1777593600,35.25,6.27,0.441,0.0039365,1.647,0.0001,0.738,0.129,0.008387,5.698,1,1779002493
1000PEPEUSDT,crypto,1777680000,31.03,3.78,0.388,0.003991,1.384,0.0001,0.498,0.065,0.015978,4.114,1,1779002493
1000PEPEUSDT,crypto,1777766400,26.83,4.64,0.335,0.0039409,-1.255,0.0001,0.541,0.097,0.037573,9.536,1,1779002493
1000PEPEUSDT,crypto,1777852800,38.1,7.1,0.476,0.0039814,1.028,2e-06,1.291,0.032,0.00865,6.618,1,1779002493
1000PEPEUSDT,crypto,1777939200,41.72,7.31,0.522,0.0041132,3.31,1.7e-05,1.075,0.097,-0.025978,7.194,1,1779002493
1000PEPEUSDT,crypto,1778025600,39.26,8.86,0.491,0.0041608,1.157,-0.000118,0.998,0.194,0.040935,4.312,1,1779002493
1000PEPEUSDT,crypto,1778112000,37.17,9.58,0.465,0.0041552,-0.135,-5.8e-05,1.013,0.226,-0.032717,-0.335,0,1779002493
1000PEPEUSDT,crypto,1778198400,50.59,15.89,0.632,0.0043167,3.887,0.0001,0.985,0.548,-0.034113,-6.09,-1,1779002493
1000PEPEUSDT,crypto,1778284800,35.79,13.41,0.447,0.0042449,-1.663,-2.7e-05,0.617,0.516,0.075437,-3.614,-1,1779002493
1000PEPEUSDT,crypto,1778371200,56.15,19.61,0.702,0.0044091,3.868,8.1e-05,1.341,0.645,-0.041495,-11.429,-1,1779002493
1000PEPEUSDT,crypto,1778457600,43.63,19.57,0.545,0.0043402,-1.563,8e-06,0.945,0.742,-0.068356,-13.398,-1,1779002493
1000PEPEUSDT,crypto,1778544000,36.17,18.44,0.452,0.0041413,-4.583,0.0001,0.978,0.677,0.008819,-8.934,-1,1779002493
ARCUSDT,crypto,1762214400,77.5,30.0,0.969,0.02564,8.369,0.0,3.959,1.0,0.0,17.707,1,1779002494
ARCUSDT,crypto,1762300800,56.2,23.69,0.703,0.02645,3.159,0.0,0.738,1.0,0.0,7.032,1,1779002494
ARCUSDT,crypto,1762387200,26.72,17.11,0.334,0.02267,-14.291,0.0,0.422,0.75,0.0,30.128,1,1779002494
ARCUSDT,crypto,1762473600,61.15,21.83,0.764,0.0252,11.16,0.0,0.365,1.0,0.0,19.246,1,1779002494
ARCUSDT,crypto,1762560000,62.01,22.26,0.775,0.02944,16.825,0.0,0.451,1.0,0.0,9.477,1,1779002494
ARCUSDT,crypto,1762646400,54.73,23.6,0.684,0.03018,2.514,0.0,0.72,1.0,0.0,3.115,1,1779002494
ARCUSDT,crypto,1762732800,30.04,18.72,0.375,0.02831,-6.196,0.0,0.243,0.875,0.0,4.486,1,1779002494
ARCUSDT,crypto,1762819200,48.84,16.74,0.611,0.0295,4.203,0.0,0.238,0.778,0.0,3.424,1,1779002494
ARCUSDT,crypto,1762905600,42.69,14.23,0.534,0.03005,1.864,0.0,0.447,0.6,0.0,0.233,0,1779002494
ARCUSDT,crypto,1762992000,50.97,12.43,0.637,0.03223,7.255,0.0,0.305,0.545,0.0,1.675,0,1779002494
ARCUSDT,crypto,1763078400,30.83,12.61,0.385,0.03112,-3.444,0.0,0.522,0.5,0.0,-0.835,0,1779002494
ARCUSDT,crypto,1763164800,22.14,8.61,0.277,0.02958,-4.949,0.0,0.184,0.385,0.0,-3.55,-1,1779002494
ARCUSDT,crypto,1763251200,35.36,5.43,0.442,0.03051,3.144,0.0,0.228,0.214,0.0,3.573,1,1779002494
ARCUSDT,crypto,1763337600,24.95,3.83,0.312,0.03012,-1.278,0.0,0.234,0.133,0.0,24.369,1,1779002494
ARCUSDT,crypto,1763424000,42.11,3.56,0.526,0.03277,8.798,0.0,0.211,0.125,0.0,-17.028,-1,1779002494
ARCUSDT,crypto,1763510400,13.86,2.1,0.173,0.03086,-5.829,0.0,0.184,0.059,0.0,12.508,1,1779002494
ARCUSDT,crypto,1763596800,11.05,2.33,0.138,0.02853,-7.55,0.0,0.244,0.056,0.0,27.69,1,1779002494
ARCUSDT,crypto,1763683200,42.0,2.78,0.525,0.0316,10.761,0.0,0.344,0.053,0.0,13.956,1,1779002494
ARCUSDT,crypto,1763769600,58.5,11.0,0.731,0.03746,18.544,0.0,3.459,0.05,0.0,2.242,0,1779002494
ARCUSDT,crypto,1763856000,18.37,5.91,0.23,0.02719,-27.416,0.0,0.992,0.048,0.0,66.642,1,1779002494
ARCUSDT,crypto,1763942400,58.31,11.31,0.729,0.03472,27.694,0.0,1.899,0.091,0.0,17.108,1,1779002494
ARCUSDT,crypto,1764028800,54.96,12.61,0.687,0.03643,4.925,0.0,18.309,0.13,0.0,39.446,1,1779002494
ARCUSDT,crypto,1764115200,41.03,10.83,0.513,0.03601,-1.153,0.0,6.951,0.042,0.0,17.079,1,1779002494
ARCUSDT,crypto,1764201600,54.95,10.66,0.687,0.0383,6.359,0.0,1.813,0.08,0.0,15.326,1,1779002494
ARCUSDT,crypto,1764288000,63.65,16.15,0.796,0.04531,18.303,0.0,5.998,0.308,0.0,-2.317,0,1779002494
ARCUSDT,crypto,1764374400,34.17,16.67,0.427,0.04066,-10.263,0.0,2.068,0.333,0.0,-0.172,0,1779002494
ARCUSDT,crypto,1764460800,64.02,17.19,0.8,0.0508,24.939,0.0,1.867,0.393,0.0,-20.728,-1,1779002494
ARCUSDT,crypto,1764547200,30.06,15.42,0.376,0.04216,-17.008,0.0,1.429,0.414,0.0,-5.005,-1,1779002494
ARCUSDT,crypto,1764633600,45.45,11.04,0.568,0.04417,4.768,0.0,0.474,0.433,0.0,-11.116,-1,1779002494
ARCUSDT,crypto,1764720000,37.13,11.95,0.464,0.04426,0.204,0.0,0.454,0.484,0.0,-10.958,-1,1779002494
ARCUSDT,crypto,1764806400,19.04,10.29,0.238,0.04059,-8.292,0.0,0.251,0.452,0.0,-8.992,-1,1779002494
ARCUSDT,crypto,1764892800,29.95,8.06,0.374,0.04027,-0.788,0.0,0.193,0.355,0.0,-16.067,-1,1779002494
ARCUSDT,crypto,1764979200,30.03,7.86,0.375,0.04005,-0.546,0.0,0.152,0.355,0.0,-18.577,-1,1779002494
ARCUSDT,crypto,1765065600,27.06,7.8,0.338,0.03926,-1.973,0.0,0.141,0.355,0.0,-19.435,-1,1779002494
ARCUSDT,crypto,1765152000,31.29,7.56,0.391,0.03941,0.382,0.0,0.093,0.355,0.0,-23.573,-1,1779002494
ARCUSDT,crypto,1765238400,18.24,7.36,0.228,0.03694,-6.267,0.0,0.182,0.323,0.0,-12.615,-1,1779002494
ARCUSDT,crypto,1765324800,14.17,5.92,0.177,0.0338,-8.5,0.0,0.151,0.258,0.0,18.254,1,1779002494
ARCUSDT,crypto,1765411200,21.51,5.61,0.269,0.03261,-3.521,0.0,0.089,0.258,0.0,48.911,1,1779002494
ARCUSDT,crypto,1765497600,24.37,7.49,0.305,0.03163,-3.005,0.0,0.079,0.355,0.0,14.29,1,1779002494
ARCUSDT,crypto,1765584000,19.12,5.66,0.239,0.03012,-4.774,0.0,0.1,0.258,0.0,33.201,1,1779002494
ARCUSDT,crypto,1765670400,45.86,8.38,0.573,0.03228,7.171,0.0,0.127,0.387,0.0,31.134,1,1779002494
ARCUSDT,crypto,1765756800,52.96,10.95,0.662,0.03997,23.823,0.0,0.901,0.323,0.0,12.885,1,1779002494
ARCUSDT,crypto,1765843200,57.42,14.8,0.718,0.04856,21.491,0.0,1.024,0.484,0.0,-8.567,-1,1779002494
ARCUSDT,crypto,1765929600,30.72,17.09,0.384,0.03615,-25.556,0.0,1.225,0.548,0.0,24.011,1,1779002494
ARCUSDT,crypto,1766016000,53.45,12.49,0.668,0.04012,10.982,0.0,0.692,0.452,0.0,0.05,0,1779002494
ARCUSDT,crypto,1766102400,63.84,20.32,0.798,0.04233,5.508,0.0,3.52,0.516,0.0,-2.504,0,1779002494
ARCUSDT,crypto,1766188800,45.49,7.48,0.569,0.04512,6.591,0.0,0.465,0.258,0.0,2.305,0,1779002494
ARCUSDT,crypto,1766275200,28.82,7.66,0.36,0.0444,-1.596,0.0,0.371,0.29,0.0,-1.914,0,1779002494
ARCUSDT,crypto,1766361600,33.87,7.62,0.423,0.04483,0.968,0.0,0.363,0.29,0.0,1.874,0,1779002494
ARCUSDT,crypto,1766448000,16.97,6.99,0.212,0.04014,-10.462,0.0,0.496,0.226,0.0,0.399,0,1779002494
ARCUSDT,crypto,1766534400,35.38,5.88,0.442,0.04127,2.815,0.0,0.273,0.226,0.0,-9.959,-1,1779002494
ARCUSDT,crypto,1766620800,49.01,9.95,0.613,0.04616,11.849,0.0,0.312,0.419,0.0,-24.133,-1,1779002494
ARCUSDT,crypto,1766707200,25.96,12.22,0.324,0.04355,-5.654,0.0,0.509,0.484,0.0,-18.576,-1,1779002494
ARCUSDT,crypto,1766793600,46.34,11.89,0.579,0.04567,4.868,0.0,0.443,0.484,0.0,-22.991,-1,1779002494
ARCUSDT,crypto,1766880000,20.93,11.23,0.262,0.0403,-11.758,0.0,0.439,0.452,0.0,-16.079,-1,1779002494
ARCUSDT,crypto,1766966400,18.99,9.94,0.237,0.03716,-7.792,0.0,0.31,0.419,0.0,-3.687,-1,1779002494
ARCUSDT,crypto,1767052800,21.61,9.51,0.27,0.03502,-5.759,0.0,0.224,0.419,0.0,2.998,0,1779002494
ARCUSDT,crypto,1767139200,32.5,6.32,0.406,0.03546,1.256,0.0,0.233,0.258,0.0,2.876,0,1779002494
ARCUSDT,crypto,1767225600,23.16,1.47,0.29,0.03517,-0.818,0.0,0.165,0.032,0.0,0.341,0,1779002494
ARCUSDT,crypto,1767312000,19.94,2.88,0.249,0.03382,-3.838,0.0,0.447,0.032,0.0,-3.844,-1,1779002494
ARCUSDT,crypto,1767398400,39.11,2.8,0.489,0.03579,5.825,0.0,0.432,0.032,0.0,4.359,1,1779002494
ARCUSDT,crypto,1767484800,28.13,2.68,0.352,0.03607,0.782,0.0,0.277,0.065,0.0,18.714,1,1779002494
ARCUSDT,crypto,1767571200,27.65,1.76,0.346,0.03648,1.137,0.0,0.223,0.032,0.0,20.504,1,1779002494
ARCUSDT,crypto,1767657600,19.4,2.36,0.243,0.03529,-3.262,0.0,0.214,0.065,0.0,38.935,1,1779002494
ARCUSDT,crypto,1767744000,13.51,4.62,0.169,0.03252,-7.849,0.0,0.278,0.161,0.0,50.892,1,1779002494
ARCUSDT,crypto,1767830400,50.19,7.96,0.627,0.03735,14.852,0.0,0.947,0.161,0.0,79.652,1,1779002494
ARCUSDT,crypto,1767916800,58.63,11.85,0.733,0.04282,14.645,0.0,1.855,0.129,0.0,33.536,1,1779002494
ARCUSDT,crypto,1768003200,46.52,10.64,0.582,0.04396,2.662,0.0,1.612,0.129,0.0,24.386,1,1779002494
ARCUSDT,crypto,1768089600,56.58,12.77,0.707,0.04903,11.533,0.0,1.263,0.323,0.0,5.344,1,1779002494
ARCUSDT,crypto,1768176000,48.31,18.63,0.604,0.04907,0.082,0.0,1.403,0.581,0.0,0.204,0,1779002494
ARCUSDT,crypto,1768262400,77.5,30.0,0.969,0.0671,36.743,0.0,6.667,1.0,0.0,-18.018,-1,1779002494
ARCUSDT,crypto,1768348800,47.5,30.0,0.594,0.05718,-14.784,0.0,3.275,1.0,0.0,17.244,1,1779002494
ARCUSDT,crypto,1768435200,41.6,23.92,0.52,0.05468,-4.372,0.0,0.784,1.0,0.0,49.982,1,1779002494
ARCUSDT,crypto,1768521600,36.82,22.7,0.46,0.05165,-5.541,0.0,0.54,1.0,0.0,36.283,1,1779002494
ARCUSDT,crypto,1768608000,35.99,21.55,0.45,0.04917,-4.802,0.0,0.309,1.0,0.0,27.232,1,1779002494
ARCUSDT,crypto,1768694400,64.5,23.5,0.806,0.05501,11.877,0.0,0.7,1.0,0.0,10.38,1,1779002494
ARCUSDT,crypto,1768780800,77.5,30.0,0.969,0.06704,21.869,0.0,2.336,1.0,0.0,-13.574,-1,1779002494
ARCUSDT,crypto,1768867200,77.5,30.0,0.969,0.08201,22.33,0.0,3.201,1.0,0.0,-38.447,-1,1779002494
ARCUSDT,crypto,1768953600,46.33,29.41,0.579,0.07039,-14.169,0.0,1.883,1.0,0.0,-28.569,-1,1779002494
ARCUSDT,crypto,1769040000,32.43,21.82,0.405,0.06256,-11.124,0.0,0.623,0.935,0.0,-17.503,-1,1779002494
ARCUSDT,crypto,1769126400,40.84,21.15,0.511,0.06072,-2.941,0.0,0.616,0.903,0.0,-9.914,-1,1779002494
ARCUSDT,crypto,1769212800,34.67,19.37,0.433,0.05794,-4.578,0.0,0.39,0.871,0.0,-17.087,-1,1779002494
ARCUSDT,crypto,1769299200,27.54,18.08,0.344,0.05048,-12.875,0.0,0.391,0.806,0.0,-15.947,-1,1779002494
ARCUSDT,crypto,1769385600,37.87,14.53,0.473,0.05028,-0.396,0.0,0.325,0.645,0.0,-14.081,-1,1779002494
ARCUSDT,crypto,1769472000,43.5,13.34,0.544,0.05161,2.645,0.0,0.474,0.548,0.0,-18.95,-1,1779002494
ARCUSDT,crypto,1769558400,47.37,11.61,0.592,0.0547,5.987,0.0,0.257,0.516,0.0,-14.644,-1,1779002494
ARCUSDT,crypto,1769644800,20.9,11.54,0.261,0.04804,-12.176,0.0,0.373,0.484,0.0,46.732,1,1779002494
ARCUSDT,crypto,1769731200,24.1,13.14,0.301,0.04243,-11.678,0.0,0.692,0.484,0.0,49.894,1,1779002494
ARCUSDT,crypto,1769817600,43.66,13.93,0.546,0.0432,1.815,0.0,0.721,0.516,0.0,58.079,1,1779002494
ARCUSDT,crypto,1769904000,31.64,12.9,0.396,0.04183,-3.171,0.0,0.516,0.516,0.0,90.987,1,1779002494
ARCUSDT,crypto,1769990400,54.13,13.47,0.677,0.04669,11.618,0.0,0.63,0.516,0.0,31.827,1,1779002494
ARCUSDT,crypto,1770076800,68.47,20.97,0.856,0.07049,50.975,0.0,5.251,0.548,0.0,7.646,1,1779002494
ARCUSDT,crypto,1770163200,38.47,20.97,0.481,0.0636,-9.774,0.0,15.556,0.548,0.0,0.566,0,1779002494
ARCUSDT,crypto,1770249600,68.22,20.97,0.853,0.06829,7.374,0.0,3.876,0.548,0.0,4.422,1,1779002494
ARCUSDT,crypto,1770336000,69.11,21.61,0.864,0.07989,16.986,0.0,3.569,0.581,0.0,-16.347,-1,1779002494
ARCUSDT,crypto,1770422400,38.47,20.97,0.481,0.06155,-22.957,0.0,2.212,0.548,0.0,22.226,1,1779002494
ARCUSDT,crypto,1770508800,66.96,20.54,0.837,0.07588,23.282,0.0,1.785,0.581,0.0,8.909,1,1779002494
ARCUSDT,crypto,1770595200,24.64,13.09,0.308,0.06396,-15.709,0.0,0.811,0.452,0.0,24.359,1,1779002494
ARCUSDT,crypto,1770681600,52.7,12.12,0.659,0.07131,11.492,0.0,0.617,0.452,0.0,7.993,1,1779002494
ARCUSDT,crypto,1770768000,22.83,10.96,0.285,0.06683,-6.282,0.0,0.386,0.452,0.0,18.749,1,1779002494
ARCUSDT,crypto,1770854400,52.88,12.53,0.661,0.07523,12.569,0.0,0.57,0.484,0.0,3.031,1,1779002494
ARCUSDT,crypto,1770940800,65.08,20.24,0.814,0.08264,9.85,0.0,1.468,0.645,0.0,-5.663,-1,1779002494
ARCUSDT,crypto,1771027200,32.08,14.99,0.401,0.07954,-3.751,0.0,0.418,0.645,0.0,-3.583,-1,1779002494
ARCUSDT,crypto,1771113600,30.85,13.48,0.386,0.07701,-3.181,0.0,0.245,0.613,0.0,-4.701,-1,1779002494
ARCUSDT,crypto,1771200000,42.13,12.89,0.527,0.07936,3.052,0.0,0.127,0.613,0.0,-7.233,-1,1779002494
ARCUSDT,crypto,1771286400,30.81,12.29,0.385,0.07751,-2.331,0.0,0.136,0.581,0.0,16.733,1,1779002494
ARCUSDT,crypto,1771372800,35.31,10.34,0.441,0.07796,0.581,0.0,0.262,0.452,0.0,16.432,1,1779002494
ARCUSDT,crypto,1771459200,23.79,3.89,0.297,0.07669,-1.629,0.0,0.132,0.161,0.0,34.894,1,1779002494
ARCUSDT,crypto,1771545600,15.96,1.36,0.2,0.07339,-4.303,0.0,0.142,0.032,0.0,-20.943,-1,1779002494
ARCUSDT,crypto,1771632000,25.46,1.49,0.318,0.07362,0.313,0.0,0.169,0.032,0.0,-58.503,-1,1779002494
ARCUSDT,crypto,1771718400,46.91,5.03,0.586,0.09048,22.901,0.0,0.876,0.032,0.0,-66.004,-1,1779002494
ARCUSDT,crypto,1771804800,28.73,3.44,0.359,0.09077,0.321,0.0,0.43,0.065,0.0,-69.054,-1,1779002494
ARCUSDT,crypto,1771891200,42.64,3.86,0.533,0.10345,13.969,0.0,0.256,0.129,0.0,-59.565,-1,1779002494
ARCUSDT,crypto,1771977600,30.73,13.23,0.384,0.05802,-43.915,0.0,3.472,0.161,0.0,-11.651,-1,1779002494
ARCUSDT,crypto,1772064000,41.05,23.55,0.513,0.03055,-47.346,0.0,5.112,0.677,0.0,21.44,1,1779002494
ARCUSDT,crypto,1772150400,63.87,30.0,0.798,0.03076,0.687,0.0,3.255,1.0,0.0,28.706,1,1779002494
ARCUSDT,crypto,1772236800,37.43,24.97,0.468,0.02809,-8.68,0.0,0.993,1.0,0.0,32.538,1,1779002494
ARCUSDT,crypto,1772323200,77.5,30.0,0.969,0.04183,48.914,0.0,5.836,1.0,0.0,-7.793,-1,1779002494
ARCUSDT,crypto,1772409600,77.5,30.0,0.969,0.05126,22.544,0.0,4.965,1.0,0.0,-29.419,-1,1779002494
ARCUSDT,crypto,1772496000,47.5,30.0,0.594,0.0371,-27.624,0.0,2.096,1.0,0.0,-6.173,-1,1779002494
ARCUSDT,crypto,1772582400,62.61,23.35,0.783,0.03959,6.712,0.0,0.669,1.0,0.0,-2.273,0,1779002494
ARCUSDT,crypto,1772668800,33.55,21.49,0.419,0.03723,-5.961,0.0,0.297,1.0,0.0,14.746,1,1779002494
ARCUSDT,crypto,1772755200,52.5,21.4,0.656,0.03857,3.599,0.0,0.28,1.0,0.0,8.815,1,1779002494
ARCUSDT,crypto,1772841600,31.92,20.91,0.399,0.03618,-6.197,0.0,0.182,1.0,0.0,21.752,1,1779002494
ARCUSDT,crypto,1772928000,37.08,21.08,0.463,0.03481,-3.787,0.0,0.215,1.0,0.0,22.494,1,1779002494
ARCUSDT,crypto,1773014400,60.84,21.67,0.761,0.03869,11.146,0.0,0.334,1.0,0.0,26.182,1,1779002494
ARCUSDT,crypto,1773100800,67.52,25.01,0.844,0.04272,10.416,0.0,1.002,1.0,0.0,9.129,1,1779002494
ARCUSDT,crypto,1773187200,41.63,21.32,0.52,0.04197,-1.756,0.0,0.264,1.0,0.0,2.812,0,1779002494
ARCUSDT,crypto,1773273600,53.77,20.68,0.672,0.04405,4.956,0.0,0.136,1.0,0.0,-17.367,-1,1779002494
ARCUSDT,crypto,1773360000,36.62,19.94,0.458,0.04264,-3.201,0.0,0.117,0.968,0.0,-4.62,-1,1779002494
ARCUSDT,crypto,1773446400,54.95,16.79,0.687,0.04882,14.493,0.0,0.132,0.806,0.0,-8.685,-1,1779002494
ARCUSDT,crypto,1773532800,27.92,13.99,0.349,0.04662,-4.506,0.0,0.089,0.677,0.0,3.925,1,1779002494
ARCUSDT,crypto,1773619200,13.22,5.06,0.165,0.04315,-7.443,0.0,0.109,0.226,0.0,15.388,1,1779002494
ARCUSDT,crypto,1773705600,12.63,4.5,0.158,0.0364,-15.643,0.0,0.126,0.194,0.0,32.445,1,1779002494
ARCUSDT,crypto,1773792000,43.91,5.14,0.549,0.04067,11.731,0.0,0.254,0.194,0.0,16.794,1,1779002494
ARCUSDT,crypto,1773878400,43.67,4.7,0.546,0.04458,9.614,0.0,0.295,0.161,0.0,4.89,1,1779002494
ARCUSDT,crypto,1773964800,43.1,3.77,0.539,0.04845,8.681,0.0,0.366,0.097,0.0,-7.946,-1,1779002494
ARCUSDT,crypto,1774051200,32.29,3.42,0.404,0.04979,2.766,0.0,0.168,0.129,0.0,-14.079,-1,1779002494
ARCUSDT,crypto,1774137600,20.09,3.26,0.251,0.04821,-3.173,0.0,0.135,0.129,0.0,-1.473,0,1779002494
ARCUSDT,crypto,1774224000,24.0,3.51,0.3,0.0475,-1.473,0.0,0.186,0.129,0.0,8.884,1,1779002494
ARCUSDT,crypto,1774310400,23.09,2.82,0.289,0.04676,-1.558,0.0,0.177,0.097,0.0,8.02,1,1779002494
ARCUSDT,crypto,1774396800,18.8,3.09,0.235,0.0446,-4.619,0.0,0.49,0.032,0.0,13.789,1,1779002494
ARCUSDT,crypto,1774483200,17.74,2.02,0.222,0.04278,-4.081,0.0,0.276,0.032,0.0,26.017,1,1779002494
ARCUSDT,crypto,1774569600,42.53,2.84,0.532,0.0475,11.033,0.0,0.438,0.032,0.0,15.811,1,1779002494
ARCUSDT,crypto,1774656000,58.15,10.65,0.727,0.05172,8.884,0.0,2.152,0.032,0.0,1.411,0,1779002494
ARCUSDT,crypto,1774742400,25.59,4.21,0.32,0.05051,-2.34,0.0,0.713,0.032,0.0,8.612,1,1779002494
ARCUSDT,crypto,1774828800,28.04,2.94,0.35,0.05075,0.475,0.0,0.33,0.065,0.0,8.591,1,1779002494
ARCUSDT,crypto,1774915200,43.82,5.72,0.548,0.05391,6.227,0.0,0.628,0.129,0.0,-0.297,0,1779002494
ARCUSDT,crypto,1775001600,39.13,8.21,0.489,0.05501,2.04,0.0,0.868,0.194,0.0,3.781,1,1779002494
ARCUSDT,crypto,1775088000,23.7,7.19,0.296,0.05245,-4.654,0.0,0.663,0.194,0.0,11.935,1,1779002494
ARCUSDT,crypto,1775174400,41.13,7.62,0.514,0.05486,4.595,0.0,0.364,0.29,0.0,9.46,1,1779002494
ARCUSDT,crypto,1775260800,34.39,9.04,0.43,0.05511,0.456,0.0,0.388,0.355,0.0,29.087,1,1779002494
ARCUSDT,crypto,1775347200,26.85,7.87,0.336,0.05375,-2.468,0.0,0.283,0.323,0.0,32.335,1,1779002494
ARCUSDT,crypto,1775433600,42.38,5.34,0.53,0.05709,6.214,0.0,0.423,0.161,0.0,34.367,1,1779002494
ARCUSDT,crypto,1775520000,35.09,4.75,0.439,0.05871,2.838,0.0,0.433,0.129,0.0,27.627,1,1779002494
ARCUSDT,crypto,1775606400,37.31,7.06,0.466,0.06005,2.282,0.0,0.637,0.194,0.0,20.799,1,1779002494
ARCUSDT,crypto,1775692800,61.62,18.83,0.77,0.07114,18.468,0.0,1.057,0.677,0.0,-1.181,0,1779002494
ARCUSDT,crypto,1775779200,48.78,20.57,0.61,0.07113,-0.014,0.0,1.146,0.742,0.0,-1.322,0,1779002494
ARCUSDT,crypto,1775865600,60.64,19.96,0.758,0.07671,7.845,0.0,0.636,0.839,0.0,-4.484,-1,1779002494
ARCUSDT,crypto,1775952000,42.41,20.99,0.53,0.07493,-2.32,0.0,0.714,0.871,0.0,-6.94,-1,1779002494
ARCUSDT,crypto,1776038400,40.19,21.07,0.502,0.07254,-3.19,0.0,0.601,0.903,0.0,-5.252,-1,1779002494
ARCUSDT,crypto,1776124800,38.43,20.07,0.48,0.0703,-3.088,0.000124,0.531,0.871,0.0,-6.728,-1,1779002494
ARCUSDT,crypto,1776211200,51.45,23.87,0.643,0.07019,-0.156,0.000342,1.42,0.839,0.0,-4.83,-1,1779002494
ARCUSDT,crypto,1776297600,51.53,19.74,0.644,0.07327,4.388,0.000492,0.594,0.839,0.0,-8.912,-1,1779002494
ARCUSDT,crypto,1776384000,32.02,18.11,0.4,0.06973,-4.831,0.000181,0.396,0.806,0.0,-6.31,-1,1779002494
ARCUSDT,crypto,1776470400,38.5,17.3,0.481,0.06873,-1.434,5e-05,0.364,0.774,0.0,-2.735,0,1779002494
ARCUSDT,crypto,1776556800,29.7,15.92,0.371,0.06557,-4.598,0.000249,0.345,0.71,-0.000894,-1.342,0,1779002494
ARCUSDT,crypto,1776643200,43.23,15.59,0.54,0.0668,1.876,0.000131,0.408,0.677,0.001003,0.254,0,1779002494
ARCUSDT,crypto,1776729600,37.83,15.15,0.473,0.06674,-0.09,0.000506,0.578,0.613,0.004429,3.281,1,1779002494
ARCUSDT,crypto,1776816000,31.15,12.01,0.389,0.06533,-2.113,0.000165,0.337,0.516,-1.2e-05,21.277,1,1779002494
ARCUSDT,crypto,1776902400,37.23,8.71,0.465,0.06685,2.327,5e-05,0.323,0.355,-0.001286,-0.165,0,1779002494
ARCUSDT,crypto,1776988800,27.13,7.61,0.339,0.06469,-3.231,5e-05,0.747,0.194,0.002567,16.602,1,1779002494
ARCUSDT,crypto,1777075200,35.99,3.67,0.45,0.06697,3.525,5e-05,0.604,0.032,-0.007939,11.707,1,1779002494
ARCUSDT,crypto,1777161600,31.46,2.43,0.393,0.06893,2.927,0.000222,0.358,0.032,-0.009571,9.299,1,1779002494
ARCUSDT,crypto,1777248000,54.48,10.65,0.681,0.07923,14.943,0.000733,2.554,0.032,-0.001539,-9.529,-1,1779002494
ARCUSDT,crypto,1777334400,24.28,8.84,0.303,0.06674,-15.764,5e-05,1.638,0.032,0.049086,2.442,0,1779002494
ARCUSDT,crypto,1777420800,49.6,7.9,0.62,0.07543,13.021,0.00048,1.321,0.065,-0.03701,-11.388,-1,1779002494
ARCUSDT,crypto,1777507200,40.43,11.94,0.505,0.07481,-0.822,0.000471,2.401,0.097,0.000377,-5.882,-1,1779002494
ARCUSDT,crypto,1777593600,31.45,5.28,0.393,0.07534,0.708,0.000216,0.668,0.097,0.005003,-7.34,-1,1779002494
ARCUSDT,crypto,1777680000,17.52,3.95,0.219,0.07168,-4.858,0.000373,0.532,0.065,-0.011654,-5.72,-1,1779002494
ARCUSDT,crypto,1777766400,20.41,4.34,0.255,0.06837,-4.618,5e-05,0.61,0.065,0.001408,1.975,0,1779002494
ARCUSDT,crypto,1777852800,23.95,5.96,0.299,0.06684,-2.238,0.000684,0.676,0.129,-0.010614,2.798,0,1779002494
ARCUSDT,crypto,1777939200,38.68,5.67,0.483,0.07041,5.341,0.000526,0.49,0.161,-0.01063,-10.283,-1,1779002494
ARCUSDT,crypto,1778025600,25.08,3.9,0.313,0.06981,-0.852,0.000447,0.523,0.065,-0.002473,-7.879,-1,1779002494
ARCUSDT,crypto,1778112000,22.98,5.01,0.287,0.06758,-3.194,0.000115,0.486,0.129,-0.001624,-0.326,0,1779002494
ARCUSDT,crypto,1778198400,35.01,4.5,0.438,0.06972,3.167,5e-05,0.384,0.129,-0.006236,-8.276,-1,1779002494
ARCUSDT,crypto,1778284800,22.46,2.21,0.281,0.06871,-1.449,0.000184,0.313,0.032,0.000128,-12.225,-1,1779002494
ARCUSDT,crypto,1778371200,19.08,9.77,0.238,0.06317,-8.063,0.000173,0.535,0.355,-0.00348,16.986,1,1779002494
ARCUSDT,crypto,1778457600,52.43,17.92,0.655,0.06431,1.805,9.9e-05,1.778,0.452,-0.00259,-4.105,-1,1779002494
ARCUSDT,crypto,1778544000,46.85,12.6,0.586,0.06736,4.743,0.000391,0.843,0.419,0.004615,2.865,0,1779002494
TONUSDT,crypto,1762214400,51.18,30.0,0.64,1.8997,-5.661,0.0,2.921,1.0,0.0,10.986,1,1779002494
TONUSDT,crypto,1762300800,59.72,25.57,0.746,1.9575,3.043,0.0,1.113,1.0,0.0,9.303,1,1779002494
TONUSDT,crypto,1762387200,51.06,24.32,0.638,1.9566,-0.046,0.0,0.865,1.0,0.0,3.69,1,1779002494
TONUSDT,crypto,1762473600,69.99,26.94,0.875,2.0898,6.808,0.0,1.387,1.0,0.0,-3.919,-1,1779002494
TONUSDT,crypto,1762560000,49.89,23.59,0.624,2.0921,0.11,0.0,0.717,1.0,0.0,-5.024,-1,1779002494
TONUSDT,crypto,1762646400,40.89,14.13,0.511,2.1084,0.779,0.0,0.54,0.571,0.0,-13.797,-1,1779002494
TONUSDT,crypto,1762732800,41.16,12.85,0.514,2.1396,1.48,0.0,0.57,0.5,0.0,-13.353,-1,1779002494
TONUSDT,crypto,1762819200,39.12,23.49,0.489,2.0288,-5.179,0.0,0.697,1.0,0.0,-10.178,-1,1779002494
TONUSDT,crypto,1762905600,47.4,23.48,0.592,2.0079,-1.03,0.0,0.696,1.0,0.0,-12.441,-1,1779002494
TONUSDT,crypto,1762992000,55.22,27.4,0.69,1.987,-1.041,0.0,1.48,1.0,0.0,-9.718,-1,1779002494
TONUSDT,crypto,1763078400,41.13,26.81,0.514,1.8175,-8.53,0.0,1.363,1.0,0.0,-4.886,-1,1779002494
TONUSDT,crypto,1763164800,54.55,24.02,0.682,1.8539,2.003,0.0,0.805,1.0,0.0,-15.697,-1,1779002494
TONUSDT,crypto,1763251200,46.77,23.84,0.585,1.8223,-1.705,0.0,0.767,1.0,0.0,-16.43,-1,1779002494
TONUSDT,crypto,1763337600,46.13,25.34,0.577,1.7581,-3.523,0.0,1.068,1.0,0.0,-12.838,-1,1779002494
TONUSDT,crypto,1763424000,54.68,24.05,0.683,1.7939,2.036,0.0,0.811,1.0,0.0,-18.156,-1,1779002494
TONUSDT,crypto,1763510400,44.34,24.56,0.554,1.7287,-3.635,0.0,0.911,1.0,0.0,-10.436,-1,1779002494
TONUSDT,crypto,1763596800,39.83,26.16,0.498,1.5629,-9.591,0.0,1.233,1.0,0.0,-0.243,0,1779002494
TONUSDT,crypto,1763683200,57.38,30.0,0.717,1.5229,-2.559,0.0,2.104,1.0,0.0,5.555,1,1779002494
TONUSDT,crypto,1763769600,52.12,24.19,0.652,1.5324,0.624,0.0,0.838,1.0,0.0,6.65,1,1779002494
TONUSDT,crypto,1763856000,42.64,24.26,0.533,1.4682,-4.19,0.0,0.852,1.0,0.0,7.792,1,1779002494
TONUSDT,crypto,1763942400,66.51,26.55,0.831,1.5483,5.456,0.0,1.31,1.0,0.0,1.886,0,1779002494
TONUSDT,crypto,1764028800,55.02,25.56,0.688,1.5591,0.698,0.0,1.112,1.0,0.0,2.142,0,1779002494
TONUSDT,crypto,1764115200,56.61,23.95,0.708,1.6075,3.104,0.0,0.79,1.0,0.0,-6.563,-1,1779002494
TONUSDT,crypto,1764201600,50.31,21.44,0.629,1.6343,1.667,0.0,0.608,0.92,0.0,-3.396,-1,1779002494
TONUSDT,crypto,1764288000,41.31,21.41,0.516,1.5826,-3.163,0.0,0.744,0.885,0.0,4.095,1,1779002494
TONUSDT,crypto,1764374400,42.62,18.53,0.533,1.5775,-0.322,0.0,0.447,0.815,0.0,0.856,0,1779002494
TONUSDT,crypto,1764460800,46.76,18.68,0.584,1.5925,0.951,0.0,0.735,0.75,0.0,-1.444,0,1779002494
TONUSDT,crypto,1764547200,38.22,20.1,0.478,1.502,-5.683,0.0,1.399,0.655,0.0,6.312,1,1779002494
TONUSDT,crypto,1764633600,52.9,15.75,0.661,1.5788,5.113,0.0,0.884,0.567,0.0,2.255,0,1779002494
TONUSDT,crypto,1764720000,48.77,13.3,0.61,1.6474,4.345,0.0,0.854,0.452,0.0,-1.772,0,1779002494
TONUSDT,crypto,1764806400,30.4,11.24,0.38,1.591,-3.424,0.0,0.7,0.387,0.0,4.62,1,1779002494
TONUSDT,crypto,1764892800,33.97,10.31,0.425,1.5695,-1.351,0.0,0.772,0.323,0.0,5.53,1,1779002494
TONUSDT,crypto,1764979200,32.18,3.42,0.402,1.5968,1.739,0.0,0.556,0.032,0.0,2.975,0,1779002494
TONUSDT,crypto,1765065600,35.22,5.58,0.44,1.6144,1.102,0.0,0.987,0.032,0.0,-0.372,0,1779002494
TONUSDT,crypto,1765152000,33.42,5.55,0.418,1.6182,0.235,0.0,0.981,0.032,0.0,-0.111,0,1779002494
TONUSDT,crypto,1765238400,36.56,4.49,0.457,1.6645,2.861,0.0,0.769,0.032,0.0,-7.137,-1,1779002494
TONUSDT,crypto,1765324800,30.22,5.0,0.378,1.6563,-0.493,0.0,0.741,0.065,0.0,-9.793,-1,1779002494
TONUSDT,crypto,1765411200,31.29,5.76,0.391,1.6443,-0.725,0.0,0.895,0.065,0.0,-5.857,-1,1779002494
TONUSDT,crypto,1765497600,27.99,5.57,0.35,1.6084,-2.183,0.0,0.857,0.065,0.0,-8.493,-1,1779002494
TONUSDT,crypto,1765584000,28.24,2.69,0.353,1.6164,0.497,0.0,0.41,0.032,0.0,-11.161,-1,1779002494
TONUSDT,crypto,1765670400,24.18,5.86,0.302,1.5457,-4.374,0.0,0.914,0.065,0.0,-3.681,-1,1779002494
TONUSDT,crypto,1765756800,31.39,8.75,0.392,1.4941,-3.338,0.0,1.363,0.097,0.0,-0.382,0,1779002494
TONUSDT,crypto,1765843200,43.95,8.41,0.549,1.548,3.608,0.0,1.166,0.129,0.0,-5.807,-1,1779002494
TONUSDT,crypto,1765929600,32.1,12.63,0.401,1.4718,-4.922,0.0,1.364,0.29,0.0,-0.36,0,1779002494
TONUSDT,crypto,1766016000,37.35,13.41,0.467,1.436,-2.432,0.0,1.262,0.355,0.0,3.266,1,1779002494
TONUSDT,crypto,1766102400,47.59,12.74,0.595,1.4888,3.677,0.0,1.0,0.387,0.0,0.262,0,1779002494
TONUSDT,crypto,1766188800,35.64,10.79,0.445,1.4884,-0.027,0.0,0.48,0.419,0.0,0.665,0,1779002494
TONUSDT,crypto,1766275200,33.51,12.05,0.419,1.4581,-2.036,0.0,0.604,0.452,0.0,6.364,1,1779002494
TONUSDT,crypto,1766361600,43.26,14.97,0.541,1.4665,0.576,0.0,0.929,0.516,0.0,10.61,1,1779002494
TONUSDT,crypto,1766448000,43.04,14.31,0.538,1.4829,1.118,0.0,0.798,0.516,0.0,11.376,1,1779002494
TONUSDT,crypto,1766534400,43.3,15.55,0.541,1.4927,0.661,0.0,0.787,0.581,0.0,5.132,1,1779002494
TONUSDT,crypto,1766620800,49.63,19.32,0.62,1.4983,0.375,0.0,1.412,0.613,0.0,8.376,1,1779002494
TONUSDT,crypto,1766707200,48.71,15.4,0.609,1.5509,3.511,0.0,0.758,0.581,0.0,6.951,1,1779002494
TONUSDT,crypto,1766793600,53.62,17.42,0.67,1.6221,4.591,0.0,0.904,0.645,0.0,4.365,1,1779002494
TONUSDT,crypto,1766880000,51.36,19.71,0.642,1.6516,1.819,0.0,1.103,0.71,0.0,9.07,1,1779002494
TONUSDT,crypto,1766966400,39.94,18.87,0.499,1.5693,-4.983,0.0,1.709,0.516,0.0,17.791,1,1779002494
TONUSDT,crypto,1767052800,50.93,15.26,0.637,1.6238,3.473,0.0,1.245,0.452,0.0,14.879,1,1779002494
TONUSDT,crypto,1767139200,47.39,15.46,0.592,1.6587,2.149,0.0,1.027,0.516,0.0,14.21,1,1779002494
TONUSDT,crypto,1767225600,51.7,20.93,0.646,1.6929,2.062,0.0,0.83,0.839,0.0,12.068,1,1779002494
TONUSDT,crypto,1767312000,74.03,28.71,0.925,1.8014,6.409,0.0,2.377,0.935,0.0,3.83,1,1779002494
TONUSDT,crypto,1767398400,58.97,25.62,0.737,1.8485,2.615,0.0,1.124,1.0,0.0,0.59,0,1779002494
TONUSDT,crypto,1767484800,53.22,24.44,0.665,1.8654,0.914,0.0,0.889,1.0,0.0,-6.503,-1,1779002494
TONUSDT,crypto,1767571200,57.45,25.92,0.718,1.8944,1.555,0.0,1.184,1.0,0.0,-8.14,-1,1779002494
TONUSDT,crypto,1767657600,53.16,25.18,0.665,1.8972,0.148,0.0,1.037,1.0,0.0,-7.79,-1,1779002494
TONUSDT,crypto,1767744000,49.2,24.76,0.615,1.8704,-1.413,0.0,0.952,1.0,0.0,-7.597,-1,1779002494
TONUSDT,crypto,1767830400,50.55,24.62,0.632,1.8594,-0.588,0.0,0.923,1.0,0.0,-3.238,-1,1779002494
TONUSDT,crypto,1767916800,42.16,25.06,0.527,1.7441,-6.201,0.0,1.399,0.903,0.0,0.94,0,1779002494
TONUSDT,crypto,1768003200,45.3,20.01,0.566,1.7402,-0.224,0.0,0.647,0.839,0.0,-2.982,0,1779002494
TONUSDT,crypto,1768089600,43.87,17.9,0.548,1.7494,0.529,0.0,0.483,0.774,0.0,-1.675,0,1779002494
TONUSDT,crypto,1768176000,41.99,18.37,0.525,1.7283,-1.206,0.0,0.707,0.742,0.0,0.44,0,1779002494
TONUSDT,crypto,1768262400,53.05,17.95,0.663,1.7992,4.102,0.0,0.879,0.677,0.0,-7.526,-1,1779002494
TONUSDT,crypto,1768348800,40.16,17.43,0.502,1.7605,-2.151,0.0,0.905,0.645,0.0,-9.912,-1,1779002494
TONUSDT,crypto,1768435200,35.99,16.65,0.45,1.6883,-4.101,0.0,1.008,0.581,0.0,-10.17,-1,1779002494
TONUSDT,crypto,1768521600,46.58,15.64,0.582,1.7201,1.884,0.0,0.935,0.548,0.0,-9.279,-1,1779002494
TONUSDT,crypto,1768608000,39.1,12.54,0.489,1.7359,0.919,0.0,0.444,0.516,0.0,-11.222,-1,1779002494
TONUSDT,crypto,1768694400,24.94,7.63,0.312,1.6638,-4.153,0.0,0.623,0.226,0.0,-7.976,-1,1779002494
TONUSDT,crypto,1768780800,35.15,15.2,0.439,1.586,-4.676,0.0,1.362,0.419,0.0,-3.14,-1,1779002494
TONUSDT,crypto,1768867200,34.92,16.39,0.437,1.5166,-4.376,0.0,0.956,0.581,0.0,-0.765,0,1779002494
TONUSDT,crypto,1768953600,49.45,17.03,0.618,1.5605,2.895,0.0,0.826,0.645,0.0,-2.339,0,1779002494
TONUSDT,crypto,1769040000,38.25,15.57,0.478,1.5411,-1.243,0.0,0.533,0.645,0.0,-1.343,0,1779002494
TONUSDT,crypto,1769126400,41.73,17.04,0.522,1.5311,-0.649,0.0,0.698,0.677,0.0,0.287,0,1779002494
TONUSDT,crypto,1769212800,40.53,15.46,0.507,1.5362,0.333,0.0,0.382,0.677,0.0,-5.273,-1,1779002494
TONUSDT,crypto,1769299200,39.92,17.84,0.499,1.505,-2.031,0.0,0.729,0.71,0.0,-3.176,-1,1779002494
TONUSDT,crypto,1769385600,43.61,15.1,0.545,1.524,1.262,0.0,0.698,0.581,0.0,-11.378,-1,1779002494
TONUSDT,crypto,1769472000,39.08,13.69,0.488,1.5204,-0.236,0.0,0.673,0.516,0.0,-12.142,-1,1779002494
TONUSDT,crypto,1769558400,40.91,12.73,0.511,1.5355,0.993,0.0,0.739,0.452,0.0,-11.123,-1,1779002494
TONUSDT,crypto,1769644800,37.18,17.09,0.465,1.4552,-5.23,0.0,1.611,0.452,0.0,-3.993,-1,1779002494
TONUSDT,crypto,1769731200,44.66,16.11,0.558,1.4572,0.137,0.0,1.157,0.516,0.0,-4.68,-1,1779002494
TONUSDT,crypto,1769817600,42.06,24.19,0.526,1.3506,-7.315,0.0,2.061,0.71,0.0,-6.804,-1,1779002494
TONUSDT,crypto,1769904000,48.64,21.59,0.608,1.3358,-1.096,0.0,1.349,0.742,0.0,4.462,1,1779002494
TONUSDT,crypto,1769990400,52.85,20.11,0.661,1.3647,2.163,0.0,1.183,0.71,0.0,4.162,1,1779002494
TONUSDT,crypto,1770076800,54.2,19.61,0.678,1.3971,2.374,0.0,1.47,0.613,0.0,0.107,0,1779002494
TONUSDT,crypto,1770163200,47.3,19.11,0.591,1.389,-0.58,0.0,1.37,0.613,0.0,-2.21,0,1779002494
TONUSDT,crypto,1770249600,42.34,24.84,0.529,1.2587,-9.381,0.0,2.777,0.742,0.0,6.252,1,1779002494
TONUSDT,crypto,1770336000,65.24,17.74,0.816,1.3954,10.86,0.0,2.848,0.387,0.0,-5.905,-1,1779002494
TONUSDT,crypto,1770422400,48.01,13.14,0.6,1.4215,1.87,0.0,1.726,0.226,0.0,-2.216,0,1779002494
TONUSDT,crypto,1770508800,30.84,8.04,0.385,1.3986,-1.611,0.0,0.704,0.226,0.0,3.947,1,1779002494
TONUSDT,crypto,1770595200,29.63,9.03,0.37,1.3583,-2.881,0.0,0.773,0.258,0.0,10.322,1,1779002494
TONUSDT,crypto,1770681600,30.96,8.35,0.387,1.3374,-1.539,0.0,0.638,0.258,0.0,9.892,1,1779002494
TONUSDT,crypto,1770768000,33.53,10.24,0.419,1.313,-1.824,0.0,0.887,0.29,0.0,10.312,1,1779002494
TONUSDT,crypto,1770854400,47.47,8.56,0.593,1.39,5.864,0.0,0.937,0.194,0.0,2.525,0,1779002494
TONUSDT,crypto,1770940800,43.87,7.38,0.548,1.4538,4.59,0.0,0.961,0.129,0.0,-2.779,0,1779002494
TONUSDT,crypto,1771027200,36.84,5.39,0.461,1.4985,3.075,0.0,0.561,0.129,0.0,-8.856,-1,1779002494
TONUSDT,crypto,1771113600,27.23,5.26,0.34,1.4697,-1.922,0.0,0.664,0.097,0.0,-9.539,-1,1779002494
TONUSDT,crypto,1771200000,27.89,4.79,0.349,1.4484,-1.449,0.0,0.699,0.065,0.0,-7.325,-1,1779002494
TONUSDT,crypto,1771286400,25.11,3.24,0.314,1.4251,-1.609,0.0,0.518,0.032,0.0,-5.684,-1,1779002494
TONUSDT,crypto,1771372800,26.41,3.1,0.33,1.4134,-0.821,0.0,0.491,0.032,0.0,-5.002,-1,1779002494
TONUSDT,crypto,1771459200,23.75,4.32,0.297,1.3658,-3.368,0.0,0.734,0.032,0.0,-5.543,-1,1779002494
TONUSDT,crypto,1771545600,26.51,5.31,0.331,1.3295,-2.658,0.0,0.804,0.065,0.0,-3.603,-1,1779002494
TONUSDT,crypto,1771632000,31.07,3.97,0.388,1.3423,0.963,0.0,0.536,0.065,0.0,-3.554,-1,1779002494
TONUSDT,crypto,1771718400,30.42,5.12,0.38,1.3441,0.134,0.0,0.507,0.129,0.0,-3.378,-1,1779002494
TONUSDT,crypto,1771804800,34.96,8.27,0.437,1.3427,-0.104,0.0,0.88,0.194,0.0,-4.647,-1,1779002494
TONUSDT,crypto,1771891200,29.23,9.86,0.365,1.2901,-3.917,0.0,0.94,0.258,0.0,-6.968,-1,1779002494
TONUSDT,crypto,1771977600,39.53,11.75,0.494,1.2816,-0.659,0.0,1.318,0.258,0.0,-4.221,-1,1779002494
TONUSDT,crypto,1772064000,43.91,12.92,0.549,1.2946,1.014,0.0,1.293,0.323,0.0,-3.337,-1,1779002494
TONUSDT,crypto,1772150400,39.85,11.91,0.498,1.2987,0.317,0.0,0.962,0.355,0.0,0.3,0,1779002494
TONUSDT,crypto,1772236800,38.69,13.7,0.484,1.2803,-1.417,0.0,1.063,0.419,0.0,5.186,1,1779002494
TONUSDT,crypto,1772323200,33.9,17.44,0.424,1.2002,-6.256,0.0,1.294,0.548,0.0,11.698,1,1779002494
TONUSDT,crypto,1772409600,54.92,21.35,0.686,1.2275,2.275,0.0,1.303,0.742,0.0,7.69,1,1779002494
TONUSDT,crypto,1772496000,53.71,21.72,0.671,1.2514,1.947,0.0,1.119,0.806,0.0,4.859,1,1779002494
TONUSDT,crypto,1772582400,58.61,22.35,0.733,1.3026,4.091,0.0,1.115,0.839,0.0,1.958,0,1779002494
TONUSDT,crypto,1772668800,56.57,20.75,0.707,1.3467,3.386,0.0,1.311,0.71,0.0,-2.265,0,1779002494
TONUSDT,crypto,1772755200,40.35,14.22,0.504,1.3406,-0.453,0.0,0.908,0.484,0.0,-0.5,0,1779002494
TONUSDT,crypto,1772841600,33.0,10.52,0.412,1.3219,-1.395,0.0,0.555,0.387,0.0,-1.112,0,1779002494
TONUSDT,crypto,1772928000,31.58,6.56,0.395,1.3122,-0.734,0.0,0.796,0.129,0.0,-0.046,0,1779002494
TONUSDT,crypto,1773014400,33.31,4.52,0.416,1.3281,1.212,0.0,0.774,0.032,0.0,-2.153,0,1779002494
TONUSDT,crypto,1773100800,28.96,4.45,0.362,1.3162,-0.896,0.0,0.761,0.032,0.0,-0.828,0,1779002494
TONUSDT,crypto,1773187200,32.7,4.08,0.409,1.3339,1.345,0.0,0.687,0.032,0.0,-0.187,0,1779002494
TONUSDT,crypto,1773273600,27.27,4.71,0.341,1.3072,-2.002,0.0,0.813,0.032,0.0,2.517,0,1779002494
TONUSDT,crypto,1773360000,33.32,5.4,0.417,1.3116,0.337,0.0,0.95,0.032,0.0,-0.991,0,1779002494
TONUSDT,crypto,1773446400,25.65,2.82,0.321,1.2995,-0.923,0.0,0.435,0.032,0.0,-5.91,-1,1779002494
TONUSDT,crypto,1773532800,29.23,3.24,0.365,1.3053,0.446,0.0,0.519,0.032,0.0,-3.723,-1,1779002494
TONUSDT,crypto,1773619200,36.37,5.58,0.455,1.3314,2.0,0.0,0.859,0.065,0.0,-6.181,-1,1779002494
TONUSDT,crypto,1773705600,34.32,6.55,0.429,1.3401,0.653,0.0,0.793,0.129,0.0,-6.805,-1,1779002494
TONUSDT,crypto,1773792000,28.89,7.58,0.361,1.2986,-3.097,0.0,1.0,0.129,0.0,1.44,0,1779002494
TONUSDT,crypto,1773878400,26.5,10.75,0.331,1.2227,-5.845,0.0,0.989,0.29,0.0,8.007,1,1779002494
TONUSDT,crypto,1773964800,49.1,14.07,0.614,1.2567,2.781,0.0,1.394,0.355,0.0,5.666,1,1779002494
TONUSDT,crypto,1774051200,32.66,7.62,0.408,1.2491,-0.605,0.0,0.75,0.194,0.0,0.921,0,1779002494
TONUSDT,crypto,1774137600,31.26,4.72,0.391,1.2489,-0.016,0.0,0.815,0.032,0.0,-2.578,0,1779002494
TONUSDT,crypto,1774224000,45.98,6.59,0.575,1.3173,5.477,0.0,1.188,0.032,0.0,-6.126,-1,1779002494
TONUSDT,crypto,1774310400,34.05,6.17,0.426,1.3206,0.251,0.0,0.976,0.065,0.0,-7.784,-1,1779002494
TONUSDT,crypto,1774396800,31.18,4.11,0.39,1.3279,0.553,0.0,0.693,0.032,0.0,-7.779,-1,1779002494
TONUSDT,crypto,1774483200,22.06,5.49,0.276,1.2606,-5.068,0.0,0.841,0.065,0.0,-3.308,-1,1779002494
TONUSDT,crypto,1774569600,35.86,14.03,0.448,1.2167,-3.482,0.0,1.258,0.387,0.0,1.562,0,1779002494
TONUSDT,crypto,1774656000,43.57,14.06,0.545,1.2366,1.636,0.0,0.748,0.516,0.0,-0.388,0,1779002494
TONUSDT,crypto,1774742400,37.59,15.2,0.47,1.2178,-1.52,0.0,0.588,0.613,0.0,1.782,0,1779002494
TONUSDT,crypto,1774828800,46.65,18.29,0.583,1.2246,0.558,0.0,0.948,0.677,0.0,1.062,0,1779002494
TONUSDT,crypto,1774915200,43.29,17.96,0.541,1.2189,-0.465,0.0,0.753,0.71,0.0,2.617,0,1779002494
TONUSDT,crypto,1775001600,48.61,19.09,0.608,1.2357,1.378,0.0,0.851,0.742,0.0,-0.081,0,1779002494
TONUSDT,crypto,1775088000,45.36,19.16,0.567,1.2318,-0.316,0.0,0.865,0.742,0.0,1.161,0,1779002494
TONUSDT,crypto,1775174400,46.89,18.99,0.586,1.2395,0.625,0.0,0.83,0.742,0.0,-0.532,0,1779002494
TONUSDT,crypto,1775260800,40.12,16.06,0.501,1.2376,-0.153,0.0,0.373,0.71,0.0,0.719,0,1779002494
TONUSDT,crypto,1775347200,44.03,15.18,0.55,1.2508,1.067,0.0,0.843,0.548,0.0,4.421,1,1779002494
TONUSDT,crypto,1775433600,36.32,10.46,0.454,1.2347,-1.287,0.0,1.188,0.226,0.0,17.778,1,1779002494
TONUSDT,crypto,1775520000,37.61,8.25,0.47,1.2461,0.923,0.0,1.004,0.161,0.0,16.195,1,1779002494
TONUSDT,crypto,1775606400,34.59,8.72,0.432,1.2329,-1.059,0.0,1.099,0.161,0.0,16.335,1,1779002494
TONUSDT,crypto,1775692800,47.93,13.23,0.599,1.2465,1.103,0.0,2.703,0.161,0.0,11.817,1,1779002494
TONUSDT,crypto,1775779200,52.52,13.78,0.657,1.3061,4.781,0.0,1.336,0.355,0.0,7.656,1,1779002494
TONUSDT,crypto,1775865600,77.5,30.0,0.969,1.4542,11.339,0.0,4.805,1.0,0.0,-1.527,0,1779002494
TONUSDT,crypto,1775952000,61.63,30.0,0.77,1.4479,-0.433,0.0,2.343,1.0,0.0,-2.265,0,1779002494
TONUSDT,crypto,1776038400,55.11,27.24,0.689,1.4343,-0.939,0.0,1.449,1.0,0.0,-8.583,-1,1779002494
TONUSDT,crypto,1776124800,47.28,25.3,0.591,1.3938,-2.824,3.5e-05,1.06,1.0,0.0,-7.727,-1,1779002494
TONUSDT,crypto,1776211200,52.24,23.99,0.653,1.4061,0.882,-1e-06,0.797,1.0,0.0,-4.175,-1,1779002494
TONUSDT,crypto,1776297600,54.76,24.17,0.684,1.432,1.842,-4.7e-05,0.834,1.0,0.0,-4.944,-1,1779002494
TONUSDT,crypto,1776384000,51.93,25.68,0.649,1.4151,-1.18,-8.7e-05,1.135,1.0,0.0,-3.83,-1,1779002494
TONUSDT,crypto,1776470400,36.33,23.31,0.454,1.3112,-7.342,-0.00012,0.921,0.935,0.0,1.533,0,1779002494
TONUSDT,crypto,1776556800,47.21,23.33,0.59,1.2861,-1.914,1e-05,1.053,0.903,-0.038255,3.802,1,1779002494
TONUSDT,crypto,1776643200,56.16,20.19,0.702,1.3474,4.766,-0.000103,0.684,0.839,-0.032293,-2.278,0,1779002494
TONUSDT,crypto,1776729600,50.02,20.47,0.625,1.3612,1.024,-3e-06,0.997,0.774,-0.037488,-3.401,-1,1779002494
TONUSDT,crypto,1776816000,41.79,17.15,0.522,1.3609,-0.022,2.4e-05,0.462,0.742,-0.081778,-4.078,-1,1779002494
TONUSDT,crypto,1776902400,39.28,17.25,0.491,1.3313,-2.175,-3.4e-05,0.741,0.677,-0.026366,-2.208,0,1779002494
TONUSDT,crypto,1776988800,43.36,16.59,0.542,1.335,0.278,-5e-06,0.737,0.645,0.021521,-1.116,0,1779002494
TONUSDT,crypto,1777075200,37.48,14.23,0.469,1.3167,-1.371,-0.000175,0.524,0.581,0.015579,1.359,0,1779002494
TONUSDT,crypto,1777161600,40.28,14.12,0.504,1.3149,-0.137,-0.000156,0.631,0.548,-0.061936,0.357,0,1779002494
TONUSDT,crypto,1777248000,39.64,14.39,0.496,1.3054,-0.722,-2.7e-05,0.813,0.516,-0.003111,2.842,0,1779002494
TONUSDT,crypto,1777334400,39.39,13.25,0.492,1.3019,-0.268,8e-06,0.844,0.452,-0.009211,3.841,1,1779002494
TONUSDT,crypto,1777420800,52.84,17.76,0.661,1.3201,1.398,-8.2e-05,1.875,0.419,-0.016273,25.104,1,1779002494
TONUSDT,crypto,1777507200,38.71,10.93,0.484,1.3346,1.098,1.9e-05,0.637,0.387,0.020561,46.156,1,1779002494
TONUSDT,crypto,1777593600,34.7,10.69,0.434,1.3196,-1.124,-3e-05,0.72,0.355,0.006165,85.708,1,1779002494
TONUSDT,crypto,1777680000,36.47,7.14,0.456,1.3425,1.735,-0.000149,0.524,0.226,-0.016694,102.078,1,1779002494
TONUSDT,crypto,1777766400,34.55,7.27,0.432,1.3519,0.7,2e-06,0.679,0.194,-0.002804,86.138,1,1779002494
TONUSDT,crypto,1777852800,70.38,22.9,0.88,1.6515,22.161,4e-06,5.62,0.645,-0.018596,47.321,1,1779002494
TONUSDT,crypto,1777939200,77.34,30.0,0.967,1.9506,18.111,3.2e-05,17.632,1.0,0.224184,27.233,1,1779002494
TONUSDT,crypto,1778025600,77.57,30.0,0.97,2.4506,25.633,-1.4e-05,13.232,1.0,0.299204,-0.992,0,1779002494
TONUSDT,crypto,1778112000,77.57,30.0,0.97,2.7129,10.704,-1.4e-05,8.591,1.0,0.149414,-15.644,-1,1779002494
TONUSDT,crypto,1778198400,47.76,30.0,0.597,2.5164,-7.243,5e-05,3.008,1.0,0.094918,-16.524,-1,1779002494
TONUSDT,crypto,1778284800,52.14,28.21,0.652,2.433,-3.314,2.9e-05,1.642,1.0,-0.055358,-12.569,-1,1779002494
TONUSDT,crypto,1778371200,62.39,28.02,0.78,2.4818,2.006,3.1e-05,1.604,1.0,0.037098,-21.343,-1,1779002494
TONUSDT,crypto,1778457600,49.3,25.73,0.616,2.4263,-2.236,3.5e-05,1.145,1.0,0.03169,-21.411,-1,1779002494
TONUSDT,crypto,1778544000,41.31,24.34,0.516,2.2885,-5.679,-3.8e-05,1.126,0.935,-0.00529,-15.6,-1,1779002494
STORJUSDT,crypto,1762214400,43.23,25.31,0.54,0.146,-4.948,0.0,1.063,1.0,0.0,20.342,1,1779002495
STORJUSDT,crypto,1762300800,50.5,21.88,0.631,0.1491,2.123,0.0,0.375,1.0,0.0,16.834,1,1779002495
STORJUSDT,crypto,1762387200,72.5,25.0,0.906,0.1735,16.365,0.0,3.483,0.75,0.0,-3.343,-1,1779002495
STORJUSDT,crypto,1762473600,77.5,30.0,0.969,0.2049,18.098,0.0,11.038,1.0,0.0,-17.082,-1,1779002495
STORJUSDT,crypto,1762560000,47.5,30.0,0.594,0.1802,-12.055,0.0,2.036,1.0,0.0,-8.38,-1,1779002495
STORJUSDT,crypto,1762646400,38.68,17.73,0.484,0.1757,-2.497,0.0,0.689,0.714,0.0,-8.31,-1,1779002495
STORJUSDT,crypto,1762732800,38.02,14.87,0.475,0.1742,-0.854,0.0,0.473,0.625,0.0,-7.176,-1,1779002495
STORJUSDT,crypto,1762819200,38.55,18.43,0.482,0.1677,-3.731,0.0,1.018,0.667,0.0,-3.876,-1,1779002495
STORJUSDT,crypto,1762905600,42.09,14.48,0.526,0.1699,1.312,0.0,0.497,0.6,0.0,-6.533,-1,1779002495
STORJUSDT,crypto,1762992000,36.49,17.09,0.456,0.1651,-2.825,0.0,0.509,0.727,0.0,-2.302,0,1779002495
STORJUSDT,crypto,1763078400,36.28,16.82,0.454,0.1611,-2.423,0.0,0.363,0.75,0.0,-0.062,0,1779002495
STORJUSDT,crypto,1763164800,33.15,8.8,0.414,0.1617,0.372,0.0,0.221,0.385,0.0,-3.278,-1,1779002495
STORJUSDT,crypto,1763251200,31.42,8.34,0.393,0.1612,-0.309,0.0,0.24,0.357,0.0,-8.313,-1,1779002495
STORJUSDT,crypto,1763337600,33.97,12.56,0.425,0.1588,-1.489,0.0,0.378,0.533,0.0,-6.486,-1,1779002495
STORJUSDT,crypto,1763424000,42.83,15.47,0.535,0.1613,1.574,0.0,0.343,0.688,0.0,-7.688,-1,1779002495
STORJUSDT,crypto,1763510400,40.83,16.41,0.51,0.161,-0.186,0.0,0.458,0.706,0.0,-4.41,-1,1779002495
STORJUSDT,crypto,1763596800,36.91,18.39,0.461,0.1564,-2.857,0.0,0.345,0.833,0.0,0.128,0,1779002495
STORJUSDT,crypto,1763683200,35.73,22.11,0.447,0.1478,-5.499,0.0,0.422,1.0,0.0,3.924,1,1779002495
STORJUSDT,crypto,1763769600,45.07,20.81,0.563,0.1485,0.474,0.0,0.163,1.0,0.0,4.781,1,1779002495
STORJUSDT,crypto,1763856000,48.79,22.87,0.61,0.1489,0.269,0.0,0.575,1.0,0.0,2.552,0,1779002495
STORJUSDT,crypto,1763942400,50.37,19.67,0.63,0.1539,3.358,0.0,0.297,0.909,0.0,-1.689,0,1779002495
STORJUSDT,crypto,1764028800,44.72,17.62,0.559,0.1566,1.754,0.0,0.219,0.826,0.0,-5.492,-1,1779002495
STORJUSDT,crypto,1764115200,37.81,17.9,0.473,0.1536,-1.916,0.0,0.248,0.833,0.0,-6.25,-1,1779002495
STORJUSDT,crypto,1764201600,29.96,3.23,0.375,0.1556,1.302,0.0,0.326,0.08,0.0,-1.735,0,1779002495
STORJUSDT,crypto,1764288000,24.18,3.47,0.302,0.1527,-1.864,0.0,0.387,0.077,0.0,-0.131,0,1779002495
STORJUSDT,crypto,1764374400,26.95,3.89,0.337,0.1513,-0.917,0.0,0.481,0.074,0.0,-1.917,0,1779002495
STORJUSDT,crypto,1764460800,26.11,4.34,0.326,0.148,-2.181,0.0,0.726,0.036,0.0,-3.514,-1,1779002495
STORJUSDT,crypto,1764547200,31.34,7.81,0.392,0.144,-2.703,0.0,1.287,0.069,0.0,0.278,0,1779002495
STORJUSDT,crypto,1764633600,42.99,4.4,0.537,0.1529,6.181,0.0,0.746,0.033,0.0,-7.587,-1,1779002495
STORJUSDT,crypto,1764720000,29.33,4.0,0.367,0.1525,-0.262,0.0,0.67,0.032,0.0,-7.672,-1,1779002495
STORJUSDT,crypto,1764806400,23.52,3.52,0.294,0.1484,-2.689,0.0,0.576,0.032,0.0,-1.415,0,1779002495
STORJUSDT,crypto,1764892800,26.25,6.61,0.328,0.1428,-3.774,0.0,0.936,0.097,0.0,-1.961,0,1779002495
STORJUSDT,crypto,1764979200,30.2,3.7,0.378,0.1444,1.12,0.0,0.353,0.097,0.0,-4.294,-1,1779002495
STORJUSDT,crypto,1765065600,26.36,5.69,0.329,0.1413,-2.147,0.0,0.492,0.161,0.0,-1.628,0,1779002495
STORJUSDT,crypto,1765152000,29.76,5.6,0.372,0.1408,-0.354,0.0,0.474,0.161,0.0,-1.065,0,1779002495
STORJUSDT,crypto,1765238400,39.67,5.0,0.496,0.1463,3.906,0.0,0.871,0.032,0.0,-9.159,-1,1779002495
STORJUSDT,crypto,1765324800,28.86,8.45,0.361,0.14,-4.306,0.0,1.304,0.097,0.0,-10.286,-1,1779002495
STORJUSDT,crypto,1765411200,32.6,9.56,0.407,0.1382,-1.286,0.0,0.622,0.323,0.0,-10.709,-1,1779002495
STORJUSDT,crypto,1765497600,39.82,11.63,0.498,0.139,0.579,0.0,0.907,0.355,0.0,-16.691,-1,1779002495
STORJUSDT,crypto,1765584000,35.08,10.27,0.439,0.1393,0.216,0.0,0.376,0.419,0.0,-20.316,-1,1779002495
STORJUSDT,crypto,1765670400,30.92,13.96,0.386,0.1329,-4.594,0.0,0.728,0.516,0.0,-10.91,-1,1779002495
STORJUSDT,crypto,1765756800,33.77,16.93,0.422,0.1256,-5.493,0.0,1.064,0.581,0.0,-6.529,-1,1779002495
STORJUSDT,crypto,1765843200,42.65,18.28,0.533,0.1234,-1.752,0.0,1.075,0.645,0.0,-7.78,-1,1779002495
STORJUSDT,crypto,1765929600,33.02,18.19,0.413,0.1158,-6.159,0.0,0.929,0.677,0.0,0.432,0,1779002495
STORJUSDT,crypto,1766016000,43.37,24.26,0.542,0.111,-4.145,0.0,0.98,0.968,0.0,3.153,1,1779002495
STORJUSDT,crypto,1766102400,64.35,24.26,0.804,0.1184,6.667,0.0,0.851,1.0,0.0,-4.561,-1,1779002495
STORJUSDT,crypto,1766188800,45.19,22.19,0.565,0.1174,-0.845,0.0,0.438,1.0,0.0,-3.152,-1,1779002495
STORJUSDT,crypto,1766275200,46.15,24.89,0.577,0.1138,-3.066,0.0,0.978,1.0,0.0,0.879,0,1779002495
STORJUSDT,crypto,1766361600,66.25,29.35,0.828,0.1163,2.197,0.0,2.445,0.968,0.0,35.684,1,1779002495
STORJUSDT,crypto,1766448000,48.08,23.69,0.601,0.1145,-1.548,0.0,0.997,0.935,0.0,21.135,1,1779002495
STORJUSDT,crypto,1766534400,44.81,21.82,0.56,0.113,-1.31,0.0,0.622,0.935,0.0,26.991,1,1779002495
STORJUSDT,crypto,1766620800,50.79,23.2,0.635,0.1137,0.619,0.0,0.769,0.968,0.0,17.678,1,1779002495
STORJUSDT,crypto,1766707200,51.8,22.07,0.647,0.1148,0.967,0.0,1.059,0.839,0.0,11.237,1,1779002495
STORJUSDT,crypto,1766793600,77.5,30.0,0.969,0.1578,37.456,0.0,51.5,1.0,0.0,-18.314,-1,1779002495
STORJUSDT,crypto,1766880000,46.85,29.35,0.586,0.1387,-12.104,0.0,62.279,0.968,0.0,-5.335,-1,1779002495
STORJUSDT,crypto,1766966400,68.13,28.71,0.852,0.1435,3.461,0.0,2.545,0.935,0.0,-7.666,-1,1779002495
STORJUSDT,crypto,1767052800,40.71,24.9,0.509,0.1338,-6.76,0.0,1.366,0.903,0.0,-1.495,0,1779002495
STORJUSDT,crypto,1767139200,36.62,20.33,0.458,0.1277,-4.559,0.0,0.582,0.871,0.0,14.722,1,1779002495
STORJUSDT,crypto,1767225600,44.83,18.61,0.56,0.1289,0.94,0.0,0.368,0.839,0.0,12.102,1,1779002495
STORJUSDT,crypto,1767312000,42.74,14.71,0.534,0.1313,1.862,0.0,0.361,0.645,0.0,4.95,1,1779002495
STORJUSDT,crypto,1767398400,39.23,13.58,0.49,0.1325,0.914,0.0,0.265,0.613,0.0,2.792,0,1779002495
STORJUSDT,crypto,1767484800,37.54,15.14,0.469,0.1318,-0.528,0.0,0.19,0.71,0.0,7.967,1,1779002495
STORJUSDT,crypto,1767571200,74.92,27.42,0.936,0.1465,11.153,0.0,2.177,0.871,0.0,-6.143,-1,1779002495
STORJUSDT,crypto,1767657600,46.35,22.32,0.579,0.1445,-1.365,0.0,0.852,0.903,0.0,-7.751,-1,1779002495
STORJUSDT,crypto,1767744000,31.7,16.98,0.396,0.1378,-4.637,0.0,0.299,0.774,0.0,-0.508,0,1779002495
STORJUSDT,crypto,1767830400,36.11,15.06,0.451,0.1362,-1.161,0.0,0.174,0.71,0.0,5.213,1,1779002495
STORJUSDT,crypto,1767916800,47.6,13.88,0.595,0.1423,4.479,0.0,0.453,0.581,0.0,1.757,0,1779002495
STORJUSDT,crypto,1768003200,24.04,7.69,0.301,0.1375,-3.373,0.0,0.119,0.355,0.0,3.564,1,1779002495
STORJUSDT,crypto,1768089600,23.52,6.47,0.294,0.1333,-3.055,0.0,0.132,0.29,0.0,9.227,1,1779002495
STORJUSDT,crypto,1768176000,34.57,5.12,0.432,0.1371,2.851,0.0,0.25,0.194,0.0,6.856,1,1779002495
STORJUSDT,crypto,1768262400,38.02,4.85,0.475,0.1433,4.522,0.0,0.325,0.161,0.0,-4.257,-1,1779002495
STORJUSDT,crypto,1768348800,27.94,2.64,0.349,0.1448,1.047,0.0,0.141,0.097,0.0,-7.804,-1,1779002495
STORJUSDT,crypto,1768435200,21.62,1.54,0.27,0.1424,-1.657,0.0,0.179,0.032,0.0,-11.868,-1,1779002495
STORJUSDT,crypto,1768521600,29.29,1.47,0.366,0.1456,2.247,0.0,0.165,0.032,0.0,-11.401,-1,1779002495
STORJUSDT,crypto,1768608000,26.0,1.78,0.325,0.1465,0.618,0.0,0.097,0.065,0.0,-12.014,-1,1779002495
STORJUSDT,crypto,1768694400,13.37,2.43,0.167,0.1372,-6.348,0.0,0.228,0.065,0.0,-6.487,-1,1779002495
STORJUSDT,crypto,1768780800,23.41,4.12,0.293,0.1335,-2.697,0.0,0.437,0.097,0.0,-3.97,-1,1779002495
STORJUSDT,crypto,1768867200,16.13,4.42,0.202,0.1255,-5.993,0.0,0.239,0.161,0.0,-3.108,-1,1779002495
STORJUSDT,crypto,1768953600,33.54,4.35,0.419,0.129,2.789,0.0,0.224,0.161,0.0,-1.938,0,1779002495
STORJUSDT,crypto,1769040000,28.44,5.31,0.356,0.1289,-0.078,0.0,0.158,0.226,0.0,-1.009,0,1779002495
STORJUSDT,crypto,1769126400,28.31,5.95,0.354,0.1283,-0.465,0.0,0.158,0.258,0.0,-2.494,0,1779002495
STORJUSDT,crypto,1769212800,29.39,6.42,0.367,0.1282,-0.078,0.0,0.124,0.29,0.0,-7.956,-1,1779002495
STORJUSDT,crypto,1769299200,21.96,8.43,0.275,0.1216,-5.148,0.0,0.266,0.355,0.0,-3.865,-1,1779002495
STORJUSDT,crypto,1769385600,41.3,9.24,0.516,0.1265,4.03,0.0,0.3,0.387,0.0,-14.545,-1,1779002495
STORJUSDT,crypto,1769472000,38.96,11.55,0.487,0.1276,0.87,0.0,0.633,0.419,0.0,-15.674,-1,1779002495
STORJUSDT,crypto,1769558400,31.03,10.74,0.388,0.1251,-1.959,0.0,0.342,0.452,0.0,-11.99,-1,1779002495
STORJUSDT,crypto,1769644800,27.51,13.02,0.344,0.118,-5.675,0.0,0.669,0.484,0.0,-6.864,-1,1779002495
STORJUSDT,crypto,1769731200,38.63,14.48,0.483,0.1169,-0.932,0.0,0.703,0.548,0.0,-4.876,-1,1779002495
STORJUSDT,crypto,1769817600,32.49,18.62,0.406,0.1081,-7.528,0.0,1.273,0.613,0.0,-12.303,-1,1779002495
STORJUSDT,crypto,1769904000,54.49,23.23,0.681,0.1076,-0.463,0.0,1.936,0.677,0.0,-2.788,0,1779002495
STORJUSDT,crypto,1769990400,52.79,20.24,0.66,0.1101,2.323,0.0,1.08,0.742,0.0,-1.544,0,1779002495
STORJUSDT,crypto,1770076800,53.24,23.29,0.666,0.1099,-0.182,0.0,1.562,0.774,0.0,-7.552,-1,1779002495
STORJUSDT,crypto,1770163200,52.38,21.17,0.655,0.1112,1.183,0.0,1.267,0.742,0.0,-10.522,-1,1779002495
STORJUSDT,crypto,1770249600,44.92,27.42,0.561,0.0948,-14.748,0.0,2.463,0.871,0.0,3.27,1,1779002495
STORJUSDT,crypto,1770336000,73.4,26.34,0.917,0.1046,10.338,0.0,1.913,0.839,0.0,-7.17,-1,1779002495
STORJUSDT,crypto,1770422400,64.6,24.84,0.808,0.1084,3.633,0.0,4.35,0.742,0.0,-9.133,-1,1779002495
STORJUSDT,crypto,1770508800,32.49,19.01,0.406,0.1016,-6.273,0.0,0.705,0.774,0.0,1.969,0,1779002495
STORJUSDT,crypto,1770595200,46.35,23.67,0.579,0.0995,-2.067,0.0,0.863,0.968,0.0,6.131,1,1779002495
STORJUSDT,crypto,1770681600,43.58,21.82,0.545,0.0979,-1.608,0.0,0.494,0.968,0.0,3.269,1,1779002495
STORJUSDT,crypto,1770768000,47.29,23.21,0.591,0.0971,-0.817,0.0,0.642,1.0,0.0,12.564,1,1779002495
STORJUSDT,crypto,1770854400,49.92,21.62,0.624,0.0985,1.442,0.0,0.583,0.935,0.0,6.091,1,1779002495
STORJUSDT,crypto,1770940800,54.57,18.92,0.682,0.1036,5.178,0.0,0.558,0.806,0.0,-4.44,-1,1779002495
STORJUSDT,crypto,1771027200,44.98,15.76,0.562,0.1056,1.931,0.0,0.572,0.645,0.0,-9.564,-1,1779002495
STORJUSDT,crypto,1771113600,31.36,14.17,0.392,0.1011,-4.261,0.0,0.641,0.548,0.0,-3.264,-1,1779002495
STORJUSDT,crypto,1771200000,67.18,19.68,0.84,0.1093,8.111,0.0,7.509,0.484,0.0,-12.717,-1,1779002495
STORJUSDT,crypto,1771286400,30.67,12.35,0.383,0.1045,-4.392,0.0,0.921,0.387,0.0,-11.1,-1,1779002495
STORJUSDT,crypto,1771372800,24.78,8.98,0.31,0.099,-5.263,0.0,0.764,0.258,0.0,-11.212,-1,1779002495
STORJUSDT,crypto,1771459200,24.89,6.66,0.311,0.0955,-3.535,0.0,0.559,0.194,0.0,-1.99,0,1779002495
STORJUSDT,crypto,1771545600,35.6,6.08,0.445,0.0978,2.408,0.0,0.442,0.194,0.0,-0.409,0,1779002495
STORJUSDT,crypto,1771632000,24.54,5.41,0.307,0.0954,-2.454,0.0,0.307,0.194,0.0,0.524,0,1779002495
STORJUSDT,crypto,1771718400,24.13,5.37,0.302,0.0929,-2.621,0.0,0.3,0.194,0.0,1.722,0,1779002495
STORJUSDT,crypto,1771804800,23.29,9.0,0.291,0.0879,-5.382,0.0,0.51,0.323,0.0,9.898,1,1779002495
STORJUSDT,crypto,1771891200,59.99,14.52,0.75,0.0936,6.485,0.0,2.166,0.226,0.0,-0.427,0,1779002495
STORJUSDT,crypto,1771977600,41.9,7.26,0.524,0.0974,4.06,0.0,0.806,0.161,0.0,-2.669,0,1779002495
STORJUSDT,crypto,1772064000,26.25,4.71,0.328,0.0959,-1.54,0.0,0.425,0.129,0.0,-3.337,-1,1779002495
STORJUSDT,crypto,1772150400,23.95,2.51,0.299,0.0945,-1.46,0.0,0.373,0.032,0.0,0.741,0,1779002495
STORJUSDT,crypto,1772236800,34.71,4.2,0.434,0.0966,2.222,0.0,0.712,0.032,0.0,-2.174,0,1779002495
STORJUSDT,crypto,1772323200,22.57,4.52,0.282,0.0932,-3.52,0.0,0.518,0.097,0.0,-2.468,0,1779002495
STORJUSDT,crypto,1772409600,36.25,7.09,0.453,0.0948,1.717,0.0,0.644,0.194,0.0,-5.696,-1,1779002495
STORJUSDT,crypto,1772496000,28.82,7.63,0.36,0.0927,-2.215,0.0,0.623,0.226,0.0,-5.394,-1,1779002495
STORJUSDT,crypto,1772582400,39.83,8.87,0.498,0.0952,2.697,0.0,0.613,0.29,0.0,-6.408,-1,1779002495
STORJUSDT,crypto,1772668800,28.93,6.21,0.362,0.0945,-0.735,0.0,0.338,0.226,0.0,-5.608,-1,1779002495
STORJUSDT,crypto,1772755200,18.59,2.18,0.232,0.0909,-3.81,0.0,0.306,0.032,0.0,3.41,1,1779002495
STORJUSDT,crypto,1772841600,23.77,3.57,0.297,0.0894,-1.65,0.0,0.199,0.129,0.0,7.271,1,1779002495
STORJUSDT,crypto,1772928000,23.45,2.7,0.293,0.0877,-1.902,0.0,0.411,0.032,0.0,9.92,1,1779002495
STORJUSDT,crypto,1773014400,31.99,3.47,0.4,0.0891,1.596,0.0,0.565,0.032,0.0,7.52,1,1779002495
STORJUSDT,crypto,1773100800,29.23,3.58,0.365,0.0892,0.112,0.0,0.587,0.032,0.0,8.744,1,1779002495
STORJUSDT,crypto,1773187200,53.91,10.65,0.674,0.094,5.381,0.0,3.711,0.032,0.0,7.128,1,1779002495
STORJUSDT,crypto,1773273600,34.82,4.46,0.435,0.0959,2.021,0.0,0.763,0.032,0.0,5.527,1,1779002495
STORJUSDT,crypto,1773360000,31.73,4.74,0.397,0.0964,0.521,0.0,0.689,0.065,0.0,3.008,1,1779002495
STORJUSDT,crypto,1773446400,25.97,3.32,0.325,0.0958,-0.622,0.0,0.278,0.097,0.0,8.768,1,1779002495
STORJUSDT,crypto,1773532800,28.66,2.15,0.358,0.097,1.253,0.0,0.301,0.032,0.0,4.124,1,1779002495
STORJUSDT,crypto,1773619200,43.16,9.1,0.539,0.1007,3.814,0.0,0.787,0.258,0.0,-4.071,-1,1779002495
STORJUSDT,crypto,1773705600,37.87,10.09,0.473,0.1012,0.497,0.0,0.857,0.29,0.0,-7.411,-1,1779002495
STORJUSDT,crypto,1773792000,39.02,13.36,0.488,0.0993,-1.877,0.0,1.382,0.323,0.0,2.82,0,1779002495
STORJUSDT,crypto,1773878400,60.11,17.74,0.751,0.1042,4.935,0.0,2.128,0.387,0.0,-2.111,0,1779002495
STORJUSDT,crypto,1773964800,34.58,13.3,0.432,0.101,-3.071,0.0,0.984,0.419,0.0,0.693,0,1779002495
STORJUSDT,crypto,1774051200,27.89,11.25,0.349,0.0966,-4.356,0.0,0.572,0.419,0.0,-0.725,0,1779002495
STORJUSDT,crypto,1774137600,30.95,11.74,0.387,0.0937,-3.002,0.0,0.542,0.452,0.0,-0.32,0,1779002495
STORJUSDT,crypto,1774224000,62.05,18.08,0.776,0.1021,8.965,0.0,1.294,0.581,0.0,-14.398,-1,1779002495
STORJUSDT,crypto,1774310400,50.66,21.92,0.633,0.102,-0.098,0.0,1.288,0.774,0.0,-15.0,-1,1779002495
STORJUSDT,crypto,1774396800,43.99,19.43,0.55,0.1017,-0.294,0.0,0.531,0.839,0.0,-11.013,-1,1779002495
STORJUSDT,crypto,1774483200,34.52,18.81,0.431,0.0959,-5.703,0.0,0.923,0.71,0.0,-4.484,-1,1779002495
STORJUSDT,crypto,1774569600,47.61,20.32,0.595,0.0934,-2.607,0.0,2.523,0.516,0.0,-0.107,0,1779002495
STORJUSDT,crypto,1774656000,29.38,15.67,0.367,0.0874,-6.424,0.0,0.811,0.581,0.0,4.462,1,1779002495
STORJUSDT,crypto,1774742400,51.37,23.95,0.642,0.0867,-0.801,0.0,1.306,0.871,0.0,7.382,1,1779002495
STORJUSDT,crypto,1774828800,53.78,18.35,0.672,0.0905,4.383,0.0,0.832,0.71,0.0,4.751,1,1779002495
STORJUSDT,crypto,1774915200,47.53,20.01,0.594,0.0916,1.215,0.0,0.518,0.871,0.0,2.293,0,1779002495
STORJUSDT,crypto,1775001600,50.8,21.33,0.635,0.0933,1.856,0.0,0.653,0.903,0.0,2.251,0,1779002495
STORJUSDT,crypto,1775088000,46.04,23.92,0.576,0.0913,-2.144,0.0,0.783,1.0,0.0,7.119,1,1779002495
STORJUSDT,crypto,1775174400,55.56,24.56,0.694,0.0931,1.972,0.0,0.911,1.0,0.0,1.504,0,1779002495
STORJUSDT,crypto,1775260800,54.18,24.01,0.677,0.0948,1.826,0.0,0.802,1.0,0.0,0.211,0,1779002495
STORJUSDT,crypto,1775347200,42.82,20.35,0.535,0.0937,-1.16,0.0,0.457,0.903,0.0,5.229,1,1779002495
STORJUSDT,crypto,1775433600,49.32,19.66,0.617,0.0954,1.814,0.0,0.706,0.806,0.0,3.983,1,1779002495
STORJUSDT,crypto,1775520000,49.42,18.04,0.618,0.0978,2.516,0.0,0.77,0.71,0.0,-1.227,0,1779002495
STORJUSDT,crypto,1775606400,28.23,10.11,0.353,0.0945,-3.374,0.0,0.474,0.387,0.0,5.397,1,1779002495
STORJUSDT,crypto,1775692800,39.1,11.0,0.489,0.095,0.529,0.0,0.909,0.323,0.0,1.579,0,1779002495
STORJUSDT,crypto,1775779200,42.47,9.42,0.531,0.0986,3.789,0.0,0.594,0.323,0.0,1.623,0,1779002495
STORJUSDT,crypto,1775865600,40.09,11.74,0.501,0.0992,0.609,0.0,0.928,0.355,0.0,5.04,1,1779002495
STORJUSDT,crypto,1775952000,29.43,8.34,0.368,0.0966,-2.621,0.0,0.765,0.226,0.0,10.559,1,1779002495
STORJUSDT,crypto,1776038400,37.81,6.48,0.473,0.0996,3.106,0.0,0.522,0.194,0.0,2.711,0,1779002495
STORJUSDT,crypto,1776124800,22.4,4.16,0.28,0.0965,-3.112,5e-05,0.444,0.097,0.0,2.694,0,1779002495
STORJUSDT,crypto,1776211200,36.69,4.68,0.459,0.1002,3.834,5e-05,0.419,0.129,0.0,-0.1,0,1779002495
STORJUSDT,crypto,1776297600,49.68,12.63,0.621,0.1042,3.992,5e-05,1.364,0.29,0.0,-3.551,-1,1779002495
STORJUSDT,crypto,1776384000,46.92,15.0,0.587,0.1068,2.495,5e-05,0.936,0.516,0.0,-6.835,-1,1779002495
STORJUSDT,crypto,1776470400,25.45,7.75,0.318,0.1023,-4.213,5e-05,0.776,0.194,0.0,-2.542,0,1779002495
STORJUSDT,crypto,1776556800,26.36,6.47,0.33,0.0991,-3.128,5e-05,0.779,0.129,0.005025,1.312,0,1779002495
STORJUSDT,crypto,1776643200,32.0,4.83,0.4,0.1001,1.009,5e-05,0.579,0.097,-0.016281,2.398,0,1779002495
STORJUSDT,crypto,1776729600,29.45,3.85,0.368,0.1005,0.4,5e-05,0.512,0.065,0.003233,1.493,0,1779002495
STORJUSDT,crypto,1776816000,25.01,2.7,0.313,0.0995,-0.995,5e-05,0.411,0.032,-0.007151,-0.704,0,1779002495
STORJUSDT,crypto,1776902400,29.18,3.59,0.365,0.0997,0.201,5e-05,0.589,0.032,0.021693,-1.404,0,1779002495
STORJUSDT,crypto,1776988800,29.5,3.24,0.369,0.1004,0.702,5e-05,0.52,0.032,-0.020691,-3.586,-1,1779002495
STORJUSDT,crypto,1777075200,38.88,6.54,0.486,0.1025,2.092,5e-05,1.18,0.032,-0.012513,-6.634,-1,1779002495
STORJUSDT,crypto,1777161600,31.6,5.48,0.395,0.102,-0.488,5e-05,0.968,0.032,0.025171,-6.569,-1,1779002495
STORJUSDT,crypto,1777248000,25.22,4.95,0.315,0.0988,-3.137,5e-05,0.86,0.032,-0.011361,-2.227,0,1779002495
STORJUSDT,crypto,1777334400,28.08,3.75,0.351,0.0983,-0.506,5e-05,0.62,0.032,0.009057,-2.136,0,1779002495
STORJUSDT,crypto,1777420800,27.33,4.39,0.342,0.0968,-1.526,5e-05,0.748,0.032,0.003056,0.103,0,1779002495
STORJUSDT,crypto,1777507200,27.9,4.93,0.349,0.0957,-1.136,5e-05,0.599,0.097,-0.023441,7.419,1,1779002495
STORJUSDT,crypto,1777593600,30.92,6.04,0.386,0.0953,-0.418,5e-05,0.692,0.129,-0.008282,20.252,1,1779002495
STORJUSDT,crypto,1777680000,33.47,5.86,0.418,0.0966,1.364,5e-05,0.527,0.161,-0.015718,20.186,1,1779002495
STORJUSDT,crypto,1777766400,31.94,7.84,0.399,0.0962,-0.414,5e-05,0.536,0.258,0.044784,26.195,1,1779002495
STORJUSDT,crypto,1777852800,38.13,9.79,0.477,0.0969,0.728,5e-05,0.926,0.258,-0.004591,19.401,1,1779002495
STORJUSDT,crypto,1777939200,61.02,16.45,0.763,0.1028,6.089,2.3e-05,4.5,0.323,-0.030294,11.77,1,1779002495
STORJUSDT,crypto,1778025600,74.06,24.19,0.926,0.1146,11.479,-0.000473,132.242,0.71,0.069045,-1.571,0,1779002495
STORJUSDT,crypto,1778112000,65.39,30.0,0.817,0.1161,1.309,-5.4e-05,2.483,1.0,1.82586,-7.407,-1,1779002495
STORJUSDT,crypto,1778198400,71.38,30.0,0.892,0.1214,4.565,5e-05,2.789,1.0,-0.089628,-12.85,-1,1779002495
STORJUSDT,crypto,1778284800,42.35,24.74,0.529,0.1157,-4.695,5e-05,0.949,1.0,0.08801,-6.569,-1,1779002495
STORJUSDT,crypto,1778371200,45.62,22.38,0.57,0.1149,-0.691,5e-05,0.476,1.0,-0.065969,13.838,1,1779002495
STORJUSDT,crypto,1778457600,42.5,21.95,0.531,0.1128,-1.828,5e-05,0.391,1.0,-0.082961,6.826,1,1779002495
STORJUSDT,crypto,1778544000,37.32,21.91,0.467,0.1075,-4.699,5e-05,0.512,0.968,-0.045858,11.721,1,1779002495
RECALLUSDT,crypto,1762214400,54.47,21.26,0.681,0.2505,4.724,0.0,0.252,1.0,0.0,-14.411,-1,1779002496
RECALLUSDT,crypto,1762300800,29.48,20.99,0.368,0.2159,-13.812,0.0,0.198,1.0,0.0,-4.91,-1,1779002496
RECALLUSDT,crypto,1762387200,35.43,21.24,0.443,0.2056,-4.771,0.0,0.247,1.0,0.0,-9.922,-1,1779002496
RECALLUSDT,crypto,1762473600,56.5,17.5,0.706,0.2221,8.025,0.0,0.3,0.8,0.0,-23.503,-1,1779002496
RECALLUSDT,crypto,1762560000,36.24,21.69,0.453,0.2114,-4.818,0.0,0.337,1.0,0.0,-27.294,-1,1779002496
RECALLUSDT,crypto,1762646400,48.14,21.4,0.602,0.2144,1.419,0.0,0.28,1.0,0.0,-31.11,-1,1779002496
RECALLUSDT,crypto,1762732800,37.69,21.84,0.471,0.2053,-4.244,0.0,0.368,1.0,0.0,-23.673,-1,1779002496
RECALLUSDT,crypto,1762819200,32.27,22.38,0.403,0.1852,-9.791,0.0,0.477,1.0,0.0,-25.972,-1,1779002496
RECALLUSDT,crypto,1762905600,31.55,22.03,0.394,0.1699,-8.261,0.0,0.405,1.0,0.0,-24.485,-1,1779002496
RECALLUSDT,crypto,1762992000,32.76,22.63,0.41,0.1537,-9.535,0.0,0.526,1.0,0.0,-16.396,-1,1779002496
RECALLUSDT,crypto,1763078400,39.35,22.33,0.492,0.1477,-3.904,0.0,0.466,1.0,0.0,-19.905,-1,1779002496
RECALLUSDT,crypto,1763164800,58.29,21.8,0.729,0.1567,6.093,0.0,0.36,1.0,0.0,-33.631,-1,1779002496
RECALLUSDT,crypto,1763251200,25.83,16.31,0.323,0.1371,-12.508,0.0,0.404,0.714,0.0,-14.296,-1,1779002496
RECALLUSDT,crypto,1763337600,26.94,15.31,0.337,0.1283,-6.419,0.0,0.395,0.667,0.0,-9.041,-1,1779002496
RECALLUSDT,crypto,1763424000,37.52,12.98,0.469,0.1285,0.156,0.0,0.346,0.562,0.0,-15.642,-1,1779002496
RECALLUSDT,crypto,1763510400,24.25,14.26,0.303,0.1183,-7.938,0.0,0.498,0.588,0.0,-1.183,0,1779002496
RECALLUSDT,crypto,1763596800,24.98,14.85,0.312,0.104,-12.088,0.0,0.526,0.611,0.0,8.269,1,1779002496
RECALLUSDT,crypto,1763683200,65.58,18.78,0.82,0.1175,12.981,0.0,1.86,0.474,0.0,-5.872,-1,1779002496
RECALLUSDT,crypto,1763769600,49.14,18.0,0.614,0.1167,-0.681,0.0,16.554,0.4,0.0,-0.857,0,1779002496
RECALLUSDT,crypto,1763856000,26.43,13.36,0.33,0.1084,-7.112,0.0,0.959,0.429,0.0,-0.185,0,1779002496
RECALLUSDT,crypto,1763942400,48.9,8.88,0.611,0.1169,7.841,0.0,0.504,0.318,0.0,-12.489,-1,1779002496
RECALLUSDT,crypto,1764028800,26.17,9.42,0.327,0.1126,-3.678,0.0,0.32,0.391,0.0,-11.101,-1,1779002496
RECALLUSDT,crypto,1764115200,29.89,9.64,0.374,0.1106,-1.776,0.0,0.261,0.417,0.0,-19.62,-1,1779002496
RECALLUSDT,crypto,1764201600,44.46,9.17,0.556,0.1157,4.611,0.0,0.714,0.28,0.0,-23.941,-1,1779002496
RECALLUSDT,crypto,1764288000,26.62,10.47,0.333,0.1082,-6.482,0.0,1.324,0.192,0.0,1.201,0,1779002496
RECALLUSDT,crypto,1764374400,17.59,4.11,0.22,0.1023,-5.453,0.0,0.378,0.111,0.0,19.257,1,1779002496
RECALLUSDT,crypto,1764460800,21.14,1.83,0.264,0.1001,-2.151,0.0,0.223,0.036,0.0,13.487,1,1779002496
RECALLUSDT,crypto,1764547200,11.82,2.5,0.148,0.0889,-11.189,0.0,0.363,0.034,0.0,27.222,1,1779002496
RECALLUSDT,crypto,1764633600,23.2,1.69,0.29,0.088,-1.012,0.0,0.206,0.033,0.0,25.682,1,1779002496
RECALLUSDT,crypto,1764720000,58.15,10.65,0.727,0.1095,24.432,0.0,2.175,0.032,0.0,4.749,1,1779002496
RECALLUSDT,crypto,1764806400,58.15,10.65,0.727,0.122,11.416,0.0,28.833,0.032,0.0,-5.328,-1,1779002496
RECALLUSDT,crypto,1764892800,24.26,8.09,0.303,0.1136,-6.885,0.0,1.488,0.032,0.0,3.785,1,1779002496
RECALLUSDT,crypto,1764979200,26.41,2.72,0.33,0.1131,-0.44,0.0,0.414,0.032,0.0,0.619,0,1779002496
RECALLUSDT,crypto,1765065600,22.47,2.52,0.281,0.1106,-2.21,0.0,0.375,0.032,0.0,-2.17,0,1779002496
RECALLUSDT,crypto,1765152000,33.95,2.34,0.424,0.1147,3.707,0.0,0.339,0.032,0.0,-8.108,-1,1779002496
RECALLUSDT,crypto,1765238400,26.84,1.8,0.336,0.1155,0.697,0.0,0.23,0.032,0.0,-15.758,-1,1779002496
RECALLUSDT,crypto,1765324800,29.44,2.04,0.368,0.1179,2.078,0.0,0.149,0.065,0.0,-24.003,-1,1779002496
RECALLUSDT,crypto,1765411200,17.8,1.45,0.222,0.1138,-3.478,0.0,0.161,0.032,0.0,-23.111,-1,1779002496
RECALLUSDT,crypto,1765497600,14.78,1.38,0.185,0.1082,-4.921,0.0,0.148,0.032,0.0,-18.392,-1,1779002496
RECALLUSDT,crypto,1765584000,19.9,1.94,0.249,0.1054,-2.588,0.0,0.129,0.065,0.0,-18.501,-1,1779002496
RECALLUSDT,crypto,1765670400,13.09,5.05,0.164,0.0973,-7.685,0.0,0.107,0.226,0.0,-6.166,-1,1779002496
RECALLUSDT,crypto,1765756800,14.67,6.49,0.183,0.0896,-7.914,0.0,0.136,0.29,0.0,3.571,1,1779002496
RECALLUSDT,crypto,1765843200,25.86,7.57,0.323,0.0875,-2.344,0.0,0.095,0.355,0.0,2.4,0,1779002496
RECALLUSDT,crypto,1765929600,39.17,11.29,0.49,0.0883,0.914,0.0,0.71,0.387,0.0,2.378,0,1779002496
RECALLUSDT,crypto,1766016000,27.58,9.77,0.345,0.0859,-2.718,0.0,0.149,0.452,0.0,2.328,0,1779002496
RECALLUSDT,crypto,1766102400,45.75,10.18,0.572,0.0913,6.286,0.0,0.1,0.484,0.0,-1.862,0,1779002496
RECALLUSDT,crypto,1766188800,36.71,10.62,0.459,0.0928,1.643,0.0,0.06,0.516,0.0,2.155,0,1779002496
RECALLUSDT,crypto,1766275200,26.71,10.72,0.334,0.0896,-3.448,0.0,0.079,0.516,0.0,2.232,0,1779002496
RECALLUSDT,crypto,1766361600,35.22,10.63,0.44,0.0904,0.893,0.0,0.061,0.516,0.0,4.757,1,1779002496
RECALLUSDT,crypto,1766448000,29.91,12.6,0.374,0.0879,-2.765,0.0,0.069,0.613,0.0,8.987,1,1779002496
RECALLUSDT,crypto,1766534400,37.33,10.64,0.467,0.0896,1.934,0.0,0.064,0.516,0.0,8.259,1,1779002496
RECALLUSDT,crypto,1766620800,56.21,15.89,0.703,0.0948,5.804,0.0,1.243,0.484,0.0,31.224,1,1779002496
RECALLUSDT,crypto,1766707200,28.98,11.13,0.362,0.0916,-3.376,0.0,0.42,0.452,0.0,14.52,1,1779002496
RECALLUSDT,crypto,1766793600,42.56,11.16,0.532,0.0947,3.384,0.0,0.426,0.452,0.0,11.827,1,1779002496
RECALLUSDT,crypto,1766880000,46.88,14.9,0.586,0.0958,1.162,0.0,1.431,0.387,0.0,18.163,1,1779002496
RECALLUSDT,crypto,1766966400,38.86,10.15,0.486,0.097,1.253,0.0,0.74,0.323,0.0,13.608,1,1779002496
RECALLUSDT,crypto,1767052800,65.89,18.39,0.824,0.1244,28.247,0.0,7.636,0.419,0.0,-12.46,-1,1779002496
RECALLUSDT,crypto,1767139200,35.24,17.74,0.441,0.1049,-15.675,0.0,3.422,0.387,0.0,5.338,1,1779002496
RECALLUSDT,crypto,1767225600,37.85,10.27,0.473,0.1059,0.953,0.0,0.635,0.355,0.0,5.005,1,1779002496
RECALLUSDT,crypto,1767312000,51.61,12.18,0.645,0.1132,6.893,0.0,0.629,0.452,0.0,0.795,0,1779002496
RECALLUSDT,crypto,1767398400,38.53,16.47,0.482,0.1102,-2.65,0.0,0.971,0.581,0.0,2.178,0,1779002496
RECALLUSDT,crypto,1767484800,36.82,14.79,0.46,0.1089,-1.18,0.0,0.378,0.645,0.0,-1.194,0,1779002496
RECALLUSDT,crypto,1767571200,43.54,15.83,0.544,0.1105,1.469,0.0,0.455,0.677,0.0,-3.801,-1,1779002496
RECALLUSDT,crypto,1767657600,39.76,14.13,0.497,0.1112,0.633,0.0,0.374,0.613,0.0,-7.104,-1,1779002496
RECALLUSDT,crypto,1767744000,58.04,20.32,0.725,0.1141,2.608,0.0,2.8,0.516,0.0,-13.935,-1,1779002496
RECALLUSDT,crypto,1767830400,35.01,12.41,0.438,0.1126,-1.315,0.0,0.546,0.484,0.0,-8.881,-1,1779002496
RECALLUSDT,crypto,1767916800,24.98,9.55,0.312,0.1076,-4.44,0.0,0.362,0.387,0.0,-4.74,-1,1779002496
RECALLUSDT,crypto,1768003200,28.38,7.05,0.355,0.1063,-1.208,0.0,0.249,0.29,0.0,-7.15,-1,1779002496
RECALLUSDT,crypto,1768089600,21.25,3.49,0.266,0.1033,-2.822,0.0,0.181,0.129,0.0,-5.324,-1,1779002496
RECALLUSDT,crypto,1768176000,19.2,4.25,0.24,0.0982,-4.937,0.0,0.463,0.097,0.0,-4.175,-1,1779002496
RECALLUSDT,crypto,1768262400,33.9,1.54,0.424,0.1026,4.481,0.0,0.179,0.032,0.0,-12.086,-1,1779002496
RECALLUSDT,crypto,1768348800,26.96,2.65,0.337,0.1025,-0.097,0.0,0.401,0.032,0.0,-15.122,-1,1779002496
RECALLUSDT,crypto,1768435200,17.92,1.74,0.224,0.0987,-3.707,0.0,0.219,0.032,0.0,-17.629,-1,1779002496
RECALLUSDT,crypto,1768521600,23.42,1.7,0.293,0.0978,-0.912,0.0,0.21,0.032,0.0,-14.826,-1,1779002496
RECALLUSDT,crypto,1768608000,17.14,1.75,0.214,0.0941,-3.783,0.0,0.091,0.065,0.0,-11.052,-1,1779002496
RECALLUSDT,crypto,1768694400,18.19,3.28,0.227,0.0902,-4.145,0.0,0.139,0.129,0.0,-4.213,-1,1779002496
RECALLUSDT,crypto,1768780800,21.62,4.4,0.27,0.087,-3.548,0.0,0.363,0.129,0.0,2.414,0,1779002496
RECALLUSDT,crypto,1768867200,17.53,6.97,0.219,0.0813,-6.552,0.0,0.233,0.29,0.0,-3.567,-1,1779002496
RECALLUSDT,crypto,1768953600,41.29,11.77,0.516,0.0833,2.46,0.0,0.419,0.484,0.0,-2.281,0,1779002496
RECALLUSDT,crypto,1769040000,39.93,14.69,0.499,0.0837,0.48,0.0,0.357,0.645,0.0,-2.151,0,1779002496
RECALLUSDT,crypto,1769126400,50.6,19.21,0.632,0.0864,3.226,0.0,0.487,0.839,0.0,-11.69,-1,1779002496
RECALLUSDT,crypto,1769212800,52.07,20.69,0.651,0.0891,3.125,0.0,0.526,0.903,0.0,-20.426,-1,1779002496
RECALLUSDT,crypto,1769299200,37.63,25.07,0.47,0.0784,-12.009,0.0,1.013,1.0,0.0,-9.056,-1,1779002496
RECALLUSDT,crypto,1769385600,54.86,22.35,0.686,0.0814,3.827,0.0,0.471,1.0,0.0,-17.69,-1,1779002496
RECALLUSDT,crypto,1769472000,46.52,20.75,0.582,0.0819,0.614,0.0,0.409,0.935,0.0,-24.542,-1,1779002496
RECALLUSDT,crypto,1769558400,34.39,21.82,0.43,0.0763,-6.838,0.0,0.75,0.903,0.0,-18.087,-1,1779002496
RECALLUSDT,crypto,1769644800,47.06,28.71,0.588,0.0709,-7.077,0.0,3.004,0.935,0.0,-19.182,-1,1779002496
RECALLUSDT,crypto,1769731200,58.85,27.61,0.736,0.0713,0.564,0.0,1.522,1.0,0.0,-19.074,-1,1779002496
RECALLUSDT,crypto,1769817600,50.44,30.0,0.63,0.067,-6.031,0.0,2.707,1.0,0.0,-27.313,-1,1779002496
RECALLUSDT,crypto,1769904000,46.07,29.28,0.576,0.0618,-7.761,0.0,1.857,1.0,0.0,-14.401,-1,1779002496
RECALLUSDT,crypto,1769990400,54.72,24.98,0.684,0.0625,1.133,0.0,0.995,1.0,0.0,-26.4,-1,1779002496
RECALLUSDT,crypto,1770076800,41.88,27.19,0.524,0.0573,-8.32,0.0,1.438,1.0,0.0,-18.674,-1,1779002496
RECALLUSDT,crypto,1770163200,63.9,30.0,0.799,0.0577,0.698,0.0,2.042,1.0,0.0,-21.404,-1,1779002496
RECALLUSDT,crypto,1770249600,47.5,30.0,0.594,0.0487,-15.598,0.0,2.172,1.0,0.0,-11.499,-1,1779002496
RECALLUSDT,crypto,1770336000,72.96,27.73,0.912,0.0529,8.624,0.0,1.546,1.0,0.0,-20.548,-1,1779002496
RECALLUSDT,crypto,1770422400,47.5,30.0,0.594,0.046,-13.043,0.0,2.631,1.0,0.0,13.196,1,1779002496
RECALLUSDT,crypto,1770508800,58.19,26.54,0.727,0.0466,1.304,0.0,1.308,1.0,0.0,16.309,1,1779002496
RECALLUSDT,crypto,1770595200,53.94,28.4,0.674,0.04535,-2.682,0.0,1.68,1.0,0.0,29.305,1,1779002496
RECALLUSDT,crypto,1770681600,43.65,25.54,0.546,0.0431,-4.961,0.0,1.107,1.0,0.0,15.916,1,1779002496
RECALLUSDT,crypto,1770768000,50.45,26.46,0.631,0.04203,-2.483,0.0,1.292,1.0,0.0,16.06,1,1779002496
RECALLUSDT,crypto,1770854400,76.85,29.35,0.961,0.05207,23.888,0.0,12.853,0.968,0.0,-5.032,-1,1779002496
RECALLUSDT,crypto,1770940800,68.75,28.06,0.859,0.0542,4.091,0.0,13.388,0.903,0.0,-1.587,0,1779002496
RECALLUSDT,crypto,1771027200,74.27,26.77,0.928,0.05864,8.192,0.0,4.726,0.839,0.0,-11.903,-1,1779002496
RECALLUSDT,crypto,1771113600,42.98,25.48,0.537,0.04996,-14.802,0.0,2.015,0.774,0.0,15.392,1,1779002496
RECALLUSDT,crypto,1771200000,38.77,17.59,0.485,0.04878,-2.362,0.0,0.68,0.71,0.0,13.407,1,1779002496
RECALLUSDT,crypto,1771286400,41.61,14.31,0.52,0.04945,1.374,0.0,0.41,0.613,0.0,8.756,1,1779002496
RECALLUSDT,crypto,1771372800,55.36,14.41,0.692,0.05334,7.867,0.0,0.689,0.548,0.0,-0.637,0,1779002496
RECALLUSDT,crypto,1771459200,44.59,18.39,0.557,0.05166,-3.15,0.0,9.794,0.419,0.0,-0.232,0,1779002496
RECALLUSDT,crypto,1771545600,54.3,10.98,0.679,0.05765,11.595,0.0,1.164,0.258,0.0,-8.864,-1,1779002496
RECALLUSDT,crypto,1771632000,25.06,5.97,0.313,0.05532,-4.042,0.0,0.936,0.065,0.0,-4.555,-1,1779002496
RECALLUSDT,crypto,1771718400,21.16,2.43,0.264,0.05378,-2.784,0.0,0.358,0.032,0.0,-5.578,-1,1779002496
RECALLUSDT,crypto,1771804800,23.56,2.3,0.294,0.053,-1.45,0.0,0.331,0.032,0.0,-3.642,-1,1779002496
RECALLUSDT,crypto,1771891200,19.0,1.33,0.238,0.05154,-2.755,0.0,0.137,0.032,0.0,-4.812,-1,1779002496
RECALLUSDT,crypto,1771977600,29.25,1.76,0.366,0.05254,1.94,0.0,0.222,0.032,0.0,-5.976,-1,1779002496
RECALLUSDT,crypto,1772064000,25.48,1.32,0.319,0.0528,0.495,0.0,0.135,0.032,0.0,-7.765,-1,1779002496
RECALLUSDT,crypto,1772150400,16.6,1.2,0.208,0.05078,-3.826,0.0,0.111,0.032,0.0,-5.14,-1,1779002496
RECALLUSDT,crypto,1772236800,25.35,1.17,0.317,0.05107,0.571,0.0,0.106,0.032,0.0,-5.228,-1,1779002496
RECALLUSDT,crypto,1772323200,16.24,1.13,0.203,0.04906,-3.936,0.0,0.097,0.032,0.0,-1.366,0,1779002496
RECALLUSDT,crypto,1772409600,25.76,1.26,0.322,0.0494,0.693,0.0,0.123,0.032,0.0,-7.834,-1,1779002496
RECALLUSDT,crypto,1772496000,22.29,1.63,0.279,0.0487,-1.417,0.0,0.198,0.032,0.0,-7.988,-1,1779002496
RECALLUSDT,crypto,1772582400,22.99,1.98,0.287,0.04817,-1.088,0.0,0.138,0.065,0.0,-5.584,-1,1779002496
RECALLUSDT,crypto,1772668800,28.08,3.28,0.351,0.0484,0.477,0.0,0.269,0.097,0.0,-0.165,0,1779002496
RECALLUSDT,crypto,1772755200,25.88,2.03,0.324,0.04839,-0.021,0.0,0.278,0.032,0.0,1.157,0,1779002496
RECALLUSDT,crypto,1772841600,14.6,2.93,0.182,0.04553,-5.91,0.0,0.198,0.097,0.0,5.403,1,1779002496
RECALLUSDT,crypto,1772928000,26.63,5.58,0.333,0.04481,-1.581,0.0,0.342,0.194,0.0,9.328,1,1779002496
RECALLUSDT,crypto,1773014400,31.58,5.3,0.395,0.04548,1.495,0.0,0.158,0.226,0.0,11.653,1,1779002496
RECALLUSDT,crypto,1773100800,42.7,6.11,0.534,0.04832,6.245,0.0,0.32,0.226,0.0,9.458,1,1779002496
RECALLUSDT,crypto,1773187200,36.76,8.41,0.459,0.04895,1.304,0.0,0.649,0.258,0.0,11.113,1,1779002496
RECALLUSDT,crypto,1773273600,24.88,4.76,0.311,0.04799,-1.961,0.0,0.307,0.161,0.0,20.088,1,1779002496
RECALLUSDT,crypto,1773360000,32.69,3.65,0.409,0.04899,2.084,0.0,0.473,0.065,0.0,16.391,1,1779002496
RECALLUSDT,crypto,1773446400,35.74,3.29,0.447,0.05078,3.654,0.0,0.529,0.032,0.0,3.545,1,1779002496
RECALLUSDT,crypto,1773532800,51.46,10.65,0.643,0.05289,4.155,0.0,10.893,0.032,0.0,-4.991,-1,1779002496
RECALLUSDT,crypto,1773619200,41.22,8.14,0.515,0.05439,2.836,0.0,0.982,0.161,0.0,-15.168,-1,1779002496
RECALLUSDT,crypto,1773705600,61.76,17.55,0.772,0.05763,5.957,0.0,1.961,0.387,0.0,-25.022,-1,1779002496
RECALLUSDT,crypto,1773792000,42.04,16.31,0.525,0.05702,-1.058,0.0,1.069,0.548,0.0,-24.904,-1,1779002496
RECALLUSDT,crypto,1773878400,23.33,13.72,0.292,0.05258,-7.787,0.0,0.422,0.581,0.0,-15.804,-1,1779002496
RECALLUSDT,crypto,1773964800,36.53,17.25,0.457,0.05025,-4.431,0.0,1.128,0.581,0.0,-11.861,-1,1779002496
RECALLUSDT,crypto,1774051200,24.78,15.09,0.31,0.04614,-8.179,0.0,0.438,0.645,0.0,-15.735,-1,1779002496
RECALLUSDT,crypto,1774137600,29.84,17.12,0.373,0.04321,-6.35,0.0,0.585,0.71,0.0,-15.413,-1,1779002496
RECALLUSDT,crypto,1774224000,40.15,17.47,0.502,0.04282,-0.903,0.0,0.397,0.774,0.0,-16.254,-1,1779002496
RECALLUSDT,crypto,1774310400,50.98,19.24,0.637,0.04427,3.386,0.0,0.493,0.839,0.0,-14.999,-1,1779002496
RECALLUSDT,crypto,1774396800,45.27,21.01,0.566,0.04429,0.045,0.0,0.332,0.968,0.0,-13.321,-1,1779002496
RECALLUSDT,crypto,1774483200,34.5,23.5,0.431,0.03888,-12.215,0.0,0.7,1.0,0.0,1.492,0,1779002496
RECALLUSDT,crypto,1774569600,34.29,21.89,0.429,0.03655,-5.993,0.0,0.377,1.0,0.0,4.788,1,1779002496
RECALLUSDT,crypto,1774656000,41.69,21.48,0.521,0.03586,-1.888,0.0,0.297,1.0,0.0,11.238,1,1779002496
RECALLUSDT,crypto,1774742400,62.29,24.96,0.779,0.03763,4.936,0.0,0.992,1.0,0.0,6.511,1,1779002496
RECALLUSDT,crypto,1774828800,56.9,25.18,0.711,0.03839,2.02,0.0,1.037,1.0,0.0,2.501,0,1779002496
RECALLUSDT,crypto,1774915200,54.06,22.99,0.676,0.03946,2.787,0.0,0.598,1.0,0.0,1.774,0,1779002496
RECALLUSDT,crypto,1775001600,56.62,30.0,0.708,0.0383,-2.94,0.0,2.058,1.0,0.0,6.031,1,1779002496
RECALLUSDT,crypto,1775088000,57.37,23.29,0.717,0.03989,4.151,0.0,0.657,1.0,0.0,4.487,1,1779002496
RECALLUSDT,crypto,1775174400,50.76,23.65,0.634,0.04008,0.476,0.0,0.731,1.0,0.0,8.009,1,1779002496
RECALLUSDT,crypto,1775260800,41.08,20.46,0.513,0.03935,-1.821,0.0,0.351,0.935,0.0,9.86,1,1779002496
RECALLUSDT,crypto,1775347200,50.26,20.53,0.628,0.04016,2.058,0.0,0.622,0.871,0.0,9.163,1,1779002496
RECALLUSDT,crypto,1775433600,55.21,22.65,0.69,0.04061,1.121,0.0,1.563,0.742,0.0,14.504,1,1779002496
RECALLUSDT,crypto,1775520000,53.72,19.43,0.672,0.04168,2.635,0.0,1.305,0.645,0.0,14.491,1,1779002496
RECALLUSDT,crypto,1775606400,60.55,20.32,0.757,0.04329,3.863,0.0,2.78,0.516,0.0,9.679,1,1779002496
RECALLUSDT,crypto,1775692800,48.03,15.81,0.6,0.04323,-0.139,0.0,2.098,0.29,0.0,10.062,1,1779002496
RECALLUSDT,crypto,1775779200,36.73,7.96,0.459,0.04384,1.411,0.0,0.69,0.226,0.0,4.676,1,1779002496
RECALLUSDT,crypto,1775865600,62.38,17.74,0.78,0.0465,6.068,0.0,3.045,0.387,0.0,9.441,1,1779002496
RECALLUSDT,crypto,1775952000,54.52,17.9,0.682,0.04772,2.624,0.0,1.774,0.452,0.0,10.226,1,1779002496
RECALLUSDT,crypto,1776038400,48.33,18.25,0.604,0.04748,-0.503,0.0,1.715,0.484,0.0,8.404,1,1779002496
RECALLUSDT,crypto,1776124800,44.36,16.33,0.555,0.04758,0.211,5e-05,1.072,0.548,0.0,0.694,0,1779002496
RECALLUSDT,crypto,1776211200,33.38,14.92,0.417,0.04589,-3.552,5e-05,0.662,0.581,0.0,2.353,0,1779002496
RECALLUSDT,crypto,1776297600,59.0,16.68,0.737,0.05089,10.896,5e-05,1.014,0.581,0.0,-5.148,-1,1779002496
RECALLUSDT,crypto,1776384000,59.38,21.33,0.742,0.0526,3.36,5e-05,1.815,0.613,0.0,-9.696,-1,1779002496
RECALLUSDT,crypto,1776470400,48.37,21.34,0.605,0.05147,-2.148,5e-05,1.815,0.613,0.0,-7.908,-1,1779002496
RECALLUSDT,crypto,1776556800,24.61,13.26,0.308,0.04791,-6.917,5e-05,0.587,0.516,-0.160177,8.933,1,1779002496
RECALLUSDT,crypto,1776643200,31.06,10.88,0.388,0.04697,-1.962,5e-05,0.37,0.452,0.020705,6.153,1,1779002496
RECALLUSDT,crypto,1776729600,39.85,9.9,0.498,0.04827,2.768,5e-05,0.432,0.387,0.085775,2.01,0,1779002496
RECALLUSDT,crypto,1776816000,27.44,6.77,0.343,0.0475,-1.595,5e-05,0.322,0.258,-0.016509,6.842,1,1779002496
RECALLUSDT,crypto,1776902400,30.13,5.76,0.377,0.0474,-0.211,5e-05,0.508,0.161,-0.009721,9.662,1,1779002496
RECALLUSDT,crypto,1776988800,49.32,7.33,0.617,0.05219,10.105,5e-05,0.949,0.129,0.068588,-1.437,0,1779002496
RECALLUSDT,crypto,1777075200,28.34,8.8,0.354,0.04986,-4.464,5e-05,1.244,0.129,-0.016828,-5.937,-1,1779002496
RECALLUSDT,crypto,1777161600,24.28,2.58,0.303,0.04924,-1.243,5e-05,0.387,0.032,-0.064215,-7.108,-1,1779002496
RECALLUSDT,crypto,1777248000,34.63,3.45,0.433,0.05075,3.067,5e-05,0.56,0.032,0.019639,-4.099,-1,1779002496
RECALLUSDT,crypto,1777334400,34.81,4.18,0.435,0.05198,2.424,5e-05,0.707,0.032,0.004674,-4.406,-1,1779002496
RECALLUSDT,crypto,1777420800,31.25,5.86,0.391,0.05144,-1.039,5e-05,1.043,0.032,-0.009041,4.763,1,1779002496
RECALLUSDT,crypto,1777507200,18.95,6.17,0.237,0.0469,-8.826,5e-05,1.105,0.032,-0.12807,12.132,1,1779002496
RECALLUSDT,crypto,1777593600,25.26,4.62,0.316,0.04574,-2.473,5e-05,0.667,0.065,0.084015,16.31,1,1779002496
RECALLUSDT,crypto,1777680000,44.0,5.11,0.55,0.04867,6.406,5e-05,0.764,0.065,-0.000168,9.266,1,1779002496
RECALLUSDT,crypto,1777766400,38.15,6.5,0.477,0.04969,2.096,5e-05,1.042,0.065,0.01169,8.795,1,1779002496
RECALLUSDT,crypto,1777852800,51.07,8.52,0.638,0.05389,8.452,5e-05,1.06,0.161,0.105395,-0.965,0,1779002496
RECALLUSDT,crypto,1777939200,31.09,8.44,0.389,0.05259,-2.412,5e-05,1.044,0.161,0.006759,5.419,1,1779002496
RECALLUSDT,crypto,1778025600,36.33,8.14,0.454,0.0532,1.16,5e-05,0.724,0.226,-0.004978,4.662,1,1779002496
RECALLUSDT,crypto,1778112000,35.19,9.41,0.44,0.05318,-0.038,5e-05,0.721,0.29,-0.025906,7.653,1,1779002496
RECALLUSDT,crypto,1778198400,40.1,10.49,0.501,0.05406,1.655,5e-05,0.808,0.323,-0.000364,12.061,1,1779002496
RECALLUSDT,crypto,1778284800,32.62,10.01,0.408,0.05337,-1.276,5e-05,0.582,0.355,0.001425,11.036,1,1779002496
RECALLUSDT,crypto,1778371200,48.86,13.62,0.611,0.05544,3.879,5e-05,1.047,0.419,-0.034009,14.322,1,1779002496
RECALLUSDT,crypto,1778457600,42.69,14.3,0.534,0.05568,0.433,5e-05,1.054,0.452,-0.027184,23.545,1,1779002496
RECALLUSDT,crypto,1778544000,58.21,20.32,0.728,0.05725,2.82,5e-05,2.053,0.516,-0.026256,17.747,1,1779002496
ADAUSDT,crypto,1762214400,50.92,30.0,0.636,0.5206,-5.791,0.0,2.485,1.0,0.0,11.122,1,1779002497
ADAUSDT,crypto,1762300800,64.73,26.45,0.809,0.5449,4.668,0.0,1.289,1.0,0.0,8.717,1,1779002497
ADAUSDT,crypto,1762387200,47.64,25.01,0.595,0.5316,-2.441,0.0,1.002,1.0,0.0,4.59,1,1779002497
ADAUSDT,crypto,1762473600,71.62,27.06,0.895,0.576,8.352,0.0,1.412,1.0,0.0,-5.312,-1,1779002497
ADAUSDT,crypto,1762560000,48.26,24.23,0.603,0.5682,-1.354,0.0,0.846,1.0,0.0,-6.829,-1,1779002497
ADAUSDT,crypto,1762646400,50.6,20.81,0.633,0.5785,1.813,0.0,0.733,0.857,0.0,-13.898,-1,1779002497
ADAUSDT,crypto,1762732800,47.06,16.13,0.588,0.5924,2.403,0.0,0.726,0.625,0.0,-15.057,-1,1779002497
ADAUSDT,crypto,1762819200,38.81,24.3,0.485,0.556,-6.144,0.0,0.86,1.0,0.0,-12.878,-1,1779002497
ADAUSDT,crypto,1762905600,47.95,24.63,0.599,0.5454,-1.906,0.0,0.927,1.0,0.0,-14.576,-1,1779002497
ADAUSDT,crypto,1762992000,48.73,26.05,0.609,0.5294,-2.934,0.0,1.21,1.0,0.0,-10.257,-1,1779002497
ADAUSDT,crypto,1763078400,44.31,26.82,0.554,0.4981,-5.912,0.0,1.363,1.0,0.0,-6.906,-1,1779002497
ADAUSDT,crypto,1763164800,48.65,21.28,0.608,0.5032,1.024,0.0,0.564,0.923,0.0,-14.11,-1,1779002497
ADAUSDT,crypto,1763251200,42.91,22.51,0.536,0.4844,-3.736,0.0,1.074,0.857,0.0,-15.586,-1,1779002497
ADAUSDT,crypto,1763337600,47.84,25.82,0.598,0.4659,-3.819,0.0,1.432,0.933,0.0,-13.222,-1,1779002497
ADAUSDT,crypto,1763424000,56.05,23.55,0.701,0.4751,1.975,0.0,1.211,0.875,0.0,-14.06,-1,1779002497
ADAUSDT,crypto,1763510400,50.17,26.23,0.627,0.4637,-2.399,0.0,1.247,1.0,0.0,-7.828,-1,1779002497
ADAUSDT,crypto,1763596800,42.03,26.56,0.525,0.4322,-6.793,0.0,1.311,1.0,0.0,-2.429,0,1779002497
ADAUSDT,crypto,1763683200,51.72,30.0,0.646,0.4089,-5.391,0.0,2.606,1.0,0.0,6.505,1,1779002497
ADAUSDT,crypto,1763769600,47.79,23.77,0.597,0.4043,-1.125,0.0,0.754,1.0,0.0,7.074,1,1779002497
ADAUSDT,crypto,1763856000,51.61,23.57,0.645,0.4083,0.989,0.0,0.713,1.0,0.0,2.792,0,1779002497
ADAUSDT,crypto,1763942400,60.95,24.55,0.762,0.4274,4.678,0.0,0.91,1.0,0.0,-3.042,-1,1779002497
ADAUSDT,crypto,1764028800,49.02,24.59,0.613,0.4217,-1.334,0.0,0.919,1.0,0.0,-1.85,0,1779002497
ADAUSDT,crypto,1764115200,56.95,23.95,0.712,0.4355,3.272,0.0,0.791,1.0,0.0,-11.527,-1,1779002497
ADAUSDT,crypto,1764201600,46.26,21.68,0.578,0.4329,-0.597,0.0,0.656,0.92,0.0,0.116,0,1779002497
ADAUSDT,crypto,1764288000,43.46,22.38,0.543,0.4197,-3.049,0.0,0.937,0.885,0.0,7.172,1,1779002497
ADAUSDT,crypto,1764374400,42.21,19.27,0.528,0.4144,-1.263,0.0,0.594,0.815,0.0,5.936,1,1779002497
ADAUSDT,crypto,1764460800,43.0,17.51,0.537,0.4139,-0.121,0.0,0.645,0.714,0.0,0.387,0,1779002497
ADAUSDT,crypto,1764547200,38.37,21.4,0.48,0.3853,-6.91,0.0,1.659,0.655,0.0,7.319,1,1779002497
ADAUSDT,crypto,1764633600,61.23,17.53,0.765,0.4334,12.484,0.0,1.24,0.567,0.0,-3.761,-1,1779002497
ADAUSDT,crypto,1764720000,43.5,8.01,0.544,0.4498,3.784,0.0,1.085,0.129,0.0,-3.824,-1,1779002497
ADAUSDT,crypto,1764806400,27.24,5.74,0.34,0.439,-2.401,0.0,0.76,0.097,0.0,6.925,1,1779002497
ADAUSDT,crypto,1764892800,20.44,4.65,0.255,0.4155,-5.353,0.0,0.8,0.032,0.0,9.122,1,1779002497
ADAUSDT,crypto,1764979200,26.19,2.65,0.327,0.4135,-0.481,0.0,0.401,0.032,0.0,2.805,0,1779002497
ADAUSDT,crypto,1765065600,33.66,5.03,0.421,0.4171,0.871,0.0,0.877,0.032,0.0,-1.966,0,1779002497
ADAUSDT,crypto,1765152000,39.03,4.87,0.488,0.4326,3.716,0.0,0.846,0.032,0.0,-5.155,-1,1779002497
ADAUSDT,crypto,1765238400,54.12,8.95,0.676,0.4694,8.507,0.0,1.533,0.065,0.0,-15.637,-1,1779002497
ADAUSDT,crypto,1765324800,29.24,7.75,0.366,0.4534,-3.409,0.0,1.162,0.097,0.0,-14.446,-1,1779002497
ADAUSDT,crypto,1765411200,27.0,9.46,0.338,0.4251,-6.242,0.0,1.505,0.097,0.0,-9.268,-1,1779002497
ADAUSDT,crypto,1765497600,28.31,7.68,0.354,0.4089,-3.811,0.0,1.149,0.097,0.0,-10.198,-1,1779002497
ADAUSDT,crypto,1765584000,30.18,4.46,0.377,0.4103,0.342,0.0,0.506,0.097,0.0,-14.404,-1,1779002497
ADAUSDT,crypto,1765670400,27.92,8.45,0.349,0.396,-3.485,0.0,0.788,0.226,0.0,-4.899,-1,1779002497
ADAUSDT,crypto,1765756800,35.54,11.47,0.444,0.3879,-2.045,0.0,1.133,0.29,0.0,-3.893,-1,1779002497
ADAUSDT,crypto,1765843200,37.06,11.4,0.463,0.3857,-0.567,0.0,0.86,0.355,0.0,-5.134,-1,1779002497
ADAUSDT,crypto,1765929600,34.54,15.01,0.432,0.3672,-4.796,0.0,1.325,0.419,0.0,1.035,0,1779002497
ADAUSDT,crypto,1766016000,36.74,16.32,0.459,0.3512,-4.357,0.0,1.328,0.484,0.0,3.274,1,1779002497
ADAUSDT,crypto,1766102400,57.16,15.26,0.714,0.3766,7.232,0.0,0.987,0.516,0.0,-5.337,-1,1779002497
ADAUSDT,crypto,1766188800,36.05,13.59,0.451,0.3728,-1.009,0.0,0.395,0.581,0.0,-7.913,-1,1779002497
ADAUSDT,crypto,1766275200,38.09,15.77,0.476,0.3659,-1.851,0.0,0.703,0.613,0.0,-4.509,-1,1779002497
ADAUSDT,crypto,1766361600,49.14,18.38,0.614,0.371,1.394,0.0,1.095,0.645,0.0,-0.296,0,1779002497
ADAUSDT,crypto,1766448000,38.36,16.62,0.48,0.3627,-2.237,0.0,0.743,0.645,0.0,1.572,0,1779002497
ADAUSDT,crypto,1766534400,40.54,17.83,0.507,0.3565,-1.709,0.0,0.727,0.71,0.0,-1.038,0,1779002497
ADAUSDT,crypto,1766620800,40.31,20.35,0.504,0.3433,-3.703,0.0,0.973,0.774,0.0,2.243,0,1779002497
ADAUSDT,crypto,1766707200,51.94,21.01,0.649,0.3494,1.777,0.0,0.976,0.806,0.0,-4.637,-1,1779002497
ADAUSDT,crypto,1766793600,56.87,19.38,0.711,0.3699,5.867,0.0,0.651,0.806,0.0,-3.65,-1,1779002497
ADAUSDT,crypto,1766880000,45.4,19.92,0.567,0.3684,-0.406,0.0,0.758,0.806,0.0,7.166,1,1779002497
ADAUSDT,crypto,1766966400,37.17,17.05,0.465,0.3528,-4.235,0.0,1.217,0.548,0.0,10.346,1,1779002497
ADAUSDT,crypto,1767052800,38.59,12.75,0.482,0.351,-0.51,0.0,0.873,0.419,0.0,14.074,1,1779002497
ADAUSDT,crypto,1767139200,32.25,13.82,0.403,0.3332,-5.071,0.0,1.215,0.387,0.0,26.321,1,1779002497
ADAUSDT,crypto,1767225600,53.49,11.76,0.669,0.3564,6.963,0.0,1.061,0.323,0.0,17.649,1,1779002497
ADAUSDT,crypto,1767312000,59.78,13.72,0.747,0.3948,10.774,0.0,1.712,0.258,0.0,1.824,0,1779002497
ADAUSDT,crypto,1767398400,32.12,8.14,0.401,0.3893,-1.393,0.0,0.853,0.194,0.0,1.593,0,1779002497
ADAUSDT,crypto,1767484800,44.78,11.51,0.56,0.4004,2.851,0.0,1.012,0.323,0.0,-2.298,0,1779002497
ADAUSDT,crypto,1767571200,59.01,18.62,0.738,0.4209,5.12,0.0,1.531,0.548,0.0,-7.769,-1,1779002497
ADAUSDT,crypto,1767657600,50.37,20.45,0.63,0.4193,-0.38,0.0,1.638,0.613,0.0,-6.821,-1,1779002497
ADAUSDT,crypto,1767744000,36.72,17.36,0.459,0.402,-4.126,0.0,1.021,0.613,0.0,-4.005,-1,1779002497
ADAUSDT,crypto,1767830400,45.21,19.1,0.565,0.3955,-1.617,0.0,1.369,0.613,0.0,6.675,1,1779002497
ADAUSDT,crypto,1767916800,42.68,17.31,0.534,0.3912,-1.087,0.0,1.01,0.613,0.0,5.854,1,1779002497
ADAUSDT,crypto,1768003200,37.19,14.24,0.465,0.3882,-0.767,0.0,0.397,0.613,0.0,1.34,0,1779002497
ADAUSDT,crypto,1768089600,42.56,15.51,0.532,0.3907,0.644,0.0,0.651,0.613,0.0,1.203,0,1779002497
ADAUSDT,crypto,1768176000,42.7,16.49,0.534,0.3859,-1.229,0.0,1.234,0.516,0.0,2.928,0,1779002497
ADAUSDT,crypto,1768262400,62.48,18.62,0.781,0.4219,9.329,0.0,1.272,0.613,0.0,-11.022,-1,1779002497
ADAUSDT,crypto,1768348800,41.16,16.66,0.514,0.4141,-1.849,0.0,1.139,0.548,0.0,-10.625,-1,1779002497
ADAUSDT,crypto,1768435200,29.84,11.9,0.373,0.3934,-4.999,0.0,1.089,0.323,0.0,-10.905,-1,1779002497
ADAUSDT,crypto,1768521600,37.59,9.94,0.47,0.3954,0.508,0.0,0.827,0.29,0.0,-7.461,-1,1779002497
ADAUSDT,crypto,1768608000,33.8,7.77,0.422,0.3972,0.455,0.0,0.522,0.258,0.0,-9.567,-1,1779002497
ADAUSDT,crypto,1768694400,23.14,8.07,0.289,0.3754,-5.488,0.0,0.71,0.226,0.0,-4.076,-1,1779002497
ADAUSDT,crypto,1768780800,36.87,10.21,0.461,0.3701,-1.412,0.0,1.397,0.161,0.0,-3.215,-1,1779002497
ADAUSDT,crypto,1768867200,27.24,8.96,0.34,0.3505,-5.296,0.0,1.275,0.129,0.0,-3.338,-1,1779002497
ADAUSDT,crypto,1768953600,45.84,8.25,0.573,0.3659,4.394,0.0,1.262,0.097,0.0,-3.799,-1,1779002497
ADAUSDT,crypto,1769040000,30.39,7.71,0.38,0.3592,-1.831,0.0,0.768,0.194,0.0,0.362,0,1779002497
ADAUSDT,crypto,1769126400,36.6,9.38,0.458,0.3601,0.251,0.0,0.844,0.258,0.0,-0.555,0,1779002497
ADAUSDT,crypto,1769212800,31.76,8.7,0.397,0.3582,-0.528,0.0,0.321,0.355,0.0,-6.644,-1,1779002497
ADAUSDT,crypto,1769299200,31.35,14.68,0.392,0.3388,-5.416,0.0,1.001,0.484,0.0,-5.372,-1,1779002497
ADAUSDT,crypto,1769385600,48.21,13.48,0.603,0.352,3.896,0.0,0.889,0.452,0.0,-16.648,-1,1779002497
ADAUSDT,crypto,1769472000,45.35,13.53,0.567,0.3605,2.415,0.0,0.899,0.452,0.0,-20.777,-1,1779002497
ADAUSDT,crypto,1769558400,39.73,14.44,0.497,0.3581,-0.666,0.0,0.824,0.516,0.0,-16.532,-1,1779002497
ADAUSDT,crypto,1769644800,38.14,21.54,0.477,0.3344,-6.618,0.0,1.469,0.71,0.0,-12.829,-1,1779002497
ADAUSDT,crypto,1769731200,49.99,27.87,0.625,0.3206,-4.127,0.0,1.574,1.0,0.0,-10.73,-1,1779002497
ADAUSDT,crypto,1769817600,47.5,30.0,0.594,0.2934,-8.484,0.0,2.398,1.0,0.0,-16.462,-1,1779002497
ADAUSDT,crypto,1769904000,50.64,26.73,0.633,0.2856,-2.658,0.0,1.345,1.0,0.0,-3.396,-1,1779002497
ADAUSDT,crypto,1769990400,67.16,27.67,0.84,0.2989,4.657,0.0,1.535,1.0,0.0,-9.033,-1,1779002497
ADAUSDT,crypto,1770076800,53.1,27.77,0.664,0.2915,-2.476,0.0,1.555,1.0,0.0,-7.444,-1,1779002497
ADAUSDT,crypto,1770163200,52.02,26.58,0.65,0.2862,-1.818,0.0,1.316,1.0,0.0,-5.765,-1,1779002497
ADAUSDT,crypto,1770249600,47.5,30.0,0.594,0.2451,-14.361,0.0,2.703,1.0,0.0,6.773,1,1779002497
ADAUSDT,crypto,1770336000,76.85,29.35,0.961,0.2759,12.566,0.0,2.622,0.968,0.0,-7.321,-1,1779002497
ADAUSDT,crypto,1770422400,49.82,25.11,0.623,0.2719,-1.45,0.0,1.022,1.0,0.0,-2.795,0,1779002497
ADAUSDT,crypto,1770508800,46.05,22.55,0.576,0.2698,-0.772,0.0,0.509,1.0,0.0,1.075,0,1779002497
ADAUSDT,crypto,1770595200,49.1,23.34,0.614,0.2697,-0.037,0.0,0.668,1.0,0.0,9.344,1,1779002497
ADAUSDT,crypto,1770681600,42.53,22.98,0.532,0.2617,-2.966,0.0,0.596,1.0,0.0,7.604,1,1779002497
ADAUSDT,crypto,1770768000,45.64,23.86,0.571,0.2557,-2.293,0.0,0.773,1.0,0.0,11.732,1,1779002497
ADAUSDT,crypto,1770854400,55.0,22.24,0.687,0.2643,3.363,0.0,0.706,0.935,0.0,6.281,1,1779002497
ADAUSDT,crypto,1770940800,51.24,19.58,0.641,0.2727,3.178,0.0,0.561,0.839,0.0,0.257,0,1779002497
ADAUSDT,crypto,1771027200,59.89,18.94,0.749,0.2949,8.141,0.0,0.691,0.774,0.0,-7.494,-1,1779002497
ADAUSDT,crypto,1771113600,35.52,17.8,0.444,0.2816,-4.51,0.0,0.849,0.677,0.0,1.101,0,1779002497
ADAUSDT,crypto,1771200000,41.28,13.09,0.516,0.2857,1.456,0.0,0.554,0.516,0.0,-2.1,0,1779002497
ADAUSDT,crypto,1771286400,33.66,11.78,0.421,0.2809,-1.68,0.0,0.549,0.452,0.0,-3.346,-1,1779002497
ADAUSDT,crypto,1771372800,29.46,9.7,0.368,0.2734,-2.67,0.0,0.52,0.355,0.0,-4.097,-1,1779002497
ADAUSDT,crypto,1771459200,29.16,4.52,0.365,0.2728,-0.219,0.0,0.517,0.097,0.0,-5.279,-1,1779002497
ADAUSDT,crypto,1771545600,40.72,5.4,0.509,0.2847,4.362,0.0,0.821,0.065,0.0,4.355,1,1779002497
ADAUSDT,crypto,1771632000,23.95,2.8,0.299,0.2797,-1.756,0.0,0.432,0.032,0.0,2.538,0,1779002497
ADAUSDT,crypto,1771718400,21.89,2.95,0.274,0.2715,-2.932,0.0,0.46,0.032,0.0,2.173,0,1779002497
ADAUSDT,crypto,1771804800,26.11,5.55,0.326,0.2622,-3.425,0.0,0.981,0.032,0.0,7.094,1,1779002497
ADAUSDT,crypto,1771891200,28.0,4.85,0.35,0.2584,-1.449,0.0,0.711,0.065,0.0,5.805,1,1779002497
ADAUSDT,crypto,1771977600,57.49,10.32,0.719,0.2971,14.977,0.0,1.934,0.032,0.0,-6.833,-1,1779002497
ADAUSDT,crypto,1772064000,28.89,7.31,0.361,0.2868,-3.467,0.0,1.203,0.065,0.0,-8.543,-1,1779002497
ADAUSDT,crypto,1772150400,27.6,6.47,0.345,0.2774,-3.278,0.0,1.036,0.065,0.0,-0.433,0,1779002497
ADAUSDT,crypto,1772236800,42.61,9.47,0.533,0.2808,1.226,0.0,1.637,0.065,0.0,-4.238,-1,1779002497
ADAUSDT,crypto,1772323200,30.63,7.35,0.383,0.2734,-2.635,0.0,1.211,0.065,0.0,-5.304,-1,1779002497
ADAUSDT,crypto,1772409600,37.49,6.58,0.469,0.2768,1.244,0.0,1.186,0.032,0.0,-8.129,-1,1779002497
ADAUSDT,crypto,1772496000,25.54,7.08,0.319,0.2623,-5.238,0.0,1.287,0.032,0.0,-5.071,-1,1779002497
ADAUSDT,crypto,1772582400,51.32,9.43,0.642,0.2762,5.299,0.0,1.758,0.032,0.0,-7.676,-1,1779002497
ADAUSDT,crypto,1772668800,29.08,6.58,0.363,0.2689,-2.643,0.0,1.058,0.065,0.0,-2.603,0,1779002497
ADAUSDT,crypto,1772755200,25.34,5.79,0.317,0.2589,-3.719,0.0,0.899,0.065,0.0,1.352,0,1779002497
ADAUSDT,crypto,1772841600,30.28,7.6,0.378,0.2543,-1.777,0.0,0.746,0.194,0.0,3.578,1,1779002497
ADAUSDT,crypto,1772928000,37.12,13.91,0.464,0.249,-2.084,0.0,0.976,0.452,0.0,6.586,1,1779002497
ADAUSDT,crypto,1773014400,48.2,15.6,0.602,0.255,2.41,0.0,1.055,0.516,0.0,3.216,1,1779002497
ADAUSDT,crypto,1773100800,50.36,16.71,0.629,0.2619,2.706,0.0,1.148,0.548,0.0,3.131,1,1779002497
ADAUSDT,crypto,1773187200,42.57,15.76,0.532,0.2624,0.191,4.5e-05,0.83,0.581,0.0,10.633,1,1779002497
ADAUSDT,crypto,1773273600,40.53,13.79,0.507,0.2634,0.381,-2e-06,0.693,0.516,0.0,9.643,1,1779002497
ADAUSDT,crypto,1773360000,44.38,15.59,0.555,0.2654,0.759,0.0001,1.054,0.516,0.0,3.278,1,1779002497
ADAUSDT,crypto,1773446400,38.54,13.62,0.482,0.2632,-0.829,-0.000288,0.53,0.548,0.0,1.596,0,1779002497
ADAUSDT,crypto,1773532800,44.05,13.53,0.551,0.2701,2.622,8.6e-05,0.641,0.516,0.0,-1.555,0,1779002497
ADAUSDT,crypto,1773619200,66.91,22.4,0.836,0.2903,7.479,0.0001,1.512,0.742,0.0,-11.436,-1,1779002497
ADAUSDT,crypto,1773705600,39.48,13.77,0.493,0.2888,-0.517,9.9e-05,0.947,0.452,0.0,-13.296,-1,1779002497
ADAUSDT,crypto,1773792000,28.8,10.54,0.36,0.2741,-5.09,-0.000114,1.075,0.258,0.0,-4.597,-1,1779002497
ADAUSDT,crypto,1773878400,29.78,8.2,0.372,0.2674,-2.444,-5.7e-05,0.737,0.226,0.0,-0.411,0,1779002497
ADAUSDT,crypto,1773964800,31.57,6.56,0.395,0.2659,-0.561,-5.7e-05,0.668,0.161,0.0,1.692,0,1779002497
ADAUSDT,crypto,1774051200,26.81,7.71,0.335,0.2571,-3.31,-0.000132,0.51,0.258,0.0,-1.011,0,1779002497
ADAUSDT,crypto,1774137600,34.64,11.52,0.433,0.2504,-2.606,-0.000282,0.884,0.355,0.0,-1.837,0,1779002497
ADAUSDT,crypto,1774224000,53.21,14.85,0.665,0.2615,4.433,2.4e-05,1.422,0.387,0.0,-6.004,-1,1779002497
ADAUSDT,crypto,1774310400,40.02,9.74,0.5,0.2663,1.836,-3.5e-05,0.786,0.29,0.0,-9.951,-1,1779002497
ADAUSDT,crypto,1774396800,40.72,11.05,0.509,0.2704,1.54,0.0001,0.919,0.323,0.0,-10.022,-1,1779002497
ADAUSDT,crypto,1774483200,28.62,13.08,0.358,0.2545,-5.88,-2.1e-05,0.939,0.419,0.0,-5.069,-1,1779002497
ADAUSDT,crypto,1774569600,39.14,18.16,0.489,0.2458,-3.418,-0.000139,0.923,0.677,0.0,1.058,0,1779002497
ADAUSDT,crypto,1774656000,45.32,18.55,0.566,0.2458,0.0,-0.000112,0.742,0.742,0.0,-2.685,0,1779002497
ADAUSDT,crypto,1774742400,48.8,24.99,0.61,0.2398,-2.441,-0.000242,0.997,1.0,0.0,2.669,0,1779002497
ADAUSDT,crypto,1774828800,56.08,25.58,0.701,0.2433,1.46,0.0001,1.116,1.0,0.0,1.808,0,1779002497
ADAUSDT,crypto,1774915200,54.24,26.52,0.678,0.2416,-0.699,-2.1e-05,1.304,1.0,0.0,3.767,1,1779002497
ADAUSDT,crypto,1775001600,60.02,26.08,0.75,0.2484,2.815,5.4e-05,1.217,1.0,0.0,-1.047,0,1779002497
ADAUSDT,crypto,1775088000,49.86,27.21,0.623,0.2392,-3.704,-6.9e-05,1.443,1.0,0.0,9.824,1,1779002497
ADAUSDT,crypto,1775174400,56.99,24.57,0.712,0.2462,2.926,0.0001,0.913,1.0,0.0,1.747,0,1779002497
ADAUSDT,crypto,1775260800,48.08,22.09,0.601,0.2477,0.609,9.4e-05,0.547,0.968,0.0,2.584,0,1779002497
ADAUSDT,crypto,1775347200,49.39,20.55,0.617,0.2507,1.211,-2.6e-05,0.756,0.839,0.0,1.356,0,1779002497
ADAUSDT,crypto,1775433600,36.91,12.96,0.461,0.2458,-1.955,0.0001,1.173,0.355,0.0,1.465,0,1779002497
ADAUSDT,crypto,1775520000,52.02,8.29,0.65,0.2627,6.876,-9.8e-05,1.399,0.065,0.0,-10.202,-1,1779002497
ADAUSDT,crypto,1775606400,23.66,5.8,0.296,0.2505,-4.644,0.0001,1.03,0.032,0.0,-0.758,0,1779002497
ADAUSDT,crypto,1775692800,34.06,4.78,0.426,0.2541,1.437,4.6e-05,0.827,0.032,0.0,-5.824,-1,1779002497
ADAUSDT,crypto,1775779200,30.63,4.6,0.383,0.2541,0.0,8.5e-05,0.791,0.032,0.0,-3.188,-1,1779002497
ADAUSDT,crypto,1775865600,30.2,6.07,0.378,0.2494,-1.85,-0.00011,0.956,0.065,0.0,3.849,1,1779002497
ADAUSDT,crypto,1775952000,27.21,8.27,0.34,0.2359,-5.413,-0.000313,1.139,0.129,0.0,9.58,1,1779002497
ADAUSDT,crypto,1776038400,46.14,6.98,0.577,0.2486,5.384,8.9e-05,1.267,0.032,0.0,0.161,0,1779002497
ADAUSDT,crypto,1776124800,26.46,6.11,0.331,0.2393,-3.741,2.4e-05,1.092,0.032,0.0,1.254,0,1779002497
ADAUSDT,crypto,1776211200,38.33,5.5,0.479,0.246,2.8,2.3e-05,0.97,0.032,0.0,0.732,0,1779002497
ADAUSDT,crypto,1776297600,50.16,9.76,0.627,0.259,5.285,0.0001,1.565,0.097,0.0,-3.591,-1,1779002497
ADAUSDT,crypto,1776384000,36.01,8.49,0.45,0.2585,-0.193,0.0001,1.182,0.129,0.0,-3.985,-1,1779002497
ADAUSDT,crypto,1776470400,25.63,6.35,0.32,0.249,-3.675,-7.3e-05,0.754,0.129,0.0,0.241,0,1779002497
ADAUSDT,crypto,1776556800,29.37,7.74,0.367,0.2423,-2.691,0.0,0.903,0.161,-0.054892,3.26,1,1779002497
ADAUSDT,crypto,1776643200,36.72,5.97,0.459,0.2478,2.27,6.5e-05,0.807,0.097,-0.093419,0.928,0,1779002497
ADAUSDT,crypto,1776729600,34.9,6.75,0.436,0.2497,0.767,1.3e-05,0.835,0.129,-0.018685,0.921,0,1779002497
ADAUSDT,crypto,1776816000,30.78,5.64,0.385,0.2482,-0.601,0.0001,0.869,0.065,-0.009395,-0.121,0,1779002497
ADAUSDT,crypto,1776902400,34.42,6.03,0.43,0.2496,0.564,-3e-06,0.949,0.065,0.016202,-1.202,0,1779002497
ADAUSDT,crypto,1776988800,30.46,4.63,0.381,0.2502,0.24,0.0001,0.669,0.065,2e-06,-2.318,0,1779002497
ADAUSDT,crypto,1777075200,30.17,4.74,0.377,0.2501,-0.04,8.8e-05,0.69,0.065,0.011764,-1.599,0,1779002497
ADAUSDT,crypto,1777161600,31.45,4.61,0.393,0.252,0.76,0.0001,0.664,0.065,-0.004492,-1.587,0,1779002497
ADAUSDT,crypto,1777248000,31.35,5.96,0.392,0.2479,-1.627,-0.000165,1.064,0.032,0.04186,0.887,0,1779002497
ADAUSDT,crypto,1777334400,30.13,4.98,0.377,0.2466,-0.524,-1e-06,0.739,0.065,-0.020041,1.135,0,1779002497
ADAUSDT,crypto,1777420800,34.74,7.37,0.434,0.2444,-0.892,1.3e-05,1.345,0.032,-0.012829,2.169,0,1779002497
ADAUSDT,crypto,1777507200,31.69,4.21,0.396,0.2461,0.696,-5e-06,0.713,0.032,-0.010612,6.42,1,1779002497
ADAUSDT,crypto,1777593600,31.89,4.5,0.399,0.248,0.772,0.0001,0.77,0.032,-0.020389,7.621,1,1779002497
ADAUSDT,crypto,1777680000,29.76,3.36,0.372,0.2501,0.847,0.0001,0.542,0.032,0.020181,4.958,1,1779002497
ADAUSDT,crypto,1777766400,29.58,4.71,0.37,0.2494,-0.28,0.0001,0.685,0.065,0.030755,9.623,1,1779002497
ADAUSDT,crypto,1777852800,38.06,8.05,0.476,0.2497,0.12,2.9e-05,1.482,0.032,-7e-05,8.41,1,1779002497
ADAUSDT,crypto,1777939200,47.0,8.91,0.588,0.2619,4.886,0.0001,1.265,0.129,-0.003165,7.751,1,1779002497
ADAUSDT,crypto,1778025600,45.11,12.87,0.564,0.2669,1.909,0.0001,1.284,0.323,0.157282,4.946,1,1779002497
ADAUSDT,crypto,1778112000,35.06,11.73,0.438,0.2625,-1.649,0.0001,0.926,0.355,0.033243,3.2,1,1779002497
ADAUSDT,crypto,1778198400,55.32,20.57,0.692,0.2734,4.152,0.0001,0.889,0.806,-0.04941,-3.219,-1,1779002497
ADAUSDT,crypto,1778284800,44.1,20.64,0.551,0.2707,-0.988,5.6e-05,0.643,0.871,0.074565,-0.111,0,1779002497
ADAUSDT,crypto,1778371200,64.6,27.05,0.808,0.2822,4.248,0.0001,1.411,1.0,-0.031204,-7.406,-1,1779002497
ADAUSDT,crypto,1778457600,51.75,25.39,0.647,0.2801,-0.744,8e-06,1.078,1.0,0.023177,-8.997,-1,1779002497
ADAUSDT,crypto,1778544000,46.95,25.47,0.587,0.2709,-3.285,-1.7e-05,1.094,1.0,-0.007888,-5.611,-1,1779002497
BCHUSDT,crypto,1762214400,48.35,28.01,0.604,479.73,-5.087,0.0,1.603,1.0,0.0,4.894,1,1779002498
BCHUSDT,crypto,1762300800,53.47,23.61,0.668,488.69,1.868,0.0,0.723,1.0,0.0,5.803,1,1779002498
BCHUSDT,crypto,1762387200,36.44,17.78,0.455,472.53,-3.307,0.0,0.555,0.75,0.0,6.933,1,1779002498
BCHUSDT,crypto,1762473600,56.98,11.74,0.712,512.0,8.353,0.0,1.548,0.2,0.0,-1.01,0,1779002498
BCHUSDT,crypto,1762560000,24.48,5.9,0.306,495.4,-3.242,0.0,0.513,0.167,0.0,2.741,0,1779002498
BCHUSDT,crypto,1762646400,33.43,5.32,0.418,503.21,1.577,0.0,0.492,0.143,0.0,-4.755,-1,1779002498
BCHUSDT,crypto,1762732800,38.09,6.3,0.476,517.05,2.75,0.0,0.759,0.125,0.0,-2.891,0,1779002498
BCHUSDT,crypto,1762819200,30.02,7.15,0.375,505.29,-2.274,0.0,0.985,0.111,0.0,-4.397,-1,1779002498
BCHUSDT,crypto,1762905600,33.69,6.29,0.421,506.83,0.305,0.0,0.858,0.1,0.0,-3.256,-1,1779002498
BCHUSDT,crypto,1762992000,37.22,7.84,0.465,508.98,0.424,0.0,1.205,0.091,0.0,2.7,0,1779002498
BCHUSDT,crypto,1763078400,28.52,11.35,0.357,479.28,-5.835,0.0,1.269,0.25,0.0,1.413,0,1779002498
BCHUSDT,crypto,1763164800,42.08,6.57,0.526,502.1,4.761,0.0,0.698,0.154,0.0,-4.362,-1,1779002498
BCHUSDT,crypto,1763251200,23.05,4.78,0.288,483.07,-3.79,0.0,0.67,0.071,0.0,10.404,1,1779002498
BCHUSDT,crypto,1763337600,37.07,6.45,0.463,490.33,1.503,0.0,1.023,0.067,0.0,13.417,1,1779002498
BCHUSDT,crypto,1763424000,52.87,9.2,0.661,522.72,6.606,0.0,1.591,0.062,0.0,3.128,1,1779002498
BCHUSDT,crypto,1763510400,21.18,6.94,0.265,486.05,-7.015,0.0,1.153,0.059,0.0,12.958,1,1779002498
BCHUSDT,crypto,1763596800,35.69,8.35,0.446,480.2,-1.204,0.0,1.449,0.056,0.0,9.715,1,1779002498
BCHUSDT,crypto,1763683200,58.55,11.05,0.732,533.33,11.064,0.0,2.351,0.053,0.0,1.866,0,1779002498
BCHUSDT,crypto,1763769600,54.05,13.0,0.676,556.12,4.273,0.0,2.028,0.15,0.0,-4.242,-1,1779002498
BCHUSDT,crypto,1763856000,33.53,11.44,0.419,539.07,-3.066,0.0,1.144,0.286,0.0,1.712,0,1779002498
BCHUSDT,crypto,1763942400,42.5,11.34,0.531,549.03,1.848,0.0,0.995,0.318,0.0,-5.085,-1,1779002498
BCHUSDT,crypto,1764028800,30.1,10.88,0.376,526.85,-4.04,0.0,0.959,0.304,0.0,2.585,0,1779002498
BCHUSDT,crypto,1764115200,45.22,11.16,0.565,543.28,3.119,0.0,1.065,0.292,0.0,-3.797,-1,1779002498
BCHUSDT,crypto,1764201600,29.7,8.78,0.371,532.53,-1.979,0.0,0.476,0.32,0.0,2.366,0,1779002498
BCHUSDT,crypto,1764288000,44.45,12.24,0.556,548.3,2.961,0.0,0.756,0.423,0.0,7.635,1,1779002498
BCHUSDT,crypto,1764374400,30.85,13.21,0.386,521.11,-4.959,0.0,1.012,0.407,0.0,10.245,1,1779002498
BCHUSDT,crypto,1764460800,50.8,15.43,0.635,540.47,3.715,0.0,1.087,0.5,0.0,3.466,1,1779002498
BCHUSDT,crypto,1764547200,38.03,15.89,0.475,522.65,-3.297,0.0,1.247,0.483,0.0,11.578,1,1779002498
BCHUSDT,crypto,1764633600,52.51,16.04,0.656,545.13,4.301,0.0,1.074,0.533,0.0,9.704,1,1779002498
BCHUSDT,crypto,1764720000,67.39,22.36,0.842,590.16,8.26,0.0,1.505,0.742,0.0,-1.93,0,1779002498
BCHUSDT,crypto,1764806400,40.16,18.9,0.502,574.5,-2.654,0.0,0.813,0.742,0.0,1.701,0,1779002498
BCHUSDT,crypto,1764892800,40.63,19.15,0.508,559.2,-2.663,0.0,0.862,0.742,0.0,2.352,0,1779002498
BCHUSDT,crypto,1764979200,53.4,17.94,0.668,583.16,4.285,0.0,0.878,0.677,0.0,-1.583,0,1779002498
BCHUSDT,crypto,1765065600,53.94,20.91,0.674,598.03,2.55,0.0,1.085,0.774,0.0,-2.793,0,1779002498
BCHUSDT,crypto,1765152000,41.44,21.4,0.518,578.77,-3.221,0.0,0.796,0.871,0.0,0.145,0,1779002498
BCHUSDT,crypto,1765238400,43.8,15.5,0.547,584.27,0.95,0.0,0.778,0.581,0.0,-4.524,-1,1779002498
BCHUSDT,crypto,1765324800,32.9,8.85,0.411,572.35,-2.04,0.0,1.126,0.161,0.0,-6.449,-1,1779002498
BCHUSDT,crypto,1765411200,34.23,7.2,0.428,573.93,0.276,0.0,0.795,0.161,0.0,-4.915,-1,1779002498
BCHUSDT,crypto,1765497600,37.64,8.54,0.471,581.33,1.289,0.0,0.805,0.226,0.0,-6.046,-1,1779002498
BCHUSDT,crypto,1765584000,30.67,6.64,0.383,579.61,-0.296,0.0,0.425,0.226,0.0,-2.462,0,1779002498
BCHUSDT,crypto,1765670400,25.87,7.7,0.323,557.84,-3.756,0.0,0.636,0.226,0.0,11.912,1,1779002498
BCHUSDT,crypto,1765756800,27.49,7.8,0.344,535.44,-4.015,0.0,1.044,0.129,0.0,10.511,1,1779002498
BCHUSDT,crypto,1765843200,36.1,6.17,0.451,545.72,1.92,0.0,0.718,0.129,0.0,8.253,1,1779002498
BCHUSDT,crypto,1765929600,33.91,6.26,0.424,546.18,0.084,0.0,0.995,0.065,0.0,8.021,1,1779002498
BCHUSDT,crypto,1766016000,50.25,11.01,0.628,565.34,3.508,0.0,1.944,0.065,0.0,1.182,0,1779002498
BCHUSDT,crypto,1766102400,63.95,16.45,0.799,624.29,10.427,0.0,2.013,0.323,0.0,-8.967,-1,1779002498
BCHUSDT,crypto,1766188800,28.23,10.34,0.353,591.72,-5.217,0.0,1.165,0.226,0.0,-0.392,0,1779002498
BCHUSDT,crypto,1766275200,31.12,5.12,0.389,590.76,-0.162,0.0,0.765,0.065,0.0,0.645,0,1779002498
BCHUSDT,crypto,1766361600,33.39,5.9,0.417,589.99,-0.13,0.0,1.05,0.032,0.0,5.578,1,1779002498
BCHUSDT,crypto,1766448000,23.62,3.93,0.295,572.02,-3.046,0.0,0.657,0.032,0.0,8.729,1,1779002498
BCHUSDT,crypto,1766534400,28.64,4.36,0.358,568.31,-0.649,0.0,0.615,0.065,0.0,5.356,1,1779002498
BCHUSDT,crypto,1766620800,40.13,5.43,0.502,589.4,3.711,0.0,0.957,0.032,0.0,1.047,0,1779002498
BCHUSDT,crypto,1766707200,38.97,8.97,0.487,594.57,0.877,0.0,1.149,0.161,0.0,0.77,0,1779002498
BCHUSDT,crypto,1766793600,45.23,8.86,0.565,622.9,4.765,0.0,0.869,0.226,0.0,-4.821,-1,1779002498
BCHUSDT,crypto,1766880000,42.38,14.61,0.53,621.95,-0.153,0.0,1.115,0.452,0.0,-1.984,0,1779002498
BCHUSDT,crypto,1766966400,40.88,18.73,0.511,598.75,-3.73,0.0,1.422,0.581,0.0,9.259,1,1779002498
BCHUSDT,crypto,1767052800,39.4,15.11,0.493,595.57,-0.531,0.0,0.571,0.613,0.0,7.242,1,1779002498
BCHUSDT,crypto,1767139200,41.68,15.76,0.521,599.15,0.601,0.0,0.443,0.677,0.0,7.644,1,1779002498
BCHUSDT,crypto,1767225600,40.47,17.45,0.506,592.87,-1.048,0.0,0.522,0.742,0.0,7.58,1,1779002498
BCHUSDT,crypto,1767312000,54.55,20.94,0.682,609.61,2.824,0.0,1.092,0.774,0.0,3.166,1,1779002498
BCHUSDT,crypto,1767398400,71.92,25.46,0.899,654.19,7.313,0.0,1.867,0.806,0.0,-3.43,-1,1779002498
BCHUSDT,crypto,1767484800,47.73,23.05,0.597,638.7,-2.368,0.0,1.384,0.806,0.0,-0.678,0,1779002498
BCHUSDT,crypto,1767571200,54.83,23.25,0.685,644.95,0.979,0.0,1.424,0.806,0.0,-0.229,0,1779002498
BCHUSDT,crypto,1767657600,39.71,14.23,0.496,637.81,-1.107,0.0,1.039,0.452,0.0,1.674,0,1779002498
BCHUSDT,crypto,1767744000,31.06,8.58,0.388,628.91,-1.395,0.0,0.554,0.29,0.0,-1.235,0,1779002498
BCHUSDT,crypto,1767830400,42.78,13.24,0.535,631.75,0.452,0.0,1.228,0.355,0.0,-2.39,0,1779002498
BCHUSDT,crypto,1767916800,36.99,10.7,0.462,634.37,0.415,0.0,0.592,0.387,0.0,-5.897,-1,1779002498
BCHUSDT,crypto,1768003200,38.78,10.9,0.485,643.47,1.434,0.0,0.502,0.419,0.0,-8.252,-1,1779002498
BCHUSDT,crypto,1768089600,49.91,18.41,0.624,648.49,0.78,0.0,1.488,0.548,0.0,-7.633,-1,1779002498
BCHUSDT,crypto,1768176000,35.48,12.97,0.444,621.14,-4.217,0.0,1.69,0.226,0.0,-4.405,-1,1779002498
BCHUSDT,crypto,1768262400,32.65,6.12,0.408,616.65,-0.723,0.0,1.095,0.032,0.0,-4.14,-1,1779002498
BCHUSDT,crypto,1768348800,29.26,6.9,0.366,596.96,-3.193,0.0,1.25,0.032,0.0,-2.24,0,1779002498
BCHUSDT,crypto,1768435200,41.58,11.29,0.52,590.37,-1.104,0.0,2.083,0.065,0.0,-3.005,-1,1779002498
BCHUSDT,crypto,1768521600,36.57,6.87,0.457,598.99,1.46,0.0,0.857,0.129,0.0,-2.439,0,1779002498
BCHUSDT,crypto,1768608000,29.08,6.42,0.364,593.78,-0.87,0.0,0.38,0.226,0.0,0.818,0,1779002498
BCHUSDT,crypto,1768694400,32.85,9.17,0.411,591.12,-0.448,0.0,0.415,0.355,0.0,0.694,0,1779002498
BCHUSDT,crypto,1768780800,36.04,12.24,0.45,583.59,-1.274,0.0,0.77,0.419,0.0,1.648,0,1779002498
BCHUSDT,crypto,1768867200,36.77,14.49,0.46,572.63,-1.878,0.0,0.705,0.548,0.0,-0.147,0,1779002498
BCHUSDT,crypto,1768953600,49.19,17.42,0.615,584.38,2.052,0.0,1.033,0.613,0.0,-1.063,0,1779002498
BCHUSDT,crypto,1769040000,45.55,15.53,0.569,598.64,2.44,0.0,0.526,0.645,0.0,0.184,0,1779002498
BCHUSDT,crypto,1769126400,33.56,10.3,0.42,595.22,-0.571,0.0,0.382,0.419,0.0,-0.731,0,1779002498
BCHUSDT,crypto,1769212800,31.54,8.73,0.394,593.21,-0.338,0.0,0.197,0.387,0.0,-6.662,-1,1779002498
BCHUSDT,crypto,1769299200,27.98,10.22,0.35,571.79,-3.611,0.0,0.496,0.387,0.0,-3.3,-1,1779002498
BCHUSDT,crypto,1769385600,34.77,7.92,0.435,578.17,1.116,0.0,0.423,0.29,0.0,-12.294,-1,1779002498
BCHUSDT,crypto,1769472000,43.49,9.34,0.544,599.74,3.731,0.0,0.836,0.258,0.0,-13.989,-1,1779002498
BCHUSDT,crypto,1769558400,29.52,7.25,0.369,590.87,-1.479,0.0,0.546,0.226,0.0,-8.73,-1,1779002498
BCHUSDT,crypto,1769644800,26.13,11.33,0.327,553.69,-6.292,0.0,0.976,0.323,0.0,-4.889,-1,1779002498
BCHUSDT,crypto,1769731200,37.69,10.32,0.471,552.92,-0.139,0.0,1.031,0.258,0.0,-3.76,-1,1779002498
BCHUSDT,crypto,1769817600,41.0,25.14,0.513,507.09,-8.289,0.0,1.673,0.839,0.0,-10.574,-1,1779002498
BCHUSDT,crypto,1769904000,59.66,26.53,0.746,515.84,1.726,0.0,1.435,0.968,0.0,1.374,0,1779002498
BCHUSDT,crypto,1769990400,66.14,26.95,0.827,539.29,4.546,0.0,1.519,0.968,0.0,-2.665,0,1779002498
BCHUSDT,crypto,1770076800,49.56,25.88,0.619,526.62,-2.349,0.0,1.175,1.0,0.0,0.004,0,1779002498
BCHUSDT,crypto,1770163200,55.27,25.34,0.691,532.13,1.046,0.0,1.068,1.0,0.0,0.1,0,1779002498
BCHUSDT,crypto,1770249600,47.5,30.0,0.594,453.47,-14.782,0.0,2.943,1.0,0.0,15.567,1,1779002498
BCHUSDT,crypto,1770336000,77.5,30.0,0.969,522.93,15.317,0.0,3.328,1.0,0.0,-1.379,0,1779002498
BCHUSDT,crypto,1770422400,56.78,26.76,0.71,524.92,0.381,0.0,1.352,1.0,0.0,-4.204,-1,1779002498
BCHUSDT,crypto,1770508800,50.09,23.47,0.626,526.64,0.328,0.0,0.693,1.0,0.0,7.045,1,1779002498
BCHUSDT,crypto,1770595200,51.34,23.28,0.642,532.66,1.143,0.0,0.655,1.0,0.0,5.604,1,1779002498
BCHUSDT,crypto,1770681600,44.35,21.25,0.554,524.06,-1.615,0.0,0.766,0.871,0.0,5.583,1,1779002498
BCHUSDT,crypto,1770768000,43.2,20.01,0.54,515.72,-1.591,0.0,0.776,0.806,0.0,10.279,1,1779002498
BCHUSDT,crypto,1770854400,39.5,18.74,0.494,502.85,-2.496,0.0,0.651,0.774,0.0,11.974,1,1779002498
BCHUSDT,crypto,1770940800,64.75,21.04,0.809,563.74,12.109,0.0,1.241,0.742,0.0,-1.118,0,1779002498
BCHUSDT,crypto,1771027200,42.86,17.49,0.536,562.51,-0.218,0.0,0.66,0.71,0.0,-0.46,0,1779002498
BCHUSDT,crypto,1771113600,38.08,16.2,0.476,553.32,-1.634,0.0,0.53,0.677,0.0,1.578,0,1779002498
BCHUSDT,crypto,1771200000,47.9,16.37,0.599,568.73,2.785,0.0,0.693,0.645,0.0,-0.874,0,1779002498
BCHUSDT,crypto,1771286400,38.23,14.67,0.478,563.06,-0.997,0.0,0.611,0.581,0.0,1.298,0,1779002498
BCHUSDT,crypto,1771372800,36.64,13.87,0.458,557.44,-0.998,0.0,0.452,0.581,0.0,-11.153,-1,1779002498
BCHUSDT,crypto,1771459200,42.14,15.18,0.527,559.92,0.445,0.0,0.714,0.581,0.0,-13.523,-1,1779002498
BCHUSDT,crypto,1771545600,43.49,15.6,0.544,562.05,0.38,0.0,0.926,0.548,0.0,-12.389,-1,1779002498
BCHUSDT,crypto,1771632000,39.34,13.92,0.492,563.76,0.304,0.0,0.462,0.581,0.0,-15.214,-1,1779002498
BCHUSDT,crypto,1771718400,48.87,18.14,0.611,570.37,1.172,0.0,1.177,0.613,0.0,-19.147,-1,1779002498
BCHUSDT,crypto,1771804800,40.4,22.9,0.505,495.27,-13.167,0.0,2.02,0.645,0.0,-7.695,-1,1779002498
BCHUSDT,crypto,1771891200,45.21,20.36,0.565,484.2,-2.235,0.0,1.363,0.677,0.0,-8.868,-1,1779002498
BCHUSDT,crypto,1771977600,51.87,18.15,0.648,492.42,1.698,0.0,1.565,0.516,0.0,-9.679,-1,1779002498
BCHUSDT,crypto,1772064000,36.93,16.27,0.462,477.99,-2.93,0.0,0.803,0.613,0.0,-7.211,-1,1779002498
BCHUSDT,crypto,1772150400,40.74,20.38,0.509,461.16,-3.521,0.0,0.98,0.774,0.0,1.184,0,1779002498
BCHUSDT,crypto,1772236800,56.11,27.67,0.701,457.16,-0.867,0.0,1.534,1.0,0.0,0.903,0,1779002498
BCHUSDT,crypto,1772323200,46.17,25.32,0.577,441.26,-3.478,0.0,1.063,1.0,0.0,1.82,0,1779002498
BCHUSDT,crypto,1772409600,55.06,25.49,0.688,444.76,0.793,0.0,1.097,1.0,0.0,1.135,0,1779002498
BCHUSDT,crypto,1772496000,49.51,23.79,0.619,443.52,-0.279,0.0,0.757,1.0,0.0,-0.171,0,1779002498
BCHUSDT,crypto,1772582400,64.48,25.78,0.806,466.62,5.208,0.0,1.156,1.0,0.0,-4.794,-1,1779002498
BCHUSDT,crypto,1772668800,46.66,23.22,0.583,461.29,-1.142,0.0,0.644,1.0,0.0,-3.167,-1,1779002498
BCHUSDT,crypto,1772755200,43.77,23.24,0.547,449.29,-2.601,0.0,0.647,1.0,0.0,1.231,0,1779002498
BCHUSDT,crypto,1772841600,46.67,21.97,0.583,449.81,0.116,0.0,0.394,1.0,0.0,1.152,0,1779002498
BCHUSDT,crypto,1772928000,42.24,20.79,0.528,442.76,-1.567,0.0,0.416,0.935,0.0,4.034,1,1779002498
BCHUSDT,crypto,1773014400,47.43,20.51,0.593,444.25,0.337,0.0,0.748,0.839,0.0,5.189,1,1779002498
BCHUSDT,crypto,1773100800,46.29,19.09,0.579,446.68,0.547,0.0,0.721,0.774,0.0,5.073,1,1779002498
BCHUSDT,crypto,1773187200,48.29,18.1,0.604,454.82,1.822,-2.9e-05,0.78,0.71,0.0,5.224,1,1779002498
BCHUSDT,crypto,1773273600,39.44,14.95,0.493,454.99,0.037,2.8e-05,0.41,0.645,0.0,3.372,1,1779002498
BCHUSDT,crypto,1773360000,46.3,15.61,0.579,460.62,1.237,4.2e-05,1.186,0.484,0.0,-0.886,0,1779002498
BCHUSDT,crypto,1773446400,30.88,3.12,0.386,467.3,1.45,2.2e-05,0.495,0.032,0.0,-2.564,0,1779002498
BCHUSDT,crypto,1773532800,30.07,3.63,0.376,469.34,0.437,-1.6e-05,0.597,0.032,0.0,1.042,0,1779002498
BCHUSDT,crypto,1773619200,34.63,4.53,0.433,478.58,1.969,4.4e-05,0.776,0.032,0.0,-3.433,-1,1779002498
BCHUSDT,crypto,1773705600,24.69,3.03,0.309,470.33,-1.724,-4.3e-05,0.478,0.032,0.0,-0.687,0,1779002498
BCHUSDT,crypto,1773792000,25.22,4.51,0.315,456.54,-2.932,-4.2e-05,0.773,0.032,0.0,4.626,1,1779002498
BCHUSDT,crypto,1773878400,29.1,4.03,0.364,455.32,-0.267,5.8e-05,0.678,0.032,0.0,4.761,1,1779002498
BCHUSDT,crypto,1773964800,43.95,7.64,0.549,474.23,4.153,4.2e-05,1.142,0.097,0.0,-0.2,0,1779002498
BCHUSDT,crypto,1774051200,25.75,5.18,0.322,462.15,-2.547,1.8e-05,0.65,0.097,0.0,-0.095,0,1779002498
BCHUSDT,crypto,1774137600,35.15,5.83,0.439,467.1,1.071,0.0001,1.036,0.032,0.0,1.118,0,1779002498
BCHUSDT,crypto,1774224000,42.81,8.93,0.535,477.66,2.261,2.8e-05,1.399,0.097,0.0,0.645,0,1779002498
BCHUSDT,crypto,1774310400,35.54,8.43,0.444,477.0,-0.138,-6.5e-05,0.912,0.194,0.0,-5.153,-1,1779002498
BCHUSDT,crypto,1774396800,31.26,7.68,0.391,473.28,-0.78,-2.5e-05,0.503,0.258,0.0,-2.821,0,1779002498
BCHUSDT,crypto,1774483200,29.49,7.99,0.369,461.71,-2.445,4.7e-05,0.824,0.194,0.0,1.009,0,1779002498
BCHUSDT,crypto,1774569600,45.64,10.69,0.57,472.32,2.298,-0.000207,1.363,0.194,0.0,-3.669,-1,1779002498
BCHUSDT,crypto,1774656000,36.45,5.17,0.456,480.74,1.783,-0.000137,0.905,0.032,0.0,-7.663,-1,1779002498
BCHUSDT,crypto,1774742400,26.54,8.2,0.332,452.42,-5.891,-1.4e-05,1.51,0.032,0.0,-2.129,0,1779002498
BCHUSDT,crypto,1774828800,38.67,6.51,0.483,459.93,1.66,-9.6e-05,1.173,0.032,0.0,-4.159,-1,1779002498
BCHUSDT,crypto,1774915200,37.11,6.41,0.464,466.37,1.4,7.2e-05,1.152,0.032,0.0,-8.157,-1,1779002498
BCHUSDT,crypto,1775001600,26.25,5.21,0.328,454.99,-2.44,0.0001,0.784,0.065,0.0,-4.431,-1,1779002498
BCHUSDT,crypto,1775088000,28.9,6.93,0.361,443.9,-2.437,-1e-06,0.869,0.129,0.0,0.383,0,1779002498
BCHUSDT,crypto,1775174400,35.59,10.72,0.445,442.79,-0.25,-0.000107,0.467,0.419,0.0,-0.388,0,1779002498
BCHUSDT,crypto,1775260800,37.44,13.91,0.468,440.8,-0.449,-5.5e-05,0.331,0.613,0.0,0.472,0,1779002498
BCHUSDT,crypto,1775347200,42.77,19.43,0.535,428.33,-2.829,-0.000121,1.177,0.677,0.0,3.537,1,1779002498
BCHUSDT,crypto,1775433600,49.35,19.46,0.617,434.83,1.518,5.5e-05,0.925,0.742,0.0,0.58,0,1779002498
BCHUSDT,crypto,1775520000,52.1,19.86,0.651,445.6,2.477,-8.1e-05,0.876,0.774,0.0,-5.518,-1,1779002498
BCHUSDT,crypto,1775606400,42.55,19.14,0.532,441.07,-1.017,1.4e-05,0.602,0.806,0.0,-0.662,0,1779002498
BCHUSDT,crypto,1775692800,47.62,20.19,0.595,442.88,0.41,-1.2e-05,0.811,0.806,0.0,-1.535,0,1779002498
BCHUSDT,crypto,1775779200,45.33,20.16,0.567,443.48,0.135,7.1e-05,0.549,0.871,0.0,-0.652,0,1779002498
BCHUSDT,crypto,1775865600,42.08,20.23,0.526,437.35,-1.382,9e-06,0.432,0.903,0.0,3.953,1,1779002498
BCHUSDT,crypto,1775952000,43.68,23.83,0.546,421.01,-3.736,-7e-05,0.894,0.968,0.0,7.639,1,1779002498
BCHUSDT,crypto,1776038400,56.5,21.8,0.706,438.15,4.071,-6.4e-05,0.747,0.903,0.0,1.187,0,1779002498
BCHUSDT,crypto,1776124800,44.67,19.52,0.558,436.08,-0.472,8.8e-05,0.807,0.774,0.0,-0.271,0,1779002498
BCHUSDT,crypto,1776211200,45.55,17.55,0.569,440.59,1.034,-1.3e-05,0.672,0.71,0.0,0.626,0,1779002498
BCHUSDT,crypto,1776297600,50.6,17.46,0.632,454.64,3.189,5.9e-05,0.911,0.645,0.0,-1.414,0,1779002498
BCHUSDT,crypto,1776384000,41.41,14.18,0.518,453.17,-0.323,8.2e-05,1.158,0.419,0.0,1.531,0,1779002498
BCHUSDT,crypto,1776470400,30.61,9.37,0.383,443.35,-2.167,-3.3e-05,0.583,0.323,0.0,3.88,1,1779002498
BCHUSDT,crypto,1776556800,32.24,8.61,0.403,434.9,-1.906,-3.9e-05,0.948,0.194,0.002133,4.833,1,1779002498
BCHUSDT,crypto,1776643200,32.33,3.48,0.404,443.35,1.943,7.3e-05,0.566,0.032,0.010425,2.154,0,1779002498
BCHUSDT,crypto,1776729600,32.08,4.25,0.401,448.21,1.096,9.3e-05,0.72,0.032,0.007148,1.446,0,1779002498
BCHUSDT,crypto,1776816000,48.41,12.49,0.605,460.11,2.655,0.0001,1.723,0.194,0.001816,-2.299,0,1779002498
BCHUSDT,crypto,1776902400,38.32,10.7,0.479,460.55,0.096,-6e-06,0.979,0.29,0.01798,-1.561,0,1779002498
BCHUSDT,crypto,1776988800,34.84,11.06,0.435,455.92,-1.005,8e-06,0.665,0.387,-0.014745,-1.906,0,1779002498
BCHUSDT,crypto,1777075200,30.24,7.58,0.378,452.9,-0.662,5.6e-05,0.354,0.29,0.002066,-2.7,0,1779002498
BCHUSDT,crypto,1777161600,34.01,8.29,0.425,454.69,0.395,1.1e-05,0.497,0.29,-0.005034,-0.979,0,1779002498
BCHUSDT,crypto,1777248000,36.29,11.57,0.454,449.53,-1.135,-2e-06,0.896,0.355,-0.012125,-0.912,0,1779002498
BCHUSDT,crypto,1777334400,39.08,11.79,0.489,453.36,0.852,6.3e-05,0.681,0.419,-0.008844,-2.298,0,1779002498
BCHUSDT,crypto,1777420800,35.55,11.82,0.444,447.23,-1.352,2.9e-05,0.816,0.387,0.007266,-0.816,0,1779002498
BCHUSDT,crypto,1777507200,34.33,11.55,0.429,440.67,-1.467,-1.1e-05,0.632,0.419,-0.00165,4.657,1,1779002498
BCHUSDT,crypto,1777593600,39.78,8.56,0.497,450.24,2.172,6.3e-05,0.938,0.194,8.8e-05,3.38,1,1779002498
BCHUSDT,crypto,1777680000,26.41,3.36,0.33,445.43,-1.068,3e-06,0.542,0.032,0.005363,1.017,0,1779002498
BCHUSDT,crypto,1777766400,26.77,3.14,0.335,442.94,-0.559,5.1e-05,0.499,0.032,-0.001881,1.63,0,1779002498
BCHUSDT,crypto,1777852800,36.37,7.23,0.455,443.58,0.144,4.8e-05,1.317,0.032,0.004069,1.335,0,1779002498
BCHUSDT,crypto,1777939200,47.9,9.63,0.599,461.19,3.97,0.0001,1.667,0.065,-0.001618,0.631,0,1779002498
BCHUSDT,crypto,1778025600,48.26,13.87,0.603,465.46,0.926,-8e-06,3.408,0.194,0.018255,-3.345,-1,1779002498
BCHUSDT,crypto,1778112000,32.38,9.99,0.405,449.96,-3.33,-8.7e-05,1.223,0.194,-0.003515,-2.354,0,1779002498
BCHUSDT,crypto,1778198400,34.8,7.64,0.435,450.16,0.044,-3.1e-05,0.883,0.161,-0.049066,-3.634,-1,1779002498
BCHUSDT,crypto,1778284800,30.74,4.27,0.384,449.5,-0.147,-0.000127,0.725,0.032,-0.012369,-3.308,-1,1779002498
BCHUSDT,crypto,1778371200,41.89,7.48,0.524,464.1,3.248,2.8e-05,1.11,0.097,-0.013729,-8.112,-1,1779002498
BCHUSDT,crypto,1778457600,32.38,8.57,0.405,449.89,-3.062,-0.00016,1.327,0.097,-0.0134,-7.646,-1,1779002498
BCHUSDT,crypto,1778544000,35.21,10.54,0.44,439.37,-2.338,-3.5e-05,1.334,0.194,-0.039172,-5.603,-1,1779002498
LINKUSDT,crypto,1762214400,55.11,30.0,0.689,14.674,-3.695,0.0,2.107,1.0,0.0,8.484,1,1779002499
LINKUSDT,crypto,1762300800,58.74,25.33,0.734,15.083,2.787,0.0,1.067,1.0,0.0,8.453,1,1779002499
LINKUSDT,crypto,1762387200,47.13,24.64,0.589,14.733,-2.32,0.0,0.927,1.0,0.0,3.679,1,1779002499
LINKUSDT,crypto,1762473600,68.2,25.68,0.853,15.79,7.174,0.0,1.135,1.0,0.0,-4.104,-1,1779002499
LINKUSDT,crypto,1762560000,45.86,23.46,0.573,15.508,-1.786,0.0,0.693,1.0,0.0,-6.261,-1,1779002499
LINKUSDT,crypto,1762646400,51.2,20.27,0.64,15.919,2.65,0.0,0.626,0.857,0.0,-13.299,-1,1779002499
LINKUSDT,crypto,1762732800,51.03,19.01,0.638,16.358,2.758,0.0,0.802,0.75,0.0,-13.632,-1,1779002499
LINKUSDT,crypto,1762819200,38.2,24.47,0.478,15.275,-6.621,0.0,0.894,1.0,0.0,-10.134,-1,1779002499
LINKUSDT,crypto,1762905600,52.05,25.65,0.651,15.142,-0.871,0.0,1.129,1.0,0.0,-12.013,-1,1779002499
LINKUSDT,crypto,1762992000,47.46,26.47,0.593,14.537,-3.996,0.0,1.295,1.0,0.0,-5.09,-1,1779002499
LINKUSDT,crypto,1763078400,46.26,26.93,0.578,13.802,-5.056,0.0,1.387,1.0,0.0,-2.043,0,1779002499
LINKUSDT,crypto,1763164800,51.62,21.43,0.645,14.128,2.362,0.0,0.594,0.923,0.0,-8.465,-1,1779002499
LINKUSDT,crypto,1763251200,43.08,21.7,0.539,13.727,-2.838,0.0,0.912,0.857,0.0,-11.78,-1,1779002499
LINKUSDT,crypto,1763337600,47.26,25.33,0.591,13.323,-2.943,0.0,1.065,1.0,0.0,-8.684,-1,1779002499
LINKUSDT,crypto,1763424000,53.02,18.58,0.663,13.797,3.558,0.0,0.966,0.688,0.0,-9.321,-1,1779002499
LINKUSDT,crypto,1763510400,45.66,21.24,0.571,13.52,-2.008,0.0,1.188,0.765,0.0,-4.127,-1,1779002499
LINKUSDT,crypto,1763596800,41.19,21.47,0.515,12.932,-4.349,0.0,1.183,0.778,0.0,1.121,0,1779002499
LINKUSDT,crypto,1763683200,49.79,30.0,0.622,12.11,-6.356,0.0,2.026,1.0,0.0,11.057,1,1779002499
LINKUSDT,crypto,1763769600,44.25,17.41,0.553,12.166,0.462,0.0,0.682,0.7,0.0,9.559,1,1779002499
LINKUSDT,crypto,1763856000,54.27,23.05,0.678,12.511,2.836,0.0,0.61,1.0,0.0,4.82,1,1779002499
LINKUSDT,crypto,1763942400,58.28,24.29,0.729,12.962,3.605,0.0,0.857,1.0,0.0,0.108,0,1779002499
LINKUSDT,crypto,1764028800,52.2,23.96,0.652,13.077,0.887,0.0,0.792,1.0,0.0,-1.009,0,1779002499
LINKUSDT,crypto,1764115200,54.42,23.12,0.68,13.449,2.845,0.0,0.623,1.0,0.0,-10.276,-1,1779002499
LINKUSDT,crypto,1764201600,41.68,18.88,0.521,13.329,-0.892,0.0,0.417,0.84,0.0,0.998,0,1779002499
LINKUSDT,crypto,1764288000,37.88,15.46,0.474,13.114,-1.613,0.0,0.63,0.615,0.0,11.568,1,1779002499
LINKUSDT,crypto,1764374400,31.8,9.41,0.398,12.976,-1.052,0.0,0.4,0.37,0.0,9.803,1,1779002499
LINKUSDT,crypto,1764460800,28.86,4.49,0.361,12.945,-0.239,0.0,0.469,0.107,0.0,4.913,1,1779002499
LINKUSDT,crypto,1764547200,23.83,8.48,0.298,12.067,-6.783,0.0,1.282,0.103,0.0,15.29,1,1779002499
LINKUSDT,crypto,1764633600,48.88,6.36,0.611,13.462,11.56,0.0,1.005,0.067,0.0,1.33,0,1779002499
LINKUSDT,crypto,1764720000,53.2,8.82,0.665,14.631,8.684,0.0,1.377,0.097,0.0,-5.994,-1,1779002499
LINKUSDT,crypto,1764806400,28.73,6.7,0.359,14.248,-2.618,0.0,0.953,0.097,0.0,1.06,0,1779002499
LINKUSDT,crypto,1764892800,24.45,6.63,0.306,13.581,-4.681,0.0,0.938,0.097,0.0,3.733,1,1779002499
LINKUSDT,crypto,1764979200,35.52,5.36,0.444,13.912,2.437,0.0,0.556,0.129,0.0,1.064,0,1779002499
LINKUSDT,crypto,1765065600,30.5,7.56,0.381,13.641,-1.948,0.0,0.867,0.161,0.0,-0.103,0,1779002499
LINKUSDT,crypto,1765152000,35.23,7.15,0.44,13.754,0.828,0.0,0.785,0.161,0.0,-0.211,0,1779002499
LINKUSDT,crypto,1765238400,47.27,10.27,0.591,14.399,4.69,0.0,1.023,0.258,0.0,-7.862,-1,1779002499
LINKUSDT,crypto,1765324800,35.37,11.5,0.442,14.088,-2.16,0.0,1.138,0.29,0.0,-8.781,-1,1779002499
LINKUSDT,crypto,1765411200,37.21,10.13,0.465,14.06,-0.199,0.0,0.995,0.258,0.0,-8.108,-1,1779002499
LINKUSDT,crypto,1765497600,26.43,5.37,0.33,13.627,-3.08,0.0,0.944,0.032,0.0,-10.024,-1,1779002499
LINKUSDT,crypto,1765584000,28.63,2.67,0.358,13.725,0.719,0.0,0.405,0.032,0.0,-13.086,-1,1779002499
LINKUSDT,crypto,1765670400,21.76,3.29,0.272,13.267,-3.337,0.0,0.528,0.032,0.0,-5.533,-1,1779002499
LINKUSDT,crypto,1765756800,28.26,6.66,0.353,12.851,-3.136,0.0,1.074,0.065,0.0,-2.366,0,1779002499
LINKUSDT,crypto,1765843200,34.68,6.84,0.433,12.92,0.537,0.0,0.852,0.129,0.0,-3.793,-1,1779002499
LINKUSDT,crypto,1765929600,29.38,10.8,0.367,12.261,-5.101,0.0,1.256,0.226,0.0,2.602,0,1779002499
LINKUSDT,crypto,1766016000,41.26,17.57,0.516,11.929,-2.708,0.0,1.321,0.548,0.0,3.856,1,1779002499
LINKUSDT,crypto,1766102400,52.97,15.98,0.662,12.533,5.063,0.0,0.873,0.581,0.0,-2.106,0,1779002499
LINKUSDT,crypto,1766188800,39.16,14.67,0.49,12.547,0.112,0.0,0.354,0.645,0.0,-3.921,-1,1779002499
LINKUSDT,crypto,1766275200,37.98,14.48,0.475,12.43,-0.932,0.0,0.573,0.581,0.0,-2.019,0,1779002499
LINKUSDT,crypto,1766361600,46.99,17.49,0.587,12.58,1.207,0.0,0.917,0.645,0.0,-0.517,0,1779002499
LINKUSDT,crypto,1766448000,38.66,15.4,0.483,12.389,-1.518,0.0,0.758,0.581,0.0,0.815,0,1779002499
LINKUSDT,crypto,1766534400,38.93,14.99,0.487,12.269,-0.969,0.0,0.676,0.581,0.0,0.228,0,1779002499
LINKUSDT,crypto,1766620800,40.0,18.24,0.5,12.055,-1.744,0.0,0.551,0.774,0.0,2.937,0,1779002499
LINKUSDT,crypto,1766707200,50.21,21.21,0.628,12.179,1.029,0.0,0.887,0.839,0.0,0.189,0,1779002499
LINKUSDT,crypto,1766793600,47.01,16.59,0.588,12.515,2.759,0.0,0.48,0.71,0.0,0.719,0,1779002499
LINKUSDT,crypto,1766880000,41.6,16.52,0.52,12.49,-0.2,0.0,0.595,0.677,0.0,6.269,1,1779002499
LINKUSDT,crypto,1766966400,39.81,13.75,0.498,12.297,-1.545,0.0,1.33,0.355,0.0,7.547,1,1779002499
LINKUSDT,crypto,1767052800,35.62,7.26,0.445,12.409,0.911,0.0,0.807,0.161,0.0,8.107,1,1779002499
LINKUSDT,crypto,1767139200,28.66,5.07,0.358,12.202,-1.668,0.0,0.885,0.032,0.0,13.973,1,1779002499
LINKUSDT,crypto,1767225600,37.79,4.66,0.472,12.605,3.303,0.0,0.804,0.032,0.0,11.297,1,1779002499
LINKUSDT,crypto,1767312000,52.26,9.9,0.653,13.273,5.299,0.0,1.852,0.032,0.0,1.258,0,1779002499
LINKUSDT,crypto,1767398400,30.67,4.77,0.383,13.225,-0.362,0.0,0.825,0.032,0.0,-0.121,0,1779002499
LINKUSDT,crypto,1767484800,36.48,6.52,0.456,13.415,1.437,0.0,0.917,0.097,0.0,-2.087,0,1779002499
LINKUSDT,crypto,1767571200,49.56,11.8,0.619,13.907,3.668,0.0,1.585,0.194,0.0,-5.573,-1,1779002499
LINKUSDT,crypto,1767657600,49.52,16.5,0.619,14.029,0.877,0.0,1.752,0.387,0.0,-5.902,-1,1779002499
LINKUSDT,crypto,1767744000,32.71,13.17,0.409,13.44,-4.198,0.0,1.086,0.387,0.0,-2.768,0,1779002499
LINKUSDT,crypto,1767830400,37.64,13.48,0.471,13.209,-1.719,0.0,1.02,0.419,0.0,6.427,1,1779002499
LINKUSDT,crypto,1767916800,41.68,14.99,0.521,13.135,-0.56,0.0,1.062,0.484,0.0,7.392,1,1779002499
LINKUSDT,crypto,1768003200,35.03,10.48,0.438,13.132,-0.023,0.0,0.419,0.419,0.0,4.95,1,1779002499
LINKUSDT,crypto,1768089600,39.02,12.25,0.488,13.201,0.525,0.0,0.644,0.452,0.0,3.947,1,1779002499
LINKUSDT,crypto,1768176000,38.86,12.41,0.486,13.068,-1.007,0.0,1.192,0.323,0.0,5.089,1,1779002499
LINKUSDT,crypto,1768262400,62.3,18.21,0.779,14.058,7.576,0.0,1.319,0.581,0.0,-5.392,-1,1779002499
LINKUSDT,crypto,1768348800,46.3,17.36,0.579,14.106,0.341,0.0,1.15,0.581,0.0,-8.713,-1,1779002499
LINKUSDT,crypto,1768435200,34.56,11.55,0.432,13.782,-2.297,0.0,1.02,0.323,0.0,-12.059,-1,1779002499
LINKUSDT,crypto,1768521600,33.61,8.25,0.42,13.722,-0.435,0.0,0.747,0.226,0.0,-9.671,-1,1779002499
LINKUSDT,crypto,1768608000,31.92,6.89,0.399,13.733,0.08,0.0,0.474,0.226,0.0,-10.784,-1,1779002499
LINKUSDT,crypto,1768694400,26.59,7.13,0.332,13.3,-3.153,0.0,0.652,0.194,0.0,-8.195,-1,1779002499
LINKUSDT,crypto,1768780800,30.83,8.96,0.385,12.877,-3.18,0.0,1.146,0.161,0.0,-5.281,-1,1779002499
LINKUSDT,crypto,1768867200,26.64,9.88,0.333,12.12,-5.879,0.0,1.202,0.194,0.0,-4.975,-1,1779002499
LINKUSDT,crypto,1768953600,45.59,11.86,0.57,12.395,2.269,0.0,1.339,0.258,0.0,-3.663,-1,1779002499
LINKUSDT,crypto,1769040000,33.77,10.34,0.422,12.252,-1.154,0.0,0.648,0.355,0.0,-1.763,0,1779002499
LINKUSDT,crypto,1769126400,44.45,18.74,0.556,12.21,-0.343,0.0,0.779,0.742,0.0,-3.071,-1,1779002499
LINKUSDT,crypto,1769212800,42.59,18.54,0.532,12.197,-0.106,0.0,0.353,0.839,0.0,-8.871,-1,1779002499
LINKUSDT,crypto,1769299200,40.95,23.83,0.512,11.517,-5.575,0.0,1.153,0.903,0.0,-6.365,-1,1779002499
LINKUSDT,crypto,1769385600,59.01,24.25,0.738,11.941,3.682,0.0,0.98,0.968,0.0,-16.397,-1,1779002499
LINKUSDT,crypto,1769472000,53.2,24.55,0.665,12.036,0.796,0.0,0.911,1.0,0.0,-21.893,-1,1779002499
LINKUSDT,crypto,1769558400,48.98,24.91,0.612,11.835,-1.67,0.0,0.982,1.0,0.0,-17.186,-1,1779002499
LINKUSDT,crypto,1769644800,46.94,28.3,0.587,11.115,-6.084,0.0,1.661,1.0,0.0,-14.674,-1,1779002499
LINKUSDT,crypto,1769731200,54.35,28.9,0.679,10.784,-2.978,0.0,1.78,1.0,0.0,-14.253,-1,1779002499
LINKUSDT,crypto,1769817600,47.64,30.0,0.596,9.983,-7.428,0.0,2.65,1.0,0.0,-20.805,-1,1779002499
LINKUSDT,crypto,1769904000,46.33,27.75,0.579,9.401,-5.83,0.0,1.549,1.0,0.0,-5.553,-1,1779002499
LINKUSDT,crypto,1769990400,71.01,30.0,0.888,9.801,4.255,0.0,2.001,1.0,0.0,-9.162,-1,1779002499
LINKUSDT,crypto,1770076800,53.73,28.85,0.672,9.484,-3.234,0.0,1.77,1.0,0.0,-7.022,-1,1779002499
LINKUSDT,crypto,1770163200,53.67,28.08,0.671,9.247,-2.499,0.0,1.616,1.0,0.0,-4.488,-1,1779002499
LINKUSDT,crypto,1770249600,47.5,30.0,0.594,7.906,-14.502,0.0,3.139,1.0,0.0,8.399,1,1779002499
LINKUSDT,crypto,1770336000,77.5,30.0,0.969,8.879,12.307,0.0,2.432,1.0,0.0,-6.307,-1,1779002499
LINKUSDT,crypto,1770422400,53.5,25.23,0.669,8.903,0.27,0.0,1.046,1.0,0.0,-5.537,-1,1779002499
LINKUSDT,crypto,1770508800,46.8,23.11,0.585,8.818,-0.955,0.0,0.621,1.0,0.0,-0.612,0,1779002499
LINKUSDT,crypto,1770595200,50.36,23.77,0.63,8.832,0.159,0.0,0.754,1.0,0.0,2.865,0,1779002499
LINKUSDT,crypto,1770681600,42.95,23.19,0.537,8.57,-2.966,0.0,0.638,1.0,0.0,2.439,0,1779002499
LINKUSDT,crypto,1770768000,47.12,25.24,0.589,8.319,-2.929,0.0,1.048,1.0,0.0,7.333,1,1779002499
LINKUSDT,crypto,1770854400,50.76,22.39,0.634,8.41,1.094,0.0,0.736,0.935,0.0,4.935,1,1779002499
LINKUSDT,crypto,1770940800,52.87,18.72,0.661,8.764,4.209,0.0,0.647,0.774,0.0,-1.894,0,1779002499
LINKUSDT,crypto,1771027200,49.56,16.96,0.619,9.085,3.663,0.0,0.554,0.71,0.0,-5.647,-1,1779002499
LINKUSDT,crypto,1771113600,37.24,17.51,0.466,8.779,-3.368,0.0,0.793,0.677,0.0,1.8,0,1779002499
LINKUSDT,crypto,1771200000,42.06,13.23,0.526,8.929,1.709,0.0,0.582,0.516,0.0,-0.683,0,1779002499
LINKUSDT,crypto,1771286400,34.57,11.72,0.432,8.825,-1.165,0.0,0.537,0.452,0.0,-1.677,0,1779002499
LINKUSDT,crypto,1771372800,30.38,10.38,0.38,8.598,-2.572,0.0,0.528,0.387,0.0,-3.908,-1,1779002499
LINKUSDT,crypto,1771459200,30.8,6.39,0.385,8.572,-0.302,0.0,0.504,0.194,0.0,-4.445,-1,1779002499
LINKUSDT,crypto,1771545600,41.39,6.48,0.517,8.937,4.258,0.0,0.779,0.129,0.0,3.681,1,1779002499
LINKUSDT,crypto,1771632000,26.66,3.5,0.333,8.868,-0.772,0.0,0.442,0.065,0.0,2.537,0,1779002499
LINKUSDT,crypto,1771718400,23.25,2.85,0.291,8.677,-2.154,0.0,0.441,0.032,0.0,0.323,0,1779002499
LINKUSDT,crypto,1771804800,23.55,5.63,0.294,8.262,-4.783,0.0,0.997,0.032,0.0,6.996,1,1779002499
LINKUSDT,crypto,1771891200,28.42,4.14,0.355,8.191,-0.859,0.0,0.7,0.032,0.0,5.836,1,1779002499
LINKUSDT,crypto,1771977600,52.51,7.83,0.656,9.266,13.124,0.0,1.437,0.032,0.0,-3.464,-1,1779002499
LINKUSDT,crypto,1772064000,29.78,6.15,0.372,9.093,-1.867,0.0,0.972,0.065,0.0,-3.167,-1,1779002499
LINKUSDT,crypto,1772150400,25.18,6.25,0.315,8.705,-4.267,0.0,0.992,0.065,0.0,7.329,1,1779002499
LINKUSDT,crypto,1772236800,40.6,8.47,0.507,8.84,1.551,0.0,1.306,0.097,0.0,4.061,1,1779002499
LINKUSDT,crypto,1772323200,31.1,6.88,0.389,8.669,-1.934,0.0,1.118,0.065,0.0,1.407,0,1779002499
LINKUSDT,crypto,1772409600,43.07,8.71,0.538,8.945,3.184,0.0,1.098,0.161,0.0,-2.828,0,1779002499
LINKUSDT,crypto,1772496000,29.86,5.57,0.373,8.805,-1.565,0.0,0.985,0.032,0.0,-3.384,-1,1779002499
LINKUSDT,crypto,1772582400,48.69,7.95,0.609,9.343,6.11,0.0,1.204,0.097,0.0,-5.138,-1,1779002499
LINKUSDT,crypto,1772668800,34.92,10.65,0.436,9.199,-1.541,0.0,0.969,0.29,0.0,-2.392,0,1779002499
LINKUSDT,crypto,1772755200,27.99,10.08,0.35,8.791,-4.435,0.0,0.855,0.29,0.0,2.298,0,1779002499
LINKUSDT,crypto,1772841600,31.16,8.68,0.389,8.692,-1.126,0.0,0.446,0.323,0.0,4.142,1,1779002499
LINKUSDT,crypto,1772928000,32.91,11.21,0.411,8.507,-2.128,0.0,0.693,0.387,0.0,6.747,1,1779002499
LINKUSDT,crypto,1773014400,48.9,13.21,0.611,8.863,4.185,0.0,0.965,0.419,0.0,3.374,1,1779002499
LINKUSDT,crypto,1773100800,42.29,12.46,0.529,8.979,1.309,0.0,0.943,0.387,0.0,5.68,1,1779002499
LINKUSDT,crypto,1773187200,38.35,11.43,0.479,8.993,0.156,4.6e-05,0.867,0.355,0.0,10.286,1,1779002499
LINKUSDT,crypto,1773273600,40.44,12.58,0.506,9.052,0.656,3e-05,0.839,0.419,0.0,8.109,1,1779002499
LINKUSDT,crypto,1773360000,46.2,17.26,0.577,9.081,0.32,0.0001,1.259,0.548,0.0,1.553,0,1779002499
LINKUSDT,crypto,1773446400,42.79,14.72,0.535,9.162,0.892,-0.000136,0.621,0.581,0.0,-1.321,0,1779002499
LINKUSDT,crypto,1773532800,46.82,13.68,0.585,9.489,3.569,0.0001,0.8,0.484,0.0,-4.026,-1,1779002499
LINKUSDT,crypto,1773619200,59.89,21.25,0.749,9.918,4.521,-7e-06,1.412,0.71,0.0,-11.081,-1,1779002499
LINKUSDT,crypto,1773705600,43.41,19.55,0.543,9.786,-1.331,1.1e-05,0.814,0.774,0.0,-11.251,-1,1779002499
LINKUSDT,crypto,1773792000,39.23,21.84,0.49,9.222,-5.763,-0.000141,1.143,0.806,0.0,-1.29,0,1779002499
LINKUSDT,crypto,1773878400,43.5,20.22,0.544,9.041,-1.963,5e-06,0.946,0.774,0.0,2.267,0,1779002499
LINKUSDT,crypto,1773964800,46.25,18.96,0.578,9.107,0.73,3e-05,0.696,0.774,0.0,2.91,0,1779002499
LINKUSDT,crypto,1774051200,36.25,17.63,0.453,8.819,-3.162,7e-05,0.559,0.742,0.0,0.987,0,1779002499
LINKUSDT,crypto,1774137600,43.72,20.67,0.547,8.685,-1.519,5.9e-05,0.778,0.839,0.0,-1.393,0,1779002499
LINKUSDT,crypto,1774224000,65.37,24.81,0.817,9.103,4.813,5e-05,1.736,0.806,0.0,-7.415,-1,1779002499
LINKUSDT,crypto,1774310400,51.98,20.69,0.65,9.246,1.571,-8.6e-05,1.042,0.774,0.0,-9.053,-1,1779002499
LINKUSDT,crypto,1774396800,50.72,21.19,0.634,9.372,1.363,2.2e-05,0.884,0.839,0.0,-8.003,-1,1779002499
LINKUSDT,crypto,1774483200,38.07,20.36,0.476,8.906,-4.972,-5.8e-05,0.974,0.774,0.0,-1.448,0,1779002499
LINKUSDT,crypto,1774569600,43.42,22.96,0.543,8.564,-3.84,-0.000148,0.98,0.903,0.0,4.379,1,1779002499
LINKUSDT,crypto,1774656000,45.6,22.54,0.57,8.428,-1.588,2e-05,0.766,0.935,0.0,2.361,0,1779002499
LINKUSDT,crypto,1774742400,50.56,24.14,0.632,8.409,-0.225,-4.7e-05,0.827,1.0,0.0,2.914,0,1779002499
LINKUSDT,crypto,1774828800,58.82,25.87,0.735,8.622,2.533,0.0001,1.175,1.0,0.0,0.777,0,1779002499
LINKUSDT,crypto,1774915200,55.57,24.79,0.695,8.777,1.798,2.1e-05,0.958,1.0,0.0,0.49,0,1779002499
LINKUSDT,crypto,1775001600,55.42,24.86,0.693,8.939,1.846,0.0001,0.973,1.0,0.0,-1.622,0,1779002499
LINKUSDT,crypto,1775088000,47.78,25.95,0.597,8.627,-3.49,-7.3e-05,1.19,1.0,0.0,7.627,1,1779002499
LINKUSDT,crypto,1775174400,48.98,23.18,0.612,8.654,0.313,0.0001,0.635,1.0,0.0,2.276,0,1779002499
LINKUSDT,crypto,1775260800,45.73,20.69,0.572,8.689,0.404,4.9e-05,0.395,0.935,0.0,2.923,0,1779002499
LINKUSDT,crypto,1775347200,43.12,13.74,0.539,8.82,1.508,-8.9e-05,0.684,0.516,0.0,2.948,0,1779002499
LINKUSDT,crypto,1775433600,34.6,6.92,0.433,8.794,-0.295,0.0001,1.255,0.032,0.0,3.082,1,1779002499
LINKUSDT,crypto,1775520000,48.92,8.34,0.611,9.285,5.583,2.7e-05,1.409,0.065,0.0,-5.988,-1,1779002499
LINKUSDT,crypto,1775606400,24.63,6.44,0.308,8.851,-4.674,2.3e-05,1.031,0.065,0.0,5.739,1,1779002499
LINKUSDT,crypto,1775692800,36.07,6.0,0.451,8.943,1.039,-2.6e-05,1.072,0.032,0.0,0.794,0,1779002499
LINKUSDT,crypto,1775779200,35.37,5.96,0.442,9.08,1.532,3.6e-05,0.805,0.097,0.0,1.96,0,1779002499
LINKUSDT,crypto,1775865600,31.75,6.34,0.397,9.065,-0.165,-2.3e-05,0.623,0.161,0.0,5.858,1,1779002499
LINKUSDT,crypto,1775952000,24.73,5.49,0.309,8.729,-3.707,8e-06,0.84,0.065,0.0,10.058,1,1779002499
LINKUSDT,crypto,1776038400,55.51,11.71,0.694,9.359,7.217,-6.3e-05,1.31,0.258,0.0,-0.876,0,1779002499
LINKUSDT,crypto,1776124800,26.42,6.1,0.33,9.014,-3.686,5.3e-05,1.091,0.032,0.0,0.488,0,1779002499
LINKUSDT,crypto,1776211200,38.21,6.55,0.478,9.258,2.707,4.5e-05,0.794,0.129,0.0,0.259,0,1779002499
LINKUSDT,crypto,1776297600,49.71,13.75,0.621,9.596,3.651,0.0001,1.332,0.355,0.0,-2.126,0,1779002499
LINKUSDT,crypto,1776384000,41.09,13.28,0.514,9.607,0.115,9e-05,1.107,0.387,0.0,-3.362,-1,1779002499
LINKUSDT,crypto,1776470400,31.16,11.31,0.39,9.277,-3.435,-4e-06,0.842,0.355,0.0,0.722,0,1779002499
LINKUSDT,crypto,1776556800,33.99,11.63,0.425,9.058,-2.361,-1e-05,0.907,0.355,-0.035672,3.456,1,1779002499
LINKUSDT,crypto,1776643200,44.3,12.03,0.554,9.282,2.473,2.4e-05,0.987,0.355,-0.003777,0.646,0,1779002499
LINKUSDT,crypto,1776729600,41.8,12.83,0.522,9.392,1.185,7.1e-05,0.889,0.419,-0.022507,0.926,0,1779002499
LINKUSDT,crypto,1776816000,35.73,11.51,0.447,9.284,-1.15,7.8e-05,0.882,0.355,-0.007043,0.345,0,1779002499
LINKUSDT,crypto,1776902400,33.99,6.0,0.425,9.344,0.646,0.0001,0.941,0.065,0.04564,-1.145,0,1779002499
LINKUSDT,crypto,1776988800,30.37,4.18,0.38,9.371,0.289,8.6e-05,0.708,0.032,0.005766,-2.817,0,1779002499
LINKUSDT,crypto,1777075200,26.53,2.81,0.332,9.342,-0.309,6.7e-05,0.434,0.032,-0.007868,-2.59,0,1779002499
LINKUSDT,crypto,1777161600,31.2,3.46,0.39,9.479,1.466,0.0001,0.562,0.032,-0.008909,-4.104,-1,1779002499
LINKUSDT,crypto,1777248000,29.37,5.9,0.367,9.316,-1.72,4.1e-05,0.922,0.065,0.027291,-1.524,0,1779002499
LINKUSDT,crypto,1777334400,27.11,3.66,0.339,9.237,-0.848,7.3e-05,0.602,0.032,-0.019139,-1.245,0,1779002499
LINKUSDT,crypto,1777420800,32.61,6.65,0.408,9.107,-1.407,-5.3e-05,1.201,0.032,0.013486,2.723,0,1779002499
LINKUSDT,crypto,1777507200,29.25,3.61,0.366,9.1,-0.077,-6.6e-05,0.593,0.032,0.021121,7.286,1,1779002499
LINKUSDT,crypto,1777593600,30.33,4.47,0.379,9.09,-0.11,4.9e-05,0.765,0.032,0.016254,9.934,1,1779002499
LINKUSDT,crypto,1777680000,30.35,3.38,0.379,9.174,0.924,2.1e-05,0.546,0.032,-0.009185,7.325,1,1779002499
LINKUSDT,crypto,1777766400,29.79,5.11,0.372,9.122,-0.567,0.0001,0.763,0.065,0.003075,13.352,1,1779002499
LINKUSDT,crypto,1777852800,46.93,10.18,0.587,9.355,2.554,7.7e-05,1.906,0.032,0.005696,10.828,1,1779002499
LINKUSDT,crypto,1777939200,45.81,8.83,0.573,9.763,4.361,0.0001,1.25,0.129,-0.003017,9.761,1,1779002499
LINKUSDT,crypto,1778025600,47.61,13.35,0.595,9.993,2.356,0.0001,1.509,0.29,0.006762,5.984,1,1779002499
LINKUSDT,crypto,1778112000,38.05,13.69,0.476,9.846,-1.471,0.0001,1.06,0.419,0.006974,4.449,1,1779002499
LINKUSDT,crypto,1778198400,65.82,26.57,0.823,10.34,5.017,0.0001,1.443,0.968,0.027075,-1.228,0,1779002499
LINKUSDT,crypto,1778284800,52.68,24.93,0.659,10.368,0.271,4.4e-05,0.986,1.0,0.029613,1.08,0,1779002499
LINKUSDT,crypto,1778371200,62.32,26.8,0.779,10.716,3.356,0.0001,1.361,1.0,-0.023959,-6.084,-1,1779002499
LINKUSDT,crypto,1778457600,50.73,25.53,0.634,10.591,-1.166,0.0001,1.106,1.0,0.007808,-8.29,-1,1779002499
LINKUSDT,crypto,1778544000,48.82,26.23,0.61,10.284,-2.899,7.1e-05,1.247,1.0,-0.001833,-5.095,-1,1779002499
TAOUSDT,crypto,1762214400,46.4,29.45,0.58,400.94,-14.019,0.0,1.89,1.0,0.0,-4.991,-1,1779002499
TAOUSDT,crypto,1762300800,31.09,11.91,0.389,383.76,-4.285,0.0,1.049,0.333,0.0,0.834,0,1779002499
TAOUSDT,crypto,1762387200,41.42,9.77,0.518,392.16,2.189,0.0,0.954,0.25,0.0,-7.352,-1,1779002499
TAOUSDT,crypto,1762473600,47.26,14.56,0.591,399.29,1.818,0.0,1.312,0.4,0.0,-12.818,-1,1779002499
TAOUSDT,crypto,1762560000,34.18,23.34,0.427,367.54,-7.952,0.0,0.668,1.0,0.0,-7.474,-1,1779002499
TAOUSDT,crypto,1762646400,55.8,23.01,0.698,380.93,3.643,0.0,0.602,1.0,0.0,-11.784,-1,1779002499
TAOUSDT,crypto,1762732800,49.3,20.57,0.616,386.96,1.583,0.0,0.613,0.875,0.0,-13.257,-1,1779002499
TAOUSDT,crypto,1762819200,35.79,22.75,0.447,363.33,-6.107,0.0,0.551,1.0,0.0,-11.827,-1,1779002499
TAOUSDT,crypto,1762905600,40.16,23.02,0.502,348.11,-4.189,0.0,0.604,1.0,0.0,-10.049,-1,1779002499
TAOUSDT,crypto,1762992000,45.18,23.65,0.565,340.07,-2.31,0.0,0.73,1.0,0.0,-2.352,0,1779002499
TAOUSDT,crypto,1763078400,48.63,24.25,0.608,336.04,-1.185,0.0,0.85,1.0,0.0,-3.017,-1,1779002499
TAOUSDT,crypto,1763164800,46.58,22.15,0.582,335.66,-0.113,0.0,0.431,1.0,0.0,-9.018,-1,1779002499
TAOUSDT,crypto,1763251200,38.65,22.63,0.483,320.36,-4.558,0.0,0.527,1.0,0.0,-12.642,-1,1779002499
TAOUSDT,crypto,1763337600,44.36,23.18,0.554,313.13,-2.257,0.0,0.637,1.0,0.0,-13.202,-1,1779002499
TAOUSDT,crypto,1763424000,61.26,23.33,0.766,332.07,6.049,0.0,0.667,1.0,0.0,-10.356,-1,1779002499
TAOUSDT,crypto,1763510400,46.33,23.77,0.579,325.9,-1.858,0.0,0.754,1.0,0.0,-10.427,-1,1779002499
TAOUSDT,crypto,1763596800,35.67,22.32,0.446,305.39,-6.293,0.0,0.687,0.944,0.0,1.464,0,1779002499
TAOUSDT,crypto,1763683200,35.81,22.05,0.448,279.86,-8.36,0.0,1.253,0.789,0.0,10.541,1,1779002499
TAOUSDT,crypto,1763769600,36.44,16.86,0.456,271.79,-2.884,0.0,0.571,0.7,0.0,9.095,1,1779002499
TAOUSDT,crypto,1763856000,56.02,14.98,0.7,297.68,9.526,0.0,0.71,0.571,0.0,0.235,0,1779002499
TAOUSDT,crypto,1763942400,38.97,15.62,0.487,291.92,-1.935,0.0,0.943,0.545,0.0,1.459,0,1779002499
TAOUSDT,crypto,1764028800,54.42,15.03,0.68,309.86,6.146,0.0,0.919,0.522,0.0,-6.803,-1,1779002499
TAOUSDT,crypto,1764115200,41.76,14.38,0.522,309.36,-0.161,0.0,1.042,0.458,0.0,-14.381,-1,1779002499
TAOUSDT,crypto,1764201600,28.17,10.99,0.352,296.51,-4.154,0.0,0.598,0.4,0.0,-6.921,-1,1779002499
TAOUSDT,crypto,1764288000,37.27,10.22,0.466,298.38,0.631,0.0,0.659,0.346,0.0,-1.186,0,1779002499
TAOUSDT,crypto,1764374400,26.75,3.97,0.334,296.18,-0.737,0.0,0.35,0.111,0.0,-2.107,0,1779002499
TAOUSDT,crypto,1764460800,23.11,3.16,0.289,288.78,-2.498,0.0,0.489,0.036,0.0,-4.599,-1,1779002499
TAOUSDT,crypto,1764547200,19.85,6.52,0.248,264.87,-8.28,0.0,1.166,0.034,0.0,6.8,1,1779002499
TAOUSDT,crypto,1764633600,40.23,5.0,0.503,275.99,4.198,0.0,0.867,0.033,0.0,0.33,0,1779002499
TAOUSDT,crypto,1764720000,44.89,4.69,0.561,294.84,6.83,0.0,0.809,0.032,0.0,-0.237,0,1779002499
TAOUSDT,crypto,1764806400,30.07,5.77,0.376,289.94,-1.662,0.0,1.025,0.032,0.0,4.094,1,1779002499
TAOUSDT,crypto,1764892800,22.48,5.29,0.281,275.5,-4.98,0.0,0.929,0.032,0.0,6.054,1,1779002499
TAOUSDT,crypto,1764979200,32.7,2.75,0.409,282.88,2.679,0.0,0.42,0.032,0.0,5.045,1,1779002499
TAOUSDT,crypto,1765065600,27.0,5.01,0.338,276.9,-2.114,0.0,0.744,0.065,0.0,5.247,1,1779002499
TAOUSDT,crypto,1765152000,45.38,5.54,0.567,294.14,6.226,0.0,0.978,0.032,0.0,0.194,0,1779002499
TAOUSDT,crypto,1765238400,38.85,5.89,0.486,301.81,2.608,0.0,1.049,0.032,0.0,-7.269,-1,1779002499
TAOUSDT,crypto,1765324800,25.15,4.84,0.314,292.18,-3.191,0.0,0.838,0.032,0.0,-7.879,-1,1779002499
TAOUSDT,crypto,1765411200,35.75,5.25,0.447,297.15,1.701,0.0,0.92,0.032,0.0,-11.829,-1,1779002499
TAOUSDT,crypto,1765497600,26.83,4.41,0.335,291.43,-1.925,0.0,0.754,0.032,0.0,-18.135,-1,1779002499
TAOUSDT,crypto,1765584000,29.8,2.85,0.372,294.71,1.125,0.0,0.44,0.032,0.0,-25.591,-1,1779002499
TAOUSDT,crypto,1765670400,19.9,4.7,0.249,279.87,-5.035,0.0,0.553,0.097,0.0,-17.637,-1,1779002499
TAOUSDT,crypto,1765756800,28.66,8.2,0.358,269.16,-3.827,0.0,1.123,0.129,0.0,-15.834,-1,1779002499
TAOUSDT,crypto,1765843200,28.76,7.4,0.36,262.0,-2.66,0.0,0.836,0.161,0.0,-15.634,-1,1779002499
TAOUSDT,crypto,1765929600,28.45,13.7,0.356,238.58,-8.939,0.0,1.45,0.323,0.0,-6.84,-1,1779002499
TAOUSDT,crypto,1766016000,31.17,17.32,0.39,219.29,-8.085,0.0,1.271,0.548,0.0,-2.294,0,1779002499
TAOUSDT,crypto,1766102400,58.13,19.15,0.727,230.51,5.117,0.0,1.249,0.645,0.0,-5.319,-1,1779002499
TAOUSDT,crypto,1766188800,39.27,17.2,0.491,226.54,-1.722,0.0,0.602,0.71,0.0,-3.562,-1,1779002499
TAOUSDT,crypto,1766275200,40.58,19.53,0.507,221.04,-2.428,0.0,0.681,0.806,0.0,-2.438,0,1779002499
TAOUSDT,crypto,1766361600,50.61,22.21,0.633,222.26,0.552,0.0,0.959,0.871,0.0,0.841,0,1779002499
TAOUSDT,crypto,1766448000,45.37,25.03,0.567,214.26,-3.599,0.0,1.006,1.0,0.0,4.551,1,1779002499
TAOUSDT,crypto,1766534400,55.36,24.57,0.692,218.25,1.862,0.0,0.913,1.0,0.0,0.142,0,1779002499
TAOUSDT,crypto,1766620800,49.77,23.53,0.622,218.47,0.101,0.0,0.707,1.0,0.0,1.428,0,1779002499
TAOUSDT,crypto,1766707200,48.03,24.05,0.6,215.65,-1.291,0.0,0.811,1.0,0.0,1.6,0,1779002499
TAOUSDT,crypto,1766793600,57.7,23.67,0.721,224.13,3.932,0.0,0.734,1.0,0.0,2.775,0,1779002499
TAOUSDT,crypto,1766880000,47.88,22.42,0.599,224.01,-0.054,0.0,0.613,0.968,0.0,11.12,1,1779002499
TAOUSDT,crypto,1766966400,44.95,22.37,0.562,218.56,-2.433,0.0,0.99,0.871,0.0,16.417,1,1779002499
TAOUSDT,crypto,1767052800,48.59,19.72,0.607,221.59,1.386,0.0,0.719,0.806,0.0,20.366,1,1779002499
TAOUSDT,crypto,1767139200,42.22,18.4,0.528,219.1,-1.124,0.0,0.713,0.742,0.0,21.944,1,1779002499
TAOUSDT,crypto,1767225600,51.93,16.03,0.649,230.35,5.135,0.0,0.625,0.645,0.0,27.532,1,1779002499
TAOUSDT,crypto,1767312000,64.05,18.76,0.801,248.92,8.062,0.0,1.558,0.548,0.0,8.798,1,1779002499
TAOUSDT,crypto,1767398400,47.91,15.32,0.599,254.44,2.218,0.0,1.129,0.484,0.0,11.519,1,1779002499
TAOUSDT,crypto,1767484800,53.03,14.95,0.663,266.72,4.826,0.0,1.184,0.452,0.0,5.073,1,1779002499
TAOUSDT,crypto,1767571200,44.54,15.69,0.557,267.18,0.172,0.0,1.202,0.484,0.0,4.577,1,1779002499
TAOUSDT,crypto,1767657600,68.95,21.85,0.862,293.77,9.952,0.0,1.919,0.613,0.0,-2.386,0,1779002499
TAOUSDT,crypto,1767744000,32.31,18.54,0.404,270.82,-7.812,0.0,1.255,0.613,0.0,3.641,1,1779002499
TAOUSDT,crypto,1767830400,65.6,23.55,0.82,283.75,4.774,0.0,2.201,0.677,0.0,3.359,1,1779002499
TAOUSDT,crypto,1767916800,49.01,21.59,0.613,280.25,-1.233,0.0,1.478,0.71,0.0,3.443,1,1779002499
TAOUSDT,crypto,1768003200,45.31,19.12,0.566,279.41,-0.3,0.0,0.857,0.742,0.0,-0.097,0,1779002499
TAOUSDT,crypto,1768089600,50.94,19.01,0.637,286.76,2.631,0.0,0.834,0.742,0.0,-3.243,-1,1779002499
TAOUSDT,crypto,1768176000,44.64,20.29,0.558,280.68,-2.12,0.0,1.219,0.71,0.0,-2.412,0,1779002499
TAOUSDT,crypto,1768262400,58.19,20.45,0.727,293.28,4.489,0.0,1.252,0.71,0.0,-10.724,-1,1779002499
TAOUSDT,crypto,1768348800,44.02,18.04,0.55,289.9,-1.152,0.0,1.157,0.613,0.0,-12.566,-1,1779002499
TAOUSDT,crypto,1768435200,33.56,13.76,0.42,279.14,-3.712,0.0,0.945,0.452,0.0,-16.103,-1,1779002499
TAOUSDT,crypto,1768521600,36.88,11.66,0.461,277.46,-0.602,0.0,0.785,0.387,0.0,-12.852,-1,1779002499
TAOUSDT,crypto,1768608000,29.28,7.57,0.366,273.91,-1.279,0.0,0.354,0.29,0.0,-12.774,-1,1779002499
TAOUSDT,crypto,1768694400,22.4,6.3,0.28,261.83,-4.41,0.0,0.485,0.194,0.0,-9.514,-1,1779002499
TAOUSDT,crypto,1768780800,28.94,7.7,0.362,253.47,-3.193,0.0,1.025,0.129,0.0,-6.139,-1,1779002499
TAOUSDT,crypto,1768867200,17.9,5.52,0.224,234.19,-7.606,0.0,0.976,0.032,0.0,-4.261,-1,1779002499
TAOUSDT,crypto,1768953600,42.97,7.31,0.537,241.8,3.249,0.0,1.332,0.032,0.0,-3.23,-1,1779002499
TAOUSDT,crypto,1769040000,27.21,4.19,0.34,238.92,-1.191,0.0,0.58,0.065,0.0,-0.393,0,1779002499
TAOUSDT,crypto,1769126400,30.37,6.71,0.38,236.92,-0.837,0.0,0.567,0.194,0.0,0.523,0,1779002499
TAOUSDT,crypto,1769212800,32.54,7.51,0.407,237.91,0.418,0.0,0.34,0.29,0.0,-7.146,-1,1779002499
TAOUSDT,crypto,1769299200,26.51,11.63,0.331,224.21,-5.758,0.0,0.778,0.387,0.0,-3.978,-1,1779002499
TAOUSDT,crypto,1769385600,47.01,12.08,0.588,233.99,4.362,0.0,0.739,0.419,0.0,-15.454,-1,1779002499
TAOUSDT,crypto,1769472000,41.94,12.53,0.524,237.98,1.705,0.0,0.699,0.452,0.0,-20.792,-1,1779002499
TAOUSDT,crypto,1769558400,40.58,13.8,0.507,238.16,0.076,0.0,0.825,0.484,0.0,-16.3,-1,1779002499
TAOUSDT,crypto,1769644800,32.63,17.79,0.408,220.91,-7.243,0.0,1.365,0.548,0.0,-12.544,-1,1779002499
TAOUSDT,crypto,1769731200,44.95,20.22,0.562,215.29,-2.544,0.0,1.463,0.645,0.0,-12.848,-1,1779002499
TAOUSDT,crypto,1769817600,41.96,25.29,0.524,197.83,-8.11,0.0,1.833,0.806,0.0,-18.86,-1,1779002499
TAOUSDT,crypto,1769904000,43.09,24.69,0.539,188.5,-4.716,0.0,1.067,0.968,0.0,-7.92,-1,1779002499
TAOUSDT,crypto,1769990400,66.86,25.79,0.836,199.34,5.751,0.0,1.415,0.935,0.0,-16.053,-1,1779002499
TAOUSDT,crypto,1770076800,47.17,23.8,0.59,193.2,-3.08,0.0,1.405,0.839,0.0,-15.6,-1,1779002499
TAOUSDT,crypto,1770163200,46.78,24.05,0.585,187.63,-2.883,0.0,1.198,0.903,0.0,-15.179,-1,1779002499
TAOUSDT,crypto,1770249600,47.5,30.0,0.594,160.52,-14.449,0.0,2.526,1.0,0.0,-3.8,-1,1779002499
TAOUSDT,crypto,1770336000,77.5,30.0,0.969,173.57,8.13,0.0,2.048,1.0,0.0,-15.994,-1,1779002499
TAOUSDT,crypto,1770422400,45.6,25.14,0.57,167.34,-3.589,0.0,1.028,1.0,0.0,-6.968,-1,1779002499
TAOUSDT,crypto,1770508800,44.18,23.4,0.552,163.06,-2.558,0.0,0.68,1.0,0.0,9.408,1,1779002499
TAOUSDT,crypto,1770595200,47.37,24.83,0.592,159.15,-2.398,0.0,0.967,1.0,0.0,19.874,1,1779002499
TAOUSDT,crypto,1770681600,43.48,23.46,0.543,154.42,-2.972,0.0,0.692,1.0,0.0,19.486,1,1779002499
TAOUSDT,crypto,1770768000,42.65,25.65,0.533,145.81,-5.576,0.0,1.13,1.0,0.0,36.198,1,1779002499
TAOUSDT,crypto,1770854400,68.41,26.19,0.855,155.68,6.769,0.0,1.237,1.0,0.0,23.124,1,1779002499
TAOUSDT,crypto,1770940800,67.54,24.38,0.844,178.4,14.594,0.0,1.133,0.935,0.0,2.803,0,1779002499
TAOUSDT,crypto,1771027200,74.44,28.06,0.931,190.78,6.939,0.0,3.385,0.903,0.0,-7.302,-1,1779002499
TAOUSDT,crypto,1771113600,43.49,21.85,0.544,184.51,-3.287,0.0,1.144,0.806,0.0,-2.303,0,1779002499
TAOUSDT,crypto,1771200000,72.34,24.84,0.904,198.59,7.631,0.0,3.243,0.742,0.0,-8.49,-1,1779002499
TAOUSDT,crypto,1771286400,37.88,16.33,0.474,191.68,-3.48,0.0,1.202,0.516,0.0,-9.625,-1,1779002499
TAOUSDT,crypto,1771372800,29.56,12.04,0.369,183.4,-4.32,0.0,0.731,0.419,0.0,-7.394,-1,1779002499
TAOUSDT,crypto,1771459200,29.48,10.29,0.368,176.85,-3.571,0.0,0.767,0.323,0.0,-5.587,-1,1779002499
TAOUSDT,crypto,1771545600,40.76,10.11,0.51,180.26,1.928,0.0,0.86,0.29,0.0,-0.388,0,1779002499
TAOUSDT,crypto,1771632000,33.17,6.78,0.415,181.73,0.815,0.0,0.453,0.226,0.0,1.519,0,1779002499
TAOUSDT,crypto,1771718400,19.35,4.07,0.242,173.23,-4.677,0.0,0.427,0.097,0.0,1.593,0,1779002499
TAOUSDT,crypto,1771804800,27.93,5.32,0.349,169.84,-1.957,0.0,0.805,0.065,0.0,7.678,1,1779002499
TAOUSDT,crypto,1771891200,26.94,4.23,0.337,166.97,-1.69,0.0,0.717,0.032,0.0,6.037,1,1779002499
TAOUSDT,crypto,1771977600,47.77,5.46,0.597,179.56,7.54,0.0,0.963,0.032,0.0,3.854,1,1779002499
TAOUSDT,crypto,1772064000,37.98,5.64,0.475,184.49,2.746,0.0,0.87,0.065,0.0,-0.878,0,1779002499
TAOUSDT,crypto,1772150400,22.02,5.01,0.275,175.99,-4.607,0.0,0.744,0.065,0.0,6.017,1,1779002499
TAOUSDT,crypto,1772236800,41.15,5.73,0.514,182.88,3.915,0.0,1.018,0.032,0.0,1.433,0,1779002499
TAOUSDT,crypto,1772323200,25.74,5.13,0.322,177.05,-3.188,0.0,0.897,0.032,0.0,-0.169,0,1779002499
TAOUSDT,crypto,1772409600,43.49,5.49,0.544,186.48,5.326,0.0,0.969,0.032,0.0,-5.781,-1,1779002499
TAOUSDT,crypto,1772496000,28.53,5.27,0.357,182.87,-1.936,0.0,0.926,0.032,0.0,-0.815,0,1779002499
TAOUSDT,crypto,1772582400,38.15,6.12,0.477,186.58,2.029,0.0,1.095,0.032,0.0,4.041,1,1779002499
TAOUSDT,crypto,1772668800,30.08,4.69,0.376,185.5,-0.579,0.0,0.81,0.032,0.0,7.644,1,1779002499
TAOUSDT,crypto,1772755200,21.55,4.56,0.269,176.75,-4.717,0.0,0.783,0.032,0.0,14.818,1,1779002499
TAOUSDT,crypto,1772841600,35.27,7.62,0.441,175.7,-0.594,0.0,1.267,0.065,0.0,23.893,1,1779002499
TAOUSDT,crypto,1772928000,40.68,6.18,0.509,181.38,3.233,0.0,1.107,0.032,0.0,29.882,1,1779002499
TAOUSDT,crypto,1773014400,54.93,9.84,0.687,194.12,7.024,0.0,1.709,0.065,0.0,28.266,1,1779002499
TAOUSDT,crypto,1773100800,48.35,12.32,0.604,199.68,2.864,0.0,1.561,0.226,0.0,41.667,1,1779002499
TAOUSDT,crypto,1773187200,40.75,10.07,0.509,202.94,1.633,0.0,0.982,0.258,0.0,37.957,1,1779002499
TAOUSDT,crypto,1773273600,55.89,12.66,0.699,217.68,7.263,0.0,1.241,0.323,0.0,26.746,1,1779002499
TAOUSDT,crypto,1773360000,70.4,22.9,0.88,235.58,8.223,0.0,2.303,0.645,0.0,15.761,1,1779002499
TAOUSDT,crypto,1773446400,61.97,22.11,0.775,248.99,5.692,0.0,1.196,0.806,0.0,13.527,1,1779002499
TAOUSDT,crypto,1773532800,76.21,28.71,0.953,282.88,13.611,0.0,3.41,0.935,0.0,-4.67,-1,1779002499
TAOUSDT,crypto,1773619200,60.44,30.0,0.756,279.97,-1.029,0.0,2.647,1.0,0.0,-4.286,-1,1779002499
TAOUSDT,crypto,1773705600,52.52,26.47,0.657,275.9,-1.454,0.0,1.293,1.0,0.0,-5.136,-1,1779002499
TAOUSDT,crypto,1773792000,52.02,25.92,0.65,272.71,-1.156,0.0,1.183,1.0,0.0,7.466,1,1779002499
TAOUSDT,crypto,1773878400,64.21,27.2,0.803,282.67,3.652,0.0,1.441,1.0,0.0,18.973,1,1779002499
TAOUSDT,crypto,1773964800,53.3,30.0,0.666,269.67,-4.599,0.0,2.842,1.0,0.0,28.583,1,1779002499
TAOUSDT,crypto,1774051200,49.7,23.58,0.621,267.97,-0.63,0.0,0.975,0.935,0.0,25.887,1,1779002499
TAOUSDT,crypto,1774137600,47.62,23.6,0.595,261.73,-2.329,0.0,1.236,0.871,0.0,20.731,1,1779002499
TAOUSDT,crypto,1774224000,69.36,24.32,0.867,293.07,11.974,0.0,1.509,0.839,0.0,7.537,1,1779002499
TAOUSDT,crypto,1774310400,77.5,30.0,0.969,336.3,14.751,0.0,2.589,1.0,0.0,-6.221,-1,1779002499
TAOUSDT,crypto,1774396800,68.71,30.0,0.859,346.75,3.107,0.0,2.876,1.0,0.0,-10.186,-1,1779002499
TAOUSDT,crypto,1774483200,52.97,27.63,0.662,337.34,-2.714,0.0,1.655,0.968,0.0,-9.284,-1,1779002499
TAOUSDT,crypto,1774569600,38.24,21.62,0.478,315.99,-6.329,0.0,1.356,0.742,0.0,-2.69,0,1779002499
TAOUSDT,crypto,1774656000,43.35,17.14,0.542,315.16,-0.263,0.0,0.847,0.645,0.0,-4.798,-1,1779002499
TAOUSDT,crypto,1774742400,40.68,14.82,0.508,315.38,0.07,0.0,0.642,0.581,0.0,-2.131,0,1779002499
TAOUSDT,crypto,1774828800,39.25,14.79,0.491,311.43,-1.252,0.0,0.894,0.516,0.0,-3.339,-1,1779002499
TAOUSDT,crypto,1774915200,35.44,13.04,0.443,306.02,-1.737,0.0,0.674,0.484,0.0,1.323,0,1779002499
TAOUSDT,crypto,1775001600,40.35,12.64,0.504,307.49,0.48,0.0,0.85,0.419,0.0,1.74,0,1779002499
TAOUSDT,crypto,1775088000,32.21,11.15,0.403,300.04,-2.423,0.0,0.681,0.387,0.0,11.768,1,1779002499
TAOUSDT,crypto,1775174400,39.22,8.71,0.49,308.66,2.873,0.0,0.452,0.323,0.0,5.206,1,1779002499
TAOUSDT,crypto,1775260800,26.31,7.28,0.329,301.03,-2.472,0.0,0.295,0.29,0.0,1.242,0,1779002499
TAOUSDT,crypto,1775347200,37.0,6.83,0.463,310.07,3.003,0.0,0.333,0.258,0.0,-16.928,-1,1779002499
TAOUSDT,crypto,1775433600,35.72,7.98,0.447,312.84,0.893,0.0,0.692,0.226,0.0,-12.578,-1,1779002499
TAOUSDT,crypto,1775520000,48.08,7.53,0.601,335.35,7.195,0.0,0.731,0.194,0.0,-22.743,-1,1779002499
TAOUSDT,crypto,1775606400,26.99,7.02,0.337,324.73,-3.167,0.0,0.76,0.161,0.0,-19.718,-1,1779002499
TAOUSDT,crypto,1775692800,21.1,6.74,0.264,304.77,-6.147,0.0,0.831,0.129,0.0,-21.524,-1,1779002499
TAOUSDT,crypto,1775779200,30.08,12.58,0.376,257.58,-15.484,0.0,2.442,0.129,0.0,-6.297,-1,1779002499
TAOUSDT,crypto,1775865600,45.31,5.88,0.566,273.49,6.177,0.0,0.917,0.065,0.0,-7.631,-1,1779002499
TAOUSDT,crypto,1775952000,22.4,7.16,0.28,259.08,-5.269,0.0,0.657,0.194,0.0,-0.722,0,1779002499
TAOUSDT,crypto,1776038400,36.73,9.72,0.459,260.7,0.625,0.0,0.653,0.323,0.0,-6.747,-1,1779002499
TAOUSDT,crypto,1776124800,22.99,11.67,0.287,239.17,-8.259,2.1e-05,0.785,0.387,0.0,0.159,0,1779002499
TAOUSDT,crypto,1776211200,38.85,11.9,0.486,241.36,0.916,5e-05,0.573,0.452,0.0,1.115,0,1779002499
TAOUSDT,crypto,1776297600,48.46,13.28,0.606,252.62,4.665,5e-05,0.72,0.484,0.0,-3.044,-1,1779002499
TAOUSDT,crypto,1776384000,46.99,15.49,0.587,257.21,1.817,-0.000169,0.904,0.548,0.0,-4.553,-1,1779002499
TAOUSDT,crypto,1776470400,28.15,14.08,0.352,243.11,-5.482,-1.5e-05,0.493,0.581,0.0,3.899,1,1779002499
TAOUSDT,crypto,1776556800,37.83,14.93,0.473,239.55,-1.464,-0.000133,0.534,0.613,-0.020986,3.79,1,1779002499
TAOUSDT,crypto,1776643200,43.48,14.96,0.544,244.05,1.879,-4.1e-05,0.412,0.645,-0.002464,1.41,0,1779002499
TAOUSDT,crypto,1776729600,41.45,15.4,0.518,244.93,0.361,-0.000196,0.371,0.677,-0.033649,2.515,0,1779002499
TAOUSDT,crypto,1776816000,42.55,17.01,0.532,245.5,0.233,-8.1e-05,0.434,0.742,-0.013479,1.018,0,1779002499
TAOUSDT,crypto,1776902400,48.11,16.29,0.601,252.59,2.888,-0.000161,0.548,0.677,0.003373,2.193,0,1779002499
TAOUSDT,crypto,1776988800,38.04,16.08,0.475,248.63,-1.568,-1.1e-05,0.507,0.677,0.025727,2.12,0,1779002499
TAOUSDT,crypto,1777075200,37.48,13.81,0.469,247.49,-0.459,-0.000107,0.311,0.613,0.015288,0.59,0,1779002499
TAOUSDT,crypto,1777161600,39.47,12.96,0.493,251.09,1.455,5e-05,0.27,0.581,-0.013396,7.802,1,1779002499
TAOUSDT,crypto,1777248000,33.98,10.44,0.425,248.0,-1.231,-0.000158,0.54,0.387,-0.002931,15.681,1,1779002499
TAOUSDT,crypto,1777334400,36.95,3.59,0.462,258.13,4.085,5e-05,0.588,0.032,0.001725,12.044,1,1779002499
TAOUSDT,crypto,1777420800,27.03,4.31,0.338,253.9,-1.639,3.4e-05,0.733,0.032,0.067927,12.131,1,1779002499
TAOUSDT,crypto,1777507200,22.67,2.48,0.283,248.95,-1.95,5e-05,0.368,0.032,-0.035599,17.417,1,1779002499
TAOUSDT,crypto,1777593600,49.48,6.44,0.618,270.68,8.729,5e-05,1.158,0.032,0.016092,14.116,1,1779002499
TAOUSDT,crypto,1777680000,45.26,6.81,0.566,286.89,5.989,5e-05,0.845,0.129,0.094555,5.333,1,1779002499
TAOUSDT,crypto,1777766400,35.35,7.18,0.442,289.22,0.812,-2e-05,0.79,0.161,-0.049116,9.384,1,1779002499
TAOUSDT,crypto,1777852800,34.12,9.74,0.427,284.7,-1.563,4.2e-05,1.044,0.226,-0.011399,8.075,1,1779002499
TAOUSDT,crypto,1777939200,43.89,10.73,0.549,292.31,2.673,5e-05,1.113,0.258,-0.027916,9.555,1,1779002499
TAOUSDT,crypto,1778025600,63.01,19.87,0.788,308.89,5.672,5e-05,1.909,0.516,0.051509,3.736,1,1779002499
TAOUSDT,crypto,1778112000,41.8,17.75,0.522,302.19,-2.169,5e-05,1.227,0.581,-0.049373,2.34,0,1779002499
TAOUSDT,crypto,1778198400,54.03,17.22,0.675,316.36,4.689,8e-06,0.993,0.613,-0.008104,-6.875,-1,1779002499
TAOUSDT,crypto,1778284800,35.48,15.2,0.443,307.69,-2.741,-6.2e-05,0.589,0.613,-0.008473,-1.024,0,1779002499
TAOUSDT,crypto,1778371200,59.16,20.83,0.739,320.24,4.079,5e-05,1.585,0.645,0.01117,-10.951,-1,1779002499
TAOUSDT,crypto,1778457600,46.18,18.36,0.577,320.43,0.059,5e-05,1.091,0.645,0.068709,-14.69,-1,1779002499
TAOUSDT,crypto,1778544000,37.24,17.02,0.465,309.26,-3.486,1.6e-05,0.953,0.613,-0.005654,-12.226,-1,1779002499
CHZUSDT,crypto,1762214400,57.21,30.0,0.715,0.02799,-2.643,0.0,2.377,1.0,0.0,21.258,1,1779002500
CHZUSDT,crypto,1762300800,61.29,25.03,0.766,0.02921,4.359,0.0,1.007,1.0,0.0,17.254,1,1779002500
CHZUSDT,crypto,1762387200,59.07,25.99,0.738,0.02988,2.294,0.0,1.199,1.0,0.0,9.137,1,1779002500
CHZUSDT,crypto,1762473600,77.5,30.0,0.969,0.03455,15.629,0.0,2.291,1.0,0.0,-6.165,-1,1779002500
CHZUSDT,crypto,1762560000,54.01,26.88,0.675,0.03416,-1.129,0.0,1.377,1.0,0.0,-7.406,-1,1779002500
CHZUSDT,crypto,1762646400,46.52,22.66,0.582,0.03394,-0.644,0.0,0.531,1.0,0.0,-8.78,-1,1779002500
CHZUSDT,crypto,1762732800,52.3,23.99,0.654,0.03425,0.913,0.0,0.797,1.0,0.0,-8.204,-1,1779002500
CHZUSDT,crypto,1762819200,39.37,23.22,0.492,0.03261,-4.788,0.0,0.644,1.0,0.0,-6.317,-1,1779002500
CHZUSDT,crypto,1762905600,48.7,23.69,0.609,0.03242,-0.583,0.0,0.737,1.0,0.0,-7.341,-1,1779002500
CHZUSDT,crypto,1762992000,41.66,20.2,0.521,0.03163,-2.437,0.0,0.767,0.818,0.0,-2.466,0,1779002500
CHZUSDT,crypto,1763078400,48.7,25.22,0.609,0.03096,-2.118,0.0,1.044,1.0,0.0,-3.876,-1,1779002500
CHZUSDT,crypto,1763164800,42.35,14.53,0.529,0.03144,1.55,0.0,0.444,0.615,0.0,-9.415,-1,1779002500
CHZUSDT,crypto,1763251200,36.91,16.46,0.461,0.03055,-2.831,0.0,0.721,0.643,0.0,-8.871,-1,1779002500
CHZUSDT,crypto,1763337600,47.46,24.15,0.593,0.03004,-1.669,0.0,0.83,1.0,0.0,-7.19,-1,1779002500
CHZUSDT,crypto,1763424000,55.61,23.86,0.695,0.03085,2.696,0.0,0.772,1.0,0.0,-10.016,-1,1779002500
CHZUSDT,crypto,1763510400,43.73,24.15,0.547,0.02976,-3.533,0.0,0.83,1.0,0.0,-3.259,-1,1779002500
CHZUSDT,crypto,1763596800,44.66,25.38,0.558,0.02848,-4.301,0.0,1.076,1.0,0.0,2.669,0,1779002500
CHZUSDT,crypto,1763683200,54.59,28.29,0.682,0.02784,-2.247,0.0,1.658,1.0,0.0,4.957,1,1779002500
CHZUSDT,crypto,1763769600,49.06,23.13,0.613,0.02788,0.144,0.0,0.627,1.0,0.0,5.416,1,1779002500
CHZUSDT,crypto,1763856000,45.44,21.9,0.568,0.02776,-0.43,0.0,0.38,1.0,0.0,9.798,1,1779002500
CHZUSDT,crypto,1763942400,55.91,22.54,0.699,0.02879,3.71,0.0,0.69,0.955,0.0,6.461,1,1779002500
CHZUSDT,crypto,1764028800,50.99,21.81,0.637,0.02924,1.563,0.0,0.71,0.913,0.0,3.146,1,1779002500
CHZUSDT,crypto,1764115200,48.67,22.74,0.608,0.02922,-0.068,0.0,0.714,0.958,0.0,-1.711,0,1779002500
CHZUSDT,crypto,1764201600,45.81,19.07,0.573,0.02939,0.582,0.0,0.615,0.8,0.0,2.688,0,1779002500
CHZUSDT,crypto,1764288000,62.08,23.01,0.776,0.03048,3.709,0.0,1.832,0.692,0.0,1.542,0,1779002500
CHZUSDT,crypto,1764374400,49.54,15.93,0.619,0.03065,0.558,0.0,2.534,0.296,0.0,-1.631,0,1779002500
CHZUSDT,crypto,1764460800,32.75,8.51,0.409,0.03016,-1.599,0.0,0.988,0.179,0.0,-1.89,0,1779002500
CHZUSDT,crypto,1764547200,26.73,7.93,0.334,0.02872,-4.775,0.0,1.171,0.103,0.0,10.62,1,1779002500
CHZUSDT,crypto,1764633600,42.58,5.62,0.532,0.03018,5.084,0.0,0.858,0.067,0.0,1.69,0,1779002500
CHZUSDT,crypto,1764720000,35.55,4.62,0.444,0.03095,2.551,0.0,0.665,0.065,0.0,2.553,0,1779002500
CHZUSDT,crypto,1764806400,22.94,3.13,0.287,0.03015,-2.585,0.0,0.497,0.032,0.0,9.652,1,1779002500
CHZUSDT,crypto,1764892800,26.81,4.34,0.335,0.02959,-1.857,0.0,0.738,0.032,0.0,8.753,1,1779002500
CHZUSDT,crypto,1764979200,59.17,11.94,0.74,0.03177,7.367,0.0,2.979,0.097,0.0,4.155,1,1779002500
CHZUSDT,crypto,1765065600,31.23,9.38,0.39,0.03069,-3.399,0.0,1.23,0.161,0.0,9.123,1,1779002500
CHZUSDT,crypto,1765152000,43.95,9.56,0.549,0.03174,3.421,0.0,1.009,0.226,0.0,5.325,1,1779002500
CHZUSDT,crypto,1765238400,56.62,15.81,0.708,0.03306,4.159,0.0,2.039,0.29,0.0,-3.237,-1,1779002500
CHZUSDT,crypto,1765324800,31.13,10.53,0.389,0.03218,-2.662,0.0,0.686,0.355,0.0,-4.786,-1,1779002500
CHZUSDT,crypto,1765411200,53.73,16.66,0.672,0.03309,2.828,0.0,1.783,0.387,0.0,-8.039,-1,1779002500
CHZUSDT,crypto,1765497600,46.98,15.22,0.587,0.03349,1.209,0.0,1.367,0.419,0.0,-13.049,-1,1779002500
CHZUSDT,crypto,1765584000,35.87,10.74,0.448,0.03343,-0.179,0.0,0.599,0.387,0.0,-14.119,-1,1779002500
CHZUSDT,crypto,1765670400,26.24,9.72,0.328,0.03199,-4.308,0.0,0.525,0.355,0.0,11.722,1,1779002500
CHZUSDT,crypto,1765756800,27.14,9.44,0.339,0.03064,-4.22,0.0,0.727,0.29,0.0,19.876,1,1779002500
CHZUSDT,crypto,1765843200,32.47,8.25,0.406,0.03043,-0.685,0.0,0.618,0.258,0.0,18.797,1,1779002500
CHZUSDT,crypto,1765929600,27.21,9.88,0.34,0.02912,-4.305,0.0,0.687,0.323,0.0,23.592,1,1779002500
CHZUSDT,crypto,1766016000,34.74,12.05,0.434,0.02871,-1.408,0.0,0.603,0.452,0.0,20.341,1,1779002500
CHZUSDT,crypto,1766102400,71.05,23.55,0.888,0.03574,24.486,0.0,6.68,0.677,0.0,-2.266,0,1779002500
CHZUSDT,crypto,1766188800,64.81,26.77,0.81,0.03673,2.77,0.0,6.713,0.839,0.0,-7.814,-1,1779002500
CHZUSDT,crypto,1766275200,56.12,26.77,0.701,0.03615,-1.579,0.0,2.406,0.839,0.0,1.162,0,1779002500
CHZUSDT,crypto,1766361600,51.72,25.05,0.646,0.03599,-0.443,0.0,1.01,1.0,0.0,1.167,0,1779002500
CHZUSDT,crypto,1766448000,39.4,22.45,0.492,0.03455,-4.001,0.0,0.49,1.0,0.0,4.863,1,1779002500
CHZUSDT,crypto,1766534400,51.74,22.87,0.647,0.03493,1.1,0.0,0.833,0.935,0.0,5.84,1,1779002500
CHZUSDT,crypto,1766620800,36.44,18.1,0.456,0.03386,-3.063,0.0,0.394,0.806,0.0,17.1,1,1779002500
CHZUSDT,crypto,1766707200,64.95,22.76,0.812,0.03657,8.004,0.0,0.938,0.903,0.0,15.477,1,1779002500
CHZUSDT,crypto,1766793600,44.38,20.41,0.555,0.03641,-0.438,0.0,0.469,0.903,0.0,12.771,1,1779002500
CHZUSDT,crypto,1766880000,44.89,21.37,0.561,0.03623,-0.494,0.0,0.402,0.968,0.0,21.005,1,1779002500
CHZUSDT,crypto,1766966400,56.05,24.73,0.701,0.03697,2.043,0.0,0.946,1.0,0.0,23.37,1,1779002500
CHZUSDT,crypto,1767052800,64.67,23.84,0.808,0.03965,7.249,0.0,0.767,1.0,0.0,12.484,1,1779002500
CHZUSDT,crypto,1767139200,75.51,30.0,0.944,0.04223,6.507,0.0,5.638,1.0,0.0,7.791,1,1779002500
CHZUSDT,crypto,1767225600,48.71,25.88,0.609,0.04106,-2.771,0.0,1.175,1.0,0.0,7.404,1,1779002500
CHZUSDT,crypto,1767312000,73.57,28.77,0.92,0.04384,6.771,0.0,1.753,1.0,0.0,-1.186,0,1779002500
CHZUSDT,crypto,1767398400,59.89,24.66,0.749,0.04561,4.037,0.0,0.931,1.0,0.0,-3.026,-1,1779002500
CHZUSDT,crypto,1767484800,43.69,22.81,0.546,0.0446,-2.214,0.0,0.562,1.0,0.0,0.448,0,1779002500
CHZUSDT,crypto,1767571200,53.05,23.21,0.663,0.04552,2.063,0.0,0.642,1.0,0.0,11.292,1,1779002500
CHZUSDT,crypto,1767657600,40.72,21.26,0.509,0.0441,-3.12,0.0,0.64,0.903,0.0,10.363,1,1779002500
CHZUSDT,crypto,1767744000,39.25,18.53,0.491,0.04332,-1.769,0.0,0.351,0.839,0.0,16.343,1,1779002500
CHZUSDT,crypto,1767830400,50.8,20.44,0.635,0.04423,2.101,0.0,0.733,0.839,0.0,20.868,1,1779002500
CHZUSDT,crypto,1767916800,47.02,19.36,0.588,0.0448,1.289,0.0,0.517,0.839,0.0,24.509,1,1779002500
CHZUSDT,crypto,1768003200,71.78,25.85,0.897,0.05066,13.08,0.0,1.687,0.871,0.0,14.607,1,1779002500
CHZUSDT,crypto,1768089600,47.91,25.34,0.599,0.04867,-3.928,0.0,1.585,0.871,0.0,18.636,1,1779002500
CHZUSDT,crypto,1768176000,60.83,24.64,0.76,0.0504,3.555,0.0,1.315,0.903,0.0,23.155,1,1779002500
CHZUSDT,crypto,1768262400,71.19,27.3,0.89,0.05346,6.071,0.0,1.848,0.903,0.0,11.504,1,1779002500
CHZUSDT,crypto,1768348800,60.94,23.91,0.762,0.05578,4.34,0.0,1.17,0.903,0.0,2.707,0,1779002500
CHZUSDT,crypto,1768435200,70.67,30.0,0.883,0.05806,4.087,0.0,2.039,1.0,0.0,-11.557,-1,1779002500
CHZUSDT,crypto,1768521600,53.21,25.91,0.665,0.05774,-0.551,0.0,1.181,1.0,0.0,-11.967,-1,1779002500
CHZUSDT,crypto,1768608000,70.12,26.31,0.877,0.06207,7.499,0.0,1.262,1.0,0.0,-18.141,-1,1779002500
CHZUSDT,crypto,1768694400,43.96,24.37,0.55,0.05961,-3.963,0.0,1.003,0.968,0.0,-15.115,-1,1779002500
CHZUSDT,crypto,1768780800,45.05,24.2,0.563,0.05729,-3.892,0.0,1.227,0.903,0.0,-8.954,-1,1779002500
CHZUSDT,crypto,1768867200,33.68,21.48,0.421,0.05135,-10.368,0.0,0.94,0.839,0.0,-3.116,-1,1779002500
CHZUSDT,crypto,1768953600,41.63,17.03,0.52,0.05083,-1.013,0.0,0.825,0.645,0.0,7.496,1,1779002500
CHZUSDT,crypto,1769040000,40.24,13.42,0.503,0.05081,-0.039,0.0,0.878,0.452,0.0,13.344,1,1779002500
CHZUSDT,crypto,1769126400,36.96,11.84,0.462,0.0506,-0.413,0.0,0.69,0.419,0.0,11.265,1,1779002500
CHZUSDT,crypto,1769212800,42.24,10.66,0.528,0.05216,3.083,0.0,0.583,0.387,0.0,-9.663,-1,1779002500
CHZUSDT,crypto,1769299200,27.65,9.45,0.346,0.04975,-4.62,0.0,0.987,0.226,0.0,-0.925,0,1779002500
CHZUSDT,crypto,1769385600,47.95,6.84,0.599,0.05464,9.829,0.0,0.723,0.161,0.0,-18.887,-1,1779002500
CHZUSDT,crypto,1769472000,46.55,7.91,0.582,0.05759,5.399,0.0,1.067,0.129,0.0,-20.09,-1,1779002500
CHZUSDT,crypto,1769558400,24.8,4.03,0.31,0.0563,-2.24,0.0,0.549,0.065,0.0,-17.993,-1,1779002500
CHZUSDT,crypto,1769644800,22.46,7.8,0.281,0.04712,-16.306,0.0,1.431,0.032,0.0,-5.963,-1,1779002500
CHZUSDT,crypto,1769731200,43.67,6.62,0.546,0.04929,4.605,0.0,1.067,0.065,0.0,-10.043,-1,1779002500
CHZUSDT,crypto,1769817600,22.26,8.67,0.278,0.04432,-10.083,0.0,1.218,0.129,0.0,-13.673,-1,1779002500
CHZUSDT,crypto,1769904000,42.49,8.09,0.531,0.04602,3.836,0.0,0.844,0.194,0.0,-9.431,-1,1779002500
CHZUSDT,crypto,1769990400,36.34,8.85,0.454,0.04617,0.326,0.0,0.867,0.226,0.0,-7.126,-1,1779002500
CHZUSDT,crypto,1770076800,31.85,11.61,0.398,0.04431,-4.029,0.0,1.16,0.29,0.0,-6.996,-1,1779002500
CHZUSDT,crypto,1770163200,39.83,12.79,0.498,0.04434,0.068,0.0,0.881,0.419,0.0,-9.517,-1,1779002500
CHZUSDT,crypto,1770249600,37.23,21.0,0.465,0.03826,-13.712,0.0,1.747,0.613,0.0,3.764,1,1779002500
CHZUSDT,crypto,1770336000,68.47,20.97,0.856,0.04168,8.939,0.0,2.528,0.548,0.0,-6.934,-1,1779002500
CHZUSDT,crypto,1770422400,45.68,13.55,0.571,0.04288,2.879,0.0,0.775,0.484,0.0,-6.646,-1,1779002500
CHZUSDT,crypto,1770508800,27.78,11.05,0.347,0.04121,-3.895,0.0,0.404,0.452,0.0,1.65,0,1779002500
CHZUSDT,crypto,1770595200,33.23,13.49,0.415,0.04012,-2.645,0.0,0.505,0.548,0.0,6.979,1,1779002500
CHZUSDT,crypto,1770681600,39.58,16.69,0.495,0.0397,-1.047,0.0,0.499,0.71,0.0,0.73,0,1779002500
CHZUSDT,crypto,1770768000,38.35,17.96,0.479,0.03879,-2.292,0.0,0.495,0.774,0.0,7.528,1,1779002500
CHZUSDT,crypto,1770854400,49.05,18.14,0.613,0.04003,3.197,0.0,0.403,0.806,0.0,1.499,0,1779002500
CHZUSDT,crypto,1770940800,51.16,17.43,0.64,0.04189,4.647,0.0,0.389,0.774,0.0,-5.753,-1,1779002500
CHZUSDT,crypto,1771027200,46.62,17.02,0.583,0.04292,2.459,0.0,0.436,0.742,0.0,-10.298,-1,1779002500
CHZUSDT,crypto,1771113600,27.73,15.89,0.347,0.03999,-6.827,0.0,0.598,0.645,0.0,-11.228,-1,1779002500
CHZUSDT,crypto,1771200000,41.33,8.02,0.517,0.04171,4.301,0.0,0.442,0.29,0.0,-14.145,-1,1779002500
CHZUSDT,crypto,1771286400,21.2,2.26,0.265,0.04063,-2.589,0.0,0.323,0.032,0.0,-14.324,-1,1779002500
CHZUSDT,crypto,1771372800,20.63,2.22,0.258,0.03948,-2.83,0.0,0.314,0.032,0.0,-14.235,-1,1779002500
CHZUSDT,crypto,1771459200,22.19,2.65,0.277,0.0385,-2.482,0.0,0.401,0.032,0.0,-13.558,-1,1779002500
CHZUSDT,crypto,1771545600,19.25,6.52,0.241,0.0355,-7.792,0.0,1.046,0.065,0.0,-0.451,0,1779002500
CHZUSDT,crypto,1771632000,31.35,4.52,0.392,0.03581,0.873,0.0,0.516,0.097,0.0,-10.584,-1,1779002500
CHZUSDT,crypto,1771718400,26.44,6.05,0.33,0.03481,-2.793,0.0,0.694,0.129,0.0,-3.045,-1,1779002500
CHZUSDT,crypto,1771804800,30.35,8.91,0.379,0.03386,-2.729,0.0,0.88,0.226,0.0,2.245,0,1779002500
CHZUSDT,crypto,1771891200,30.86,8.48,0.386,0.03328,-1.713,0.0,0.663,0.258,0.0,-0.3,0,1779002500
CHZUSDT,crypto,1771977600,50.49,11.35,0.631,0.03534,6.19,0.0,0.851,0.355,0.0,-2.434,0,1779002500
CHZUSDT,crypto,1772064000,29.56,15.55,0.37,0.03202,-9.394,0.0,1.303,0.452,0.0,14.179,1,1779002500
CHZUSDT,crypto,1772150400,56.36,16.37,0.704,0.03375,5.403,0.0,1.338,0.484,0.0,10.993,1,1779002500
CHZUSDT,crypto,1772236800,56.42,19.22,0.705,0.03462,2.578,0.0,1.909,0.484,0.0,7.106,1,1779002500
CHZUSDT,crypto,1772323200,36.2,16.17,0.453,0.03318,-4.159,0.0,1.17,0.516,0.0,9.644,1,1779002500
CHZUSDT,crypto,1772409600,51.61,15.8,0.645,0.03448,3.918,0.0,1.095,0.516,0.0,-0.029,0,1779002500
CHZUSDT,crypto,1772496000,64.24,19.68,0.803,0.03656,6.032,0.0,2.007,0.484,0.0,-1.149,0,1779002500
CHZUSDT,crypto,1772582400,49.19,15.08,0.615,0.03746,2.462,0.0,1.338,0.419,0.0,2.883,0,1779002500
CHZUSDT,crypto,1772668800,37.05,11.52,0.463,0.03708,-1.014,0.0,1.013,0.323,0.0,3.074,1,1779002500
CHZUSDT,crypto,1772755200,31.45,8.95,0.393,0.03638,-1.888,0.0,0.757,0.258,0.0,5.662,1,1779002500
CHZUSDT,crypto,1772841600,24.04,8.28,0.3,0.03447,-5.25,0.0,0.752,0.226,0.0,8.065,1,1779002500
CHZUSDT,crypto,1772928000,45.4,7.25,0.567,0.03614,4.845,0.0,1.192,0.065,0.0,5.091,1,1779002500
CHZUSDT,crypto,1773014400,49.02,6.94,0.613,0.03854,6.641,0.0,1.259,0.032,0.0,-0.701,0,1779002500
CHZUSDT,crypto,1773100800,32.1,5.95,0.401,0.03822,-0.83,0.0,1.062,0.032,0.0,-1.256,0,1779002500
CHZUSDT,crypto,1773187200,30.58,3.89,0.382,0.03844,0.576,4e-05,0.648,0.032,0.0,3.59,1,1779002500
CHZUSDT,crypto,1773273600,22.86,4.34,0.286,0.03725,-3.096,4e-05,0.481,0.097,0.0,4.161,1,1779002500
CHZUSDT,crypto,1773360000,35.17,5.81,0.44,0.03798,1.96,5.9e-05,0.646,0.129,0.0,-4.423,-1,1779002500
CHZUSDT,crypto,1773446400,31.75,5.99,0.397,0.03827,0.764,7.8e-05,0.424,0.194,0.0,-6.167,-1,1779002500
CHZUSDT,crypto,1773532800,27.31,5.64,0.341,0.03774,-1.385,-3.4e-05,0.354,0.194,0.0,-4.61,-1,1779002500
CHZUSDT,crypto,1773619200,45.7,8.92,0.571,0.03982,5.511,0.0001,0.752,0.258,0.0,-12.18,-1,1779002500
CHZUSDT,crypto,1773705600,28.82,9.2,0.36,0.0388,-2.562,0.0001,0.549,0.323,0.0,-10.644,-1,1779002500
CHZUSDT,crypto,1773792000,16.66,3.84,0.208,0.0363,-6.443,-3e-06,0.639,0.032,0.0,-1.295,0,1779002500
CHZUSDT,crypto,1773878400,25.88,3.34,0.324,0.03591,-1.074,0.0001,0.539,0.032,0.0,0.056,0,1779002500
CHZUSDT,crypto,1773964800,27.68,2.81,0.346,0.036,0.251,5.9e-05,0.433,0.032,0.0,-0.083,0,1779002500
CHZUSDT,crypto,1774051200,20.86,2.55,0.261,0.03497,-2.861,7.6e-05,0.381,0.032,0.0,0.743,0,1779002500
CHZUSDT,crypto,1774137600,27.1,3.38,0.339,0.03467,-0.858,-3.8e-05,0.548,0.032,0.0,2.654,0,1779002500
CHZUSDT,crypto,1774224000,37.8,5.48,0.473,0.03583,3.346,8.3e-05,0.709,0.097,0.0,12.28,1,1779002500
CHZUSDT,crypto,1774310400,29.93,4.97,0.374,0.03593,0.279,0.0001,0.479,0.129,0.0,11.634,1,1779002500
CHZUSDT,crypto,1774396800,31.33,6.15,0.392,0.03597,0.111,9.2e-05,0.585,0.161,0.0,18.571,1,1779002500
CHZUSDT,crypto,1774483200,28.7,7.2,0.359,0.03523,-2.057,4.2e-05,0.665,0.194,0.0,19.926,1,1779002500
CHZUSDT,crypto,1774569600,38.81,8.66,0.485,0.03559,1.022,9.4e-05,1.215,0.129,0.0,15.538,1,1779002500
CHZUSDT,crypto,1774656000,62.43,15.16,0.78,0.04023,13.037,4.6e-05,5.119,0.258,0.0,-3.331,-1,1779002500
CHZUSDT,crypto,1774742400,48.71,17.1,0.609,0.04011,-0.298,5.7e-05,3.349,0.355,0.0,-1.471,0,1779002500
CHZUSDT,crypto,1774828800,68.15,22.9,0.852,0.04265,6.333,-1.6e-05,4.122,0.645,0.0,-8.441,-1,1779002500
CHZUSDT,crypto,1774915200,54.17,24.76,0.677,0.04225,-0.938,0.0001,1.856,0.774,0.0,-8.142,-1,1779002500
CHZUSDT,crypto,1775001600,43.79,21.59,0.547,0.04112,-2.675,8.4e-05,1.093,0.806,0.0,-8.998,-1,1779002500
CHZUSDT,crypto,1775088000,40.04,22.66,0.501,0.03889,-5.423,3.1e-05,1.177,0.839,0.0,1.671,0,1779002500
CHZUSDT,crypto,1775174400,50.5,21.28,0.631,0.03952,1.62,7.7e-05,0.772,0.871,0.0,-4.757,-1,1779002500
CHZUSDT,crypto,1775260800,42.78,20.35,0.535,0.03905,-1.189,-6e-06,0.456,0.903,0.0,-0.307,0,1779002500
CHZUSDT,crypto,1775347200,45.47,20.61,0.568,0.03881,-0.615,-8.1e-05,0.638,0.871,0.0,1.907,0,1779002500
CHZUSDT,crypto,1775433600,39.24,20.71,0.49,0.03742,-3.582,1.8e-05,0.657,0.871,0.0,4.997,1,1779002500
CHZUSDT,crypto,1775520000,58.08,20.7,0.726,0.03954,5.665,7.5e-05,0.785,0.839,0.0,-9.838,-1,1779002500
CHZUSDT,crypto,1775606400,35.24,19.03,0.441,0.03764,-4.805,4.4e-05,0.709,0.774,0.0,-1.408,0,1779002500
CHZUSDT,crypto,1775692800,50.13,18.05,0.627,0.03893,3.427,9.8e-05,0.643,0.742,0.0,-6.627,-1,1779002500
CHZUSDT,crypto,1775779200,44.43,16.31,0.555,0.03955,1.593,6.6e-05,0.553,0.677,0.0,6.245,1,1779002500
CHZUSDT,crypto,1775865600,35.34,11.86,0.442,0.03929,-0.657,-2.1e-05,0.437,0.484,0.0,9.086,1,1779002500
CHZUSDT,crypto,1775952000,25.13,14.05,0.314,0.03565,-9.264,2.8e-05,0.745,0.516,0.0,16.073,1,1779002500
CHZUSDT,crypto,1776038400,47.56,12.54,0.594,0.03711,4.095,-3.5e-05,0.83,0.419,0.0,8.892,1,1779002500
CHZUSDT,crypto,1776124800,32.26,11.37,0.403,0.03635,-2.048,0.0001,0.597,0.419,0.0,11.224,1,1779002500
CHZUSDT,crypto,1776211200,65.78,18.39,0.822,0.04202,15.598,2.2e-05,2.137,0.419,0.0,10.447,1,1779002500
CHZUSDT,crypto,1776297600,51.46,16.93,0.643,0.04286,1.999,0.0001,1.708,0.419,0.0,10.943,1,1779002500
CHZUSDT,crypto,1776384000,34.65,14.47,0.433,0.04138,-3.453,4.1e-05,0.958,0.484,0.0,13.823,1,1779002500
CHZUSDT,crypto,1776470400,35.0,13.67,0.438,0.04041,-2.344,9.5e-05,0.799,0.484,0.0,24.326,1,1779002500
CHZUSDT,crypto,1776556800,38.49,11.65,0.481,0.04043,0.049,6.1e-05,0.91,0.355,3.6e-05,19.095,1,1779002500
CHZUSDT,crypto,1776643200,70.55,23.55,0.882,0.04641,14.791,0.0001,2.956,0.677,0.034719,6.895,1,1779002500
CHZUSDT,crypto,1776729600,67.05,30.0,0.838,0.04755,2.456,7.3e-05,2.263,1.0,0.203436,4.374,1,1779002500
CHZUSDT,crypto,1776816000,53.77,26.65,0.672,0.0471,-0.946,2.9e-05,1.33,1.0,-0.021,6.391,1,1779002500
CHZUSDT,crypto,1776902400,70.72,27.6,0.884,0.05024,6.667,6.4e-05,1.521,1.0,0.033295,-9.494,-1,1779002500
CHZUSDT,crypto,1776988800,45.72,25.94,0.571,0.04815,-4.16,6.9e-05,1.188,1.0,0.048562,-11.983,-1,1779002500
CHZUSDT,crypto,1777075200,56.62,24.23,0.708,0.04961,3.032,8e-05,0.845,1.0,-0.034122,-16.912,-1,1779002500
CHZUSDT,crypto,1777161600,50.76,24.34,0.634,0.04963,0.04,0.0001,0.868,1.0,0.000225,-16.139,-1,1779002500
CHZUSDT,crypto,1777248000,55.86,25.66,0.698,0.05011,0.967,-2e-05,1.132,1.0,0.014281,-17.222,-1,1779002500
CHZUSDT,crypto,1777334400,38.93,25.12,0.487,0.04547,-9.26,1.9e-05,1.282,0.935,-0.002747,-11.502,-1,1779002500
CHZUSDT,crypto,1777420800,39.94,24.37,0.499,0.04238,-6.796,5.9e-05,1.391,0.871,-0.037675,-6.088,-1,1779002500
CHZUSDT,crypto,1777507200,44.15,22.08,0.552,0.04122,-2.737,5e-05,1.06,0.839,-0.059712,0.17,0,1779002500
CHZUSDT,crypto,1777593600,46.16,18.99,0.577,0.04162,0.97,2.5e-05,0.572,0.806,-0.00757,3.388,1,1779002500
CHZUSDT,crypto,1777680000,39.55,16.06,0.494,0.04148,-0.336,4e-05,0.373,0.71,0.007445,6.196,1,1779002500
CHZUSDT,crypto,1777766400,37.68,17.14,0.471,0.04024,-2.989,-8.4e-05,0.719,0.677,0.038234,12.152,1,1779002500
CHZUSDT,crypto,1777852800,39.9,16.37,0.499,0.0398,-1.093,5e-05,0.693,0.645,-0.047055,12.538,1,1779002500
CHZUSDT,crypto,1777939200,52.99,18.05,0.662,0.04129,3.744,3.9e-05,1.029,0.645,-0.011388,10.245,1,1779002500
CHZUSDT,crypto,1778025600,53.07,17.4,0.663,0.04303,4.214,7.8e-05,1.027,0.613,0.017738,0.604,0,1779002500
CHZUSDT,crypto,1778112000,46.9,15.56,0.586,0.04405,2.37,0.0001,0.919,0.548,-0.025838,0.817,0,1779002500
CHZUSDT,crypto,1778198400,50.45,16.54,0.631,0.04513,2.452,7.2e-05,1.373,0.484,0.008799,-4.432,-1,1779002500
CHZUSDT,crypto,1778284800,37.25,12.74,0.466,0.04479,-0.753,3.9e-05,0.741,0.452,0.016327,-1.027,0,1779002500
CHZUSDT,crypto,1778371200,40.76,11.7,0.509,0.04552,1.63,4e-06,0.663,0.419,0.003902,-0.022,0,1779002500
CHZUSDT,crypto,1778457600,28.16,11.54,0.352,0.04329,-4.899,-2.5e-05,0.759,0.387,-0.066701,10.141,1,1779002500
CHZUSDT,crypto,1778544000,43.19,11.5,0.54,0.04441,2.587,7.9e-05,0.882,0.355,0.005601,8.106,1,1779002500
AVAXUSDT,crypto,1762214400,54.51,30.0,0.681,15.98,-3.995,0.0,2.423,1.0,0.0,11.164,1,1779002501
AVAXUSDT,crypto,1762300800,62.27,26.01,0.778,16.6,3.88,0.0,1.201,1.0,0.0,9.452,1,1779002501
AVAXUSDT,crypto,1762387200,47.1,25.2,0.589,16.118,-2.904,0.0,1.041,1.0,0.0,5.447,1,1779002501
AVAXUSDT,crypto,1762473600,69.84,24.17,0.873,17.74,10.063,0.0,1.634,0.8,0.0,-5.271,-1,1779002501
AVAXUSDT,crypto,1762560000,43.02,18.35,0.538,17.488,-1.421,0.0,1.002,0.667,0.0,-8.011,-1,1779002501
AVAXUSDT,crypto,1762646400,45.06,15.41,0.563,17.764,1.578,0.0,0.797,0.571,0.0,-14.935,-1,1779002501
AVAXUSDT,crypto,1762732800,46.51,14.72,0.581,18.169,2.28,0.0,0.945,0.5,0.0,-14.58,-1,1779002501
AVAXUSDT,crypto,1762819200,32.73,18.24,0.409,16.996,-6.456,0.0,0.981,0.667,0.0,-10.967,-1,1779002501
AVAXUSDT,crypto,1762905600,44.66,20.2,0.558,16.805,-1.124,0.0,0.84,0.8,0.0,-13.645,-1,1779002501
AVAXUSDT,crypto,1762992000,47.48,26.76,0.593,16.087,-4.273,0.0,1.352,1.0,0.0,-9.368,-1,1779002501
AVAXUSDT,crypto,1763078400,46.03,27.83,0.575,15.111,-6.067,0.0,1.567,1.0,0.0,-5.486,-1,1779002501
AVAXUSDT,crypto,1763164800,51.87,21.21,0.648,15.52,2.707,0.0,0.55,0.923,0.0,-11.082,-1,1779002501
AVAXUSDT,crypto,1763251200,43.46,20.84,0.543,15.132,-2.5,0.0,1.024,0.786,0.0,-12.252,-1,1779002501
AVAXUSDT,crypto,1763337600,47.95,26.15,0.599,14.512,-4.097,0.0,1.498,0.933,0.0,-8.834,-1,1779002501
AVAXUSDT,crypto,1763424000,50.97,21.27,0.637,14.58,0.469,0.0,1.253,0.75,0.0,-9.005,-1,1779002501
AVAXUSDT,crypto,1763510400,48.74,24.57,0.609,14.282,-2.044,0.0,1.15,0.941,0.0,-2.752,0,1779002501
AVAXUSDT,crypto,1763596800,47.24,25.75,0.591,13.8,-3.375,0.0,1.149,1.0,0.0,2.696,0,1779002501
AVAXUSDT,crypto,1763683200,53.12,29.09,0.664,13.278,-3.783,0.0,1.818,1.0,0.0,12.555,1,1779002501
AVAXUSDT,crypto,1763769600,48.33,23.28,0.604,13.23,-0.362,0.0,0.655,1.0,0.0,13.462,1,1779002501
AVAXUSDT,crypto,1763856000,47.93,22.43,0.599,13.267,0.28,0.0,0.487,1.0,0.0,11.834,1,1779002501
AVAXUSDT,crypto,1763942400,60.84,24.48,0.761,13.889,4.688,0.0,0.896,1.0,0.0,2.52,0,1779002501
AVAXUSDT,crypto,1764028800,54.34,23.88,0.679,14.172,2.038,0.0,0.776,1.0,0.0,-3.295,-1,1779002501
AVAXUSDT,crypto,1764115200,60.89,23.74,0.761,14.945,5.454,0.0,0.748,1.0,0.0,-14.721,-1,1779002501
AVAXUSDT,crypto,1764201600,46.57,19.99,0.582,15.011,0.442,0.0,0.638,0.84,0.0,-9.253,-1,1779002501
AVAXUSDT,crypto,1764288000,43.15,19.56,0.539,14.837,-1.159,0.0,0.682,0.808,0.0,-0.411,0,1779002501
AVAXUSDT,crypto,1764374400,32.71,15.8,0.409,14.239,-4.03,0.0,0.494,0.667,0.0,1.067,0,1779002501
AVAXUSDT,crypto,1764460800,24.15,6.01,0.302,13.705,-3.75,0.0,0.63,0.143,0.0,-3.677,-1,1779002501
AVAXUSDT,crypto,1764547200,21.57,7.57,0.27,12.745,-7.005,0.0,1.101,0.103,0.0,5.092,1,1779002501
AVAXUSDT,crypto,1764633600,47.9,6.48,0.599,13.622,6.881,0.0,1.03,0.067,0.0,-1.094,0,1779002501
AVAXUSDT,crypto,1764720000,48.73,5.94,0.609,14.776,8.472,0.0,1.059,0.032,0.0,-7.708,-1,1779002501
AVAXUSDT,crypto,1764806400,25.21,4.28,0.315,14.391,-2.606,0.0,0.728,0.032,0.0,1.445,0,1779002501
AVAXUSDT,crypto,1764892800,17.93,5.54,0.224,13.201,-8.269,0.0,0.978,0.032,0.0,6.863,1,1779002501
AVAXUSDT,crypto,1764979200,30.94,3.08,0.387,13.394,1.462,0.0,0.487,0.032,0.0,0.097,0,1779002501
AVAXUSDT,crypto,1765065600,33.18,5.4,0.415,13.473,0.59,0.0,0.821,0.065,0.0,-2.746,0,1779002501
AVAXUSDT,crypto,1765152000,33.21,4.46,0.415,13.637,1.217,0.0,0.763,0.032,0.0,-2.009,0,1779002501
AVAXUSDT,crypto,1765238400,49.78,7.88,0.622,14.599,7.054,0.0,1.059,0.129,0.0,-11.85,-1,1779002501
AVAXUSDT,crypto,1765324800,29.21,8.34,0.365,14.107,-3.37,0.0,1.022,0.161,0.0,-12.526,-1,1779002501
AVAXUSDT,crypto,1765411200,26.43,7.57,0.33,13.407,-4.962,0.0,1.256,0.065,0.0,-7.973,-1,1779002501
AVAXUSDT,crypto,1765497600,32.35,9.45,0.404,13.103,-2.267,0.0,0.987,0.226,0.0,-9.509,-1,1779002501
AVAXUSDT,crypto,1765584000,33.22,4.35,0.415,13.363,1.984,0.0,0.482,0.097,0.0,-14.428,-1,1779002501
AVAXUSDT,crypto,1765670400,27.57,9.46,0.345,12.869,-3.697,0.0,0.601,0.323,0.0,-4.802,-1,1779002501
AVAXUSDT,crypto,1765756800,34.91,14.51,0.436,12.34,-4.111,0.0,1.224,0.419,0.0,-1.126,0,1779002501
AVAXUSDT,crypto,1765843200,42.04,14.3,0.526,12.338,-0.016,0.0,1.054,0.452,0.0,-1.605,0,1779002501
AVAXUSDT,crypto,1765929600,36.86,16.24,0.461,11.857,-3.899,0.0,1.183,0.516,0.0,4.672,1,1779002501
AVAXUSDT,crypto,1766016000,39.24,17.41,0.491,11.435,-3.559,0.0,1.289,0.548,0.0,6.463,1,1779002501
AVAXUSDT,crypto,1766102400,60.83,17.83,0.76,12.251,7.136,0.0,1.244,0.581,0.0,-1.233,0,1779002501
AVAXUSDT,crypto,1766188800,38.2,14.39,0.477,12.201,-0.408,0.0,0.426,0.613,0.0,-1.065,0,1779002501
AVAXUSDT,crypto,1766275200,41.76,16.9,0.522,12.14,-0.5,0.0,0.671,0.677,0.0,1.614,0,1779002501
AVAXUSDT,crypto,1766361600,51.83,19.53,0.648,12.411,2.232,0.0,1.067,0.71,0.0,2.256,0,1779002501
AVAXUSDT,crypto,1766448000,41.42,17.18,0.518,12.174,-1.91,0.0,1.113,0.581,0.0,3.787,1,1779002501
AVAXUSDT,crypto,1766534400,39.36,14.52,0.492,12.1,-0.608,0.0,0.711,0.548,0.0,2.182,0,1779002501
AVAXUSDT,crypto,1766620800,41.17,15.38,0.515,12.071,-0.24,0.0,0.754,0.581,0.0,4.175,1,1779002501
AVAXUSDT,crypto,1766707200,48.17,16.45,0.602,12.336,2.195,0.0,0.967,0.581,0.0,-0.219,0,1779002501
AVAXUSDT,crypto,1766793600,44.03,13.37,0.55,12.691,2.878,0.0,0.481,0.548,0.0,7.036,1,1779002501
AVAXUSDT,crypto,1766880000,37.83,13.27,0.473,12.635,-0.441,0.0,0.589,0.516,0.0,9.26,1,1779002501
AVAXUSDT,crypto,1766966400,36.34,11.97,0.454,12.364,-2.145,0.0,1.233,0.29,0.0,13.046,1,1779002501
AVAXUSDT,crypto,1767052800,33.84,4.29,0.423,12.575,1.707,0.0,0.729,0.032,0.0,13.217,1,1779002501
AVAXUSDT,crypto,1767139200,26.33,4.35,0.329,12.309,-2.115,0.0,0.741,0.032,0.0,17.361,1,1779002501
AVAXUSDT,crypto,1767225600,51.04,7.41,0.638,13.584,10.358,0.0,1.225,0.065,0.0,7.42,1,1779002501
AVAXUSDT,crypto,1767312000,42.74,9.78,0.534,13.805,1.627,0.0,1.441,0.129,0.0,2.231,0,1779002501
AVAXUSDT,crypto,1767398400,44.84,14.76,0.56,13.977,1.246,0.0,1.017,0.484,0.0,-0.701,0,1779002501
AVAXUSDT,crypto,1767484800,46.93,16.48,0.587,14.237,1.86,0.0,0.845,0.613,0.0,-3.196,-1,1779002501
AVAXUSDT,crypto,1767571200,55.26,23.3,0.691,14.446,1.468,0.0,1.305,0.839,0.0,-4.963,-1,1779002501
AVAXUSDT,crypto,1767657600,57.34,26.41,0.717,14.592,1.011,0.0,1.282,1.0,0.0,-6.188,-1,1779002501
AVAXUSDT,crypto,1767744000,43.31,22.72,0.541,14.113,-3.283,0.0,0.931,0.903,0.0,-4.294,-1,1779002501
AVAXUSDT,crypto,1767830400,46.27,22.58,0.578,13.879,-1.658,0.0,0.902,0.903,0.0,6.326,1,1779002501
AVAXUSDT,crypto,1767916800,45.96,20.49,0.574,13.782,-0.699,0.0,0.872,0.806,0.0,5.964,1,1779002501
AVAXUSDT,crypto,1768003200,40.13,16.62,0.502,13.729,-0.385,0.0,0.356,0.742,0.0,0.648,0,1779002501
AVAXUSDT,crypto,1768089600,39.58,14.96,0.495,13.689,-0.291,0.0,0.54,0.613,0.0,-0.833,0,1779002501
AVAXUSDT,crypto,1768176000,39.81,14.5,0.498,13.507,-1.33,0.0,1.094,0.452,0.0,1.688,0,1779002501
AVAXUSDT,crypto,1768262400,58.43,14.66,0.73,14.757,9.254,0.0,1.254,0.419,0.0,-12.076,-1,1779002501
AVAXUSDT,crypto,1768348800,36.55,11.29,0.457,14.604,-1.037,0.0,0.967,0.323,0.0,-12.846,-1,1779002501
AVAXUSDT,crypto,1768435200,25.55,9.17,0.319,13.818,-5.382,0.0,0.93,0.226,0.0,-12.527,-1,1779002501
AVAXUSDT,crypto,1768521600,31.79,8.66,0.397,13.575,-1.759,0.0,0.829,0.226,0.0,-8.611,-1,1779002501
AVAXUSDT,crypto,1768608000,33.38,6.2,0.417,13.735,1.179,0.0,0.465,0.194,0.0,-11.263,-1,1779002501
AVAXUSDT,crypto,1768694400,21.24,6.52,0.266,12.975,-5.533,0.0,0.658,0.161,0.0,-6.59,-1,1779002501
AVAXUSDT,crypto,1768780800,32.53,8.53,0.407,12.728,-1.904,0.0,1.061,0.161,0.0,-5.413,-1,1779002501
AVAXUSDT,crypto,1768867200,27.63,9.86,0.345,12.087,-5.036,0.0,1.069,0.226,0.0,-4.939,-1,1779002501
AVAXUSDT,crypto,1768953600,46.58,12.95,0.582,12.406,2.639,0.0,1.171,0.355,0.0,-5.586,-1,1779002501
AVAXUSDT,crypto,1769040000,34.49,12.27,0.431,12.188,-1.757,0.0,0.648,0.452,0.0,-0.492,0,1779002501
AVAXUSDT,crypto,1769126400,43.79,17.98,0.547,12.12,-0.558,0.0,0.886,0.677,0.0,-0.429,0,1779002501
AVAXUSDT,crypto,1769212800,41.38,18.5,0.517,12.039,-0.668,0.0,0.344,0.839,0.0,-8.348,-1,1779002501
AVAXUSDT,crypto,1769299200,44.85,25.73,0.561,11.49,-4.56,0.0,1.147,1.0,0.0,-5.379,-1,1779002501
AVAXUSDT,crypto,1769385600,55.89,24.75,0.699,11.713,1.941,0.0,0.95,1.0,0.0,-13.651,-1,1779002501
AVAXUSDT,crypto,1769472000,60.26,25.34,0.753,12.128,3.543,0.0,1.068,1.0,0.0,-18.297,-1,1779002501
AVAXUSDT,crypto,1769558400,50.49,24.49,0.631,12.068,-0.495,0.0,0.898,1.0,0.0,-15.976,-1,1779002501
AVAXUSDT,crypto,1769644800,47.5,30.0,0.594,11.034,-8.568,0.0,2.038,1.0,0.0,-10.069,-1,1779002501
AVAXUSDT,crypto,1769731200,58.27,29.35,0.728,10.872,-1.468,0.0,1.871,1.0,0.0,-10.679,-1,1779002501
AVAXUSDT,crypto,1769817600,48.56,30.0,0.607,10.114,-6.972,0.0,2.586,1.0,0.0,-17.886,-1,1779002501
AVAXUSDT,crypto,1769904000,52.36,26.95,0.654,9.909,-2.027,0.0,1.391,1.0,0.0,-6.469,-1,1779002501
AVAXUSDT,crypto,1769990400,62.04,27.12,0.776,10.14,2.331,0.0,1.553,0.968,0.0,-9.083,-1,1779002501
AVAXUSDT,crypto,1770076800,52.71,26.6,0.659,9.923,-2.14,0.0,1.578,0.935,0.0,-8.556,-1,1779002501
AVAXUSDT,crypto,1770163200,51.22,25.85,0.64,9.711,-2.136,0.0,1.428,0.935,0.0,-6.848,-1,1779002501
AVAXUSDT,crypto,1770249600,47.5,30.0,0.594,8.305,-14.478,0.0,3.101,1.0,0.0,5.286,1,1779002501
AVAXUSDT,crypto,1770336000,76.85,29.35,0.961,9.268,11.595,0.0,2.399,0.968,0.0,-6.895,-1,1779002501
AVAXUSDT,crypto,1770422400,51.7,25.13,0.646,9.219,-0.529,0.0,1.025,1.0,0.0,-3.439,-1,1779002501
AVAXUSDT,crypto,1770508800,45.08,22.86,0.564,9.074,-1.573,0.0,0.573,1.0,0.0,0.716,0,1779002501
AVAXUSDT,crypto,1770595200,49.35,23.73,0.617,9.046,-0.309,0.0,0.747,1.0,0.0,6.014,1,1779002501
AVAXUSDT,crypto,1770681600,42.54,23.36,0.532,8.744,-3.338,0.0,0.672,1.0,0.0,6.107,1,1779002501
AVAXUSDT,crypto,1770768000,49.73,24.93,0.622,8.629,-1.315,0.0,0.986,1.0,0.0,7.255,1,1779002501
AVAXUSDT,crypto,1770854400,56.38,23.13,0.705,8.902,3.164,0.0,0.885,0.935,0.0,2.629,0,1779002501
AVAXUSDT,crypto,1770940800,52.64,20.79,0.658,9.139,2.662,0.0,0.804,0.839,0.0,-3.14,-1,1779002501
AVAXUSDT,crypto,1771027200,52.21,17.02,0.653,9.59,4.935,0.0,0.565,0.71,0.0,-7.237,-1,1779002501
AVAXUSDT,crypto,1771113600,37.48,17.52,0.469,9.278,-3.253,0.0,0.794,0.677,0.0,-1.218,0,1779002501
AVAXUSDT,crypto,1771200000,38.85,13.26,0.486,9.255,-0.248,0.0,0.717,0.484,0.0,-1.567,0,1779002501
AVAXUSDT,crypto,1771286400,32.24,9.06,0.403,9.136,-1.286,0.0,0.651,0.29,0.0,-2.868,0,1779002501
AVAXUSDT,crypto,1771372800,27.14,7.37,0.339,8.852,-3.109,0.0,0.699,0.194,0.0,-5.569,-1,1779002501
AVAXUSDT,crypto,1771459200,31.96,5.2,0.399,8.896,0.497,0.0,0.653,0.097,0.0,-6.936,-1,1779002501
AVAXUSDT,crypto,1771545600,39.15,5.62,0.489,9.165,3.024,0.0,0.996,0.032,0.0,3.819,1,1779002501
AVAXUSDT,crypto,1771632000,27.64,3.49,0.346,9.11,-0.6,0.0,0.57,0.032,0.0,2.108,0,1779002501
AVAXUSDT,crypto,1771718400,23.74,3.53,0.297,8.874,-2.591,0.0,0.577,0.032,0.0,0.8,0,1779002501
AVAXUSDT,crypto,1771804800,24.23,6.99,0.303,8.359,-5.803,0.0,1.269,0.032,0.0,9.606,1,1779002501
AVAXUSDT,crypto,1771891200,29.68,5.19,0.371,8.279,-0.957,0.0,0.781,0.065,0.0,9.059,1,1779002501
AVAXUSDT,crypto,1771977600,56.65,9.9,0.708,9.515,14.929,0.0,1.85,0.032,0.0,-3.615,-1,1779002501
AVAXUSDT,crypto,1772064000,30.9,7.08,0.386,9.302,-2.239,0.0,1.159,0.065,0.0,-1.365,0,1779002501
AVAXUSDT,crypto,1772150400,25.15,5.49,0.314,8.945,-3.838,0.0,0.968,0.032,0.0,6.16,1,1779002501
AVAXUSDT,crypto,1772236800,42.34,8.46,0.529,9.162,2.426,0.0,1.305,0.097,0.0,2.325,0,1779002501
AVAXUSDT,crypto,1772323200,32.36,7.35,0.404,9.029,-1.452,0.0,1.082,0.097,0.0,-0.188,0,1779002501
AVAXUSDT,crypto,1772409600,38.01,6.51,0.475,9.171,1.573,0.0,1.172,0.032,0.0,-2.933,0,1779002501
AVAXUSDT,crypto,1772496000,33.04,5.55,0.413,9.175,0.044,0.0,0.98,0.032,0.0,-3.989,-1,1779002501
AVAXUSDT,crypto,1772582400,43.37,7.58,0.542,9.496,3.499,0.0,1.258,0.065,0.0,-2.485,0,1779002501
AVAXUSDT,crypto,1772668800,30.91,6.77,0.386,9.375,-1.274,0.0,0.838,0.129,0.0,1.632,0,1779002501
AVAXUSDT,crypto,1772755200,25.08,5.48,0.314,9.012,-3.872,0.0,0.968,0.032,0.0,5.937,1,1779002501
AVAXUSDT,crypto,1772841600,24.54,2.56,0.307,8.902,-1.221,0.0,0.383,0.032,0.0,8.661,1,1779002501
AVAXUSDT,crypto,1772928000,29.8,5.66,0.373,8.809,-1.045,0.0,0.745,0.097,0.0,10.285,1,1779002501
AVAXUSDT,crypto,1773014400,49.67,10.08,0.621,9.26,5.12,0.0,1.37,0.161,0.0,5.011,1,1779002501
AVAXUSDT,crypto,1773100800,46.56,11.72,0.582,9.528,2.894,0.0,1.311,0.258,0.0,4.377,1,1779002501
AVAXUSDT,crypto,1773187200,40.52,13.79,0.507,9.547,0.199,5.7e-05,0.823,0.484,0.0,9.794,1,1779002501
AVAXUSDT,crypto,1773273600,44.85,15.87,0.561,9.673,1.32,-4.8e-05,0.722,0.613,0.0,5.334,1,1779002501
AVAXUSDT,crypto,1773360000,48.03,18.93,0.6,9.715,0.434,6e-05,1.206,0.645,0.0,-0.381,0,1779002501
AVAXUSDT,crypto,1773446400,41.67,15.84,0.521,9.724,0.093,-0.00017,0.459,0.677,0.0,-2.653,0,1779002501
AVAXUSDT,crypto,1773532800,45.77,16.06,0.572,9.945,2.273,0.0001,0.632,0.645,0.0,-3.791,-1,1779002501
AVAXUSDT,crypto,1773619200,59.4,20.0,0.743,10.482,5.4,6.9e-05,1.29,0.677,0.0,-12.154,-1,1779002501
AVAXUSDT,crypto,1773705600,40.36,19.29,0.505,10.189,-2.795,-7.4e-05,0.76,0.774,0.0,-11.483,-1,1779002501
AVAXUSDT,crypto,1773792000,40.72,22.05,0.509,9.678,-5.015,-0.000185,1.056,0.839,0.0,-1.209,0,1779002501
AVAXUSDT,crypto,1773878400,40.47,19.01,0.506,9.466,-2.191,3.6e-05,0.705,0.774,0.0,1.627,0,1779002501
AVAXUSDT,crypto,1773964800,45.6,18.39,0.57,9.568,1.078,7.2e-05,0.582,0.774,0.0,1.129,0,1779002501
AVAXUSDT,crypto,1774051200,33.88,17.12,0.423,9.208,-3.763,0.0001,0.456,0.742,0.0,-1.227,0,1779002501
AVAXUSDT,crypto,1774137600,43.65,20.08,0.546,9.019,-2.053,-0.000247,0.789,0.806,0.0,-2.595,0,1779002501
AVAXUSDT,crypto,1774224000,64.44,22.95,0.806,9.561,6.01,0.0001,1.494,0.774,0.0,-8.461,-1,1779002501
AVAXUSDT,crypto,1774310400,48.06,20.35,0.601,9.62,0.617,5e-05,0.844,0.806,0.0,-10.665,-1,1779002501
AVAXUSDT,crypto,1774396800,44.34,18.01,0.554,9.676,0.582,0.0001,0.634,0.742,0.0,-8.991,-1,1779002501
AVAXUSDT,crypto,1774483200,33.23,18.07,0.415,9.095,-6.005,-3.1e-05,0.904,0.677,0.0,-2.067,0,1779002501
AVAXUSDT,crypto,1774569600,41.12,20.53,0.514,8.785,-3.408,-9.9e-05,0.881,0.806,0.0,3.847,1,1779002501
AVAXUSDT,crypto,1774656000,44.35,20.42,0.554,8.752,-0.376,3.5e-05,0.471,0.903,0.0,-0.069,0,1779002501
AVAXUSDT,crypto,1774742400,45.13,23.06,0.564,8.594,-1.805,-2.5e-05,0.611,1.0,0.0,3.677,1,1779002501
AVAXUSDT,crypto,1774828800,56.68,24.87,0.709,8.806,2.467,0.0001,0.975,1.0,0.0,2.033,0,1779002501
AVAXUSDT,crypto,1774915200,54.45,24.96,0.681,8.907,1.147,5.2e-05,0.991,1.0,0.0,1.774,0,1779002501
AVAXUSDT,crypto,1775001600,59.12,26.01,0.739,9.123,2.425,5.2e-05,1.203,1.0,0.0,-2.532,0,1779002501
AVAXUSDT,crypto,1775088000,46.97,26.18,0.587,8.746,-4.132,-7.6e-05,1.236,1.0,0.0,7.798,1,1779002501
AVAXUSDT,crypto,1775174400,53.99,24.12,0.675,8.91,1.875,0.0001,0.824,1.0,0.0,1.56,0,1779002501
AVAXUSDT,crypto,1775260800,49.05,21.73,0.613,8.985,0.842,-2.1e-05,0.605,0.935,0.0,4.185,1,1779002501
AVAXUSDT,crypto,1775347200,46.46,18.0,0.581,9.065,0.89,-7.5e-05,0.761,0.71,0.0,3.585,1,1779002501
AVAXUSDT,crypto,1775433600,42.05,13.87,0.526,8.892,-1.908,0.0001,2.068,0.194,0.0,5.387,1,1779002501
AVAXUSDT,crypto,1775520000,58.16,11.94,0.727,9.428,6.028,-0.000333,2.614,0.097,0.0,-4.275,-1,1779002501
AVAXUSDT,crypto,1775606400,29.56,8.44,0.369,9.049,-4.02,0.0001,1.431,0.065,0.0,6.741,1,1779002501
AVAXUSDT,crypto,1775692800,42.96,7.35,0.537,9.361,3.448,0.0001,1.341,0.032,0.0,-0.694,0,1779002501
AVAXUSDT,crypto,1775779200,33.91,6.21,0.424,9.39,0.31,6.8e-05,0.984,0.065,0.0,0.426,0,1779002501
AVAXUSDT,crypto,1775865600,32.23,5.88,0.403,9.371,-0.202,-6.4e-05,0.788,0.097,0.0,3.756,1,1779002501
AVAXUSDT,crypto,1775952000,25.46,5.45,0.318,9.025,-3.692,-2e-05,0.96,0.032,0.0,7.645,1,1779002501
AVAXUSDT,crypto,1776038400,51.52,8.37,0.644,9.659,7.025,9.7e-05,1.416,0.065,0.0,-3.427,-1,1779002501
AVAXUSDT,crypto,1776124800,27.09,6.32,0.339,9.296,-3.758,-2.1e-05,1.135,0.032,0.0,-3.195,-1,1779002501
AVAXUSDT,crypto,1776211200,34.79,5.6,0.435,9.43,1.441,0.0001,0.862,0.065,0.0,-1.707,0,1779002501
AVAXUSDT,crypto,1776297600,47.91,11.64,0.599,9.723,3.107,4.1e-05,1.553,0.194,0.0,-3.445,-1,1779002501
AVAXUSDT,crypto,1776384000,39.84,12.23,0.498,9.715,-0.082,0.0001,1.156,0.323,0.0,-3.963,-1,1779002501
AVAXUSDT,crypto,1776470400,24.86,5.77,0.311,9.328,-3.984,-0.000145,0.767,0.097,0.0,0.515,0,1779002501
AVAXUSDT,crypto,1776556800,25.56,5.54,0.319,8.999,-3.527,-6.6e-05,0.849,0.065,-0.038075,4.412,1,1779002501
AVAXUSDT,crypto,1776643200,37.11,4.72,0.464,9.269,3.0,3.8e-05,0.816,0.032,-0.039767,0.96,0,1779002501
AVAXUSDT,crypto,1776729600,34.53,5.63,0.432,9.388,1.284,0.0001,0.867,0.065,-0.006868,0.66,0,1779002501
AVAXUSDT,crypto,1776816000,28.82,4.27,0.36,9.33,-0.618,6.9e-05,0.725,0.032,-0.014258,-0.729,0,1779002501
AVAXUSDT,crypto,1776902400,31.97,4.62,0.4,9.376,0.493,2.5e-05,0.796,0.032,0.006802,-2.186,0,1779002501
AVAXUSDT,crypto,1776988800,28.56,3.39,0.357,9.396,0.213,0.0001,0.549,0.032,-0.004038,-2.948,0,1779002501
AVAXUSDT,crypto,1777075200,26.21,2.76,0.328,9.358,-0.404,7.2e-05,0.423,0.032,0.014326,-2.864,0,1779002501
AVAXUSDT,crypto,1777161600,30.48,3.58,0.381,9.45,0.983,0.0001,0.587,0.032,-0.00399,-3.894,-1,1779002501
AVAXUSDT,crypto,1777248000,28.95,5.4,0.362,9.262,-1.989,-0.000183,0.822,0.065,0.032924,-0.864,0,1779002501
AVAXUSDT,crypto,1777334400,27.58,3.94,0.345,9.171,-0.983,3.9e-05,0.66,0.032,0.019496,-1.003,0,1779002501
AVAXUSDT,crypto,1777420800,35.37,7.89,0.442,9.119,-0.567,-3.3e-05,1.19,0.097,0.013037,0.537,0,1779002501
AVAXUSDT,crypto,1777507200,32.12,6.7,0.402,9.09,-0.318,-1.7e-05,0.694,0.161,-0.053554,3.399,1,1779002501
AVAXUSDT,crypto,1777593600,32.71,7.38,0.409,9.082,-0.088,0.0001,0.702,0.194,-0.004137,5.803,1,1779002501
AVAXUSDT,crypto,1777680000,33.42,5.98,0.418,9.182,1.101,1e-06,0.55,0.161,-0.016939,3.442,1,1779002501
AVAXUSDT,crypto,1777766400,30.97,6.69,0.387,9.079,-1.122,1.8e-05,0.823,0.129,0.00347,9.076,1,1779002501
AVAXUSDT,crypto,1777852800,45.3,12.41,0.566,9.168,0.98,2.3e-05,1.708,0.194,-0.006704,8.606,1,1779002501
AVAXUSDT,crypto,1777939200,41.04,8.93,0.513,9.399,2.52,0.0001,1.013,0.194,-0.024063,8.756,1,1779002501
AVAXUSDT,crypto,1778025600,38.88,6.45,0.486,9.609,2.234,6.9e-05,1.162,0.032,0.042776,5.401,1,1779002501
AVAXUSDT,crypto,1778112000,31.57,5.93,0.395,9.498,-1.155,-3.4e-05,1.056,0.032,0.007859,3.495,1,1779002501
AVAXUSDT,crypto,1778198400,50.0,13.93,0.625,9.903,4.264,0.0001,1.109,0.419,-0.038797,-1.545,0,1779002501
AVAXUSDT,crypto,1778284800,42.02,14.77,0.525,9.957,0.545,3e-05,0.761,0.548,0.058908,-0.562,0,1779002501
AVAXUSDT,crypto,1778371200,58.36,23.45,0.729,10.222,2.661,4.8e-05,1.465,0.806,0.003762,-6.75,-1,1779002501
AVAXUSDT,crypto,1778457600,51.93,25.72,0.649,10.128,-0.92,3.2e-05,1.144,1.0,0.015191,-8.323,-1,1779002501
AVAXUSDT,crypto,1778544000,49.07,26.17,0.613,9.83,-2.942,-2.3e-05,1.234,1.0,-0.01554,-5.32,-1,1779002501
RIVERUSDT,crypto,1762387200,50.46,11.48,0.631,7.917,8.467,0.0,0.296,0.5,0.0,-8.198,-1,1779002502
RIVERUSDT,crypto,1762473600,15.99,7.58,0.2,7.28,-8.046,0.0,0.182,0.333,0.0,-0.069,0,1779002502
RIVERUSDT,crypto,1762560000,14.31,5.59,0.179,6.757,-7.184,0.0,0.118,0.25,0.0,5.239,1,1779002502
RIVERUSDT,crypto,1762646400,45.76,6.23,0.572,7.257,7.4,0.0,0.446,0.2,0.0,-42.524,-1,1779002502
RIVERUSDT,crypto,1762732800,26.1,3.8,0.326,7.233,-0.331,0.0,0.093,0.167,0.0,-36.043,-1,1779002502
RIVERUSDT,crypto,1762819200,27.55,3.47,0.344,7.268,0.484,0.0,0.122,0.143,0.0,-43.891,-1,1779002502
RIVERUSDT,crypto,1762905600,27.01,3.41,0.338,7.275,0.096,0.0,0.182,0.125,0.0,-45.649,-1,1779002502
RIVERUSDT,crypto,1762992000,21.65,2.94,0.271,7.111,-2.254,0.0,0.144,0.111,0.0,-46.463,-1,1779002502
RIVERUSDT,crypto,1763078400,39.5,22.0,0.494,4.171,-41.344,0.0,2.514,0.6,0.0,-10.933,-1,1779002502
RIVERUSDT,crypto,1763164800,70.23,22.73,0.878,4.626,10.909,0.0,4.501,0.636,0.0,-26.048,-1,1779002502
RIVERUSDT,crypto,1763251200,37.89,22.7,0.474,4.078,-11.846,0.0,1.539,0.75,0.0,-15.081,-1,1779002502
RIVERUSDT,crypto,1763337600,41.3,20.9,0.516,3.954,-3.041,0.0,0.796,0.846,0.0,-12.215,-1,1779002502
RIVERUSDT,crypto,1763424000,39.95,21.73,0.499,3.807,-3.718,0.0,0.632,0.929,0.0,-4.912,-1,1779002502
RIVERUSDT,crypto,1763510400,46.74,24.54,0.584,3.715,-2.417,0.0,0.907,1.0,0.0,2.557,0,1779002502
RIVERUSDT,crypto,1763596800,32.37,22.44,0.405,3.421,-7.914,0.0,0.487,1.0,0.0,6.022,1,1779002502
RIVERUSDT,crypto,1763683200,50.24,22.64,0.628,3.463,1.228,0.0,0.528,1.0,0.0,11.175,1,1779002502
RIVERUSDT,crypto,1763769600,47.67,22.35,0.596,3.471,0.231,0.0,0.47,1.0,0.0,2.795,0,1779002502
RIVERUSDT,crypto,1763856000,53.39,21.15,0.667,3.62,4.293,0.0,0.231,1.0,0.0,-0.718,0,1779002502
RIVERUSDT,crypto,1763942400,54.85,20.93,0.686,3.81,5.249,0.0,0.185,1.0,0.0,-8.609,-1,1779002502
RIVERUSDT,crypto,1764028800,34.73,20.92,0.434,3.627,-4.803,0.0,0.184,1.0,0.0,5.404,1,1779002502
RIVERUSDT,crypto,1764115200,56.63,20.46,0.708,3.85,6.148,0.0,0.274,0.955,0.0,-2.987,0,1779002502
RIVERUSDT,crypto,1764201600,27.88,19.15,0.349,3.568,-7.325,0.0,0.177,0.913,0.0,11.547,1,1779002502
RIVERUSDT,crypto,1764288000,63.12,29.17,0.789,3.594,0.729,0.0,2.753,0.958,0.0,7.679,1,1779002502
RIVERUSDT,crypto,1764374400,52.27,26.0,0.653,3.482,-3.116,0.0,2.929,0.8,0.0,31.333,1,1779002502
RIVERUSDT,crypto,1764460800,71.35,23.85,0.892,3.823,9.793,0.0,2.509,0.692,0.0,18.363,1,1779002502
RIVERUSDT,crypto,1764547200,38.7,16.33,0.484,3.735,-2.302,0.0,0.895,0.593,0.0,13.36,1,1779002502
RIVERUSDT,crypto,1764633600,54.77,13.86,0.685,3.98,6.56,0.0,1.058,0.429,0.0,5.779,1,1779002502
RIVERUSDT,crypto,1764720000,21.87,3.48,0.273,3.87,-2.764,0.0,0.283,0.103,0.0,12.481,1,1779002502
RIVERUSDT,crypto,1764806400,58.91,12.7,0.736,4.573,18.165,0.0,1.741,0.2,0.0,15.22,1,1779002502
RIVERUSDT,crypto,1764892800,42.26,12.22,0.528,4.525,-1.05,0.0,1.928,0.129,0.0,38.343,1,1779002502
RIVERUSDT,crypto,1764979200,16.39,4.99,0.205,4.234,-6.431,0.0,0.352,0.161,0.0,53.566,1,1779002502
RIVERUSDT,crypto,1765065600,30.43,7.44,0.38,4.21,-0.567,0.0,0.326,0.29,0.0,65.439,1,1779002502
RIVERUSDT,crypto,1765152000,38.85,8.0,0.486,4.353,3.397,0.0,0.31,0.323,0.0,93.614,1,1779002502
RIVERUSDT,crypto,1765238400,65.89,18.39,0.824,5.269,21.043,0.0,2.434,0.419,0.0,11.577,1,1779002502
RIVERUSDT,crypto,1765324800,66.53,19.03,0.832,6.26,18.808,0.0,2.698,0.452,0.0,-27.891,-1,1779002502
RIVERUSDT,crypto,1765411200,50.85,15.79,0.636,6.502,3.866,0.0,0.965,0.548,0.0,-52.753,-1,1779002502
RIVERUSDT,crypto,1765497600,68.35,21.61,0.854,6.965,7.121,0.0,2.313,0.581,0.0,-60.115,-1,1779002502
RIVERUSDT,crypto,1765584000,59.54,17.79,0.744,8.428,21.005,0.0,0.849,0.677,0.0,-59.326,-1,1779002502
RIVERUSDT,crypto,1765670400,39.6,22.5,0.495,5.879,-30.244,0.0,1.92,0.645,0.0,-36.877,-1,1779002502
RIVERUSDT,crypto,1765756800,35.27,20.01,0.441,4.514,-23.218,0.0,1.551,0.613,0.0,-8.44,-1,1779002502
RIVERUSDT,crypto,1765843200,40.4,22.9,0.505,3.072,-31.945,0.0,2.052,0.645,0.0,46.973,1,1779002502
RIVERUSDT,crypto,1765929600,42.34,24.84,0.529,2.778,-9.57,0.0,10.638,0.742,0.0,98.812,1,1779002502
RIVERUSDT,crypto,1766016000,72.34,24.84,0.904,3.428,23.398,0.0,5.449,0.742,0.0,40.344,1,1779002502
RIVERUSDT,crypto,1766102400,71.05,23.55,0.888,3.711,8.256,0.0,2.001,0.677,0.0,-7.33,-1,1779002502
RIVERUSDT,crypto,1766188800,63.52,19.14,0.794,4.133,11.372,0.0,1.376,0.613,0.0,-11.59,-1,1779002502
RIVERUSDT,crypto,1766275200,55.43,14.45,0.693,4.515,9.243,0.0,0.696,0.548,0.0,-14.352,-1,1779002502
RIVERUSDT,crypto,1766361600,65.78,18.98,0.822,5.523,22.326,0.0,1.86,0.484,0.0,-26.0,-1,1779002502
RIVERUSDT,crypto,1766448000,24.72,13.13,0.309,4.811,-12.892,0.0,0.819,0.452,0.0,-6.153,-1,1779002502
RIVERUSDT,crypto,1766534400,30.56,17.66,0.382,3.439,-28.518,0.0,1.081,0.613,0.0,44.955,1,1779002502
RIVERUSDT,crypto,1766620800,61.6,20.39,0.77,3.654,6.252,0.0,1.24,0.71,0.0,33.99,1,1779002502
RIVERUSDT,crypto,1766707200,62.5,22.23,0.781,3.867,5.829,0.0,1.221,0.806,0.0,182.803,1,1779002502
RIVERUSDT,crypto,1766793600,53.89,18.72,0.674,4.087,5.689,0.0,0.259,0.871,0.0,245.853,1,1779002502
RIVERUSDT,crypto,1766880000,62.3,21.11,0.779,4.515,10.472,0.0,0.738,0.871,0.0,268.638,1,1779002502
RIVERUSDT,crypto,1766966400,64.39,22.48,0.805,4.985,10.41,0.0,0.883,0.903,0.0,146.038,1,1779002502
RIVERUSDT,crypto,1767052800,42.89,18.75,0.536,4.896,-1.785,0.0,1.041,0.677,0.0,149.857,1,1779002502
RIVERUSDT,crypto,1767139200,77.5,30.0,0.969,10.936,123.366,0.0,4.787,1.0,0.0,47.687,1,1779002502
RIVERUSDT,crypto,1767225600,77.5,30.0,0.969,14.135,29.252,0.0,4.331,1.0,0.0,31.977,1,1779002502
RIVERUSDT,crypto,1767312000,77.5,30.0,0.969,16.644,17.75,0.0,3.036,1.0,0.0,2.235,0,1779002502
RIVERUSDT,crypto,1767398400,42.24,27.37,0.528,12.265,-26.31,0.0,1.474,1.0,0.0,21.728,1,1779002502
RIVERUSDT,crypto,1767484800,55.26,26.32,0.691,12.233,-0.261,0.0,1.392,0.968,0.0,-2.232,0,1779002502
RIVERUSDT,crypto,1767571200,76.85,29.35,0.961,16.151,32.028,0.0,2.27,0.968,0.0,-14.587,-1,1779002502
RIVERUSDT,crypto,1767657600,73.49,27.67,0.919,18.655,15.504,0.0,1.664,0.968,0.0,-10.083,-1,1779002502
RIVERUSDT,crypto,1767744000,32.46,20.87,0.406,17.016,-8.786,0.0,0.818,0.839,0.0,22.244,1,1779002502
RIVERUSDT,crypto,1767830400,27.61,18.12,0.345,14.93,-12.259,0.0,0.398,0.806,0.0,43.603,1,1779002502
RIVERUSDT,crypto,1767916800,30.21,19.1,0.378,11.96,-19.893,0.0,0.723,0.774,0.0,75.635,1,1779002502
RIVERUSDT,crypto,1768003200,57.88,17.61,0.723,13.795,15.343,0.0,0.554,0.742,0.0,78.753,1,1779002502
RIVERUSDT,crypto,1768089600,56.82,16.43,0.71,16.774,21.595,0.0,0.577,0.677,0.0,39.299,1,1779002502
RIVERUSDT,crypto,1768176000,56.92,16.16,0.711,20.801,24.007,0.0,0.652,0.645,0.0,-6.654,-1,1779002502
RIVERUSDT,crypto,1768262400,47.57,15.59,0.595,21.44,3.072,0.0,0.667,0.613,0.0,26.656,1,1779002502
RIVERUSDT,crypto,1768348800,40.57,16.86,0.507,21.006,-2.024,0.0,1.05,0.581,0.0,41.598,1,1779002502
RIVERUSDT,crypto,1768435200,55.8,14.63,0.697,24.659,17.39,0.0,0.733,0.548,0.0,44.15,1,1779002502
RIVERUSDT,crypto,1768521600,32.77,15.22,0.41,23.366,-5.244,0.0,1.108,0.484,0.0,86.202,1,1779002502
RIVERUSDT,crypto,1768608000,23.78,12.66,0.297,19.417,-16.901,0.0,0.725,0.452,0.0,195.004,1,1779002502
RIVERUSDT,crypto,1768694400,52.05,11.47,0.651,27.155,39.852,0.0,0.616,0.419,0.0,41.933,1,1779002502
RIVERUSDT,crypto,1768780800,44.5,4.47,0.556,29.744,9.534,0.0,0.506,0.097,0.0,104.404,1,1779002502
RIVERUSDT,crypto,1768867200,50.07,10.48,0.626,35.546,19.506,0.0,0.418,0.419,0.0,96.334,1,1779002502
RIVERUSDT,crypto,1768953600,52.89,12.53,0.661,43.508,22.399,0.0,0.571,0.484,0.0,78.655,1,1779002502
RIVERUSDT,crypto,1769040000,58.92,16.84,0.736,57.281,31.656,0.0,0.916,0.613,0.0,10.195,1,1779002502
RIVERUSDT,crypto,1769126400,27.22,15.34,0.34,38.542,-32.714,0.0,0.875,0.548,0.0,29.843,1,1779002502
RIVERUSDT,crypto,1769212800,54.57,14.99,0.682,60.798,57.745,0.0,0.417,0.645,0.0,-27.878,-1,1779002502
RIVERUSDT,crypto,1769299200,56.59,16.96,0.707,69.789,14.788,0.0,0.425,0.742,0.0,-48.558,-1,1779002502
RIVERUSDT,crypto,1769385600,58.41,18.2,0.73,77.729,11.377,0.0,0.542,0.774,0.0,-66.543,-1,1779002502
RIVERUSDT,crypto,1769472000,30.0,18.67,0.375,63.121,-18.794,0.0,0.766,0.742,0.0,-75.176,-1,1779002502
RIVERUSDT,crypto,1769558400,27.23,16.32,0.34,50.044,-20.717,0.0,0.683,0.645,0.0,-64.551,-1,1779002502
RIVERUSDT,crypto,1769644800,21.56,11.55,0.27,43.849,-12.379,0.0,0.503,0.452,0.0,-71.053,-1,1779002502
RIVERUSDT,crypto,1769731200,18.54,8.74,0.232,35.901,-18.126,0.0,0.458,0.323,0.0,-60.959,-1,1779002502
RIVERUSDT,crypto,1769817600,18.49,8.4,0.231,26.006,-27.562,0.0,0.518,0.29,0.0,-50.969,-1,1779002502
RIVERUSDT,crypto,1769904000,33.95,16.45,0.424,15.669,-39.749,0.0,2.854,0.323,0.0,-14.257,-1,1779002502
RIVERUSDT,crypto,1769990400,65.24,17.74,0.816,17.74,13.217,0.0,2.181,0.387,0.0,-27.728,-1,1779002502
RIVERUSDT,crypto,1770076800,33.6,17.89,0.42,12.693,-28.45,0.0,1.642,0.484,0.0,-1.284,0,1779002502
RIVERUSDT,crypto,1770163200,65.56,20.16,0.819,14.016,10.423,0.0,1.58,0.613,0.0,-6.029,-1,1779002502
RIVERUSDT,crypto,1770249600,29.45,18.07,0.368,12.751,-9.025,0.0,0.776,0.71,0.0,34.687,1,1779002502
RIVERUSDT,crypto,1770336000,58.31,20.28,0.729,13.435,5.364,0.0,0.96,0.774,0.0,16.427,1,1779002502
RIVERUSDT,crypto,1770422400,36.04,20.05,0.45,12.821,-4.57,0.0,0.526,0.871,0.0,71.991,1,1779002502
RIVERUSDT,crypto,1770508800,41.0,21.52,0.513,12.53,-2.27,0.0,0.304,1.0,0.0,45.427,1,1779002502
RIVERUSDT,crypto,1770595200,56.07,21.67,0.701,13.171,5.116,0.0,0.334,1.0,0.0,10.721,1,1779002502
RIVERUSDT,crypto,1770681600,71.87,27.18,0.898,17.174,30.393,0.0,1.437,1.0,0.0,-27.105,-1,1779002502
RIVERUSDT,crypto,1770768000,38.24,25.37,0.478,15.642,-8.92,0.0,1.074,1.0,0.0,-18.527,-1,1779002502
RIVERUSDT,crypto,1770854400,66.05,24.27,0.826,22.051,40.973,0.0,0.855,1.0,0.0,-56.292,-1,1779002502
RIVERUSDT,crypto,1770940800,34.11,23.3,0.426,18.222,-17.364,0.0,0.661,1.0,0.0,-56.152,-1,1779002502
RIVERUSDT,crypto,1771027200,39.09,25.47,0.489,14.583,-19.97,0.0,1.224,0.968,0.0,-43.324,-1,1779002502
RIVERUSDT,crypto,1771113600,30.89,20.08,0.386,12.519,-14.153,0.0,0.662,0.839,0.0,-35.818,-1,1779002502
RIVERUSDT,crypto,1771200000,42.57,14.37,0.532,12.744,1.797,0.0,0.422,0.613,0.0,-37.116,-1,1779002502
RIVERUSDT,crypto,1771286400,22.9,10.93,0.286,9.638,-24.372,0.0,0.895,0.323,0.0,-17.016,-1,1779002502
RIVERUSDT,crypto,1771372800,28.04,11.56,0.35,7.99,-17.099,0.0,1.796,0.129,0.0,10.113,1,1779002502
RIVERUSDT,crypto,1771459200,42.17,6.72,0.527,8.265,3.442,0.0,1.214,0.032,0.0,4.174,1,1779002502
RIVERUSDT,crypto,1771545600,24.33,4.02,0.304,8.035,-2.783,0.0,0.675,0.032,0.0,17.212,1,1779002502
RIVERUSDT,crypto,1771632000,27.65,3.48,0.346,8.014,-0.261,0.0,0.438,0.065,0.0,39.768,1,1779002502
RIVERUSDT,crypto,1771718400,28.01,3.92,0.35,7.998,-0.2,0.0,0.398,0.097,0.0,42.036,1,1779002502
RIVERUSDT,crypto,1771804800,46.08,5.9,0.576,8.798,10.003,0.0,0.535,0.161,0.0,45.09,1,1779002502
RIVERUSDT,crypto,1771891200,32.49,9.07,0.406,8.61,-2.137,0.0,1.039,0.194,0.0,68.595,1,1779002502
RIVERUSDT,crypto,1771977600,48.01,7.51,0.6,9.418,9.384,0.0,0.6,0.226,0.0,58.898,1,1779002502
RIVERUSDT,crypto,1772064000,54.56,11.11,0.682,11.201,18.932,0.0,1.19,0.258,0.0,63.95,1,1779002502
RIVERUSDT,crypto,1772150400,37.73,9.1,0.472,11.36,1.42,0.0,0.659,0.29,0.0,55.977,1,1779002502
RIVERUSDT,crypto,1772236800,53.06,10.68,0.663,12.765,12.368,0.0,0.976,0.29,0.0,30.732,1,1779002502
RIVERUSDT,crypto,1772323200,51.51,10.55,0.644,14.516,13.717,0.0,0.691,0.355,0.0,14.729,1,1779002502
RIVERUSDT,crypto,1772409600,39.61,7.72,0.495,14.965,3.093,0.0,0.641,0.226,0.0,5.546,1,1779002502
RIVERUSDT,crypto,1772496000,58.15,14.52,0.727,18.364,22.713,0.0,1.227,0.419,0.0,-21.918,-1,1779002502
RIVERUSDT,crypto,1772582400,29.28,8.51,0.366,17.719,-3.512,0.0,1.058,0.161,0.0,-33.117,-1,1779002502
RIVERUSDT,crypto,1772668800,22.2,6.96,0.277,16.688,-5.819,0.0,0.876,0.129,0.0,-16.635,-1,1779002502
RIVERUSDT,crypto,1772755200,37.96,9.87,0.475,16.654,-0.204,0.0,1.2,0.194,0.0,-12.55,-1,1779002502
RIVERUSDT,crypto,1772841600,31.92,12.45,0.399,15.795,-5.158,0.0,1.457,0.258,0.0,18.557,1,1779002502
RIVERUSDT,crypto,1772928000,23.63,11.29,0.295,14.339,-9.218,0.0,0.968,0.323,0.0,40.205,1,1779002502
RIVERUSDT,crypto,1773014400,21.53,8.95,0.269,11.851,-17.351,0.0,1.016,0.194,0.0,85.579,1,1779002502
RIVERUSDT,crypto,1773100800,53.32,8.88,0.666,13.912,17.391,0.0,1.388,0.097,0.0,64.484,1,1779002502
RIVERUSDT,crypto,1773187200,43.48,6.45,0.543,14.564,4.687,0.0,1.032,0.065,0.0,47.02,1,1779002502
RIVERUSDT,crypto,1773273600,50.0,6.9,0.625,18.726,28.577,0.0,1.121,0.065,0.0,20.827,1,1779002502
RIVERUSDT,crypto,1773360000,48.4,5.92,0.605,20.104,7.359,0.0,1.054,0.032,0.0,30.064,1,1779002502
RIVERUSDT,crypto,1773446400,45.88,4.51,0.573,21.993,9.396,0.0,0.773,0.032,0.0,10.562,1,1779002502
RIVERUSDT,crypto,1773532800,41.12,5.58,0.514,22.883,4.047,0.0,0.988,0.032,0.0,-3.16,-1,1779002502
RIVERUSDT,crypto,1773619200,20.84,5.92,0.261,21.412,-6.428,0.0,1.055,0.032,0.0,18.069,1,1779002502
RIVERUSDT,crypto,1773705600,42.59,4.7,0.532,22.626,5.67,0.0,0.81,0.032,0.0,29.727,1,1779002502
RIVERUSDT,crypto,1773792000,45.27,4.53,0.566,26.148,15.566,0.0,0.648,0.065,0.0,-11.075,-1,1779002502
RIVERUSDT,crypto,1773878400,14.96,3.88,0.187,24.316,-7.006,0.0,0.519,0.065,0.0,-6.403,-1,1779002502
RIVERUSDT,crypto,1773964800,19.63,6.39,0.245,22.16,-8.867,0.0,1.148,0.032,0.0,-5.943,-1,1779002502
RIVERUSDT,crypto,1774051200,47.04,5.41,0.588,25.281,14.084,0.0,0.825,0.065,0.0,-37.194,-1,1779002502
RIVERUSDT,crypto,1774137600,48.69,7.53,0.609,29.352,16.103,0.0,0.731,0.194,0.0,-56.967,-1,1779002502
RIVERUSDT,crypto,1774224000,17.64,6.68,0.221,23.252,-20.782,0.0,0.692,0.161,0.0,-40.328,-1,1779002502
RIVERUSDT,crypto,1774310400,33.98,9.47,0.425,22.759,-2.12,0.0,1.249,0.161,0.0,-38.438,-1,1779002502
RIVERUSDT,crypto,1774396800,18.45,6.77,0.231,20.843,-8.419,0.0,0.837,0.129,0.0,-21.662,-1,1779002502
RIVERUSDT,crypto,1774483200,20.6,8.49,0.258,15.878,-23.821,0.0,0.923,0.194,0.0,3.489,1,1779002502
RIVERUSDT,crypto,1774569600,28.51,14.37,0.356,12.631,-20.45,0.0,1.326,0.387,0.0,19.65,1,1779002502
RIVERUSDT,crypto,1774656000,57.16,14.02,0.715,13.875,9.849,0.0,1.128,0.419,0.0,-11.236,-1,1779002502
RIVERUSDT,crypto,1774742400,36.93,8.82,0.462,14.011,0.98,0.0,0.731,0.258,0.0,-16.08,-1,1779002502
RIVERUSDT,crypto,1774828800,48.48,6.46,0.606,16.328,16.537,0.0,0.904,0.097,0.0,-26.102,-1,1779002502
RIVERUSDT,crypto,1774915200,34.4,5.96,0.43,16.432,0.637,0.0,0.933,0.065,0.0,-31.883,-1,1779002502
RIVERUSDT,crypto,1775001600,18.37,7.7,0.23,15.113,-8.027,0.0,0.636,0.226,0.0,-15.847,-1,1779002502
RIVERUSDT,crypto,1775088000,26.51,15.31,0.331,12.316,-18.507,0.0,0.739,0.581,0.0,-6.13,-1,1779002502
RIVERUSDT,crypto,1775174400,39.97,21.01,0.5,11.758,-4.531,0.0,1.105,0.774,0.0,-6.277,-1,1779002502
RIVERUSDT,crypto,1775260800,50.2,19.62,0.628,12.066,2.619,0.0,0.569,0.839,0.0,-13.045,-1,1779002502
RIVERUSDT,crypto,1775347200,31.19,20.93,0.39,11.193,-7.235,0.0,0.445,0.935,0.0,-24.998,-1,1779002502
RIVERUSDT,crypto,1775433600,66.03,24.27,0.825,12.718,13.625,0.0,0.853,1.0,0.0,-28.904,-1,1779002502
RIVERUSDT,crypto,1775520000,35.19,23.84,0.44,11.561,-9.097,0.0,0.769,1.0,0.0,-25.871,-1,1779002502
RIVERUSDT,crypto,1775606400,43.94,25.4,0.549,11.02,-4.68,0.0,1.08,1.0,0.0,-25.871,-1,1779002502
RIVERUSDT,crypto,1775692800,37.27,22.18,0.466,10.492,-4.791,0.0,0.436,1.0,0.0,-10.875,-1,1779002502
RIVERUSDT,crypto,1775779200,37.25,24.87,0.466,8.395,-19.987,0.0,0.975,1.0,0.0,-11.364,-1,1779002502
RIVERUSDT,crypto,1775865600,61.58,20.1,0.77,9.042,7.707,0.0,0.795,0.806,0.0,-13.747,-1,1779002502
RIVERUSDT,crypto,1775952000,31.05,16.92,0.388,8.57,-5.22,0.0,0.415,0.742,0.0,-10.852,-1,1779002502
RIVERUSDT,crypto,1776038400,34.23,16.67,0.428,8.169,-4.679,0.0,0.883,0.613,0.0,-22.475,-1,1779002502
RIVERUSDT,crypto,1776124800,47.76,5.9,0.597,9.351,14.469,5e-05,0.922,0.065,0.0,-38.37,-1,1779002502
RIVERUSDT,crypto,1776211200,24.54,12.34,0.307,7.441,-20.426,0.000239,1.179,0.323,0.0,-28.719,-1,1779002502
RIVERUSDT,crypto,1776297600,48.53,16.04,0.607,7.799,4.811,0.000682,0.756,0.613,0.0,-26.452,-1,1779002502
RIVERUSDT,crypto,1776384000,33.14,15.67,0.414,7.64,-2.039,0.000617,0.425,0.677,0.0,-13.547,-1,1779002502
RIVERUSDT,crypto,1776470400,28.23,18.04,0.353,6.333,-17.107,0.000232,0.77,0.71,0.0,-5.748,-1,1779002502
RIVERUSDT,crypto,1776556800,30.51,18.97,0.381,5.763,-9.0,0.000146,0.955,0.71,0.00747,12.268,1,1779002502
RIVERUSDT,crypto,1776643200,33.77,19.44,0.422,5.304,-7.965,7e-05,1.437,0.613,0.060163,18.986,1,1779002502
RIVERUSDT,crypto,1776729600,61.85,18.3,0.773,5.736,8.145,0.000126,1.336,0.581,0.036524,12.849,1,1779002502
RIVERUSDT,crypto,1776816000,62.78,18.81,0.785,6.605,15.15,0.000145,1.439,0.581,-0.011923,0.727,0,1779002502
RIVERUSDT,crypto,1776902400,26.88,15.98,0.336,5.969,-9.629,0.000192,0.873,0.581,-0.014887,3.686,1,1779002502
RIVERUSDT,crypto,1776988800,60.78,18.22,0.76,6.47,8.393,0.000436,1.45,0.548,-0.029211,2.349,0,1779002502
RIVERUSDT,crypto,1777075200,32.08,12.82,0.401,6.311,-2.457,0.000164,0.499,0.516,0.02021,-0.317,0,1779002502
RIVERUSDT,crypto,1777161600,34.9,6.92,0.436,6.473,2.567,0.000413,0.482,0.226,-0.043189,0.433,0,1779002502
RIVERUSDT,crypto,1777248000,32.06,3.34,0.401,6.653,2.781,0.000408,0.539,0.032,-0.021017,0.932,0,1779002502
RIVERUSDT,crypto,1777334400,12.59,2.47,0.157,6.189,-6.974,5e-05,0.364,0.032,-0.003879,3.635,1,1779002502
RIVERUSDT,crypto,1777420800,43.41,3.91,0.543,6.622,6.996,5e-05,0.652,0.032,0.014263,-5.195,-1,1779002502
RIVERUSDT,crypto,1777507200,31.08,9.74,0.389,6.291,-4.998,5e-05,1.818,0.032,-0.023041,-4.657,-1,1779002502
RIVERUSDT,crypto,1777593600,33.28,3.07,0.416,6.501,3.338,0.000276,0.484,0.032,0.017753,-5.461,-1,1779002502
RIVERUSDT,crypto,1777680000,28.89,2.1,0.361,6.715,3.292,0.000749,0.291,0.032,-0.029433,-8.637,-1,1779002502
RIVERUSDT,crypto,1777766400,16.13,1.74,0.202,6.414,-4.483,5e-05,0.22,0.032,-0.030962,0.982,0,1779002502
RIVERUSDT,crypto,1777852800,22.0,2.4,0.275,6.278,-2.12,8.2e-05,0.35,0.032,0.018669,3.011,1,1779002502
RIVERUSDT,crypto,1777939200,16.89,2.22,0.211,5.998,-4.46,9.7e-05,0.315,0.032,0.046795,4.151,1,1779002502
RIVERUSDT,crypto,1778025600,31.19,3.04,0.39,6.146,2.467,0.000335,0.478,0.032,-0.006562,1.595,0,1779002502
RIVERUSDT,crypto,1778112000,24.57,2.21,0.307,6.135,-0.179,0.000269,0.313,0.032,-0.002503,1.092,0,1779002502
RIVERUSDT,crypto,1778198400,37.25,3.05,0.466,6.477,5.575,0.000239,0.351,0.065,-0.009262,3.628,1,1779002502
RIVERUSDT,crypto,1778284800,26.96,3.33,0.337,6.467,-0.154,0.00025,0.537,0.032,-0.02818,13.855,1,1779002502
RIVERUSDT,crypto,1778371200,18.42,2.37,0.23,6.247,-3.402,0.000275,0.346,0.032,-0.019489,17.064,1,1779002502
RIVERUSDT,crypto,1778457600,25.05,2.44,0.313,6.244,-0.048,0.000318,0.359,0.032,0.009871,19.923,1,1779002502
RIVERUSDT,crypto,1778544000,22.66,2.25,0.283,6.202,-0.673,0.000472,0.322,0.032,-0.002975,21.525,1,1779002502
1000LUNCUSDT,crypto,1762214400,50.48,29.48,0.631,0.03686,-5.487,0.0,1.895,1.0,0.0,1.248,0,1779002503
1000LUNCUSDT,crypto,1762300800,55.96,25.27,0.7,0.0374,1.465,0.0,1.053,1.0,0.0,0.989,0,1779002503
1000LUNCUSDT,crypto,1762387200,43.36,26.5,0.542,0.03513,-6.07,0.0,1.3,1.0,0.0,0.427,0,1779002503
1000LUNCUSDT,crypto,1762473600,74.37,28.44,0.93,0.03783,7.686,0.0,1.687,1.0,0.0,-9.86,-1,1779002503
1000LUNCUSDT,crypto,1762560000,52.71,25.05,0.659,0.03785,0.053,0.0,1.011,1.0,0.0,-12.972,-1,1779002503
1000LUNCUSDT,crypto,1762646400,46.78,23.54,0.585,0.03732,-1.4,0.0,0.708,1.0,0.0,-13.88,-1,1779002503
1000LUNCUSDT,crypto,1762732800,52.27,23.68,0.653,0.03777,1.206,0.0,0.736,1.0,0.0,-13.953,-1,1779002503
1000LUNCUSDT,crypto,1762819200,37.59,24.14,0.47,0.03528,-6.593,0.0,0.828,1.0,0.0,-10.374,-1,1779002503
1000LUNCUSDT,crypto,1762905600,48.24,26.22,0.603,0.0341,-3.345,0.0,1.243,1.0,0.0,-7.889,-1,1779002503
1000LUNCUSDT,crypto,1762992000,48.74,26.52,0.609,0.03294,-3.402,0.0,1.304,1.0,0.0,-1.973,0,1779002503
1000LUNCUSDT,crypto,1763078400,51.21,26.79,0.64,0.03214,-2.429,0.0,1.357,1.0,0.0,-6.161,-1,1779002503
1000LUNCUSDT,crypto,1763164800,48.86,21.29,0.611,0.0325,1.12,0.0,0.565,0.923,0.0,-11.538,-1,1779002503
1000LUNCUSDT,crypto,1763251200,45.26,23.38,0.566,0.03162,-2.708,0.0,0.961,0.929,0.0,-14.231,-1,1779002503
1000LUNCUSDT,crypto,1763337600,57.24,27.37,0.716,0.03141,-0.664,0.0,1.741,0.933,0.0,-14.709,-1,1779002503
1000LUNCUSDT,crypto,1763424000,49.86,17.75,0.623,0.03229,2.802,0.0,0.801,0.688,0.0,-17.312,-1,1779002503
1000LUNCUSDT,crypto,1763510400,39.74,24.04,0.497,0.03016,-6.596,0.0,1.279,0.882,0.0,-8.057,-1,1779002503
1000LUNCUSDT,crypto,1763596800,44.12,24.93,0.552,0.02875,-4.675,0.0,1.209,0.944,0.0,-3.548,-1,1779002503
1000LUNCUSDT,crypto,1763683200,44.88,24.75,0.561,0.02712,-5.67,0.0,1.793,0.789,0.0,3.355,1,1779002503
1000LUNCUSDT,crypto,1763769600,46.01,18.97,0.575,0.02679,-1.217,0.0,1.394,0.6,0.0,4.629,1,1779002503
1000LUNCUSDT,crypto,1763856000,47.52,22.85,0.594,0.0267,-0.336,0.0,0.569,1.0,0.0,4.307,1,1779002503
1000LUNCUSDT,crypto,1763942400,58.83,24.31,0.735,0.02773,3.858,0.0,0.862,1.0,0.0,-0.649,0,1779002503
1000LUNCUSDT,crypto,1764028800,48.47,22.98,0.606,0.02773,0.0,0.0,0.597,1.0,0.0,-1.803,0,1779002503
1000LUNCUSDT,crypto,1764115200,50.45,22.89,0.631,0.02803,1.082,0.0,0.579,1.0,0.0,-4.21,-1,1779002503
1000LUNCUSDT,crypto,1764201600,45.36,20.23,0.567,0.02803,0.0,0.0,0.526,0.88,0.0,-0.571,0,1779002503
1000LUNCUSDT,crypto,1764288000,40.06,15.19,0.501,0.02785,-0.642,0.0,0.731,0.577,0.0,2.047,0,1779002503
1000LUNCUSDT,crypto,1764374400,31.83,9.45,0.398,0.02755,-1.077,0.0,0.408,0.37,0.0,12.377,1,1779002503
1000LUNCUSDT,crypto,1764460800,30.28,7.91,0.379,0.02723,-1.162,0.0,0.439,0.286,0.0,105.949,1,1779002503
1000LUNCUSDT,crypto,1764547200,37.64,11.03,0.47,0.02685,-1.396,0.0,1.379,0.207,0.0,134.488,1,1779002503
1000LUNCUSDT,crypto,1764633600,46.28,9.43,0.579,0.02787,3.799,0.0,1.352,0.133,0.0,80.122,1,1779002503
1000LUNCUSDT,crypto,1764720000,36.61,6.37,0.458,0.02842,1.973,0.0,0.758,0.129,0.0,93.596,1,1779002503
1000LUNCUSDT,crypto,1764806400,52.28,8.36,0.653,0.03096,8.937,0.0,1.284,0.097,0.0,98.159,1,1779002503
1000LUNCUSDT,crypto,1764892800,77.5,30.0,0.969,0.05608,81.137,0.0,147.101,1.0,0.0,8.559,1,1779002503
1000LUNCUSDT,crypto,1764979200,77.5,30.0,0.969,0.06296,12.268,0.0,15.37,1.0,0.0,-16.09,-1,1779002503
1000LUNCUSDT,crypto,1765065600,47.5,30.0,0.594,0.0502,-20.267,0.0,3.424,1.0,0.0,-8.167,-1,1779002503
1000LUNCUSDT,crypto,1765152000,76.15,29.33,0.952,0.05502,9.602,0.0,1.865,1.0,0.0,-20.211,-1,1779002503
1000LUNCUSDT,crypto,1765238400,77.5,30.0,0.969,0.06135,11.505,0.0,2.458,1.0,0.0,-30.122,-1,1779002503
1000LUNCUSDT,crypto,1765324800,53.39,26.21,0.667,0.06088,-0.766,0.0,1.242,1.0,0.0,-34.97,-1,1779002503
1000LUNCUSDT,crypto,1765411200,35.95,23.9,0.449,0.05283,-13.223,0.0,0.91,0.968,0.0,-22.052,-1,1779002503
1000LUNCUSDT,crypto,1765497600,37.4,23.98,0.467,0.0461,-12.739,0.0,1.183,0.903,0.0,-17.137,-1,1779002503
1000LUNCUSDT,crypto,1765584000,35.79,20.13,0.447,0.0439,-4.772,0.0,0.542,0.871,0.0,-12.756,-1,1779002503
1000LUNCUSDT,crypto,1765670400,37.11,17.72,0.464,0.04287,-2.346,0.0,0.318,0.806,0.0,-4.525,-1,1779002503
1000LUNCUSDT,crypto,1765756800,25.82,16.9,0.323,0.03959,-7.651,0.0,0.284,0.774,0.0,1.541,0,1779002503
1000LUNCUSDT,crypto,1765843200,47.29,15.48,0.591,0.04118,4.016,0.0,0.257,0.71,0.0,0.073,0,1779002503
1000LUNCUSDT,crypto,1765929600,23.9,14.39,0.299,0.0382,-7.237,0.0,0.297,0.645,0.0,2.461,0,1779002503
1000LUNCUSDT,crypto,1766016000,37.58,13.41,0.47,0.0383,0.262,0.0,0.229,0.613,0.0,3.107,1,1779002503
1000LUNCUSDT,crypto,1766102400,49.97,12.67,0.625,0.04093,6.867,0.0,0.212,0.581,0.0,-4.52,-1,1779002503
1000LUNCUSDT,crypto,1766188800,30.84,11.44,0.385,0.0402,-1.784,0.0,0.094,0.548,0.0,-0.249,0,1779002503
1000LUNCUSDT,crypto,1766275200,39.95,11.37,0.499,0.04121,2.512,0.0,0.21,0.516,0.0,-1.48,0,1779002503
1000LUNCUSDT,crypto,1766361600,23.38,10.3,0.292,0.03914,-5.023,0.0,0.125,0.484,0.0,4.522,1,1779002503
1000LUNCUSDT,crypto,1766448000,33.53,8.81,0.419,0.03949,0.894,0.0,0.085,0.419,0.0,1.747,0,1779002503
1000LUNCUSDT,crypto,1766534400,28.89,8.1,0.361,0.03908,-1.038,0.0,0.072,0.387,0.0,-1.126,0,1779002503
1000LUNCUSDT,crypto,1766620800,35.52,7.45,0.444,0.0401,2.61,0.0,0.07,0.355,0.0,-7.082,-1,1779002503
1000LUNCUSDT,crypto,1766707200,32.36,6.91,0.404,0.0406,1.247,0.0,0.091,0.323,0.0,3.768,1,1779002503
1000LUNCUSDT,crypto,1766793600,30.85,6.31,0.386,0.04091,0.764,0.0,0.101,0.29,0.0,-1.784,0,1779002503
1000LUNCUSDT,crypto,1766880000,25.14,5.68,0.314,0.04018,-1.784,0.0,0.105,0.258,0.0,4.007,1,1779002503
1000LUNCUSDT,crypto,1766966400,20.95,5.32,0.262,0.03864,-3.833,0.0,0.16,0.226,0.0,14.674,1,1779002503
1000LUNCUSDT,crypto,1767052800,20.46,4.16,0.256,0.03726,-3.571,0.0,0.188,0.161,0.0,19.834,1,1779002503
1000LUNCUSDT,crypto,1767139200,55.21,9.18,0.69,0.04213,13.07,0.0,1.706,0.032,0.0,6.978,1,1779002503
1000LUNCUSDT,crypto,1767225600,20.22,3.81,0.253,0.04018,-4.629,0.0,0.633,0.032,0.0,14.759,1,1779002503
1000LUNCUSDT,crypto,1767312000,36.88,3.5,0.461,0.04179,4.007,0.0,0.572,0.032,0.0,3.757,1,1779002503
1000LUNCUSDT,crypto,1767398400,45.06,5.89,0.563,0.04431,6.03,0.0,0.921,0.065,0.0,-3.295,-1,1779002503
1000LUNCUSDT,crypto,1767484800,32.06,5.3,0.401,0.04465,0.767,0.0,0.544,0.129,0.0,-3.583,-1,1779002503
1000LUNCUSDT,crypto,1767571200,36.3,7.9,0.454,0.04507,0.941,0.0,0.805,0.194,0.0,-1.021,0,1779002503
1000LUNCUSDT,crypto,1767657600,38.43,7.91,0.48,0.04611,2.308,0.0,0.68,0.226,0.0,-7.981,-1,1779002503
1000LUNCUSDT,crypto,1767744000,20.24,7.09,0.253,0.04336,-5.964,0.0,0.515,0.226,0.0,-2.422,0,1779002503
1000LUNCUSDT,crypto,1767830400,30.15,7.58,0.377,0.04285,-1.176,0.0,0.484,0.258,0.0,1.89,0,1779002503
1000LUNCUSDT,crypto,1767916800,32.72,7.54,0.409,0.04305,0.467,0.0,0.348,0.29,0.0,1.696,0,1779002503
1000LUNCUSDT,crypto,1768003200,41.76,9.55,0.522,0.04461,3.624,0.0,0.492,0.355,0.0,-6.501,-1,1779002503
1000LUNCUSDT,crypto,1768089600,22.25,7.99,0.278,0.04243,-4.887,0.0,0.307,0.323,0.0,0.566,0,1779002503
1000LUNCUSDT,crypto,1768176000,29.44,6.01,0.368,0.04231,-0.283,0.0,0.299,0.226,0.0,0.095,0,1779002503
1000LUNCUSDT,crypto,1768262400,36.84,6.24,0.461,0.04366,3.191,0.0,0.345,0.226,0.0,-9.001,-1,1779002503
1000LUNCUSDT,crypto,1768348800,32.92,7.19,0.412,0.04378,0.275,0.0,0.536,0.226,0.0,-10.347,-1,1779002503
1000LUNCUSDT,crypto,1768435200,21.66,6.24,0.271,0.04171,-4.728,0.0,0.474,0.194,0.0,-9.518,-1,1779002503
1000LUNCUSDT,crypto,1768521600,35.99,6.06,0.45,0.04267,2.302,0.0,0.566,0.161,0.0,-10.359,-1,1779002503
1000LUNCUSDT,crypto,1768608000,28.46,5.34,0.356,0.04235,-0.75,0.0,0.423,0.161,0.0,-10.602,-1,1779002503
1000LUNCUSDT,crypto,1768694400,17.3,5.2,0.216,0.03973,-6.187,0.0,0.395,0.161,0.0,-4.455,-1,1779002503
1000LUNCUSDT,crypto,1768780800,29.96,6.23,0.374,0.03925,-1.208,0.0,0.729,0.129,0.0,-2.548,0,1779002503
1000LUNCUSDT,crypto,1768867200,23.75,6.73,0.297,0.03774,-3.847,0.0,0.442,0.226,0.0,-3.524,-1,1779002503
1000LUNCUSDT,crypto,1768953600,39.99,11.91,0.5,0.03825,1.351,0.0,0.576,0.452,0.0,-0.523,0,1779002503
1000LUNCUSDT,crypto,1769040000,38.64,16.18,0.483,0.03786,-1.02,0.0,0.398,0.71,0.0,0.37,0,1779002503
1000LUNCUSDT,crypto,1769126400,42.25,17.35,0.528,0.03796,0.264,0.0,0.374,0.774,0.0,-0.132,0,1779002503
1000LUNCUSDT,crypto,1769212800,44.79,18.44,0.56,0.03825,0.764,0.0,0.463,0.806,0.0,-3.948,-1,1779002503
1000LUNCUSDT,crypto,1769299200,37.91,20.9,0.474,0.03641,-4.81,0.0,0.826,0.839,0.0,5.575,1,1779002503
1000LUNCUSDT,crypto,1769385600,55.45,20.36,0.693,0.03805,4.504,0.0,0.717,0.839,0.0,-10.25,-1,1779002503
1000LUNCUSDT,crypto,1769472000,46.39,20.79,0.58,0.038,-0.131,0.0,0.673,0.871,0.0,-2.842,0,1779002503
1000LUNCUSDT,crypto,1769558400,44.88,20.46,0.561,0.03791,-0.237,0.0,0.479,0.903,0.0,-2.374,0,1779002503
1000LUNCUSDT,crypto,1769644800,45.05,23.72,0.563,0.03674,-3.086,0.0,1.001,0.935,0.0,1.524,0,1779002503
1000LUNCUSDT,crypto,1769731200,64.24,23.98,0.803,0.03844,4.627,0.0,1.7,0.774,0.0,-4.475,-1,1779002503
1000LUNCUSDT,crypto,1769817600,46.85,29.35,0.586,0.03415,-11.16,0.0,2.167,0.968,0.0,-4.51,-1,1779002503
1000LUNCUSDT,crypto,1769904000,75.56,28.06,0.945,0.03692,8.111,0.0,4.178,0.903,0.0,-1.679,0,1779002503
1000LUNCUSDT,crypto,1769990400,54.59,22.58,0.682,0.03701,0.244,0.0,1.805,0.677,0.0,-2.54,0,1779002503
1000LUNCUSDT,crypto,1770076800,40.39,11.71,0.505,0.0373,0.784,0.0,0.923,0.355,0.0,-6.676,-1,1779002503
1000LUNCUSDT,crypto,1770163200,30.52,7.18,0.382,0.03672,-1.555,0.0,0.791,0.161,0.0,-5.637,-1,1779002503
1000LUNCUSDT,crypto,1770249600,26.65,11.83,0.333,0.03261,-11.193,0.0,1.463,0.226,0.0,5.397,1,1779002503
1000LUNCUSDT,crypto,1770336000,53.53,8.66,0.669,0.0363,11.316,0.0,1.474,0.065,0.0,-6.612,-1,1779002503
1000LUNCUSDT,crypto,1770422400,29.2,4.3,0.365,0.03607,-0.634,0.0,0.732,0.032,0.0,-7.763,-1,1779002503
1000LUNCUSDT,crypto,1770508800,21.1,3.76,0.264,0.03481,-3.493,0.0,0.365,0.097,0.0,-2.901,0,1779002503
1000LUNCUSDT,crypto,1770595200,28.18,4.59,0.352,0.03465,-0.46,0.0,0.402,0.129,0.0,0.606,0,1779002503
1000LUNCUSDT,crypto,1770681600,29.7,6.34,0.371,0.03437,-0.808,0.0,0.495,0.194,0.0,0.32,0,1779002503
1000LUNCUSDT,crypto,1770768000,31.55,8.15,0.394,0.0339,-1.367,0.0,0.727,0.226,0.0,3.363,1,1779002503
1000LUNCUSDT,crypto,1770854400,30.07,8.87,0.376,0.03327,-1.858,0.0,0.484,0.323,0.0,1.443,0,1779002503
1000LUNCUSDT,crypto,1770940800,36.97,9.19,0.462,0.0338,1.593,0.0,0.419,0.355,0.0,2.189,0,1779002503
1000LUNCUSDT,crypto,1771027200,43.49,11.55,0.544,0.03486,3.136,0.0,0.634,0.419,0.0,3.987,1,1779002503
1000LUNCUSDT,crypto,1771113600,46.13,15.81,0.577,0.03448,-1.09,0.0,2.743,0.29,0.0,7.106,1,1779002503
1000LUNCUSDT,crypto,1771200000,41.6,10.19,0.52,0.03504,1.624,0.0,1.134,0.226,0.0,3.396,1,1779002503
1000LUNCUSDT,crypto,1771286400,23.84,6.29,0.298,0.03375,-3.682,0.0,0.483,0.194,0.0,4.919,1,1779002503
1000LUNCUSDT,crypto,1771372800,37.96,7.32,0.474,0.03454,2.341,0.0,0.69,0.194,0.0,0.695,0,1779002503
1000LUNCUSDT,crypto,1771459200,43.56,5.9,0.544,0.03625,4.951,0.0,1.051,0.032,0.0,-4.414,-1,1779002503
1000LUNCUSDT,crypto,1771545600,37.89,6.47,0.474,0.03693,1.876,0.0,1.035,0.065,0.0,-0.596,0,1779002503
1000LUNCUSDT,crypto,1771632000,24.6,3.59,0.308,0.03623,-1.895,0.0,0.46,0.065,0.0,4.692,1,1779002503
1000LUNCUSDT,crypto,1771718400,22.21,2.44,0.278,0.03541,-2.263,0.0,0.359,0.032,0.0,21.576,1,1779002503
1000LUNCUSDT,crypto,1771804800,25.81,3.76,0.323,0.03478,-1.779,0.0,0.622,0.032,0.0,30.046,1,1779002503
1000LUNCUSDT,crypto,1771891200,28.47,3.68,0.356,0.03465,-0.374,0.0,0.607,0.032,0.0,23.001,1,1779002503
1000LUNCUSDT,crypto,1771977600,42.35,4.3,0.529,0.03671,5.945,0.0,0.732,0.032,0.0,15.336,1,1779002503
1000LUNCUSDT,crypto,1772064000,39.0,6.22,0.488,0.03793,3.323,0.0,0.727,0.129,0.0,13.709,1,1779002503
1000LUNCUSDT,crypto,1772150400,73.63,26.13,0.92,0.04305,13.499,0.0,15.87,0.806,0.0,4.135,1,1779002503
1000LUNCUSDT,crypto,1772236800,72.63,30.0,0.908,0.04523,5.064,0.0,3.93,1.0,0.0,-5.019,-1,1779002503
1000LUNCUSDT,crypto,1772323200,45.17,27.11,0.565,0.04262,-5.771,0.0,1.421,1.0,0.0,-0.352,0,1779002503
1000LUNCUSDT,crypto,1772409600,47.5,23.15,0.594,0.04234,-0.657,0.0,0.631,1.0,0.0,-4.228,-1,1779002503
1000LUNCUSDT,crypto,1772496000,51.28,22.53,0.641,0.04313,1.866,0.0,0.505,1.0,0.0,-3.733,-1,1779002503
1000LUNCUSDT,crypto,1772582400,55.33,22.48,0.692,0.04483,3.942,0.0,0.495,1.0,0.0,-6.0,-1,1779002503
1000LUNCUSDT,crypto,1772668800,36.64,20.92,0.458,0.04296,-4.171,0.0,0.312,0.968,0.0,-2.002,0,1779002503
1000LUNCUSDT,crypto,1772755200,41.91,20.2,0.524,0.04247,-1.141,0.0,0.299,0.935,0.0,-2.708,0,1779002503
1000LUNCUSDT,crypto,1772841600,33.6,19.1,0.42,0.04055,-4.521,0.0,0.207,0.903,0.0,1.381,0,1779002503
1000LUNCUSDT,crypto,1772928000,47.23,18.36,0.59,0.04152,2.392,0.0,0.317,0.839,0.0,2.023,0,1779002503
1000LUNCUSDT,crypto,1773014400,43.89,16.94,0.549,0.04214,1.493,0.0,0.292,0.774,0.0,-2.041,0,1779002503
1000LUNCUSDT,crypto,1773100800,39.18,15.53,0.49,0.0421,-0.095,0.0,0.268,0.71,0.0,-1.069,0,1779002503
1000LUNCUSDT,crypto,1773187200,35.74,15.04,0.447,0.04132,-1.853,-8.3e-05,0.298,0.677,0.0,3.074,1,1779002503
1000LUNCUSDT,crypto,1773273600,37.09,13.71,0.464,0.04111,-0.508,-8.8e-05,0.291,0.613,0.0,2.408,0,1779002503
1000LUNCUSDT,crypto,1773360000,43.78,13.17,0.547,0.04236,3.041,-9.3e-05,0.312,0.581,0.0,-2.762,0,1779002503
1000LUNCUSDT,crypto,1773446400,30.61,11.93,0.383,0.04128,-2.55,-6.1e-05,0.193,0.548,0.0,-3.779,-1,1779002503
1000LUNCUSDT,crypto,1773532800,36.91,11.39,0.461,0.04165,0.896,-3.4e-05,0.213,0.516,0.0,-5.234,-1,1779002503
1000LUNCUSDT,crypto,1773619200,38.07,9.43,0.476,0.04259,2.257,1.5e-05,0.338,0.387,0.0,-8.781,-1,1779002503
1000LUNCUSDT,crypto,1773705600,26.54,4.53,0.332,0.0421,-1.151,-0.000104,0.26,0.161,0.0,-12.209,-1,1779002503
1000LUNCUSDT,crypto,1773792000,21.54,1.99,0.269,0.04119,-2.162,-5e-06,0.269,0.032,0.0,-5.487,-1,1779002503
1000LUNCUSDT,crypto,1773878400,20.25,3.25,0.253,0.03972,-3.569,-6.4e-05,0.263,0.097,0.0,-2.82,0,1779002503
1000LUNCUSDT,crypto,1773964800,27.58,3.65,0.345,0.03947,-0.629,-6.7e-05,0.471,0.065,0.0,-2.154,0,1779002503
1000LUNCUSDT,crypto,1774051200,28.24,6.45,0.353,0.03885,-1.571,2.9e-05,0.516,0.194,0.0,-1.338,0,1779002503
1000LUNCUSDT,crypto,1774137600,30.5,13.22,0.381,0.03696,-4.865,6.3e-05,0.966,0.419,0.0,-1.434,0,1779002503
1000LUNCUSDT,crypto,1774224000,54.65,14.63,0.683,0.03893,5.33,-0.000123,1.249,0.419,0.0,-6.73,-1,1779002503
1000LUNCUSDT,crypto,1774310400,37.17,11.88,0.465,0.0386,-0.848,5.9e-05,0.957,0.355,0.0,-7.073,-1,1779002503
1000LUNCUSDT,crypto,1774396800,37.76,10.78,0.472,0.03862,0.052,-0.000137,0.737,0.355,0.0,-6.37,-1,1779002503
1000LUNCUSDT,crypto,1774483200,40.11,12.3,0.501,0.03833,-0.751,-0.00032,1.041,0.355,0.0,-3.705,-1,1779002503
1000LUNCUSDT,crypto,1774569600,33.17,14.1,0.415,0.03643,-4.957,-0.000284,1.013,0.452,0.0,1.565,0,1779002503
1000LUNCUSDT,crypto,1774656000,38.97,12.74,0.487,0.03631,-0.329,-0.000135,0.742,0.452,0.0,0.275,0,1779002503
1000LUNCUSDT,crypto,1774742400,41.61,13.83,0.52,0.03587,-1.212,-0.00058,0.96,0.452,0.0,2.398,0,1779002503
1000LUNCUSDT,crypto,1774828800,41.33,13.52,0.517,0.03616,0.808,2.7e-05,0.768,0.484,0.0,1.604,0,1779002503
1000LUNCUSDT,crypto,1774915200,46.04,14.53,0.575,0.03691,2.074,-0.000129,0.842,0.516,0.0,-0.515,0,1779002503
1000LUNCUSDT,crypto,1775001600,40.91,14.03,0.511,0.037,0.244,-0.000167,0.612,0.548,0.0,-1.541,0,1779002503
1000LUNCUSDT,crypto,1775088000,39.71,14.13,0.496,0.03641,-1.595,-0.000365,0.89,0.484,0.0,2.28,0,1779002503
1000LUNCUSDT,crypto,1775174400,51.67,18.79,0.646,0.03673,0.879,0.0001,1.823,0.484,0.0,-1.062,0,1779002503
1000LUNCUSDT,crypto,1775260800,40.38,13.53,0.505,0.03674,0.027,3.9e-05,0.899,0.452,0.0,2.504,0,1779002503
1000LUNCUSDT,crypto,1775347200,43.86,14.11,0.548,0.03672,-0.054,-6.9e-05,1.403,0.355,0.0,10.621,1,1779002503
1000LUNCUSDT,crypto,1775433600,33.18,8.23,0.415,0.03643,-0.79,6.7e-05,0.872,0.194,0.0,14.439,1,1779002503
1000LUNCUSDT,crypto,1775520000,38.29,6.69,0.479,0.03724,2.223,-0.000109,0.822,0.129,0.0,8.083,1,1779002503
1000LUNCUSDT,crypto,1775606400,26.68,5.73,0.334,0.03634,-2.417,0.0001,0.758,0.097,0.0,15.85,1,1779002503
1000LUNCUSDT,crypto,1775692800,38.37,4.38,0.48,0.03766,3.632,-9.6e-05,0.748,0.032,0.0,8.444,1,1779002503
1000LUNCUSDT,crypto,1775779200,62.57,13.87,0.782,0.04062,7.86,-0.00024,3.799,0.194,0.0,3.274,1,1779002503
1000LUNCUSDT,crypto,1775865600,57.19,19.03,0.715,0.04169,2.634,-7.8e-05,2.214,0.452,0.0,8.155,1,1779002503
1000LUNCUSDT,crypto,1775952000,38.41,16.73,0.48,0.04025,-3.454,-6.7e-05,1.152,0.548,0.0,14.559,1,1779002503
1000LUNCUSDT,crypto,1776038400,62.37,21.74,0.78,0.0421,4.596,-0.00015,1.638,0.677,0.0,1.116,0,1779002503
1000LUNCUSDT,crypto,1776124800,41.33,19.92,0.517,0.04084,-2.993,-9.1e-05,0.888,0.774,0.0,0.808,0,1779002503
1000LUNCUSDT,crypto,1776211200,58.91,25.12,0.736,0.04195,2.718,-0.000144,1.025,1.0,0.0,1.549,0,1779002503
1000LUNCUSDT,crypto,1776297600,72.68,26.98,0.908,0.04509,7.485,-0.000251,1.395,1.0,0.0,-0.444,0,1779002503
1000LUNCUSDT,crypto,1776384000,67.26,30.0,0.841,0.04611,2.262,-4.8e-05,2.002,1.0,0.0,-1.605,0,1779002503
1000LUNCUSDT,crypto,1776470400,38.91,25.54,0.486,0.04257,-7.677,6.3e-05,1.237,0.968,0.0,23.303,1,1779002503
1000LUNCUSDT,crypto,1776556800,44.28,23.53,0.553,0.04117,-3.289,-0.0,0.965,0.935,-0.132943,22.395,1,1779002503
1000LUNCUSDT,crypto,1776643200,53.6,20.82,0.67,0.0426,3.473,-0.000115,0.551,0.903,-0.017872,20.845,1,1779002503
1000LUNCUSDT,crypto,1776729600,68.48,26.58,0.856,0.04489,5.376,-0.000156,1.574,0.935,0.021757,37.759,1,1779002503
1000LUNCUSDT,crypto,1776816000,55.91,25.5,0.699,0.04537,1.069,-5.5e-05,1.1,1.0,0.150089,48.733,1,1779002503
1000LUNCUSDT,crypto,1776902400,76.26,29.63,0.953,0.05249,15.693,0.0001,1.926,1.0,-0.058147,23.795,1,1779002503
1000LUNCUSDT,crypto,1776988800,57.1,30.0,0.714,0.05039,-4.001,-0.00052,5.363,1.0,0.175281,38.321,1,1779002503
1000LUNCUSDT,crypto,1777075200,57.12,25.04,0.714,0.05148,2.163,-4.2e-05,1.008,1.0,-0.072963,43.726,1,1779002503
1000LUNCUSDT,crypto,1777161600,77.67,30.0,0.971,0.06184,20.124,-3.4e-05,2.508,1.0,-0.054045,12.791,1,1779002503
1000LUNCUSDT,crypto,1777248000,78.58,30.0,0.982,0.06748,9.12,-0.000215,8.831,1.0,0.352493,34.884,1,1779002503
1000LUNCUSDT,crypto,1777334400,55.87,30.0,0.698,0.06498,-3.705,-0.000155,5.178,1.0,0.199408,30.394,1,1779002503
1000LUNCUSDT,crypto,1777420800,77.47,30.0,0.968,0.0697,7.264,-8.9e-05,2.652,1.0,-0.124335,46.327,1,1779002503
1000LUNCUSDT,crypto,1777507200,74.99,30.0,0.937,0.07399,6.155,-3.6e-05,2.403,1.0,0.047174,55.332,1,1779002503
1000LUNCUSDT,crypto,1777593600,49.4,29.05,0.617,0.06975,-5.731,-5.1e-05,1.811,1.0,0.025306,35.556,1,1779002503
1000LUNCUSDT,crypto,1777680000,77.46,29.91,0.968,0.09102,30.495,-2.7e-05,1.983,1.0,-0.026973,-1.736,0,1779002503
1000LUNCUSDT,crypto,1777766400,50.39,30.0,0.63,0.08473,-6.911,-0.000342,3.224,1.0,0.093996,9.324,1,1779002503
1000LUNCUSDT,crypto,1777852800,78.12,30.0,0.977,0.10199,20.371,-0.000124,2.415,1.0,-0.058202,-6.589,-1,1779002503
1000LUNCUSDT,crypto,1777939200,78.91,30.0,0.986,0.11493,12.688,-0.000283,2.632,1.0,0.025723,-13.043,-1,1779002503
1000LUNCUSDT,crypto,1778025600,44.18,26.8,0.552,0.09455,-17.733,-0.000485,1.49,0.968,-0.017326,7.002,1,1779002503
1000LUNCUSDT,crypto,1778112000,45.34,25.93,0.567,0.08944,-5.405,-9.9e-05,1.444,0.935,-0.012428,2.337,0,1779002503
1000LUNCUSDT,crypto,1778198400,57.29,21.72,0.716,0.09263,3.567,-0.000457,0.731,0.903,-0.013427,-12.037,-1,1779002503
1000LUNCUSDT,crypto,1778284800,52.46,19.39,0.656,0.09527,2.85,-0.000452,0.523,0.839,0.010135,-17.204,-1,1779002503
1000LUNCUSDT,crypto,1778371200,60.81,21.09,0.76,0.09994,4.902,-0.00049,0.993,0.806,0.039395,-22.103,-1,1779002503
1000LUNCUSDT,crypto,1778457600,47.41,16.8,0.593,0.10117,1.231,-0.000609,0.52,0.71,0.052457,-14.708,-1,1779002503
1000LUNCUSDT,crypto,1778544000,28.76,16.35,0.359,0.09153,-9.529,-0.00042,0.561,0.677,-0.010857,-9.745,-1,1779002503
CGPTUSDT,crypto,1762214400,49.85,29.31,0.623,0.04188,-5.633,0.0,1.862,1.0,0.0,17.025,1,1779002503
CGPTUSDT,crypto,1762300800,56.8,24.02,0.71,0.04319,3.128,0.0,0.804,1.0,0.0,14.355,1,1779002503
CGPTUSDT,crypto,1762387200,43.03,23.5,0.538,0.04179,-3.241,0.0,0.701,1.0,0.0,11.917,1,1779002503
CGPTUSDT,crypto,1762473600,71.15,26.82,0.889,0.04885,16.894,0.0,1.365,1.0,0.0,-4.115,-1,1779002503
CGPTUSDT,crypto,1762560000,50.04,20.98,0.625,0.0494,1.126,0.0,0.862,0.833,0.0,-10.142,-1,1779002503
CGPTUSDT,crypto,1762646400,52.35,21.43,0.654,0.04901,-0.789,0.0,2.291,0.571,0.0,-13.936,-1,1779002503
CGPTUSDT,crypto,1762732800,39.95,12.95,0.499,0.04939,0.775,0.0,0.59,0.5,0.0,-12.715,-1,1779002503
CGPTUSDT,crypto,1762819200,31.74,16.59,0.397,0.04677,-5.305,0.0,0.651,0.667,0.0,-11.589,-1,1779002503
CGPTUSDT,crypto,1762905600,47.24,21.22,0.59,0.04684,0.15,0.0,0.644,0.9,0.0,-13.834,-1,1779002503
CGPTUSDT,crypto,1762992000,39.22,23.59,0.49,0.04439,-5.231,0.0,0.719,1.0,0.0,-5.519,-1,1779002503
CGPTUSDT,crypto,1763078400,38.12,16.12,0.476,0.04218,-4.979,0.0,1.891,0.333,0.0,-1.944,0,1779002503
CGPTUSDT,crypto,1763164800,35.73,6.72,0.447,0.04311,2.205,0.0,0.42,0.231,0.0,-3.897,-1,1779002503
CGPTUSDT,crypto,1763251200,25.9,7.92,0.324,0.04135,-4.083,0.0,0.728,0.214,0.0,-6.022,-1,1779002503
CGPTUSDT,crypto,1763337600,33.25,10.44,0.416,0.04036,-2.394,0.0,1.021,0.267,0.0,-5.104,-1,1779002503
CGPTUSDT,crypto,1763424000,40.79,7.1,0.51,0.04194,3.915,0.0,0.671,0.188,0.0,-8.512,-1,1779002503
CGPTUSDT,crypto,1763510400,32.66,8.82,0.408,0.04136,-1.383,0.0,0.822,0.235,0.0,-4.811,-1,1779002503
CGPTUSDT,crypto,1763596800,40.19,10.9,0.502,0.04143,0.169,0.0,1.29,0.222,0.0,-3.017,-1,1779002503
CGPTUSDT,crypto,1763683200,25.4,9.23,0.318,0.03886,-6.203,0.0,1.215,0.158,0.0,-0.103,0,1779002503
CGPTUSDT,crypto,1763769600,27.03,4.71,0.338,0.0383,-1.441,0.0,0.542,0.1,0.0,2.977,0,1779002503
CGPTUSDT,crypto,1763856000,30.39,5.19,0.38,0.03837,0.183,0.0,0.467,0.143,0.0,0.756,0,1779002503
CGPTUSDT,crypto,1763942400,40.66,9.2,0.508,0.03937,2.606,0.0,0.749,0.273,0.0,-3.15,-1,1779002503
CGPTUSDT,crypto,1764028800,39.57,9.95,0.495,0.04018,2.057,0.0,0.6,0.348,0.0,-8.014,-1,1779002503
CGPTUSDT,crypto,1764115200,32.14,12.79,0.402,0.03882,-3.385,0.0,0.725,0.458,0.0,-9.66,-1,1779002503
CGPTUSDT,crypto,1764201600,38.79,9.35,0.485,0.03944,1.597,0.0,0.749,0.28,0.0,-6.516,-1,1779002503
CGPTUSDT,crypto,1764288000,30.28,7.02,0.379,0.03866,-1.978,0.0,0.943,0.115,0.0,-2.018,0,1779002503
CGPTUSDT,crypto,1764374400,27.89,4.81,0.349,0.03813,-1.371,0.0,0.665,0.074,0.0,-1.967,0,1779002503
CGPTUSDT,crypto,1764460800,23.58,3.96,0.295,0.03696,-3.068,0.0,0.65,0.036,0.0,-2.489,0,1779002503
CGPTUSDT,crypto,1764547200,26.6,7.51,0.333,0.03507,-5.114,0.0,1.364,0.034,0.0,8.64,1,1779002503
CGPTUSDT,crypto,1764633600,40.48,4.19,0.506,0.03687,5.133,0.0,0.705,0.033,0.0,-0.678,0,1779002503
CGPTUSDT,crypto,1764720000,37.08,4.87,0.464,0.03788,2.739,0.0,0.846,0.032,0.0,-2.191,0,1779002503
CGPTUSDT,crypto,1764806400,25.72,3.25,0.322,0.03738,-1.32,0.0,0.522,0.032,0.0,1.017,0,1779002503
CGPTUSDT,crypto,1764892800,22.67,3.99,0.283,0.03604,-3.585,0.0,0.669,0.032,0.0,1.36,0,1779002503
CGPTUSDT,crypto,1764979200,41.96,4.34,0.524,0.0381,5.716,0.0,0.738,0.032,0.0,-4.934,-1,1779002503
CGPTUSDT,crypto,1765065600,24.95,5.75,0.312,0.03662,-3.885,0.0,0.893,0.065,0.0,-4.56,-1,1779002503
CGPTUSDT,crypto,1765152000,34.29,5.04,0.429,0.03705,1.174,0.0,0.88,0.032,0.0,-6.019,-1,1779002503
CGPTUSDT,crypto,1765238400,38.24,6.28,0.478,0.03776,1.916,0.0,1.127,0.032,0.0,-14.831,-1,1779002503
CGPTUSDT,crypto,1765324800,25.41,5.04,0.318,0.03653,-3.257,0.0,0.878,0.032,0.0,-13.66,-1,1779002503
CGPTUSDT,crypto,1765411200,31.47,5.98,0.393,0.03622,-0.849,0.0,0.937,0.065,0.0,-13.031,-1,1779002503
CGPTUSDT,crypto,1765497600,24.99,5.72,0.312,0.03495,-3.506,0.0,0.757,0.097,0.0,-15.851,-1,1779002503
CGPTUSDT,crypto,1765584000,29.91,5.69,0.374,0.03482,-0.372,0.0,0.493,0.161,0.0,-18.955,-1,1779002503
CGPTUSDT,crypto,1765670400,25.0,11.98,0.313,0.03216,-7.639,0.0,1.105,0.323,0.0,-8.085,-1,1779002503
CGPTUSDT,crypto,1765756800,37.53,13.64,0.469,0.03154,-1.928,0.0,1.05,0.419,0.0,-6.214,-1,1779002503
CGPTUSDT,crypto,1765843200,40.33,13.88,0.504,0.0315,-0.127,0.0,0.841,0.484,0.0,-9.302,-1,1779002503
CGPTUSDT,crypto,1765929600,33.49,17.93,0.419,0.02941,-6.635,0.0,1.264,0.581,0.0,-2.278,0,1779002503
CGPTUSDT,crypto,1766016000,44.06,21.92,0.551,0.02822,-4.046,0.0,1.545,0.71,0.0,1.559,0,1779002503
CGPTUSDT,crypto,1766102400,60.17,23.76,0.752,0.02956,4.748,0.0,0.882,0.968,0.0,0.0,0,1779002503
CGPTUSDT,crypto,1766188800,49.47,23.42,0.618,0.02958,0.068,0.0,0.684,1.0,0.0,-4.699,-1,1779002503
CGPTUSDT,crypto,1766275200,45.34,24.83,0.567,0.02857,-3.414,0.0,0.966,1.0,0.0,1.505,0,1779002503
CGPTUSDT,crypto,1766361600,51.75,24.03,0.647,0.02874,0.595,0.0,0.806,1.0,0.0,6.124,1,1779002503
CGPTUSDT,crypto,1766448000,49.07,23.56,0.613,0.02866,-0.278,0.0,0.713,1.0,0.0,3.908,1,1779002503
CGPTUSDT,crypto,1766534400,56.77,23.67,0.71,0.02956,3.14,0.0,0.864,0.968,0.0,-1.049,0,1779002503
CGPTUSDT,crypto,1766620800,42.43,24.6,0.53,0.02819,-4.635,0.0,0.92,1.0,0.0,5.995,1,1779002503
CGPTUSDT,crypto,1766707200,53.64,21.73,0.67,0.029,2.873,0.0,0.733,0.903,0.0,7.724,1,1779002503
CGPTUSDT,crypto,1766793600,59.8,21.86,0.747,0.0305,5.172,0.0,1.018,0.839,0.0,6.393,1,1779002503
CGPTUSDT,crypto,1766880000,43.26,20.48,0.541,0.02978,-2.361,0.0,1.0,0.774,0.0,10.309,1,1779002503
CGPTUSDT,crypto,1766966400,41.78,18.19,0.522,0.02925,-1.78,0.0,0.929,0.677,0.0,13.436,1,1779002503
CGPTUSDT,crypto,1767052800,46.93,16.19,0.587,0.02988,2.154,0.0,0.787,0.613,0.0,13.119,1,1779002503
CGPTUSDT,crypto,1767139200,61.93,20.32,0.774,0.03124,4.552,0.0,4.058,0.516,0.0,13.988,1,1779002503
CGPTUSDT,crypto,1767225600,59.28,19.03,0.741,0.03245,3.873,0.0,2.629,0.452,0.0,8.012,1,1779002503
CGPTUSDT,crypto,1767312000,49.9,15.37,0.624,0.03285,1.233,0.0,1.913,0.29,0.0,2.009,0,1779002503
CGPTUSDT,crypto,1767398400,41.73,12.8,0.522,0.03318,1.005,0.0,0.883,0.419,0.0,1.748,0,1779002503
CGPTUSDT,crypto,1767484800,47.2,15.32,0.59,0.0338,1.869,0.0,1.129,0.484,0.0,5.621,1,1779002503
CGPTUSDT,crypto,1767571200,64.18,20.97,0.802,0.03561,5.355,0.0,4.001,0.548,0.0,0.421,0,1779002503
CGPTUSDT,crypto,1767657600,44.26,18.26,0.553,0.03505,-1.573,0.0,1.33,0.581,0.0,2.083,0,1779002503
CGPTUSDT,crypto,1767744000,33.18,15.22,0.415,0.03351,-4.394,0.0,0.85,0.548,0.0,2.954,0,1779002503
CGPTUSDT,crypto,1767830400,42.85,15.24,0.536,0.03376,0.746,0.0,0.724,0.581,0.0,8.353,1,1779002503
CGPTUSDT,crypto,1767916800,66.25,22.26,0.828,0.0357,5.746,0.0,4.836,0.613,0.0,-0.112,0,1779002503
CGPTUSDT,crypto,1768003200,55.09,22.26,0.689,0.03576,0.168,0.0,5.117,0.613,0.0,-3.943,-1,1779002503
CGPTUSDT,crypto,1768089600,45.25,17.45,0.566,0.03578,0.056,0.0,1.038,0.613,0.0,-1.006,0,1779002503
CGPTUSDT,crypto,1768176000,33.45,14.21,0.418,0.0345,-3.577,0.0,0.778,0.516,0.0,4.464,1,1779002503
CGPTUSDT,crypto,1768262400,53.02,14.39,0.663,0.03658,6.029,0.0,0.814,0.516,0.0,-5.96,-1,1779002503
CGPTUSDT,crypto,1768348800,30.62,9.8,0.383,0.03566,-2.515,0.0,0.67,0.323,0.0,-7.88,-1,1779002503
CGPTUSDT,crypto,1768435200,25.84,7.6,0.323,0.03435,-3.674,0.0,0.617,0.226,0.0,-10.713,-1,1779002503
CGPTUSDT,crypto,1768521600,35.89,5.52,0.449,0.03542,3.115,0.0,0.329,0.194,0.0,-9.768,-1,1779002503
CGPTUSDT,crypto,1768608000,33.02,5.12,0.413,0.03604,1.75,0.0,0.379,0.161,0.0,-13.735,-1,1779002503
CGPTUSDT,crypto,1768694400,18.28,3.09,0.228,0.0344,-4.55,0.0,0.359,0.065,0.0,-10.262,-1,1779002503
CGPTUSDT,crypto,1768780800,19.52,3.34,0.244,0.03285,-4.506,0.0,0.539,0.032,0.0,-3.592,-1,1779002503
CGPTUSDT,crypto,1768867200,14.31,3.19,0.179,0.03067,-6.636,0.0,0.379,0.065,0.0,-5.38,-1,1779002503
CGPTUSDT,crypto,1768953600,36.62,3.82,0.458,0.03196,4.206,0.0,0.377,0.097,0.0,-5.695,-1,1779002503
CGPTUSDT,crypto,1769040000,23.04,4.61,0.288,0.03109,-2.722,0.0,0.276,0.161,0.0,-4.374,-1,1779002503
CGPTUSDT,crypto,1769126400,30.03,7.06,0.375,0.03087,-0.708,0.0,0.379,0.258,0.0,-4.503,-1,1779002503
CGPTUSDT,crypto,1769212800,36.0,7.06,0.45,0.03167,2.592,0.0,0.251,0.29,0.0,-13.893,-1,1779002503
CGPTUSDT,crypto,1769299200,22.54,12.03,0.282,0.02902,-8.368,0.0,0.6,0.452,0.0,-4.342,-1,1779002503
CGPTUSDT,crypto,1769385600,45.28,13.01,0.566,0.03014,3.859,0.0,0.409,0.548,0.0,-18.646,-1,1779002503
CGPTUSDT,crypto,1769472000,36.63,14.55,0.458,0.02973,-1.36,0.0,0.459,0.613,0.0,-19.408,-1,1779002503
CGPTUSDT,crypto,1769558400,42.61,18.96,0.533,0.02948,-0.841,0.0,0.566,0.806,0.0,-17.096,-1,1779002503
CGPTUSDT,crypto,1769644800,34.91,23.7,0.436,0.02727,-7.497,0.0,0.74,1.0,0.0,-12.321,-1,1779002503
CGPTUSDT,crypto,1769731200,54.38,24.14,0.68,0.02776,1.797,0.0,0.829,1.0,0.0,-16.895,-1,1779002503
CGPTUSDT,crypto,1769817600,47.5,30.0,0.594,0.02452,-11.671,0.0,2.513,1.0,0.0,-20.269,-1,1779002503
CGPTUSDT,crypto,1769904000,55.17,28.62,0.69,0.02396,-2.284,0.0,1.724,1.0,0.0,-9.057,-1,1779002503
CGPTUSDT,crypto,1769990400,62.55,28.02,0.782,0.02444,2.003,0.0,1.604,1.0,0.0,-10.516,-1,1779002503
CGPTUSDT,crypto,1770076800,50.66,26.25,0.633,0.02391,-2.169,0.0,1.25,1.0,0.0,-13.342,-1,1779002503
CGPTUSDT,crypto,1770163200,48.43,26.48,0.605,0.02307,-3.513,0.0,1.296,1.0,0.0,-10.49,-1,1779002503
CGPTUSDT,crypto,1770249600,47.5,30.0,0.594,0.01955,-15.258,0.0,2.581,1.0,0.0,3.632,1,1779002503
CGPTUSDT,crypto,1770336000,76.85,29.35,0.961,0.02179,11.458,0.0,2.012,0.968,0.0,-3.258,-1,1779002503
CGPTUSDT,crypto,1770422400,51.38,23.75,0.642,0.02187,0.367,0.0,0.879,0.968,0.0,-2.698,0,1779002503
CGPTUSDT,crypto,1770508800,40.18,24.1,0.502,0.02072,-5.258,0.0,0.82,1.0,0.0,4.923,1,1779002503
CGPTUSDT,crypto,1770595200,48.53,23.35,0.607,0.02065,-0.338,0.0,0.671,1.0,0.0,12.058,1,1779002503
CGPTUSDT,crypto,1770681600,43.33,22.3,0.542,0.02026,-1.889,0.0,0.461,1.0,0.0,8.391,1,1779002503
CGPTUSDT,crypto,1770768000,58.82,23.79,0.735,0.02108,4.047,0.0,0.887,0.968,0.0,9.203,1,1779002503
CGPTUSDT,crypto,1770854400,54.59,24.13,0.682,0.02128,0.949,0.0,1.213,0.903,0.0,5.968,1,1779002503
CGPTUSDT,crypto,1770940800,46.67,17.34,0.583,0.02174,2.162,0.0,0.501,0.742,0.0,-2.944,0,1779002503
CGPTUSDT,crypto,1771027200,59.24,19.03,0.74,0.02314,6.44,0.0,0.967,0.71,0.0,-9.68,-1,1779002503
CGPTUSDT,crypto,1771113600,32.72,16.66,0.409,0.02196,-5.099,0.0,0.752,0.645,0.0,-3.825,-1,1779002503
CGPTUSDT,crypto,1771200000,48.48,13.32,0.606,0.02302,4.827,0.0,0.6,0.516,0.0,-10.513,-1,1779002503
CGPTUSDT,crypto,1771286400,34.04,12.33,0.426,0.02255,-2.042,0.0,0.66,0.452,0.0,-11.53,-1,1779002503
CGPTUSDT,crypto,1771372800,22.72,10.09,0.284,0.0211,-6.43,0.0,0.598,0.355,0.0,-9.905,-1,1779002503
CGPTUSDT,crypto,1771459200,30.98,7.45,0.387,0.0209,-0.948,0.0,0.586,0.226,0.0,-10.048,-1,1779002503
CGPTUSDT,crypto,1771545600,35.34,6.98,0.442,0.02112,1.053,0.0,0.751,0.161,0.0,-4.877,-1,1779002503
CGPTUSDT,crypto,1771632000,24.59,4.8,0.307,0.0206,-2.462,0.0,0.444,0.129,0.0,-5.825,-1,1779002503
CGPTUSDT,crypto,1771718400,23.29,4.19,0.291,0.01995,-3.155,0.0,0.581,0.065,0.0,3.459,1,1779002503
CGPTUSDT,crypto,1771804800,22.42,4.99,0.28,0.01901,-4.712,0.0,0.869,0.032,0.0,18.411,1,1779002503
CGPTUSDT,crypto,1771891200,28.53,5.09,0.357,0.0188,-1.105,0.0,0.631,0.097,0.0,9.309,1,1779002503
CGPTUSDT,crypto,1771977600,48.04,6.87,0.6,0.02009,6.862,0.0,0.988,0.097,0.0,4.181,1,1779002503
CGPTUSDT,crypto,1772064000,26.37,6.98,0.33,0.0194,-3.435,0.0,0.751,0.161,0.0,13.093,1,1779002503
CGPTUSDT,crypto,1772150400,58.51,13.23,0.731,0.02064,6.392,0.0,24.756,0.161,0.0,10.417,1,1779002503
CGPTUSDT,crypto,1772236800,62.66,15.16,0.783,0.02251,9.06,0.0,4.478,0.258,0.0,-3.909,-1,1779002503
CGPTUSDT,crypto,1772323200,29.42,13.86,0.368,0.02055,-8.707,0.0,1.611,0.29,0.0,4.72,1,1779002503
CGPTUSDT,crypto,1772409600,39.56,8.94,0.494,0.02093,1.849,0.0,0.885,0.226,0.0,0.334,0,1779002503
CGPTUSDT,crypto,1772496000,49.61,12.28,0.62,0.02194,4.826,0.0,1.036,0.355,0.0,-5.515,-1,1779002503
CGPTUSDT,crypto,1772582400,58.64,18.39,0.733,0.02279,3.874,0.0,2.421,0.419,0.0,-7.942,-1,1779002503
CGPTUSDT,crypto,1772668800,27.94,12.0,0.349,0.02163,-5.09,0.0,0.723,0.419,0.0,-1.479,0,1779002503
CGPTUSDT,crypto,1772755200,32.51,7.77,0.406,0.02152,-0.509,0.0,0.651,0.226,0.0,1.812,0,1779002503
CGPTUSDT,crypto,1772841600,25.1,5.65,0.314,0.021,-2.416,0.0,0.356,0.194,0.0,3.095,1,1779002503
CGPTUSDT,crypto,1772928000,23.79,2.25,0.297,0.02073,-1.286,0.0,0.321,0.032,0.0,10.034,1,1779002503
CGPTUSDT,crypto,1773014400,29.35,2.54,0.367,0.02098,1.206,0.0,0.379,0.032,0.0,4.719,1,1779002503
CGPTUSDT,crypto,1773100800,31.31,3.48,0.391,0.02131,1.573,0.0,0.437,0.065,0.0,16.987,1,1779002503
CGPTUSDT,crypto,1773187200,36.31,5.06,0.454,0.02191,2.816,0.0,0.625,0.097,0.0,9.311,1,1779002503
CGPTUSDT,crypto,1773273600,26.05,4.25,0.326,0.02165,-1.187,0.0,0.334,0.129,0.0,7.667,1,1779002503
CGPTUSDT,crypto,1773360000,43.03,7.49,0.538,0.02281,5.358,0.0,0.465,0.258,0.0,-2.324,0,1779002503
CGPTUSDT,crypto,1773446400,23.71,6.87,0.296,0.02197,-3.683,0.0,0.341,0.258,0.0,-2.094,0,1779002503
CGPTUSDT,crypto,1773532800,65.68,21.83,0.821,0.02493,13.473,0.0,1.27,0.774,0.0,-14.12,-1,1779002503
CGPTUSDT,crypto,1773619200,48.19,23.55,0.602,0.02395,-3.931,0.0,2.885,0.677,0.0,-12.61,-1,1779002503
CGPTUSDT,crypto,1773705600,33.32,13.89,0.417,0.02331,-2.672,0.0,0.455,0.581,0.0,-13.771,-1,1779002503
CGPTUSDT,crypto,1773792000,19.6,4.58,0.245,0.02228,-4.419,0.0,0.271,0.161,0.0,-7.765,-1,1779002503
CGPTUSDT,crypto,1773878400,20.38,3.37,0.255,0.02151,-3.456,0.0,0.286,0.097,0.0,-2.743,0,1779002503
CGPTUSDT,crypto,1773964800,27.28,4.47,0.341,0.02141,-0.465,0.0,0.248,0.161,0.0,-0.327,0,1779002503
CGPTUSDT,crypto,1774051200,23.1,3.51,0.289,0.02093,-2.242,0.0,0.315,0.097,0.0,-4.826,-1,1779002503
CGPTUSDT,crypto,1774137600,26.0,8.3,0.325,0.0201,-3.966,0.0,0.627,0.258,0.0,-4.229,-1,1779002503
CGPTUSDT,crypto,1774224000,40.15,11.1,0.502,0.02055,2.239,0.0,0.414,0.452,0.0,-7.64,-1,1779002503
CGPTUSDT,crypto,1774310400,43.51,13.54,0.544,0.02092,1.8,0.0,0.773,0.484,0.0,-13.767,-1,1779002503
CGPTUSDT,crypto,1774396800,43.04,13.1,0.538,0.02134,2.008,0.0,0.684,0.484,0.0,-14.527,-1,1779002503
CGPTUSDT,crypto,1774483200,31.69,18.34,0.396,0.01992,-6.654,0.0,0.83,0.71,0.0,-6.376,-1,1779002503
CGPTUSDT,crypto,1774569600,40.72,22.47,0.509,0.01925,-3.363,0.0,0.495,1.0,0.0,-2.857,0,1779002503
CGPTUSDT,crypto,1774656000,43.6,21.95,0.545,0.01898,-1.403,0.0,0.39,1.0,0.0,-3.583,-1,1779002503
CGPTUSDT,crypto,1774742400,41.14,24.27,0.514,0.01804,-4.953,0.0,0.855,1.0,0.0,2.494,0,1779002503
CGPTUSDT,crypto,1774828800,51.21,23.24,0.64,0.01824,1.109,0.0,0.649,1.0,0.0,1.096,0,1779002503
CGPTUSDT,crypto,1774915200,52.97,22.99,0.662,0.01865,2.248,0.0,0.597,1.0,0.0,-0.536,0,1779002503
CGPTUSDT,crypto,1775001600,48.21,22.59,0.603,0.0187,0.268,0.0,0.517,1.0,0.0,1.497,0,1779002503
CGPTUSDT,crypto,1775088000,44.16,22.97,0.552,0.0183,-2.139,0.0,0.593,1.0,0.0,7.705,1,1779002503
CGPTUSDT,crypto,1775174400,50.45,22.94,0.631,0.01849,1.038,0.0,0.588,1.0,0.0,9.41,1,1779002503
CGPTUSDT,crypto,1775260800,44.1,19.78,0.551,0.01844,-0.27,0.0,0.473,0.871,0.0,11.605,1,1779002503
CGPTUSDT,crypto,1775347200,45.88,18.83,0.573,0.01855,0.597,0.0,0.67,0.774,0.0,9.111,1,1779002503
CGPTUSDT,crypto,1775433600,54.87,20.96,0.686,0.01898,2.318,0.0,1.354,0.71,0.0,6.691,1,1779002503
CGPTUSDT,crypto,1775520000,51.22,16.64,0.64,0.01971,3.846,0.0,0.877,0.613,0.0,-2.79,0,1779002503
CGPTUSDT,crypto,1775606400,57.45,19.68,0.718,0.02023,2.638,0.0,3.499,0.484,0.0,-2.373,0,1779002503
CGPTUSDT,crypto,1775692800,49.16,14.5,0.614,0.02058,1.73,0.0,1.739,0.29,0.0,0.875,0,1779002503
CGPTUSDT,crypto,1775779200,31.51,8.09,0.394,0.02024,-1.652,0.0,0.844,0.194,0.0,4.595,1,1779002503
CGPTUSDT,crypto,1775865600,32.15,6.71,0.402,0.02025,0.049,0.0,0.568,0.194,0.0,11.358,1,1779002503
CGPTUSDT,crypto,1775952000,22.39,5.97,0.28,0.01916,-5.383,0.0,0.936,0.065,0.0,16.701,1,1779002503
CGPTUSDT,crypto,1776038400,38.69,5.34,0.484,0.01975,3.079,0.0,0.938,0.032,0.0,9.519,1,1779002503
CGPTUSDT,crypto,1776124800,51.14,9.66,0.639,0.02076,5.114,5e-05,1.802,0.032,0.0,-0.482,0,1779002503
CGPTUSDT,crypto,1776211200,44.95,10.34,0.562,0.02117,1.975,5e-05,1.682,0.097,0.0,0.331,0,1779002503
CGPTUSDT,crypto,1776297600,60.77,19.19,0.76,0.02255,6.519,5e-05,1.258,0.645,0.0,-6.563,-1,1779002503
CGPTUSDT,crypto,1776384000,46.51,20.07,0.581,0.02236,-0.843,5e-05,1.175,0.71,0.0,-1.431,0,1779002503
CGPTUSDT,crypto,1776470400,39.91,19.19,0.499,0.02163,-3.265,5e-05,0.999,0.71,0.0,10.171,1,1779002503
CGPTUSDT,crypto,1776556800,33.55,16.27,0.419,0.02066,-4.485,5e-05,0.801,0.613,-0.007161,16.602,1,1779002503
CGPTUSDT,crypto,1776643200,46.32,15.04,0.579,0.02124,2.807,5e-05,0.684,0.581,-0.001733,20.056,1,1779002503
CGPTUSDT,crypto,1776729600,38.12,13.89,0.476,0.02107,-0.8,5e-05,0.714,0.516,0.049591,18.035,1,1779002503
CGPTUSDT,crypto,1776816000,59.12,18.67,0.739,0.02204,4.604,5e-05,1.799,0.484,0.017689,23.82,1,1779002503
CGPTUSDT,crypto,1776902400,69.51,22.26,0.869,0.02383,8.122,5e-05,2.594,0.613,-0.023995,12.547,1,1779002503
CGPTUSDT,crypto,1776988800,59.27,24.84,0.741,0.02409,1.091,5e-05,2.374,0.742,0.118508,11.955,1,1779002503
CGPTUSDT,crypto,1777075200,65.65,23.91,0.821,0.0255,5.853,5e-05,1.557,0.806,-0.057026,10.314,1,1779002503
CGPTUSDT,crypto,1777161600,47.97,23.39,0.6,0.02487,-2.471,5e-05,1.453,0.806,0.016503,10.816,1,1779002503
CGPTUSDT,crypto,1777248000,76.6,29.35,0.958,0.02729,9.731,5e-05,2.197,0.968,-0.057064,6.449,1,1779002503
CGPTUSDT,crypto,1777334400,58.81,30.0,0.735,0.02682,-1.722,5e-05,2.498,1.0,0.093331,7.308,1,1779002503
CGPTUSDT,crypto,1777420800,58.93,27.78,0.737,0.02697,0.559,5e-05,1.556,1.0,-0.042917,1.483,0,1779002503
CGPTUSDT,crypto,1777507200,71.3,30.0,0.891,0.02813,4.301,-3.9e-05,5.99,1.0,0.030005,-4.23,-1,1779002503
CGPTUSDT,crypto,1777593600,52.47,27.14,0.656,0.02756,-2.026,5e-05,1.428,1.0,0.045611,2.177,0,1779002503
CGPTUSDT,crypto,1777680000,60.59,23.76,0.757,0.02905,5.406,5e-05,0.752,1.0,-0.047757,6.059,1,1779002503
CGPTUSDT,crypto,1777766400,44.7,21.51,0.559,0.02878,-0.929,5e-05,0.56,0.935,-0.078084,3.544,1,1779002503
CGPTUSDT,crypto,1777852800,35.37,20.17,0.442,0.02737,-4.899,5e-05,0.55,0.871,-0.016341,8.915,1,1779002503
CGPTUSDT,crypto,1777939200,40.61,19.14,0.508,0.02694,-1.571,5e-05,0.473,0.839,0.024968,16.889,1,1779002503
CGPTUSDT,crypto,1778025600,54.56,19.69,0.682,0.02816,4.529,5e-05,0.713,0.806,0.006315,11.435,1,1779002503
CGPTUSDT,crypto,1778112000,72.11,26.14,0.901,0.03081,9.411,5e-05,1.744,0.871,0.006942,2.856,0,1779002503
CGPTUSDT,crypto,1778198400,40.67,20.55,0.508,0.0298,-3.278,5e-05,0.885,0.806,0.13389,9.966,1,1779002503
CGPTUSDT,crypto,1778284800,42.04,16.63,0.525,0.02981,0.034,5e-05,0.617,0.677,-0.0338,23.381,1,1779002503
CGPTUSDT,crypto,1778371200,57.65,18.19,0.721,0.03149,5.636,5e-05,1.187,0.613,-0.029157,35.281,1,1779002503
CGPTUSDT,crypto,1778457600,38.59,14.0,0.482,0.03138,-0.349,5e-05,0.607,0.548,0.040733,5.959,1,1779002503
CGPTUSDT,crypto,1778544000,42.13,14.11,0.527,0.03169,0.988,5e-05,0.758,0.516,-0.009592,23.193,1,1779002503
NEARUSDT,crypto,1762214400,54.12,30.0,0.677,1.83,-4.188,0.0,2.189,1.0,0.0,67.923,1,1779002504
NEARUSDT,crypto,1762300800,68.92,26.65,0.861,1.95,6.557,0.0,1.33,1.0,0.0,42.821,1,1779002504
NEARUSDT,crypto,1762387200,76.78,29.75,0.96,2.094,7.385,0.0,1.951,1.0,0.0,21.585,1,1779002504
NEARUSDT,crypto,1762473600,77.5,30.0,0.969,2.766,32.092,0.0,4.469,1.0,0.0,-8.424,-1,1779002504
NEARUSDT,crypto,1762560000,74.5,30.0,0.931,2.932,6.001,0.0,2.914,1.0,0.0,-16.576,-1,1779002504
NEARUSDT,crypto,1762646400,72.12,30.0,0.901,3.073,4.809,0.0,2.138,1.0,0.0,-23.43,-1,1779002504
NEARUSDT,crypto,1762732800,42.27,27.39,0.528,2.785,-9.372,0.0,1.477,1.0,0.0,-13.609,-1,1779002504
NEARUSDT,crypto,1762819200,34.35,22.31,0.429,2.546,-8.582,0.0,0.907,0.889,0.0,-10.134,-1,1779002504
NEARUSDT,crypto,1762905600,43.94,19.23,0.549,2.533,-0.511,0.0,0.646,0.8,0.0,-10.383,-1,1779002504
NEARUSDT,crypto,1762992000,36.15,17.53,0.452,2.446,-3.435,0.0,0.597,0.727,0.0,-6.95,-1,1779002504
NEARUSDT,crypto,1763078400,35.23,16.83,0.44,2.353,-3.802,0.0,0.7,0.667,0.0,0.935,0,1779002504
NEARUSDT,crypto,1763164800,47.07,16.19,0.588,2.406,2.252,0.0,0.776,0.615,0.0,-13.84,-1,1779002504
NEARUSDT,crypto,1763251200,35.43,18.51,0.443,2.288,-4.904,0.0,0.845,0.714,0.0,-18.575,-1,1779002504
NEARUSDT,crypto,1763337600,39.66,14.7,0.496,2.27,-0.787,0.0,0.807,0.533,0.0,-18.943,-1,1779002504
NEARUSDT,crypto,1763424000,41.06,14.02,0.513,2.276,0.264,0.0,0.803,0.5,0.0,-19.991,-1,1779002504
NEARUSDT,crypto,1763510400,49.15,13.68,0.614,2.375,4.35,0.0,0.853,0.471,0.0,-19.789,-1,1779002504
NEARUSDT,crypto,1763596800,27.74,15.12,0.347,2.073,-12.716,0.0,1.024,0.5,0.0,-7.767,-1,1779002504
NEARUSDT,crypto,1763683200,39.95,26.22,0.499,1.863,-10.13,0.0,1.245,1.0,0.0,3.918,1,1779002504
NEARUSDT,crypto,1763769600,44.87,22.42,0.561,1.84,-1.235,0.0,0.484,1.0,0.0,3.478,1,1779002504
NEARUSDT,crypto,1763856000,44.41,21.99,0.555,1.821,-1.033,0.0,0.398,1.0,0.0,3.075,1,1779002504
NEARUSDT,crypto,1763942400,57.92,22.65,0.724,1.905,4.613,0.0,0.711,0.955,0.0,-2.94,0,1779002504
NEARUSDT,crypto,1764028800,49.12,22.51,0.614,1.912,0.367,0.0,0.675,0.957,0.0,-5.701,-1,1779002504
NEARUSDT,crypto,1764115200,49.54,22.27,0.619,1.936,1.255,0.0,0.453,1.0,0.0,-16.116,-1,1779002504
NEARUSDT,crypto,1764201600,42.17,21.49,0.527,1.904,-1.653,0.0,0.297,1.0,0.0,-5.252,-1,1779002504
NEARUSDT,crypto,1764288000,39.9,17.81,0.499,1.877,-1.418,0.0,0.485,0.769,0.0,-1.705,0,1779002504
NEARUSDT,crypto,1764374400,28.31,6.99,0.354,1.849,-1.492,0.0,0.361,0.259,0.0,-2.92,0,1779002504
NEARUSDT,crypto,1764460800,27.58,7.53,0.345,1.803,-2.488,0.0,0.505,0.25,0.0,-6.822,-1,1779002504
NEARUSDT,crypto,1764547200,25.19,11.6,0.315,1.624,-9.928,0.0,1.217,0.276,0.0,5.111,1,1779002504
NEARUSDT,crypto,1764633600,52.53,9.85,0.657,1.804,11.084,0.0,1.036,0.233,0.0,-5.71,-1,1779002504
NEARUSDT,crypto,1764720000,40.04,8.75,0.5,1.845,2.273,0.0,0.848,0.226,0.0,-5.474,-1,1779002504
NEARUSDT,crypto,1764806400,28.57,7.68,0.357,1.795,-2.71,0.0,0.762,0.194,0.0,0.836,0,1779002504
NEARUSDT,crypto,1764892800,21.09,6.99,0.264,1.68,-6.407,0.0,0.882,0.129,0.0,4.643,1,1779002504
NEARUSDT,crypto,1764979200,32.18,4.2,0.402,1.707,1.607,0.0,0.453,0.097,0.0,-1.992,0,1779002504
NEARUSDT,crypto,1765065600,30.42,4.96,0.38,1.701,-0.351,0.0,0.734,0.065,0.0,-3.821,-1,1779002504
NEARUSDT,crypto,1765152000,35.02,4.05,0.438,1.744,2.528,0.0,0.682,0.032,0.0,-4.587,-1,1779002504
NEARUSDT,crypto,1765238400,41.0,5.79,0.512,1.81,3.784,0.0,1.028,0.032,0.0,-12.155,-1,1779002504
NEARUSDT,crypto,1765324800,27.0,5.44,0.337,1.758,-2.873,0.0,0.96,0.032,0.0,-12.287,-1,1779002504
NEARUSDT,crypto,1765411200,25.7,7.08,0.321,1.673,-4.835,0.0,1.158,0.065,0.0,-6.216,-1,1779002504
NEARUSDT,crypto,1765497600,30.65,7.26,0.383,1.636,-2.212,0.0,1.064,0.097,0.0,-9.474,-1,1779002504
NEARUSDT,crypto,1765584000,34.01,5.33,0.425,1.664,1.711,0.0,0.55,0.129,0.0,-14.183,-1,1779002504
NEARUSDT,crypto,1765670400,24.61,7.44,0.308,1.59,-4.447,0.0,0.713,0.194,0.0,-3.27,-1,1779002504
NEARUSDT,crypto,1765756800,35.63,11.84,0.445,1.542,-3.019,0.0,1.465,0.226,0.0,-1.297,0,1779002504
NEARUSDT,crypto,1765843200,43.0,10.75,0.537,1.569,1.751,0.0,1.248,0.226,0.0,-3.888,-1,1779002504
NEARUSDT,crypto,1765929600,33.11,13.82,0.414,1.481,-5.609,0.0,1.602,0.29,0.0,1.553,0,1779002504
NEARUSDT,crypto,1766016000,41.78,16.44,0.522,1.428,-3.579,0.0,1.998,0.323,0.0,4.062,1,1779002504
NEARUSDT,crypto,1766102400,58.16,13.56,0.727,1.538,7.703,0.0,1.421,0.323,0.0,-5.527,-1,1779002504
NEARUSDT,crypto,1766188800,32.71,9.69,0.409,1.522,-1.04,0.0,0.519,0.355,0.0,-5.65,-1,1779002504
NEARUSDT,crypto,1766275200,37.58,12.65,0.47,1.508,-0.92,0.0,0.853,0.419,0.0,0.663,0,1779002504
NEARUSDT,crypto,1766361600,42.8,14.61,0.535,1.504,-0.265,0.0,1.245,0.419,0.0,5.918,1,1779002504
NEARUSDT,crypto,1766448000,39.42,13.21,0.493,1.486,-1.197,0.0,1.222,0.355,0.0,6.393,1,1779002504
NEARUSDT,crypto,1766534400,33.98,11.19,0.425,1.453,-2.221,0.0,0.947,0.323,0.0,4.749,1,1779002504
NEARUSDT,crypto,1766620800,38.75,14.13,0.484,1.436,-1.17,0.0,0.891,0.484,0.0,5.501,1,1779002504
NEARUSDT,crypto,1766707200,56.32,16.04,0.704,1.518,5.71,0.0,1.272,0.484,0.0,-0.329,0,1779002504
NEARUSDT,crypto,1766793600,44.84,9.46,0.561,1.593,4.941,0.0,0.601,0.323,0.0,2.134,0,1779002504
NEARUSDT,crypto,1766880000,34.09,9.77,0.426,1.581,-0.753,0.0,0.664,0.323,0.0,6.894,1,1779002504
NEARUSDT,crypto,1766966400,27.93,7.74,0.349,1.522,-3.732,0.0,1.031,0.129,0.0,12.286,1,1779002504
NEARUSDT,crypto,1767052800,29.1,4.08,0.364,1.515,-0.46,0.0,0.687,0.032,0.0,13.993,1,1779002504
NEARUSDT,crypto,1767139200,31.1,4.75,0.389,1.513,-0.132,0.0,0.822,0.032,0.0,17.052,1,1779002504
NEARUSDT,crypto,1767225600,47.72,5.43,0.597,1.627,7.535,0.0,0.958,0.032,0.0,11.125,1,1779002504
NEARUSDT,crypto,1767312000,41.74,6.72,0.522,1.69,3.872,0.0,0.956,0.097,0.0,1.834,0,1779002504
NEARUSDT,crypto,1767398400,34.19,6.66,0.427,1.709,1.124,0.0,0.557,0.194,0.0,-1.463,0,1779002504
NEARUSDT,crypto,1767484800,38.24,10.04,0.478,1.727,1.053,0.0,0.718,0.323,0.0,-1.39,0,1779002504
NEARUSDT,crypto,1767571200,49.6,16.16,0.62,1.771,2.548,0.0,1.168,0.516,0.0,-4.743,-1,1779002504
NEARUSDT,crypto,1767657600,53.65,21.55,0.671,1.808,2.089,0.0,1.084,0.806,0.0,-5.918,-1,1779002504
NEARUSDT,crypto,1767744000,33.91,17.29,0.424,1.721,-4.812,0.0,0.748,0.677,0.0,-2.847,0,1779002504
NEARUSDT,crypto,1767830400,42.62,19.95,0.533,1.684,-2.15,0.0,0.894,0.774,0.0,10.333,1,1779002504
NEARUSDT,crypto,1767916800,48.83,19.78,0.61,1.703,1.128,0.0,0.859,0.774,0.0,5.578,1,1779002504
NEARUSDT,crypto,1768003200,37.22,14.43,0.465,1.687,-0.94,0.0,0.434,0.613,0.0,1.956,0,1779002504
NEARUSDT,crypto,1768089600,40.57,13.37,0.507,1.701,0.83,0.0,0.609,0.516,0.0,1.764,0,1779002504
NEARUSDT,crypto,1768176000,43.0,16.79,0.537,1.672,-1.705,0.0,1.423,0.484,0.0,4.725,1,1779002504
NEARUSDT,crypto,1768262400,63.78,17.98,0.797,1.858,11.124,0.0,1.661,0.484,0.0,-12.433,-1,1779002504
NEARUSDT,crypto,1768348800,33.77,11.77,0.422,1.798,-3.229,0.0,1.192,0.29,0.0,-11.179,-1,1779002504
NEARUSDT,crypto,1768435200,29.69,10.52,0.371,1.72,-4.338,0.0,1.071,0.258,0.0,-12.5,-1,1779002504
NEARUSDT,crypto,1768521600,37.17,9.28,0.465,1.731,0.64,0.0,0.823,0.258,0.0,-11.785,-1,1779002504
NEARUSDT,crypto,1768608000,36.97,8.34,0.462,1.751,1.155,0.0,0.765,0.226,0.0,-13.592,-1,1779002504
NEARUSDT,crypto,1768694400,21.8,8.67,0.273,1.627,-7.082,0.0,0.96,0.194,0.0,-7.376,-1,1779002504
NEARUSDT,crypto,1768780800,40.18,12.3,0.502,1.597,-1.844,0.0,1.815,0.161,0.0,-5.823,-1,1779002504
NEARUSDT,crypto,1768867200,27.94,10.41,0.349,1.505,-5.761,0.0,1.309,0.194,0.0,-4.585,-1,1779002504
NEARUSDT,crypto,1768953600,43.18,11.78,0.54,1.527,1.462,0.0,1.195,0.29,0.0,-4.322,-1,1779002504
NEARUSDT,crypto,1769040000,36.47,12.42,0.456,1.513,-0.917,0.0,0.678,0.452,0.0,-1.52,0,1779002504
NEARUSDT,crypto,1769126400,40.4,14.83,0.505,1.507,-0.397,0.0,0.772,0.548,0.0,-1.194,0,1779002504
NEARUSDT,crypto,1769212800,39.03,15.24,0.488,1.504,-0.199,0.0,0.338,0.677,0.0,-8.577,-1,1779002504
NEARUSDT,crypto,1769299200,42.66,24.6,0.533,1.436,-4.521,0.0,0.92,1.0,0.0,-8.008,-1,1779002504
NEARUSDT,crypto,1769385600,53.51,23.77,0.669,1.461,1.741,0.0,0.753,1.0,0.0,-17.454,-1,1779002504
NEARUSDT,crypto,1769472000,53.21,23.37,0.665,1.49,1.985,0.0,0.674,1.0,0.0,-21.275,-1,1779002504
NEARUSDT,crypto,1769558400,49.92,23.77,0.624,1.489,-0.067,0.0,0.755,1.0,0.0,-19.409,-1,1779002504
NEARUSDT,crypto,1769644800,42.42,27.46,0.53,1.375,-7.656,0.0,1.492,1.0,0.0,-14.473,-1,1779002504
NEARUSDT,crypto,1769731200,51.5,28.43,0.644,1.321,-3.927,0.0,1.686,1.0,0.0,-12.263,-1,1779002504
NEARUSDT,crypto,1769817600,47.5,30.0,0.594,1.206,-8.706,0.0,2.297,1.0,0.0,-19.071,-1,1779002504
NEARUSDT,crypto,1769904000,48.9,25.93,0.611,1.173,-2.736,0.0,1.187,1.0,0.0,-7.332,-1,1779002504
NEARUSDT,crypto,1769990400,60.49,26.7,0.756,1.2,2.302,0.0,1.339,1.0,0.0,-10.583,-1,1779002504
NEARUSDT,crypto,1770076800,54.53,28.01,0.682,1.176,-2.0,0.0,1.603,1.0,0.0,-11.82,-1,1779002504
NEARUSDT,crypto,1770163200,52.98,26.68,0.662,1.159,-1.446,0.0,1.337,1.0,0.0,-11.217,-1,1779002504
NEARUSDT,crypto,1770249600,47.5,30.0,0.594,0.976,-15.789,0.0,3.298,1.0,0.0,1.537,0,1779002504
NEARUSDT,crypto,1770336000,76.85,29.35,0.961,1.087,11.373,0.0,3.132,0.968,0.0,-11.592,-1,1779002504
NEARUSDT,crypto,1770422400,51.31,25.69,0.641,1.073,-1.288,0.0,1.138,1.0,0.0,-10.345,-1,1779002504
NEARUSDT,crypto,1770508800,40.94,22.57,0.512,1.037,-3.355,0.0,0.515,1.0,0.0,-1.35,0,1779002504
NEARUSDT,crypto,1770595200,49.4,24.22,0.617,1.029,-0.771,0.0,0.844,1.0,0.0,5.442,1,1779002504
NEARUSDT,crypto,1770681600,42.28,23.58,0.529,0.991,-3.693,0.0,0.717,1.0,0.0,6.458,1,1779002504
NEARUSDT,crypto,1770768000,44.37,23.96,0.555,0.961,-3.027,0.0,0.792,1.0,0.0,9.886,1,1779002504
NEARUSDT,crypto,1770854400,52.28,24.78,0.653,0.962,0.104,0.0,0.957,1.0,0.0,8.524,1,1779002504
NEARUSDT,crypto,1770940800,62.02,22.77,0.775,1.023,6.341,0.0,0.813,0.935,0.0,-0.587,0,1779002504
NEARUSDT,crypto,1771027200,60.14,21.47,0.752,1.085,6.061,0.0,0.81,0.871,0.0,-7.189,-1,1779002504
NEARUSDT,crypto,1771113600,40.7,19.61,0.509,1.055,-2.765,0.0,0.824,0.774,0.0,-0.19,0,1779002504
NEARUSDT,crypto,1771200000,42.53,16.37,0.532,1.056,0.095,0.0,0.694,0.645,0.0,0.189,0,1779002504
NEARUSDT,crypto,1771286400,35.25,12.03,0.441,1.044,-1.136,0.0,0.599,0.452,0.0,-2.107,0,1779002504
NEARUSDT,crypto,1771372800,31.09,10.75,0.389,1.017,-2.586,0.0,0.602,0.387,0.0,-3.638,-1,1779002504
NEARUSDT,crypto,1771459200,31.55,7.77,0.394,1.007,-0.983,0.0,0.65,0.226,0.0,-4.171,-1,1779002504
NEARUSDT,crypto,1771545600,43.24,7.42,0.541,1.053,4.568,0.0,0.838,0.161,0.0,11.396,1,1779002504
NEARUSDT,crypto,1771632000,33.66,6.07,0.421,1.058,0.475,0.0,0.827,0.097,0.0,6.427,1,1779002504
NEARUSDT,crypto,1771718400,21.72,3.33,0.271,1.022,-3.403,0.0,0.538,0.032,0.0,7.045,1,1779002504
NEARUSDT,crypto,1771804800,25.81,6.09,0.323,0.98,-4.11,0.0,1.088,0.032,0.0,19.49,1,1779002504
NEARUSDT,crypto,1771891200,28.86,5.03,0.361,0.965,-1.531,0.0,0.878,0.032,0.0,19.067,1,1779002504
NEARUSDT,crypto,1771977600,59.44,11.94,0.743,1.173,21.554,0.0,2.179,0.097,0.0,15.686,1,1779002504
NEARUSDT,crypto,1772064000,33.66,10.88,0.421,1.126,-4.007,0.0,1.659,0.129,0.0,20.426,1,1779002504
NEARUSDT,crypto,1772150400,32.67,9.54,0.408,1.094,-2.842,0.0,1.263,0.161,0.0,19.744,1,1779002504
NEARUSDT,crypto,1772236800,59.78,13.86,0.747,1.171,7.038,0.0,1.869,0.226,0.0,8.625,1,1779002504
NEARUSDT,crypto,1772323200,41.66,14.36,0.521,1.149,-1.879,0.0,1.711,0.29,0.0,6.614,1,1779002504
NEARUSDT,crypto,1772409600,65.24,17.74,0.816,1.357,18.103,0.0,3.391,0.387,0.0,-10.538,-1,1779002504
NEARUSDT,crypto,1772496000,51.38,19.03,0.642,1.356,-0.074,0.0,2.754,0.452,0.0,-10.767,-1,1779002504
NEARUSDT,crypto,1772582400,41.05,17.83,0.513,1.31,-3.392,0.0,1.501,0.516,0.0,-5.878,-1,1779002504
NEARUSDT,crypto,1772668800,38.93,16.6,0.487,1.272,-2.901,0.0,1.127,0.548,0.0,0.943,0,1779002504
NEARUSDT,crypto,1772755200,34.21,15.36,0.428,1.225,-3.695,0.0,0.749,0.581,0.0,5.959,1,1779002504
NEARUSDT,crypto,1772841600,35.71,13.31,0.446,1.214,-0.898,0.0,0.34,0.581,0.0,12.603,1,1779002504
NEARUSDT,crypto,1772928000,39.39,14.26,0.492,1.21,-0.329,0.0,0.658,0.548,0.0,10.248,1,1779002504
NEARUSDT,crypto,1773014400,46.93,15.8,0.587,1.233,1.901,0.0,0.966,0.548,0.0,7.299,1,1779002504
NEARUSDT,crypto,1773100800,50.29,14.92,0.629,1.284,4.136,0.0,0.919,0.516,0.0,4.984,1,1779002504
NEARUSDT,crypto,1773187200,41.17,13.29,0.515,1.298,1.09,8.2e-05,0.722,0.484,0.0,14.792,1,1779002504
NEARUSDT,crypto,1773273600,52.39,14.45,0.655,1.367,5.316,-0.000136,0.826,0.516,0.0,6.218,1,1779002504
NEARUSDT,crypto,1773360000,36.04,13.83,0.45,1.334,-2.414,5e-05,0.959,0.452,0.0,3.823,1,1779002504
NEARUSDT,crypto,1773446400,33.75,11.22,0.422,1.323,-0.825,0.0001,0.437,0.452,0.0,0.831,0,1779002504
NEARUSDT,crypto,1773532800,40.7,11.28,0.509,1.348,1.89,7.9e-05,0.707,0.387,0.0,-2.448,0,1779002504
NEARUSDT,crypto,1773619200,56.87,13.8,0.711,1.49,10.534,0.0001,1.212,0.387,0.0,-14.094,-1,1779002504
NEARUSDT,crypto,1773705600,32.5,11.99,0.406,1.452,-2.55,0.0001,0.721,0.419,0.0,-12.328,-1,1779002504
NEARUSDT,crypto,1773792000,29.85,12.02,0.373,1.385,-4.614,-5.7e-05,0.855,0.387,0.0,-5.415,-1,1779002504
NEARUSDT,crypto,1773878400,28.9,10.68,0.361,1.334,-3.682,0.0001,0.717,0.355,0.0,-3.298,-1,1779002504
NEARUSDT,crypto,1773964800,32.46,9.39,0.406,1.315,-1.424,3.3e-05,0.717,0.29,0.0,-2.738,0,1779002504
NEARUSDT,crypto,1774051200,24.98,6.35,0.312,1.28,-2.662,7.6e-05,0.367,0.226,0.0,-4.453,-1,1779002504
NEARUSDT,crypto,1774137600,31.86,8.06,0.398,1.273,-0.547,0.0001,0.579,0.258,0.0,-7.384,-1,1779002504
NEARUSDT,crypto,1774224000,42.77,9.05,0.535,1.31,2.907,-0.000174,0.907,0.226,0.0,-10.534,-1,1779002504
NEARUSDT,crypto,1774310400,31.99,9.28,0.4,1.29,-1.527,4.3e-05,0.695,0.29,0.0,-9.767,-1,1779002504
NEARUSDT,crypto,1774396800,33.85,8.34,0.423,1.279,-0.853,-0.000179,0.765,0.226,0.0,-9.304,-1,1779002504
NEARUSDT,crypto,1774483200,26.0,8.96,0.325,1.223,-4.378,0.0001,0.76,0.258,0.0,-2.862,0,1779002504
NEARUSDT,crypto,1774569600,29.65,10.65,0.371,1.179,-3.598,0.0001,0.84,0.323,0.0,0.933,0,1779002504
NEARUSDT,crypto,1774656000,33.37,9.39,0.417,1.172,-0.594,-7.4e-05,0.459,0.355,0.0,-0.853,0,1779002504
NEARUSDT,crypto,1774742400,36.5,12.13,0.456,1.164,-0.683,0.0001,0.748,0.419,0.0,3.78,1,1779002504
NEARUSDT,crypto,1774828800,40.22,13.72,0.503,1.16,-0.344,-1e-06,0.937,0.452,0.0,8.103,1,1779002504
NEARUSDT,crypto,1774915200,45.62,13.7,0.57,1.188,2.414,1.4e-05,0.933,0.452,0.0,4.882,1,1779002504
NEARUSDT,crypto,1775001600,40.49,13.19,0.506,1.19,0.168,-6.1e-05,0.832,0.452,0.0,4.874,1,1779002504
NEARUSDT,crypto,1775088000,37.12,14.75,0.464,1.162,-2.353,0.0001,1.015,0.484,0.0,12.651,1,1779002504
NEARUSDT,crypto,1775174400,49.26,14.72,0.616,1.208,3.959,5.5e-05,0.88,0.516,0.0,10.017,1,1779002504
NEARUSDT,crypto,1775260800,47.77,13.92,0.597,1.254,3.808,0.0001,0.848,0.484,0.0,8.931,1,1779002504
NEARUSDT,crypto,1775347200,35.76,10.6,0.447,1.246,-0.638,4.2e-05,0.829,0.323,0.0,9.149,1,1779002504
NEARUSDT,crypto,1775433600,34.39,6.36,0.43,1.248,0.161,0.0001,1.143,0.032,0.0,12.34,1,1779002504
NEARUSDT,crypto,1775520000,45.38,7.12,0.567,1.309,4.888,0.0001,1.296,0.032,0.0,2.75,0,1779002504
NEARUSDT,crypto,1775606400,40.57,8.08,0.507,1.329,1.528,0.0001,1.487,0.032,0.0,6.622,1,1779002504
NEARUSDT,crypto,1775692800,43.56,8.96,0.544,1.366,2.784,0.0001,1.405,0.097,0.0,-0.512,0,1779002504
NEARUSDT,crypto,1775779200,36.33,9.2,0.454,1.36,-0.439,9.2e-05,1.194,0.161,0.0,3.603,1,1779002504
NEARUSDT,crypto,1775865600,48.18,14.52,0.602,1.402,3.088,0.0001,1.098,0.452,0.0,2.068,0,1779002504
NEARUSDT,crypto,1775952000,33.01,14.41,0.413,1.345,-4.066,0.0001,0.947,0.484,0.0,4.535,1,1779002504
NEARUSDT,crypto,1776038400,57.39,18.73,0.717,1.417,5.353,7.3e-05,1.164,0.645,0.0,-5.222,-1,1779002504
NEARUSDT,crypto,1776124800,39.61,19.66,0.495,1.359,-4.093,-3.3e-05,1.094,0.71,0.0,-2.502,0,1779002504
NEARUSDT,crypto,1776211200,53.4,19.56,0.668,1.409,3.679,1.7e-05,0.814,0.774,0.0,-3.407,-1,1779002504
NEARUSDT,crypto,1776297600,52.47,22.06,0.656,1.431,1.561,0.0001,1.058,0.839,0.0,-3.215,-1,1779002504
NEARUSDT,crypto,1776384000,45.73,22.0,0.572,1.406,-1.747,0.0001,1.045,0.839,0.0,-0.356,0,1779002504
NEARUSDT,crypto,1776470400,38.47,19.89,0.481,1.343,-4.481,3e-06,1.011,0.742,0.0,4.617,1,1779002504
NEARUSDT,crypto,1776556800,41.49,16.66,0.519,1.325,-1.34,-0.000124,0.88,0.613,-0.009394,6.264,1,1779002504
NEARUSDT,crypto,1776643200,44.97,12.78,0.562,1.361,2.717,-0.0001,0.75,0.452,0.026219,2.939,0,1779002504
NEARUSDT,crypto,1776729600,40.45,10.69,0.506,1.385,1.763,0.0001,0.848,0.323,0.006746,0.65,0,1779002504
NEARUSDT,crypto,1776816000,33.97,5.53,0.425,1.401,1.155,-8e-06,0.719,0.097,-0.037295,-2.641,0,1779002504
NEARUSDT,crypto,1776902400,32.66,5.11,0.408,1.405,0.286,-1e-06,0.894,0.032,-0.049313,-4.128,-1,1779002504
NEARUSDT,crypto,1776988800,28.85,3.53,0.361,1.408,0.214,0.0001,0.578,0.032,-0.027043,-5.753,-1,1779002504
NEARUSDT,crypto,1777075200,25.37,2.38,0.317,1.401,-0.497,5.1e-05,0.347,0.032,-0.0205,-7.423,-1,1779002504
NEARUSDT,crypto,1777161600,25.62,2.63,0.32,1.394,-0.5,0.0001,0.397,0.032,-0.008877,-7.604,-1,1779002504
NEARUSDT,crypto,1777248000,25.55,4.25,0.319,1.364,-2.152,0.0001,0.72,0.032,0.026761,-4.839,-1,1779002504
NEARUSDT,crypto,1777334400,25.47,3.3,0.318,1.347,-1.246,0.0001,0.532,0.032,0.060899,-5.345,-1,1779002504
NEARUSDT,crypto,1777420800,29.34,6.1,0.367,1.327,-1.485,9.1e-05,0.833,0.097,0.029152,-4.898,-1,1779002504
NEARUSDT,crypto,1777507200,25.63,5.53,0.32,1.297,-2.261,3.5e-05,0.46,0.161,-0.002221,-0.154,0,1779002504
NEARUSDT,crypto,1777593600,31.67,7.19,0.396,1.288,-0.694,-1e-05,0.664,0.194,0.019613,15.528,1,1779002504
NEARUSDT,crypto,1777680000,33.69,6.89,0.421,1.298,0.776,-7.5e-05,0.475,0.226,0.005625,13.251,1,1779002504
NEARUSDT,crypto,1777766400,30.67,8.56,0.383,1.275,-1.772,-7.9e-05,0.551,0.29,0.027124,25.176,1,1779002504
NEARUSDT,crypto,1777852800,43.29,14.21,0.541,1.262,-1.02,-0.000175,1.551,0.323,0.014659,24.089,1,1779002504
NEARUSDT,crypto,1777939200,44.7,12.51,0.559,1.295,2.615,6.1e-05,0.953,0.387,0.004316,20.695,1,1779002504
NEARUSDT,crypto,1778025600,66.03,19.03,0.825,1.488,14.903,0.0001,3.862,0.452,-0.026081,3.965,1,1779002504
NEARUSDT,crypto,1778112000,47.7,18.9,0.596,1.47,-1.21,0.0001,1.844,0.484,-0.044982,9.32,1,1779002504
NEARUSDT,crypto,1778198400,69.71,22.75,0.871,1.596,8.571,-5.1e-05,1.841,0.677,-0.021063,-1.316,0,1779002504
NEARUSDT,crypto,1778284800,45.09,21.41,0.564,1.566,-1.88,6.9e-05,1.056,0.806,-0.025985,0.383,0,1779002504
NEARUSDT,crypto,1778371200,51.32,23.76,0.641,1.563,-0.192,5.1e-05,1.139,0.903,-0.073008,-1.28,0,1779002504
NEARUSDT,crypto,1778457600,51.6,25.75,0.645,1.547,-1.024,7.1e-05,1.15,1.0,-0.000505,-3.297,-1,1779002504
NEARUSDT,crypto,1778544000,70.59,30.0,0.882,1.607,3.878,-6.6e-05,2.085,1.0,-0.093305,-4.978,-1,1779002504
BUSDT,crypto,1762214400,34.82,23.66,0.435,0.1683,-8.681,0.0,0.732,1.0,0.0,-15.389,-1,1779002505
BUSDT,crypto,1762300800,39.2,21.38,0.49,0.1632,-3.03,0.0,0.276,1.0,0.0,-8.15,-1,1779002505
BUSDT,crypto,1762387200,38.66,21.69,0.483,0.1573,-3.615,0.0,0.339,1.0,0.0,-3.433,-1,1779002505
BUSDT,crypto,1762473600,54.81,22.02,0.685,0.1638,4.132,0.0,0.404,1.0,0.0,-3.541,-1,1779002505
BUSDT,crypto,1762560000,33.22,22.86,0.415,0.1409,-13.98,0.0,0.572,1.0,0.0,4.542,1,1779002505
BUSDT,crypto,1762646400,51.95,23.66,0.649,0.1424,1.065,0.0,0.732,1.0,0.0,1.475,0,1779002505
BUSDT,crypto,1762732800,58.4,21.43,0.73,0.1499,5.267,0.0,0.787,0.875,0.0,12.675,1,1779002505
BUSDT,crypto,1762819200,50.33,22.58,0.629,0.1519,1.334,0.0,0.516,1.0,0.0,11.587,1,1779002505
BUSDT,crypto,1762905600,54.44,21.96,0.681,0.158,4.016,0.0,0.391,1.0,0.0,4.051,1,1779002505
BUSDT,crypto,1762992000,34.46,22.75,0.431,0.1473,-6.772,0.0,0.551,1.0,0.0,19.959,1,1779002505
BUSDT,crypto,1763078400,43.74,22.52,0.547,0.1445,-1.901,0.0,0.504,1.0,0.0,27.336,1,1779002505
BUSDT,crypto,1763164800,70.4,25.68,0.88,0.1689,16.886,0.0,1.444,0.923,0.0,-4.618,-1,1779002505
BUSDT,crypto,1763251200,49.24,21.59,0.616,0.1695,0.355,0.0,0.889,0.857,0.0,0.236,0,1779002505
BUSDT,crypto,1763337600,36.37,17.94,0.455,0.1644,-3.009,0.0,0.389,0.8,0.0,7.543,1,1779002505
BUSDT,crypto,1763424000,52.01,11.65,0.65,0.1767,7.482,0.0,0.58,0.438,0.0,4.584,1,1779002505
BUSDT,crypto,1763510400,39.85,5.13,0.498,0.184,4.131,0.0,0.791,0.059,0.0,-1.413,0,1779002505
BUSDT,crypto,1763596800,15.49,4.55,0.194,0.1611,-12.446,0.0,0.688,0.056,0.0,19.801,1,1779002505
BUSDT,crypto,1763683200,42.41,5.02,0.53,0.1699,5.462,0.0,0.793,0.053,0.0,-0.706,0,1779002505
BUSDT,crypto,1763769600,37.3,3.84,0.466,0.1768,4.061,0.0,0.568,0.05,0.0,-9.219,-1,1779002505
BUSDT,crypto,1763856000,43.93,7.14,0.549,0.1848,4.525,0.0,1.048,0.095,0.0,-16.991,-1,1779002505
BUSDT,crypto,1763942400,29.55,7.18,0.369,0.1814,-1.84,0.0,0.709,0.182,0.0,-13.065,-1,1779002505
BUSDT,crypto,1764028800,46.19,8.06,0.577,0.193,6.395,0.0,0.569,0.261,0.0,-17.047,-1,1779002505
BUSDT,crypto,1764115200,26.33,11.91,0.329,0.1687,-12.591,0.0,1.383,0.25,0.0,1.66,0,1779002505
BUSDT,crypto,1764201600,28.41,10.62,0.355,0.1605,-4.861,0.0,1.003,0.28,0.0,27.539,1,1779002505
BUSDT,crypto,1764288000,24.74,7.47,0.309,0.1534,-4.424,0.0,0.724,0.192,0.0,52.151,1,1779002505
BUSDT,crypto,1764374400,33.58,3.85,0.42,0.1577,2.803,0.0,0.325,0.111,0.0,50.159,1,1779002505
BUSDT,crypto,1764460800,29.77,2.47,0.372,0.1601,1.522,0.0,0.352,0.036,0.0,50.781,1,1779002505
BUSDT,crypto,1764547200,57.43,10.69,0.718,0.1715,7.121,0.0,9.4,0.034,0.0,30.437,1,1779002505
BUSDT,crypto,1764633600,63.5,16.0,0.794,0.2047,19.359,0.0,7.362,0.3,0.0,19.638,1,1779002505
BUSDT,crypto,1764720000,70.4,22.9,0.88,0.2334,14.021,0.0,2.433,0.645,0.0,4.542,1,1779002505
BUSDT,crypto,1764806400,48.06,19.07,0.601,0.2368,1.457,0.0,0.717,0.774,0.0,-0.549,0,1779002505
BUSDT,crypto,1764892800,50.96,22.29,0.637,0.2414,1.943,0.0,0.457,1.0,0.0,-8.575,-1,1779002505
BUSDT,crypto,1764979200,34.64,23.4,0.433,0.2237,-7.332,0.0,0.68,1.0,0.0,8.985,1,1779002505
BUSDT,crypto,1765065600,63.65,23.08,0.796,0.2449,9.477,0.0,0.615,1.0,0.0,-0.857,0,1779002505
BUSDT,crypto,1765152000,45.48,21.86,0.568,0.244,-0.367,0.0,0.371,1.0,0.0,3.689,1,1779002505
BUSDT,crypto,1765238400,46.31,25.39,0.579,0.2355,-3.484,0.0,1.078,1.0,0.0,0.255,0,1779002505
BUSDT,crypto,1765324800,34.91,21.84,0.436,0.2207,-6.285,0.0,0.626,0.935,0.0,9.515,1,1779002505
BUSDT,crypto,1765411200,69.74,25.47,0.872,0.2438,10.467,0.0,1.353,0.935,0.0,-2.256,0,1779002505
BUSDT,crypto,1765497600,45.21,21.44,0.565,0.2428,-0.41,0.0,0.418,0.968,0.0,-4.819,-1,1779002505
BUSDT,crypto,1765584000,52.55,20.5,0.657,0.253,4.201,0.0,0.229,0.968,0.0,-11.502,-1,1779002505
BUSDT,crypto,1765670400,32.33,20.95,0.404,0.2361,-6.68,0.0,0.448,0.935,0.0,-11.902,-1,1779002505
BUSDT,crypto,1765756800,46.9,18.86,0.586,0.2417,2.372,0.0,0.159,0.903,0.0,-10.799,-1,1779002505
BUSDT,crypto,1765843200,35.75,15.45,0.447,0.2383,-1.407,0.0,0.122,0.742,0.0,-10.869,-1,1779002505
BUSDT,crypto,1765929600,31.43,13.94,0.393,0.2311,-3.021,0.0,0.207,0.645,0.0,-10.645,-1,1779002505
BUSDT,crypto,1766016000,29.02,11.86,0.363,0.2239,-3.116,0.0,0.179,0.548,0.0,-13.756,-1,1779002505
BUSDT,crypto,1766102400,20.22,10.8,0.253,0.208,-7.101,0.0,0.225,0.484,0.0,-8.317,-1,1779002505
BUSDT,crypto,1766188800,36.08,4.75,0.451,0.2156,3.654,0.0,0.304,0.161,0.0,-17.532,-1,1779002505
BUSDT,crypto,1766275200,22.33,1.72,0.279,0.2124,-1.484,0.0,0.215,0.032,0.0,-18.785,-1,1779002505
BUSDT,crypto,1766361600,18.88,1.29,0.236,0.2065,-2.778,0.0,0.129,0.032,0.0,-21.743,-1,1779002505
BUSDT,crypto,1766448000,16.04,4.23,0.2,0.1931,-6.489,0.0,0.458,0.097,0.0,-18.591,-1,1779002505
BUSDT,crypto,1766534400,27.37,5.61,0.342,0.1907,-1.243,0.0,0.348,0.194,0.0,-23.283,-1,1779002505
BUSDT,crypto,1766620800,20.42,9.6,0.255,0.1778,-6.765,0.0,0.371,0.387,0.0,-14.342,-1,1779002505
BUSDT,crypto,1766707200,30.37,11.76,0.38,0.1725,-2.981,0.0,0.416,0.484,0.0,-22.551,-1,1779002505
BUSDT,crypto,1766793600,34.49,17.48,0.431,0.1616,-6.319,0.0,1.431,0.516,0.0,-16.151,-1,1779002505
BUSDT,crypto,1766880000,34.45,14.51,0.431,0.1572,-2.723,0.0,0.578,0.581,0.0,-11.005,-1,1779002505
BUSDT,crypto,1766966400,33.76,19.34,0.422,0.1463,-6.934,0.0,1.158,0.677,0.0,41.217,1,1779002505
BUSDT,crypto,1767052800,53.92,19.03,0.674,0.1523,4.101,0.0,0.837,0.742,0.0,36.573,1,1779002505
BUSDT,crypto,1767139200,35.18,23.84,0.44,0.1336,-12.278,0.0,0.768,1.0,0.0,56.961,1,1779002505
BUSDT,crypto,1767225600,65.34,30.0,0.817,0.1355,1.422,0.0,2.528,1.0,0.0,67.306,1,1779002505
BUSDT,crypto,1767312000,68.99,30.0,0.862,0.1399,3.247,0.0,2.446,1.0,0.0,68.906,1,1779002505
BUSDT,crypto,1767398400,76.21,28.71,0.953,0.2066,47.677,0.0,151.954,0.935,0.0,7.018,1,1779002505
BUSDT,crypto,1767484800,61.27,27.42,0.766,0.208,0.678,0.0,6.828,0.871,0.0,-3.942,-1,1779002505
BUSDT,crypto,1767571200,45.91,18.63,0.574,0.2097,0.817,0.0,0.629,0.774,0.0,8.155,1,1779002505
BUSDT,crypto,1767657600,56.52,16.93,0.706,0.2267,8.107,0.0,0.418,0.742,0.0,3.22,1,1779002505
BUSDT,crypto,1767744000,53.06,19.43,0.663,0.2363,4.235,0.0,0.532,0.839,0.0,13.077,1,1779002505
BUSDT,crypto,1767830400,30.04,18.59,0.376,0.2211,-6.433,0.0,0.363,0.839,0.0,3.799,1,1779002505
BUSDT,crypto,1767916800,28.0,18.31,0.35,0.1998,-9.634,0.0,0.437,0.806,0.0,29.029,1,1779002505
BUSDT,crypto,1768003200,62.55,20.91,0.782,0.2268,13.514,0.0,0.827,0.839,0.0,2.205,0,1779002505
BUSDT,crypto,1768089600,49.94,19.58,0.624,0.234,3.175,0.0,0.302,0.903,0.0,-3.248,-1,1779002505
BUSDT,crypto,1768176000,77.5,30.0,0.969,0.2672,14.188,0.0,2.591,1.0,0.0,-20.659,-1,1779002505
BUSDT,crypto,1768262400,45.22,28.86,0.565,0.2295,-14.109,0.0,1.772,1.0,0.0,-7.364,-1,1779002505
BUSDT,crypto,1768348800,61.58,22.04,0.77,0.2578,12.331,0.0,0.408,1.0,0.0,-21.916,-1,1779002505
BUSDT,crypto,1768435200,29.66,20.76,0.371,0.2318,-10.085,0.0,0.28,0.968,0.0,-12.726,-1,1779002505
BUSDT,crypto,1768521600,37.68,19.27,0.471,0.2264,-2.33,0.0,0.113,0.935,0.0,-6.007,-1,1779002505
BUSDT,crypto,1768608000,27.41,17.2,0.343,0.212,-6.36,0.0,0.086,0.839,0.0,-4.387,-1,1779002505
BUSDT,crypto,1768694400,37.75,14.12,0.472,0.2126,0.283,0.0,0.114,0.677,0.0,-5.268,-1,1779002505
BUSDT,crypto,1768780800,21.25,8.89,0.266,0.2013,-5.315,0.0,0.1,0.419,0.0,-1.441,0,1779002505
BUSDT,crypto,1768867200,29.93,6.12,0.374,0.2023,0.497,0.0,0.063,0.29,0.0,-1.434,0,1779002505
BUSDT,crypto,1768953600,37.67,4.33,0.471,0.2128,5.19,0.0,0.092,0.194,0.0,-7.754,-1,1779002505
BUSDT,crypto,1769040000,15.43,2.18,0.193,0.2027,-4.746,0.0,0.049,0.097,0.0,-2.319,0,1779002505
BUSDT,crypto,1769126400,23.5,2.11,0.294,0.2014,-0.641,0.0,0.035,0.097,0.0,-3.029,-1,1779002505
BUSDT,crypto,1769212800,21.99,2.2,0.275,0.1984,-1.49,0.0,0.053,0.097,0.0,-1.663,0,1779002505
BUSDT,crypto,1769299200,27.11,3.09,0.339,0.1994,0.504,0.0,0.102,0.129,0.0,-2.658,0,1779002505
BUSDT,crypto,1769385600,24.57,4.2,0.307,0.1963,-1.555,0.0,0.195,0.161,0.0,-6.317,-1,1779002505
BUSDT,crypto,1769472000,28.75,4.19,0.359,0.198,0.866,0.0,0.064,0.194,0.0,-7.222,-1,1779002505
BUSDT,crypto,1769558400,24.94,4.84,0.312,0.1953,-1.364,0.0,0.065,0.226,0.0,-5.735,-1,1779002505
BUSDT,crypto,1769644800,30.45,6.66,0.381,0.1951,-0.102,0.0,0.3,0.258,0.0,-9.892,-1,1779002505
BUSDT,crypto,1769731200,28.8,6.57,0.36,0.1941,-0.513,0.0,0.152,0.29,0.0,-1.597,0,1779002505
BUSDT,crypto,1769817600,22.06,8.26,0.276,0.1839,-5.255,0.0,0.362,0.323,0.0,-26.101,-1,1779002505
BUSDT,crypto,1769904000,26.73,3.51,0.334,0.1837,-0.109,0.0,0.186,0.129,0.0,-13.174,-1,1779002505
BUSDT,crypto,1769990400,28.36,4.33,0.355,0.1841,0.218,0.0,0.22,0.161,0.0,-24.443,-1,1779002505
BUSDT,crypto,1770076800,18.95,3.06,0.237,0.1758,-4.508,0.0,0.482,0.032,0.0,-10.922,-1,1779002505
BUSDT,crypto,1770163200,50.27,6.71,0.628,0.191,8.646,0.0,1.213,0.032,0.0,-19.843,-1,1779002505
BUSDT,crypto,1770249600,31.37,13.87,0.392,0.1359,-28.848,0.0,5.554,0.194,0.0,16.777,1,1779002505
BUSDT,crypto,1770336000,65.24,17.74,0.816,0.1595,17.366,0.0,7.449,0.387,0.0,-1.755,0,1779002505
BUSDT,crypto,1770422400,38.47,20.97,0.481,0.1391,-12.79,0.0,2.057,0.548,0.0,9.274,1,1779002505
BUSDT,crypto,1770508800,69.11,21.61,0.864,0.1566,12.581,0.0,2.613,0.581,0.0,-7.854,-1,1779002505
BUSDT,crypto,1770595200,41.72,18.3,0.521,0.1531,-2.235,0.0,1.079,0.645,0.0,-1.96,0,1779002505
BUSDT,crypto,1770681600,53.02,18.05,0.663,0.1587,3.658,0.0,1.03,0.645,0.0,-8.885,-1,1779002505
BUSDT,crypto,1770768000,39.65,16.61,0.496,0.1567,-1.26,0.0,0.612,0.677,0.0,-7.275,-1,1779002505
BUSDT,crypto,1770854400,37.2,17.77,0.465,0.152,-2.999,0.0,0.586,0.742,0.0,-7.895,-1,1779002505
BUSDT,crypto,1770940800,32.11,17.61,0.401,0.1443,-5.066,0.0,0.425,0.774,0.0,-4.089,-1,1779002505
BUSDT,crypto,1771027200,49.94,17.44,0.624,0.1501,4.019,0.0,0.392,0.774,0.0,-9.793,-1,1779002505
BUSDT,crypto,1771113600,35.09,18.35,0.439,0.1446,-3.664,0.0,0.314,0.839,0.0,-9.336,-1,1779002505
BUSDT,crypto,1771200000,41.04,16.53,0.513,0.1453,0.484,0.0,0.209,0.774,0.0,-8.741,-1,1779002505
BUSDT,crypto,1771286400,33.0,16.64,0.413,0.14,-3.648,0.0,0.231,0.774,0.0,-5.071,-1,1779002505
BUSDT,crypto,1771372800,35.93,14.31,0.449,0.1384,-1.143,0.0,0.281,0.645,0.0,-2.818,0,1779002505
BUSDT,crypto,1771459200,33.41,13.43,0.418,0.1354,-2.168,0.0,0.363,0.581,0.0,-6.647,-1,1779002505
BUSDT,crypto,1771545600,30.92,13.19,0.386,0.1311,-3.176,0.0,0.316,0.581,0.0,0.992,0,1779002505
BUSDT,crypto,1771632000,39.52,13.17,0.494,0.1326,1.144,0.0,0.312,0.581,0.0,7.014,1,1779002505
BUSDT,crypto,1771718400,36.37,11.55,0.455,0.1329,0.226,0.0,0.374,0.484,0.0,29.27,1,1779002505
BUSDT,crypto,1771804800,38.42,10.31,0.48,0.1345,1.204,0.0,0.642,0.355,0.0,29.74,1,1779002505
BUSDT,crypto,1771891200,17.09,4.28,0.214,0.1264,-6.022,0.0,0.47,0.097,0.0,51.978,1,1779002505
BUSDT,crypto,1771977600,51.64,11.11,0.645,0.1324,4.747,0.0,1.706,0.129,0.0,46.677,1,1779002505
BUSDT,crypto,1772064000,44.22,4.33,0.553,0.1419,7.175,0.0,0.608,0.065,0.0,39.183,1,1779002505
BUSDT,crypto,1772150400,61.37,13.87,0.767,0.1718,21.071,0.0,7.03,0.194,0.0,30.559,1,1779002505
BUSDT,crypto,1772236800,52.09,16.45,0.651,0.1745,1.572,0.0,4.377,0.323,0.0,26.418,1,1779002505
BUSDT,crypto,1772323200,62.63,19.02,0.783,0.1921,10.086,0.0,1.223,0.645,0.0,12.025,1,1779002505
BUSDT,crypto,1772409600,55.6,25.46,0.695,0.1942,1.093,0.0,1.092,1.0,0.0,5.819,1,1779002505
BUSDT,crypto,1772496000,50.9,22.5,0.636,0.1975,1.699,0.0,0.5,1.0,0.0,4.861,1,1779002505
BUSDT,crypto,1772582400,74.96,28.73,0.937,0.2243,13.57,0.0,1.746,1.0,0.0,-4.369,-1,1779002505
BUSDT,crypto,1772668800,59.2,30.0,0.74,0.2206,-1.65,0.0,2.145,1.0,0.0,-7.072,-1,1779002505
BUSDT,crypto,1772755200,42.53,22.47,0.532,0.2152,-2.448,0.0,0.493,1.0,0.0,-19.284,-1,1779002505
BUSDT,crypto,1772841600,36.15,21.33,0.452,0.2055,-4.507,0.0,0.267,1.0,0.0,-11.922,-1,1779002505
BUSDT,crypto,1772928000,45.83,20.88,0.573,0.2071,0.779,0.0,0.177,1.0,0.0,-15.258,-1,1779002505
BUSDT,crypto,1773014400,52.0,21.18,0.65,0.2145,3.573,0.0,0.236,1.0,0.0,-16.177,-1,1779002505
BUSDT,crypto,1773100800,34.95,19.69,0.437,0.205,-4.429,0.0,0.325,0.903,0.0,-11.463,-1,1779002505
BUSDT,crypto,1773187200,28.41,18.84,0.355,0.1737,-15.268,0.0,0.413,0.839,0.0,30.167,1,1779002505
BUSDT,crypto,1773273600,52.12,18.35,0.651,0.181,4.203,0.0,0.573,0.774,0.0,32.928,1,1779002505
BUSDT,crypto,1773360000,33.17,15.47,0.415,0.1755,-3.039,0.0,0.256,0.71,0.0,36.524,1,1779002505
BUSDT,crypto,1773446400,43.21,14.68,0.54,0.1798,2.45,0.0,0.226,0.677,0.0,35.929,1,1779002505
BUSDT,crypto,1773532800,39.51,14.01,0.494,0.1815,0.945,0.0,0.222,0.645,0.0,22.645,1,1779002505
BUSDT,crypto,1773619200,69.11,21.61,0.864,0.2261,24.573,0.0,6.135,0.581,0.0,-3.229,-1,1779002505
BUSDT,crypto,1773705600,59.22,16.14,0.74,0.2406,6.413,0.0,1.55,0.419,0.0,-8.978,-1,1779002505
BUSDT,crypto,1773792000,33.04,8.59,0.413,0.2396,-0.416,0.0,0.556,0.29,0.0,-11.06,-1,1779002505
BUSDT,crypto,1773878400,35.65,7.8,0.446,0.2444,2.003,0.0,0.269,0.323,0.0,-9.411,-1,1779002505
BUSDT,crypto,1773964800,17.35,7.51,0.217,0.2226,-8.92,0.0,0.469,0.258,0.0,-6.244,-1,1779002505
BUSDT,crypto,1774051200,26.28,6.18,0.328,0.2188,-1.707,0.0,0.203,0.258,0.0,-3.611,-1,1779002505
BUSDT,crypto,1774137600,30.38,6.43,0.38,0.219,0.091,0.0,0.254,0.258,0.0,-6.849,-1,1779002505
BUSDT,crypto,1774224000,25.5,6.77,0.319,0.2131,-2.694,0.0,0.323,0.258,0.0,-5.021,-1,1779002505
BUSDT,crypto,1774310400,38.13,6.5,0.477,0.2214,3.895,0.0,0.268,0.258,0.0,-11.382,-1,1779002505
BUSDT,crypto,1774396800,20.68,7.08,0.258,0.2087,-5.736,0.0,0.514,0.226,0.0,-5.75,-1,1779002505
BUSDT,crypto,1774483200,36.66,7.96,0.458,0.2109,1.054,0.0,0.818,0.194,0.0,-0.19,0,1779002505
BUSDT,crypto,1774569600,22.64,5.6,0.283,0.204,-3.272,0.0,0.216,0.226,0.0,-0.098,0,1779002505
BUSDT,crypto,1774656000,28.12,6.17,0.351,0.2024,-0.784,0.0,0.203,0.258,0.0,-4.941,-1,1779002505
BUSDT,crypto,1774742400,24.2,6.82,0.303,0.1962,-3.063,0.0,0.202,0.29,0.0,-6.116,-1,1779002505
BUSDT,crypto,1774828800,31.62,7.53,0.395,0.1967,0.255,0.0,0.216,0.323,0.0,-10.93,-1,1779002505
BUSDT,crypto,1774915200,41.49,2.8,0.519,0.2105,7.016,0.0,0.431,0.032,0.0,-11.021,-1,1779002505
BUSDT,crypto,1775001600,19.58,2.04,0.245,0.2038,-3.183,0.0,0.28,0.032,0.0,-7.605,-1,1779002505
BUSDT,crypto,1775088000,14.63,1.98,0.183,0.1924,-5.594,0.0,0.267,0.032,0.0,-6.289,-1,1779002505
BUSDT,crypto,1775174400,17.07,1.87,0.213,0.1842,-4.262,0.0,0.245,0.032,0.0,-6.623,-1,1779002505
BUSDT,crypto,1775260800,18.24,3.72,0.228,0.1752,-4.886,0.0,0.358,0.097,0.0,-1.712,0,1779002506
BUSDT,crypto,1775347200,52.94,9.61,0.662,0.1873,6.906,0.0,1.405,0.129,0.0,-9.824,-1,1779002506
BUSDT,crypto,1775433600,31.55,4.96,0.394,0.1883,0.534,0.0,0.605,0.097,0.0,-12.215,-1,1779002506
BUSDT,crypto,1775520000,21.47,4.06,0.268,0.1803,-4.249,0.0,0.682,0.032,0.0,-9.762,-1,1779002506
BUSDT,crypto,1775606400,20.1,3.73,0.251,0.172,-4.603,0.0,0.617,0.032,0.0,7.384,1,1779002506
BUSDT,crypto,1775692800,29.29,3.92,0.366,0.1722,0.116,0.0,0.527,0.065,0.0,-34.437,-1,1779002506
BUSDT,crypto,1775779200,37.64,11.1,0.471,0.1689,-1.916,0.0,1.575,0.161,0.0,-37.596,-1,1779002506
BUSDT,crypto,1775865600,29.36,8.14,0.367,0.1653,-2.131,0.0,0.596,0.258,0.0,-38.415,-1,1779002506
BUSDT,crypto,1775952000,34.79,11.27,0.435,0.1627,-1.573,0.0,0.834,0.355,0.0,-35.833,-1,1779002506
BUSDT,crypto,1776038400,57.19,10.81,0.715,0.1847,13.522,0.0,1.775,0.097,0.0,-45.642,-1,1779002506
BUSDT,crypto,1776124800,45.31,28.06,0.566,0.1129,-38.874,5e-05,29.513,0.903,0.0,-16.032,-1,1779002506
BUSDT,crypto,1776211200,48.96,30.0,0.612,0.1054,-6.643,5e-05,3.636,1.0,0.0,-9.677,-1,1779002506
BUSDT,crypto,1776297600,55.42,30.0,0.693,0.1018,-3.416,5e-05,2.879,1.0,0.0,-1.179,0,1779002506
BUSDT,crypto,1776384000,64.54,28.59,0.807,0.1044,2.554,5e-05,1.718,1.0,0.0,5.46,1,1779002506
BUSDT,crypto,1776470400,42.86,24.14,0.536,0.1004,-3.831,5e-05,0.827,1.0,0.0,2.49,0,1779002506
BUSDT,crypto,1776556800,42.63,25.77,0.533,0.0948,-5.578,5e-05,1.153,1.0,-0.016108,6.54,1,1779002506
BUSDT,crypto,1776643200,47.31,22.11,0.591,0.0952,0.422,5e-05,0.422,1.0,-0.03121,33.718,1,1779002506
BUSDT,crypto,1776729600,62.55,24.48,0.782,0.1006,5.672,5e-05,0.895,1.0,-0.004511,33.996,1,1779002506
BUSDT,crypto,1776816000,66.47,24.61,0.831,0.1101,9.443,5e-05,0.922,1.0,0.005968,23.797,1,1779002506
BUSDT,crypto,1776902400,35.52,23.18,0.444,0.1029,-6.54,5e-05,0.635,1.0,0.008039,23.421,1,1779002506
BUSDT,crypto,1776988800,43.09,22.27,0.539,0.101,-1.846,5.4e-05,0.455,1.0,0.013221,34.059,1,1779002506
BUSDT,crypto,1777075200,73.88,28.71,0.924,0.1273,26.04,0.000465,9.479,0.935,0.001933,2.278,0,1779002506
BUSDT,crypto,1777161600,70.54,26.77,0.882,0.1348,5.892,0.000103,2.351,0.839,0.098482,134.644,1,1779002506
BUSDT,crypto,1777248000,48.39,20.61,0.605,0.1363,1.113,0.000415,1.026,0.774,-0.090046,138.885,1,1779002506
BUSDT,crypto,1777334400,30.96,18.28,0.387,0.127,-6.823,5e-05,0.816,0.71,0.007594,233.78,1,1779002506
BUSDT,crypto,1777420800,53.96,15.69,0.675,0.1354,6.614,5e-05,0.558,0.645,-0.026961,173.191,1,1779002506
BUSDT,crypto,1777507200,28.92,13.3,0.361,0.1302,-3.84,5e-05,0.209,0.613,0.005788,244.931,1,1779002506
BUSDT,crypto,1777593600,72.33,30.0,0.904,0.3163,142.934,0.001034,36.931,1.0,-0.018279,7.43,1,1779002506
BUSDT,crypto,1777680000,63.28,30.0,0.791,0.3256,2.94,0.00102,9.786,1.0,1.007472,13.421,1,1779002506
BUSDT,crypto,1777766400,71.06,30.0,0.888,0.4239,30.19,0.001287,4.539,1.0,-0.228911,-9.507,-1,1779002506
BUSDT,crypto,1777852800,44.11,30.0,0.551,0.3699,-12.739,0.000678,2.785,1.0,0.022524,-2.217,0,1779002506
BUSDT,crypto,1777939200,61.11,24.09,0.764,0.4491,21.411,0.000915,0.819,1.0,-0.154902,-8.974,-1,1779002506
BUSDT,crypto,1778025600,38.32,26.03,0.479,0.3398,-24.338,0.000377,1.335,0.968,0.04527,86.374,1,1779002506
BUSDT,crypto,1778112000,61.25,21.51,0.766,0.3693,8.682,0.000241,0.689,0.903,0.08126,71.595,1,1779002506
BUSDT,crypto,1778198400,47.67,17.78,0.596,0.3836,3.872,0.000273,0.202,0.839,-0.061087,68.639,1,1779002506
BUSDT,crypto,1778284800,32.81,19.22,0.41,0.3617,-5.709,0.000117,0.618,0.806,-0.019194,31.518,1,1779002506
BUSDT,crypto,1778371200,52.35,16.37,0.654,0.4088,13.022,0.000483,0.178,0.774,-0.012901,6.996,1,1779002506
BUSDT,crypto,1778457600,66.43,25.48,0.83,0.6333,54.917,0.001311,2.812,0.774,0.016783,-37.06,-1,1779002506
BUSDT,crypto,1778544000,42.61,19.27,0.533,0.6337,0.063,0.000745,0.886,0.742,0.19947,-37.573,-1,1779002506
VVVUSDT,crypto,1762214400,43.95,28.22,0.549,1.304,-7.518,0.0,1.645,1.0,0.0,1.61,0,1779002507
VVVUSDT,crypto,1762300800,56.1,24.96,0.701,1.328,1.84,0.0,0.992,1.0,0.0,2.41,0,1779002507
VVVUSDT,crypto,1762387200,43.08,23.83,0.538,1.281,-3.539,0.0,0.766,1.0,0.0,-5.308,-1,1779002507
VVVUSDT,crypto,1762473600,66.72,25.63,0.834,1.364,6.479,0.0,1.126,1.0,0.0,-12.977,-1,1779002507
VVVUSDT,crypto,1762560000,39.45,23.39,0.493,1.297,-4.912,0.0,0.678,1.0,0.0,-13.647,-1,1779002507
VVVUSDT,crypto,1762646400,53.8,23.49,0.672,1.325,2.159,0.0,0.698,1.0,0.0,-16.453,-1,1779002507
VVVUSDT,crypto,1762732800,54.21,23.21,0.678,1.36,2.642,0.0,0.643,1.0,0.0,-16.397,-1,1779002507
VVVUSDT,crypto,1762819200,34.65,23.58,0.433,1.213,-10.809,0.0,0.715,1.0,0.0,-8.162,-1,1779002507
VVVUSDT,crypto,1762905600,44.52,23.16,0.557,1.187,-2.143,0.0,0.631,1.0,0.0,-9.351,-1,1779002507
VVVUSDT,crypto,1762992000,38.63,23.71,0.483,1.12,-5.644,0.0,0.742,1.0,0.0,3.661,1,1779002507
VVVUSDT,crypto,1763078400,49.1,24.46,0.614,1.107,-1.161,0.0,0.892,1.0,0.0,0.542,0,1779002507
VVVUSDT,crypto,1763164800,50.92,20.73,0.637,1.137,2.71,0.0,0.454,0.923,0.0,-9.499,-1,1779002507
VVVUSDT,crypto,1763251200,43.08,21.6,0.539,1.114,-2.023,0.0,0.606,0.929,0.0,-10.952,-1,1779002507
VVVUSDT,crypto,1763337600,40.81,22.56,0.51,1.076,-3.411,0.0,0.513,1.0,0.0,-7.807,-1,1779002507
VVVUSDT,crypto,1763424000,64.09,21.42,0.801,1.161,7.9,0.0,1.034,0.812,0.0,-14.901,-1,1779002507
VVVUSDT,crypto,1763510400,49.42,26.42,0.618,1.113,-4.134,0.0,1.754,0.882,0.0,-5.481,-1,1779002507
VVVUSDT,crypto,1763596800,40.67,25.47,0.508,1.029,-7.547,0.0,1.539,0.889,0.0,3.401,1,1779002507
VVVUSDT,crypto,1763683200,44.28,20.8,0.553,0.992,-3.596,0.0,1.634,0.632,0.0,9.677,1,1779002507
VVVUSDT,crypto,1763769600,46.52,17.01,0.581,0.992,0.0,0.0,1.402,0.5,0.0,6.956,1,1779002507
VVVUSDT,crypto,1763856000,37.1,12.46,0.464,0.988,-0.403,0.0,0.588,0.476,0.0,6.579,1,1779002507
VVVUSDT,crypto,1763942400,51.45,13.45,0.643,1.052,6.478,0.0,0.509,0.545,0.0,-3.137,-1,1779002507
VVVUSDT,crypto,1764028800,40.45,12.18,0.506,1.064,1.141,0.0,0.698,0.435,0.0,-4.793,-1,1779002507
VVVUSDT,crypto,1764115200,41.67,11.5,0.521,1.088,2.256,0.0,0.633,0.417,0.0,-12.868,-1,1779002507
VVVUSDT,crypto,1764201600,27.77,8.72,0.347,1.061,-2.482,0.0,0.303,0.36,0.0,-3.864,-1,1779002507
VVVUSDT,crypto,1764288000,31.34,7.87,0.392,1.053,-0.754,0.0,0.497,0.269,0.0,9.402,1,1779002507
VVVUSDT,crypto,1764374400,23.68,5.3,0.296,1.019,-3.229,0.0,0.467,0.148,0.0,9.323,1,1779002507
VVVUSDT,crypto,1764460800,31.47,5.79,0.393,1.013,-0.589,0.0,0.872,0.071,0.0,10.168,1,1779002507
VVVUSDT,crypto,1764547200,20.58,5.8,0.257,0.948,-6.417,0.0,1.022,0.034,0.0,16.983,1,1779002507
VVVUSDT,crypto,1764633600,46.56,4.86,0.582,1.02,7.595,0.0,0.839,0.033,0.0,7.157,1,1779002507
VVVUSDT,crypto,1764720000,57.54,10.67,0.719,1.152,12.941,0.0,1.875,0.065,0.0,-2.083,0,1779002507
VVVUSDT,crypto,1764806400,27.0,6.51,0.337,1.114,-3.299,0.0,0.916,0.097,0.0,1.616,0,1779002507
VVVUSDT,crypto,1764892800,31.45,4.94,0.393,1.116,0.18,0.0,0.73,0.065,0.0,-0.538,0,1779002507
VVVUSDT,crypto,1764979200,27.63,3.84,0.345,1.109,-0.627,0.0,0.509,0.065,0.0,-0.902,0,1779002507
VVVUSDT,crypto,1765065600,29.29,6.13,0.366,1.093,-1.443,0.0,0.71,0.129,0.0,-2.379,0,1779002507
VVVUSDT,crypto,1765152000,36.5,4.12,0.456,1.128,3.202,0.0,0.695,0.032,0.0,-4.787,-1,1779002507
VVVUSDT,crypto,1765238400,29.17,3.62,0.365,1.132,0.355,0.0,0.467,0.065,0.0,-6.184,-1,1779002507
VVVUSDT,crypto,1765324800,25.18,4.57,0.315,1.11,-1.943,0.0,0.399,0.129,0.0,-5.856,-1,1779002507
VVVUSDT,crypto,1765411200,26.38,3.25,0.33,1.099,-0.991,0.0,0.522,0.032,0.0,-3.185,-1,1779002507
VVVUSDT,crypto,1765497600,22.73,3.35,0.284,1.067,-2.912,0.0,0.541,0.032,0.0,5.53,1,1779002507
VVVUSDT,crypto,1765584000,26.33,1.58,0.329,1.074,0.656,0.0,0.188,0.032,0.0,6.704,1,1779002507
VVVUSDT,crypto,1765670400,25.89,3.14,0.324,1.062,-1.117,0.0,0.498,0.032,0.0,35.593,1,1779002507
VVVUSDT,crypto,1765756800,25.99,4.31,0.325,1.045,-1.601,0.0,0.475,0.097,0.0,36.938,1,1779002507
VVVUSDT,crypto,1765843200,33.04,4.74,0.413,1.064,1.818,0.0,0.433,0.129,0.0,34.023,1,1779002507
VVVUSDT,crypto,1765929600,57.38,13.23,0.717,1.126,5.827,0.0,10.505,0.161,0.0,13.055,1,1779002507
VVVUSDT,crypto,1766016000,49.92,13.87,0.624,1.146,1.776,0.0,3.028,0.194,0.0,9.599,1,1779002507
VVVUSDT,crypto,1766102400,71.05,23.55,0.888,1.44,25.654,0.0,7.978,0.677,0.0,-3.819,-1,1779002507
VVVUSDT,crypto,1766188800,52.0,23.12,0.65,1.431,-0.625,0.0,1.526,0.774,0.0,-3.215,-1,1779002507
VVVUSDT,crypto,1766275200,49.98,23.77,0.625,1.426,-0.349,0.0,0.882,0.968,0.0,-1.613,0,1779002507
VVVUSDT,crypto,1766361600,39.6,25.41,0.495,1.273,-10.729,0.0,1.339,0.935,0.0,10.448,1,1779002507
VVVUSDT,crypto,1766448000,45.12,22.32,0.564,1.256,-1.335,0.0,0.594,0.968,0.0,18.312,1,1779002507
VVVUSDT,crypto,1766534400,76.59,29.55,0.957,1.385,10.271,0.0,1.909,1.0,0.0,17.473,1,1779002507
VVVUSDT,crypto,1766620800,53.8,25.65,0.673,1.385,0.0,0.0,1.13,1.0,0.0,20.217,1,1779002507
VVVUSDT,crypto,1766707200,49.15,22.02,0.614,1.403,1.3,0.0,0.405,1.0,0.0,16.679,1,1779002507
VVVUSDT,crypto,1766793600,46.12,21.6,0.576,1.406,0.214,0.0,0.319,1.0,0.0,15.078,1,1779002507
VVVUSDT,crypto,1766880000,62.62,24.37,0.783,1.486,5.69,0.0,0.874,1.0,0.0,25.168,1,1779002507
VVVUSDT,crypto,1766966400,77.5,30.0,0.969,1.627,9.489,0.0,3.346,1.0,0.0,12.907,1,1779002507
VVVUSDT,crypto,1767052800,53.65,23.24,0.671,1.665,2.336,0.0,0.648,1.0,0.0,14.294,1,1779002507
VVVUSDT,crypto,1767139200,41.9,21.38,0.524,1.637,-1.682,0.0,0.276,1.0,0.0,18.693,1,1779002507
VVVUSDT,crypto,1767225600,41.48,20.33,0.519,1.618,-1.161,0.0,0.195,0.968,0.0,32.077,1,1779002507
VVVUSDT,crypto,1767312000,62.71,22.6,0.784,1.86,14.957,0.0,0.521,1.0,0.0,11.022,1,1779002507
VVVUSDT,crypto,1767398400,42.82,21.4,0.535,1.837,-1.237,0.0,0.28,1.0,0.0,12.085,1,1779002507
VVVUSDT,crypto,1767484800,53.4,21.21,0.668,1.903,3.593,0.0,0.501,0.935,0.0,34.787,1,1779002507
VVVUSDT,crypto,1767571200,48.97,20.16,0.612,1.943,2.102,0.0,0.42,0.903,0.0,44.725,1,1779002507
VVVUSDT,crypto,1767657600,74.91,28.7,0.936,2.137,9.985,0.0,1.741,1.0,0.0,57.651,1,1779002507
VVVUSDT,crypto,1767744000,41.44,22.52,0.518,2.065,-3.369,0.0,0.632,0.968,0.0,45.956,1,1779002507
VVVUSDT,crypto,1767830400,47.52,22.8,0.594,2.059,-0.291,0.0,0.56,1.0,0.0,69.063,1,1779002507
VVVUSDT,crypto,1767916800,77.5,30.0,0.969,2.565,24.575,0.0,5.12,1.0,0.0,20.507,1,1779002507
VVVUSDT,crypto,1768003200,77.5,30.0,0.969,2.812,9.63,0.0,8.361,1.0,0.0,6.828,1,1779002507
VVVUSDT,crypto,1768089600,77.5,30.0,0.969,3.369,19.808,0.0,12.208,1.0,0.0,-8.667,-1,1779002507
VVVUSDT,crypto,1768176000,47.5,30.0,0.594,3.014,-10.537,0.0,4.69,1.0,0.0,-2.09,0,1779002507
VVVUSDT,crypto,1768262400,77.5,30.0,0.969,3.481,15.494,0.0,2.454,1.0,0.0,-15.398,-1,1779002507
VVVUSDT,crypto,1768348800,35.95,23.9,0.449,3.091,-11.204,0.0,0.91,0.968,0.0,-6.082,-1,1779002507
VVVUSDT,crypto,1768435200,40.18,21.01,0.502,3.004,-2.815,0.0,0.46,0.935,0.0,-15.346,-1,1779002507
VVVUSDT,crypto,1768521600,47.45,18.75,0.593,3.077,2.43,0.0,0.267,0.871,0.0,-7.507,-1,1779002507
VVVUSDT,crypto,1768608000,33.19,17.51,0.415,2.951,-4.095,0.0,0.276,0.806,0.0,-7.218,-1,1779002507
VVVUSDT,crypto,1768694400,40.55,16.97,0.507,2.945,-0.203,0.0,0.297,0.774,0.0,5.297,1,1779002507
VVVUSDT,crypto,1768780800,37.14,16.16,0.464,2.903,-1.426,0.0,0.265,0.742,0.0,3.341,1,1779002507
VVVUSDT,crypto,1768867200,23.24,14.64,0.29,2.543,-12.401,0.0,0.219,0.677,0.0,16.634,1,1779002507
VVVUSDT,crypto,1768953600,52.99,14.2,0.662,2.846,11.915,0.0,0.259,0.645,0.0,21.434,1,1779002507
VVVUSDT,crypto,1769040000,28.05,12.38,0.351,2.738,-3.795,0.0,0.153,0.581,0.0,15.668,1,1779002507
VVVUSDT,crypto,1769126400,52.99,13.23,0.662,3.101,13.258,0.0,0.452,0.548,0.0,2.548,0,1779002507
VVVUSDT,crypto,1769212800,23.11,6.47,0.289,3.0,-3.257,0.0,0.132,0.29,0.0,-6.3,-1,1779002507
VVVUSDT,crypto,1769299200,24.01,3.18,0.3,2.966,-1.133,0.0,0.119,0.129,0.0,-11.227,-1,1779002507
VVVUSDT,crypto,1769385600,42.86,3.32,0.536,3.456,16.521,0.0,0.407,0.065,0.0,-32.292,-1,1779002507
VVVUSDT,crypto,1769472000,11.06,2.1,0.138,3.167,-8.362,0.0,0.291,0.032,0.0,-32.397,-1,1779002507
VVVUSDT,crypto,1769558400,25.72,1.52,0.321,3.18,0.41,0.0,0.175,0.032,0.0,-31.855,-1,1779002507
VVVUSDT,crypto,1769644800,10.84,1.99,0.135,2.811,-11.604,0.0,0.269,0.032,0.0,-20.206,-1,1779002507
VVVUSDT,crypto,1769731200,12.78,2.12,0.16,2.633,-6.332,0.0,0.166,0.065,0.0,-21.42,-1,1779002507
VVVUSDT,crypto,1769817600,15.95,5.51,0.199,2.34,-11.128,0.0,0.586,0.129,0.0,-29.103,-1,1779002507
VVVUSDT,crypto,1769904000,14.36,5.37,0.18,2.141,-8.504,0.0,0.299,0.194,0.0,-7.146,-1,1779002507
VVVUSDT,crypto,1769990400,34.6,7.09,0.433,2.167,1.214,0.0,0.516,0.226,0.0,-12.413,-1,1779002507
VVVUSDT,crypto,1770076800,42.21,8.93,0.528,2.243,3.507,0.0,0.753,0.258,0.0,-18.814,-1,1779002507
VVVUSDT,crypto,1770163200,21.88,10.74,0.273,2.069,-7.757,0.0,0.728,0.355,0.0,-10.343,-1,1779002507
VVVUSDT,crypto,1770249600,29.8,15.99,0.372,1.659,-19.816,0.0,1.262,0.484,0.0,10.006,1,1779002507
VVVUSDT,crypto,1770336000,60.66,17.07,0.758,1.988,19.831,0.0,1.22,0.548,0.0,-10.01,-1,1779002507
VVVUSDT,crypto,1770422400,32.29,15.23,0.404,1.898,-4.527,0.0,0.724,0.581,0.0,-3.952,-1,1779002507
VVVUSDT,crypto,1770508800,30.78,14.65,0.385,1.821,-4.057,0.0,0.349,0.645,0.0,60.901,1,1779002507
VVVUSDT,crypto,1770595200,42.97,14.82,0.537,1.855,1.867,0.0,0.384,0.645,0.0,70.674,1,1779002507
VVVUSDT,crypto,1770681600,37.77,16.35,0.472,1.825,-1.617,0.0,0.431,0.71,0.0,145.973,1,1779002507
VVVUSDT,crypto,1770768000,38.79,17.53,0.485,1.789,-1.973,0.0,0.539,0.742,0.0,130.743,1,1779002507
VVVUSDT,crypto,1770854400,45.45,17.32,0.568,1.823,1.901,0.0,0.366,0.774,0.0,138.343,1,1779002507
VVVUSDT,crypto,1770940800,72.98,25.48,0.912,2.93,60.724,0.0,19.178,0.774,0.0,25.051,1,1779002507
VVVUSDT,crypto,1771027200,74.92,27.42,0.936,3.166,8.055,0.0,14.1,0.871,0.0,17.34,1,1779002507
VVVUSDT,crypto,1771113600,77.5,30.0,0.969,4.489,41.788,0.0,14.335,1.0,0.0,-1.092,0,1779002507
VVVUSDT,crypto,1771200000,47.5,30.0,0.594,4.128,-8.042,0.0,5.533,1.0,0.0,5.305,1,1779002507
VVVUSDT,crypto,1771286400,73.01,30.0,0.913,4.345,5.257,0.0,2.708,1.0,0.0,-11.945,-1,1779002507
VVVUSDT,crypto,1771372800,42.28,27.39,0.529,3.664,-15.673,0.0,1.478,1.0,0.0,2.265,0,1779002507
VVVUSDT,crypto,1771459200,54.34,24.53,0.679,3.715,1.392,0.0,0.905,1.0,0.0,-2.773,0,1779002507
VVVUSDT,crypto,1771545600,75.64,29.07,0.945,4.44,19.515,0.0,1.814,1.0,0.0,-11.374,-1,1779002507
VVVUSDT,crypto,1771632000,44.33,23.01,0.554,4.347,-2.095,0.0,0.602,1.0,0.0,-5.728,-1,1779002507
VVVUSDT,crypto,1771718400,30.72,20.96,0.384,3.826,-11.985,0.0,0.451,0.935,0.0,20.099,1,1779002507
VVVUSDT,crypto,1771804800,41.25,20.47,0.516,3.747,-2.065,0.0,0.481,0.903,0.0,44.516,1,1779002507
VVVUSDT,crypto,1771891200,37.1,18.97,0.464,3.612,-3.603,0.0,0.568,0.806,0.0,74.502,1,1779002507
VVVUSDT,crypto,1771977600,58.67,18.01,0.733,3.935,8.942,0.0,0.634,0.742,0.0,82.795,1,1779002507
VVVUSDT,crypto,1772064000,47.64,15.2,0.596,4.098,4.142,0.0,0.331,0.677,0.0,47.462,1,1779002507
VVVUSDT,crypto,1772150400,62.27,18.84,0.778,4.595,12.128,0.0,1.187,0.645,0.0,40.109,1,1779002507
VVVUSDT,crypto,1772236800,61.29,17.7,0.766,5.415,17.845,0.0,1.218,0.581,0.0,14.017,1,1779002507
VVVUSDT,crypto,1772323200,59.23,16.99,0.74,6.303,16.399,0.0,0.947,0.613,0.0,-7.615,-1,1779002507
VVVUSDT,crypto,1772409600,66.4,20.9,0.83,7.193,14.12,0.0,1.599,0.645,0.0,-18.212,-1,1779002507
VVVUSDT,crypto,1772496000,25.43,13.8,0.318,6.043,-15.988,0.0,0.825,0.484,0.0,-10.425,-1,1779002507
VVVUSDT,crypto,1772582400,51.5,12.48,0.644,6.438,6.536,0.0,0.689,0.452,0.0,-20.053,-1,1779002507
VVVUSDT,crypto,1772668800,28.27,11.18,0.353,6.174,-4.101,0.0,0.558,0.419,0.0,-11.532,-1,1779002507
VVVUSDT,crypto,1772755200,19.14,6.59,0.239,5.823,-5.685,0.0,0.285,0.258,0.0,-1.013,0,1779002507
VVVUSDT,crypto,1772841600,32.12,6.36,0.402,5.883,1.03,0.0,0.24,0.258,0.0,3.944,1,1779002507
VVVUSDT,crypto,1772928000,14.51,5.44,0.181,5.413,-7.989,0.0,0.314,0.194,0.0,18.308,1,1779002507
VVVUSDT,crypto,1773014400,19.8,4.86,0.248,5.147,-4.914,0.0,0.455,0.129,0.0,28.016,1,1779002507
VVVUSDT,crypto,1773100800,40.02,3.29,0.5,5.462,6.12,0.0,0.399,0.065,0.0,11.388,1,1779002507
VVVUSDT,crypto,1773187200,37.51,2.3,0.469,5.764,5.529,0.0,0.331,0.032,0.0,5.985,1,1779002507
VVVUSDT,crypto,1773273600,38.33,2.15,0.479,6.115,6.09,0.0,0.301,0.032,0.0,-7.244,-1,1779002507
VVVUSDT,crypto,1773360000,41.13,4.91,0.514,6.404,4.726,0.0,0.854,0.032,0.0,-8.869,-1,1779002507
VVVUSDT,crypto,1773446400,32.14,2.26,0.402,6.589,2.889,0.0,0.322,0.032,0.0,-12.9,-1,1779002507
VVVUSDT,crypto,1773532800,10.51,1.83,0.131,6.084,-7.664,0.0,0.237,0.032,0.0,-9.172,-1,1779002507
VVVUSDT,crypto,1773619200,26.47,1.9,0.331,6.109,0.411,0.0,0.25,0.032,0.0,-2.832,0,1779002507
VVVUSDT,crypto,1773705600,11.79,2.12,0.147,5.672,-7.153,0.0,0.295,0.032,0.0,4.143,1,1779002507
VVVUSDT,crypto,1773792000,31.8,2.08,0.398,5.836,2.891,0.0,0.288,0.032,0.0,-0.822,0,1779002507
VVVUSDT,crypto,1773878400,22.64,2.06,0.283,5.739,-1.662,0.0,0.282,0.032,0.0,9.374,1,1779002507
VVVUSDT,crypto,1773964800,18.32,1.94,0.229,5.526,-3.711,0.0,0.26,0.032,0.0,19.218,1,1779002507
VVVUSDT,crypto,1774051200,40.91,2.11,0.511,5.936,7.419,0.0,0.293,0.032,0.0,6.183,1,1779002507
VVVUSDT,crypto,1774137600,26.1,2.61,0.326,5.907,-0.489,0.0,0.394,0.032,0.0,-0.728,0,1779002507
VVVUSDT,crypto,1774224000,24.34,3.58,0.304,5.788,-2.015,0.0,0.458,0.065,0.0,-0.017,0,1779002507
VVVUSDT,crypto,1774310400,43.18,3.16,0.54,6.277,8.449,0.0,0.503,0.032,0.0,-4.349,-1,1779002507
VVVUSDT,crypto,1774396800,52.49,11.33,0.656,6.588,4.955,0.0,1.75,0.129,0.0,-5.191,-1,1779002507
VVVUSDT,crypto,1774483200,24.78,7.08,0.31,6.303,-4.326,0.0,0.771,0.161,0.0,3.919,1,1779002507
VVVUSDT,crypto,1774569600,18.01,6.66,0.225,5.864,-6.965,0.0,0.557,0.194,0.0,16.883,1,1779002507
VVVUSDT,crypto,1774656000,27.55,5.13,0.344,5.787,-1.313,0.0,0.509,0.129,0.0,20.702,1,1779002507
VVVUSDT,crypto,1774742400,34.59,2.62,0.432,6.004,3.75,0.0,0.394,0.032,0.0,20.336,1,1779002507
VVVUSDT,crypto,1774828800,46.75,8.42,0.584,6.246,4.031,0.0,1.554,0.032,0.0,12.792,1,1779002507
VVVUSDT,crypto,1774915200,43.04,6.05,0.538,6.55,4.867,0.0,0.952,0.065,0.0,11.45,1,1779002507
VVVUSDT,crypto,1775001600,54.36,12.58,0.68,6.854,4.641,0.0,2.059,0.129,0.0,-1.123,0,1779002507
VVVUSDT,crypto,1775088000,47.74,14.58,0.597,6.985,1.911,0.0,1.368,0.387,0.0,0.888,0,1779002507
VVVUSDT,crypto,1775174400,46.3,12.66,0.579,7.225,3.436,0.0,0.854,0.419,0.0,-6.713,-1,1779002507
VVVUSDT,crypto,1775260800,34.45,13.95,0.431,7.045,-2.491,0.0,0.596,0.548,0.0,6.43,1,1779002507
VVVUSDT,crypto,1775347200,47.89,14.88,0.599,7.3,3.62,0.0,0.654,0.581,0.0,3.411,1,1779002507
VVVUSDT,crypto,1775433600,26.44,14.94,0.33,6.777,-7.164,0.0,0.665,0.581,0.0,23.919,1,1779002507
VVVUSDT,crypto,1775520000,49.47,15.63,0.618,7.047,3.984,0.0,0.674,0.613,0.0,14.205,1,1779002507
VVVUSDT,crypto,1775606400,30.83,14.33,0.385,6.74,-4.356,0.0,0.543,0.581,0.0,33.976,1,1779002507
VVVUSDT,crypto,1775692800,58.2,16.16,0.728,7.498,11.246,0.0,0.909,0.581,0.0,19.472,1,1779002507
VVVUSDT,crypto,1775779200,47.05,18.05,0.588,7.549,0.68,0.0,1.029,0.645,0.0,14.174,1,1779002507
VVVUSDT,crypto,1775865600,66.32,22.47,0.829,8.398,11.247,0.0,1.269,0.806,0.0,1.727,0,1779002507
VVVUSDT,crypto,1775952000,39.37,20.99,0.492,8.048,-4.168,0.0,0.843,0.839,0.0,9.667,1,1779002507
VVVUSDT,crypto,1776038400,64.8,22.36,0.81,9.03,12.202,0.0,0.988,0.871,0.0,-4.707,-1,1779002507
VVVUSDT,crypto,1776124800,52.06,24.9,0.651,8.958,-0.797,-1.4e-05,1.238,0.935,0.0,-0.458,0,1779002507
VVVUSDT,crypto,1776211200,40.15,22.17,0.502,8.619,-3.784,-4.7e-05,0.563,0.968,0.0,10.059,1,1779002507
VVVUSDT,crypto,1776297600,43.73,20.83,0.547,8.543,-0.882,-9e-06,0.424,0.935,0.0,3.781,1,1779002507
VVVUSDT,crypto,1776384000,53.17,21.18,0.665,8.826,3.313,5e-05,0.623,0.903,0.0,-0.238,0,1779002507
VVVUSDT,crypto,1776470400,37.97,18.57,0.475,8.605,-2.504,-2.4e-05,0.358,0.839,0.0,-0.383,0,1779002507
VVVUSDT,crypto,1776556800,52.07,19.35,0.651,8.917,3.626,5e-05,0.644,0.806,-0.044868,-1.346,0,1779002507
VVVUSDT,crypto,1776643200,57.4,19.26,0.717,9.486,6.381,5e-05,0.626,0.806,-0.011107,-3.816,-1,1779002507
VVVUSDT,crypto,1776729600,29.38,17.38,0.367,8.866,-6.536,-5e-06,0.509,0.742,0.017787,7.625,1,1779002507
VVVUSDT,crypto,1776816000,41.23,17.28,0.515,8.805,-0.688,5e-05,0.617,0.71,-0.05041,1.738,0,1779002507
VVVUSDT,crypto,1776902400,35.37,15.86,0.442,8.572,-2.646,1e-06,0.462,0.677,0.008709,3.651,1,1779002507
VVVUSDT,crypto,1776988800,42.63,13.37,0.533,8.797,2.625,5e-05,0.352,0.581,-0.021859,-0.705,0,1779002507
VVVUSDT,crypto,1777075200,45.55,13.42,0.569,9.124,3.717,4.9e-05,0.49,0.548,-0.019355,-6.587,-1,1779002507
VVVUSDT,crypto,1777161600,47.5,13.2,0.594,9.542,4.581,5e-05,0.576,0.516,0.048635,-2.83,0,1779002507
VVVUSDT,crypto,1777248000,22.23,8.69,0.278,8.958,-6.12,5e-05,0.706,0.258,0.07815,3.874,1,1779002507
VVVUSDT,crypto,1777334400,28.19,5.4,0.352,8.885,-0.815,5e-05,0.435,0.161,-0.030763,7.282,1,1779002507
VVVUSDT,crypto,1777420800,25.25,3.83,0.316,8.735,-1.688,5e-05,0.509,0.065,-0.081555,4.98,1,1779002507
VVVUSDT,crypto,1777507200,23.66,3.45,0.296,8.523,-2.427,5e-05,0.562,0.032,0.02993,20.873,1,1779002507
VVVUSDT,crypto,1777593600,47.95,5.48,0.599,9.272,8.788,-2.8e-05,0.967,0.032,0.062506,32.733,1,1779002507
VVVUSDT,crypto,1777680000,28.88,3.28,0.361,9.305,0.356,5e-05,0.527,0.032,0.004047,32.939,1,1779002507
VVVUSDT,crypto,1777766400,33.18,3.67,0.415,9.532,2.44,5e-05,0.476,0.065,-0.070268,44.765,1,1779002507
VVVUSDT,crypto,1777852800,23.43,5.35,0.293,9.17,-3.798,5e-05,0.684,0.097,0.016345,76.598,1,1779002507
VVVUSDT,crypto,1777939200,55.28,10.95,0.691,10.302,12.345,5e-05,1.416,0.194,-0.045598,45.05,1,1779002507
VVVUSDT,crypto,1778025600,62.31,20.32,0.779,12.307,19.462,0.001103,3.333,0.516,0.146292,40.05,1,1779002507
VVVUSDT,crypto,1778112000,59.4,26.13,0.743,12.37,0.512,5e-05,3.154,0.806,0.130433,31.924,1,1779002507
VVVUSDT,crypto,1778198400,77.25,30.0,0.966,13.799,11.552,5e-05,2.006,1.0,0.013806,4.037,1,1779002507
VVVUSDT,crypto,1778284800,76.78,30.0,0.96,16.194,17.356,0.000143,3.501,1.0,-0.041571,-9.084,-1,1779002507
VVVUSDT,crypto,1778371200,39.88,26.75,0.498,14.943,-7.725,0.000225,1.35,1.0,0.042858,-7.381,-1,1779002507
VVVUSDT,crypto,1778457600,77.25,30.0,0.966,17.236,15.345,5e-05,4.445,1.0,-0.071349,-24.089,-1,1779002507
VVVUSDT,crypto,1778544000,52.77,30.0,0.66,16.319,-5.32,-0.000183,3.435,1.0,0.047606,-14.584,-1,1779002507
INJUSDT,crypto,1762214400,54.72,30.0,0.684,6.472,-3.891,0.0,2.988,1.0,0.0,17.352,1,1779002507
INJUSDT,crypto,1762300800,58.96,26.55,0.737,6.581,1.684,0.0,1.309,1.0,0.0,24.373,1,1779002507
INJUSDT,crypto,1762387200,47.25,26.24,0.591,6.327,-3.86,0.0,1.247,1.0,0.0,19.267,1,1779002507
INJUSDT,crypto,1762473600,72.61,25.56,0.908,7.678,21.353,0.0,1.911,0.8,0.0,-5.874,-1,1779002507
INJUSDT,crypto,1762560000,49.53,23.33,0.619,7.436,-3.152,0.0,2.212,0.667,0.0,-6.711,-1,1779002507
INJUSDT,crypto,1762646400,46.64,15.64,0.583,7.595,2.138,0.0,0.843,0.571,0.0,-12.166,-1,1779002507
INJUSDT,crypto,1762732800,60.98,16.74,0.762,8.185,7.768,0.0,1.348,0.5,0.0,-17.581,-1,1779002507
INJUSDT,crypto,1762819200,25.48,13.44,0.319,7.546,-7.807,0.0,0.909,0.444,0.0,-14.047,-1,1779002507
INJUSDT,crypto,1762905600,29.87,11.91,0.373,7.227,-4.227,0.0,0.782,0.4,0.0,-13.74,-1,1779002507
INJUSDT,crypto,1762992000,37.64,17.95,0.471,6.937,-4.013,0.0,1.044,0.636,0.0,-4.844,-1,1779002507
INJUSDT,crypto,1763078400,42.71,21.44,0.534,6.671,-3.835,0.0,1.288,0.75,0.0,-2.413,0,1779002507
INJUSDT,crypto,1763164800,36.29,8.85,0.454,6.746,1.124,0.0,0.538,0.308,0.0,-11.859,-1,1779002507
INJUSDT,crypto,1763251200,27.37,9.15,0.342,6.486,-3.854,0.0,0.687,0.286,0.0,-16.142,-1,1779002507
INJUSDT,crypto,1763337600,30.08,11.01,0.376,6.234,-3.885,0.0,0.869,0.333,0.0,-13.458,-1,1779002507
INJUSDT,crypto,1763424000,46.29,7.88,0.579,6.601,5.887,0.0,0.827,0.188,0.0,-18.967,-1,1779002507
INJUSDT,crypto,1763510400,37.91,11.44,0.474,6.51,-1.379,0.0,1.346,0.235,0.0,-11.567,-1,1779002507
INJUSDT,crypto,1763596800,26.57,13.98,0.332,5.946,-8.664,0.0,1.018,0.444,0.0,0.118,0,1779002507
INJUSDT,crypto,1763683200,42.23,25.26,0.528,5.439,-8.527,0.0,1.894,0.789,0.0,10.756,1,1779002507
INJUSDT,crypto,1763769600,48.46,23.79,0.606,5.395,-0.809,0.0,0.757,1.0,0.0,14.31,1,1779002507
INJUSDT,crypto,1763856000,45.83,22.52,0.573,5.349,-0.853,0.0,0.504,1.0,0.0,11.703,1,1779002507
INJUSDT,crypto,1763942400,67.25,24.88,0.841,5.757,7.628,0.0,0.975,1.0,0.0,3.179,1,1779002507
INJUSDT,crypto,1764028800,56.29,23.49,0.704,5.953,3.405,0.0,0.698,1.0,0.0,-3.813,-1,1779002507
INJUSDT,crypto,1764115200,49.96,22.54,0.625,6.024,1.193,0.0,0.508,1.0,0.0,-13.529,-1,1779002507
INJUSDT,crypto,1764201600,52.22,21.69,0.653,6.167,2.374,0.0,0.658,0.92,0.0,-5.497,-1,1779002507
INJUSDT,crypto,1764288000,41.98,21.31,0.525,5.975,-3.113,0.0,0.878,0.846,0.0,0.351,0,1779002507
INJUSDT,crypto,1764374400,41.9,18.06,0.524,5.94,-0.586,0.0,0.502,0.778,0.0,-2.694,0,1779002507
INJUSDT,crypto,1764460800,26.9,9.37,0.336,5.726,-3.603,0.0,0.446,0.357,0.0,-4.034,-1,1779002507
INJUSDT,crypto,1764547200,24.59,10.96,0.307,5.209,-9.029,0.0,1.226,0.241,0.0,6.22,1,1779002507
INJUSDT,crypto,1764633600,50.2,7.35,0.627,5.828,11.883,0.0,1.07,0.1,0.0,-6.898,-1,1779002507
INJUSDT,crypto,1764720000,37.33,5.18,0.467,5.996,2.883,0.0,0.777,0.065,0.0,-6.204,-1,1779002507
INJUSDT,crypto,1764806400,23.33,4.34,0.292,5.78,-3.602,0.0,0.739,0.032,0.0,0.727,0,1779002507
INJUSDT,crypto,1764892800,22.28,5.14,0.278,5.495,-4.931,0.0,0.899,0.032,0.0,2.639,0,1779002507
INJUSDT,crypto,1764979200,28.71,2.73,0.359,5.533,0.692,0.0,0.418,0.032,0.0,0.271,0,1779002507
INJUSDT,crypto,1765065600,27.8,5.23,0.348,5.426,-1.934,0.0,0.788,0.065,0.0,-1.659,0,1779002507
INJUSDT,crypto,1765152000,39.02,4.93,0.488,5.624,3.649,0.0,0.858,0.032,0.0,-4.267,-1,1779002507
INJUSDT,crypto,1765238400,41.16,6.13,0.514,5.822,3.521,0.0,1.097,0.032,0.0,-11.405,-1,1779002507
INJUSDT,crypto,1765324800,29.62,7.01,0.37,5.64,-3.126,0.0,1.272,0.032,0.0,-12.092,-1,1779002507
INJUSDT,crypto,1765411200,32.03,6.72,0.4,5.548,-1.631,0.0,1.215,0.032,0.0,-11.428,-1,1779002507
INJUSDT,crypto,1765497600,27.76,7.09,0.347,5.336,-3.821,0.0,1.161,0.065,0.0,-13.287,-1,1779002507
INJUSDT,crypto,1765584000,30.94,3.97,0.387,5.384,0.9,0.0,0.535,0.065,0.0,-17.682,-1,1779002507
INJUSDT,crypto,1765670400,24.95,7.36,0.312,5.158,-4.198,0.0,0.698,0.194,0.0,-6.359,-1,1779002507
INJUSDT,crypto,1765756800,35.1,12.76,0.439,4.958,-3.877,0.0,1.519,0.258,0.0,-4.014,-1,1779002507
INJUSDT,crypto,1765843200,37.03,11.06,0.463,4.914,-0.887,0.0,1.05,0.29,0.0,-7.326,-1,1779002507
INJUSDT,crypto,1765929600,35.91,16.74,0.449,4.627,-5.84,0.0,1.67,0.419,0.0,0.713,0,1779002507
INJUSDT,crypto,1766016000,42.74,19.5,0.534,4.432,-4.214,0.0,1.835,0.516,0.0,3.858,1,1779002507
INJUSDT,crypto,1766102400,60.92,17.2,0.762,4.83,8.98,0.0,1.246,0.548,0.0,-5.259,-1,1779002507
INJUSDT,crypto,1766188800,36.22,14.46,0.453,4.759,-1.47,0.0,0.44,0.613,0.0,-6.682,-1,1779002507
INJUSDT,crypto,1766275200,33.95,16.49,0.424,4.554,-4.308,0.0,0.717,0.645,0.0,1.691,0,1779002507
INJUSDT,crypto,1766361600,50.31,18.35,0.629,4.66,2.328,0.0,0.961,0.677,0.0,4.034,1,1779002507
INJUSDT,crypto,1766448000,42.35,17.6,0.529,4.603,-1.223,0.0,0.939,0.645,0.0,3.346,1,1779002507
INJUSDT,crypto,1766534400,42.01,16.79,0.525,4.576,-0.587,0.0,0.778,0.645,0.0,-0.503,0,1779002507
INJUSDT,crypto,1766620800,37.68,18.28,0.471,4.441,-2.95,0.0,0.56,0.774,0.0,0.968,0,1779002507
INJUSDT,crypto,1766707200,54.3,19.36,0.679,4.631,4.278,0.0,0.776,0.774,0.0,-9.609,-1,1779002507
INJUSDT,crypto,1766793600,51.82,17.07,0.648,4.848,4.686,0.0,0.575,0.71,0.0,-6.477,-1,1779002507
INJUSDT,crypto,1766880000,35.18,14.67,0.44,4.757,-1.877,0.0,0.353,0.645,0.0,3.321,1,1779002507
INJUSDT,crypto,1766966400,33.24,14.82,0.415,4.553,-4.288,0.0,0.899,0.516,0.0,7.819,1,1779002507
INJUSDT,crypto,1767052800,35.0,11.96,0.438,4.484,-1.515,0.0,0.714,0.419,0.0,15.522,1,1779002507
INJUSDT,crypto,1767139200,26.08,11.98,0.326,4.186,-6.646,0.0,0.977,0.355,0.0,28.667,1,1779002507
INJUSDT,crypto,1767225600,52.19,10.25,0.652,4.534,8.313,0.0,0.888,0.29,0.0,23.357,1,1779002507
INJUSDT,crypto,1767312000,54.72,10.55,0.684,4.915,8.403,0.0,1.335,0.194,0.0,6.999,1,1779002507
INJUSDT,crypto,1767398400,30.74,4.57,0.384,4.909,-0.122,0.0,0.784,0.032,0.0,5.704,1,1779002507
INJUSDT,crypto,1767484800,46.98,8.98,0.587,5.18,5.52,0.0,0.892,0.226,0.0,0.232,0,1779002507
INJUSDT,crypto,1767571200,52.19,15.06,0.652,5.386,3.977,0.0,1.335,0.419,0.0,-3.565,-1,1779002507
INJUSDT,crypto,1767657600,61.13,21.6,0.764,5.593,3.843,0.0,1.868,0.613,0.0,-7.366,-1,1779002507
INJUSDT,crypto,1767744000,34.2,17.95,0.427,5.259,-5.972,0.0,1.138,0.613,0.0,-4.526,-1,1779002507
INJUSDT,crypto,1767830400,42.91,17.66,0.536,5.189,-1.331,0.0,1.081,0.613,0.0,8.769,1,1779002507
INJUSDT,crypto,1767916800,45.05,17.67,0.563,5.192,0.058,0.0,0.953,0.645,0.0,6.394,1,1779002507
INJUSDT,crypto,1768003200,40.43,15.38,0.505,5.194,0.039,0.0,0.495,0.645,0.0,-0.616,0,1779002507
INJUSDT,crypto,1768089600,41.2,16.05,0.515,5.181,-0.25,0.0,0.63,0.645,0.0,1.988,0,1779002507
INJUSDT,crypto,1768176000,39.05,16.85,0.488,5.021,-3.088,0.0,1.176,0.548,0.0,5.835,1,1779002507
INJUSDT,crypto,1768262400,65.88,21.29,0.824,5.644,12.408,0.0,1.419,0.71,0.0,-13.04,-1,1779002507
INJUSDT,crypto,1768348800,40.4,17.53,0.505,5.524,-2.126,0.0,0.925,0.645,0.0,-12.437,-1,1779002507
INJUSDT,crypto,1768435200,30.35,16.29,0.379,5.162,-6.553,0.0,0.935,0.581,0.0,-13.018,-1,1779002507
INJUSDT,crypto,1768521600,45.74,14.74,0.572,5.284,2.363,0.0,0.755,0.548,0.0,-12.263,-1,1779002507
INJUSDT,crypto,1768608000,38.46,11.61,0.481,5.314,0.568,0.0,0.644,0.419,0.0,-13.587,-1,1779002507
INJUSDT,crypto,1768694400,20.17,9.24,0.252,4.908,-7.64,0.0,0.686,0.29,0.0,-6.683,-1,1779002507
INJUSDT,crypto,1768780800,36.59,10.75,0.457,4.837,-1.447,0.0,1.246,0.226,0.0,-6.202,-1,1779002507
INJUSDT,crypto,1768867200,21.49,8.61,0.269,4.49,-7.174,0.0,0.947,0.194,0.0,-4.566,-1,1779002507
INJUSDT,crypto,1768953600,44.87,9.87,0.561,4.636,3.252,0.0,1.2,0.194,0.0,-4.336,-1,1779002507
INJUSDT,crypto,1769040000,31.28,7.92,0.391,4.592,-0.949,0.0,0.552,0.258,0.0,-2.352,0,1779002507
INJUSDT,crypto,1769126400,34.99,9.73,0.437,4.58,-0.261,0.0,0.656,0.323,0.0,-1.878,0,1779002507
INJUSDT,crypto,1769212800,32.86,10.64,0.411,4.537,-0.939,0.0,0.321,0.452,0.0,-10.205,-1,1779002507
INJUSDT,crypto,1769299200,36.58,20.98,0.457,4.285,-5.554,0.0,0.841,0.839,0.0,-6.744,-1,1779002507
INJUSDT,crypto,1769385600,53.44,20.68,0.668,4.435,3.501,0.0,0.652,0.871,0.0,-18.467,-1,1779002507
INJUSDT,crypto,1769472000,51.3,22.97,0.641,4.484,1.105,0.0,0.724,0.968,0.0,-21.476,-1,1779002507
INJUSDT,crypto,1769558400,50.3,23.68,0.629,4.494,0.223,0.0,0.736,1.0,0.0,-18.692,-1,1779002507
INJUSDT,crypto,1769644800,42.07,27.28,0.526,4.074,-9.346,0.0,1.457,1.0,0.0,-12.126,-1,1779002507
INJUSDT,crypto,1769731200,54.44,27.88,0.68,3.996,-1.915,0.0,1.577,1.0,0.0,-12.312,-1,1779002507
INJUSDT,crypto,1769817600,47.5,30.0,0.594,3.616,-9.51,0.0,2.433,1.0,0.0,-17.644,-1,1779002507
INJUSDT,crypto,1769904000,49.79,26.27,0.622,3.521,-2.627,0.0,1.254,1.0,0.0,-6.617,-1,1779002507
INJUSDT,crypto,1769990400,64.21,26.76,0.803,3.654,3.777,0.0,1.48,0.968,0.0,-10.208,-1,1779002507
INJUSDT,crypto,1770076800,53.92,27.09,0.674,3.58,-2.025,0.0,1.676,0.935,0.0,-10.95,-1,1779002507
INJUSDT,crypto,1770163200,52.19,26.97,0.652,3.504,-2.123,0.0,1.394,1.0,0.0,-10.074,-1,1779002507
INJUSDT,crypto,1770249600,47.5,30.0,0.594,2.978,-15.011,0.0,3.337,1.0,0.0,2.149,0,1779002507
INJUSDT,crypto,1770336000,76.85,29.35,0.961,3.288,10.41,0.0,2.291,0.968,0.0,-8.607,-1,1779002507
INJUSDT,crypto,1770422400,52.69,25.31,0.659,3.281,-0.213,0.0,1.062,1.0,0.0,-7.193,-1,1779002507
INJUSDT,crypto,1770508800,42.52,22.84,0.531,3.188,-2.835,0.0,0.569,1.0,0.0,-2.666,0,1779002507
INJUSDT,crypto,1770595200,47.69,23.76,0.596,3.151,-1.161,0.0,0.751,1.0,0.0,3.872,1,1779002507
INJUSDT,crypto,1770681600,41.93,23.18,0.524,3.042,-3.459,0.0,0.635,1.0,0.0,3.32,1,1779002507
INJUSDT,crypto,1770768000,48.51,24.22,0.606,3.005,-1.216,0.0,0.844,1.0,0.0,5.258,1,1779002507
INJUSDT,crypto,1770854400,51.78,22.99,0.647,3.045,1.331,0.0,0.727,0.968,0.0,1.741,0,1779002507
INJUSDT,crypto,1770940800,50.92,21.01,0.636,3.103,1.905,0.0,0.719,0.871,0.0,-3.932,-1,1779002507
INJUSDT,crypto,1771027200,56.15,19.74,0.702,3.273,5.479,0.0,0.592,0.839,0.0,-0.031,0,1779002507
INJUSDT,crypto,1771113600,34.78,16.89,0.435,3.143,-3.972,0.0,0.667,0.677,0.0,9.29,1,1779002507
INJUSDT,crypto,1771200000,40.68,13.62,0.509,3.163,0.636,0.0,0.659,0.516,0.0,19.159,1,1779002507
INJUSDT,crypto,1771286400,32.5,11.25,0.406,3.098,-2.055,0.0,0.573,0.419,0.0,13.073,1,1779002507
INJUSDT,crypto,1771372800,27.48,9.82,0.344,2.981,-3.777,0.0,0.544,0.355,0.0,11.271,1,1779002507
INJUSDT,crypto,1771459200,60.73,13.23,0.759,3.272,9.762,0.0,8.843,0.161,0.0,-4.462,-1,1779002507
INJUSDT,crypto,1771545600,54.4,11.94,0.68,3.435,4.982,0.0,2.433,0.097,0.0,-5.328,-1,1779002507
INJUSDT,crypto,1771632000,60.73,13.23,0.759,3.769,9.723,0.0,4.185,0.161,0.0,-15.256,-1,1779002507
INJUSDT,crypto,1771718400,24.14,8.85,0.302,3.503,-7.058,0.0,1.382,0.097,0.0,-12.132,-1,1779002507
INJUSDT,crypto,1771804800,21.71,5.24,0.271,3.317,-5.31,0.0,0.919,0.032,0.0,-5.909,-1,1779002507
INJUSDT,crypto,1771891200,21.0,5.33,0.262,3.126,-5.758,0.0,0.937,0.032,0.0,-4.127,-1,1779002507
INJUSDT,crypto,1771977600,40.33,5.21,0.504,3.252,4.031,0.0,0.912,0.032,0.0,-5.105,-1,1779002507
INJUSDT,crypto,1772064000,26.02,3.87,0.325,3.194,-1.784,0.0,0.645,0.032,0.0,-5.135,-1,1779002507
INJUSDT,crypto,1772150400,23.66,5.18,0.296,3.078,-3.632,0.0,0.648,0.097,0.0,1.429,0,1779002507
INJUSDT,crypto,1772236800,36.28,6.79,0.454,3.121,1.397,0.0,0.841,0.129,0.0,-3.204,-1,1779002507
INJUSDT,crypto,1772323200,24.08,6.7,0.301,2.997,-3.973,0.0,0.565,0.194,0.0,-3.203,-1,1779002507
INJUSDT,crypto,1772409600,36.81,5.8,0.46,3.086,2.97,0.0,0.515,0.161,0.0,-8.393,-1,1779002507
INJUSDT,crypto,1772496000,26.59,5.47,0.332,3.03,-1.815,0.0,0.45,0.161,0.0,-7.69,-1,1779002507
INJUSDT,crypto,1772582400,36.55,5.28,0.457,3.122,3.036,0.0,0.54,0.129,0.0,-7.175,-1,1779002507
INJUSDT,crypto,1772668800,26.28,7.38,0.329,3.021,-3.235,0.0,0.573,0.226,0.0,-2.814,0,1779002507
INJUSDT,crypto,1772755200,27.3,10.24,0.341,2.901,-3.972,0.0,0.501,0.387,0.0,3.516,1,1779002507
INJUSDT,crypto,1772841600,30.92,11.92,0.386,2.827,-2.551,0.0,0.319,0.516,0.0,7.853,1,1779002507
INJUSDT,crypto,1772928000,36.21,13.72,0.453,2.797,-1.061,0.0,0.422,0.581,0.0,10.368,1,1779002507
INJUSDT,crypto,1773014400,47.26,14.9,0.591,2.898,3.611,0.0,0.528,0.613,0.0,4.969,1,1779002507
INJUSDT,crypto,1773100800,43.13,15.46,0.539,2.936,1.311,0.0,0.511,0.645,0.0,5.892,1,1779002507
INJUSDT,crypto,1773187200,44.97,15.45,0.562,3.003,2.282,-0.000114,0.379,0.677,0.0,10.723,1,1779002507
INJUSDT,crypto,1773273600,42.82,13.85,0.535,3.049,1.532,-0.000234,0.447,0.581,0.0,5.772,1,1779002507
INJUSDT,crypto,1773360000,31.28,3.61,0.391,3.087,1.246,5.5e-05,0.592,0.032,0.0,-0.389,0,1779002507
INJUSDT,crypto,1773446400,23.85,2.35,0.298,3.042,-1.458,-4.3e-05,0.341,0.032,0.0,0.526,0,1779002507
INJUSDT,crypto,1773532800,33.21,3.06,0.415,3.109,2.202,-0.000165,0.484,0.032,0.0,-0.868,0,1779002507
INJUSDT,crypto,1773619200,48.28,6.93,0.603,3.325,6.948,9e-06,0.999,0.097,0.0,-8.812,-1,1779002507
INJUSDT,crypto,1773705600,24.77,4.77,0.31,3.225,-3.008,-7e-06,0.696,0.065,0.0,-8.651,-1,1779002507
INJUSDT,crypto,1773792000,24.76,5.46,0.309,3.075,-4.651,-0.000388,0.833,0.065,0.0,0.423,0,1779002507
INJUSDT,crypto,1773878400,29.01,4.47,0.363,3.058,-0.553,5e-06,0.635,0.065,0.0,0.065,0,1779002507
INJUSDT,crypto,1773964800,36.18,6.8,0.452,3.082,0.785,3.9e-05,1.102,0.065,0.0,-0.032,0,1779002507
INJUSDT,crypto,1774051200,26.3,4.03,0.329,3.032,-1.622,-5.5e-05,0.548,0.065,0.0,-2.704,0,1779002507
INJUSDT,crypto,1774137600,30.3,7.11,0.379,2.946,-2.836,-0.000368,0.906,0.129,0.0,-2.274,0,1779002507
INJUSDT,crypto,1774224000,49.91,11.05,0.624,3.088,4.82,-3.9e-05,1.306,0.226,0.0,-8.776,-1,1779002507
INJUSDT,crypto,1774310400,32.27,6.8,0.403,3.06,-0.907,1.7e-05,0.973,0.097,0.0,-8.464,-1,1779002507
INJUSDT,crypto,1774396800,36.79,8.04,0.46,3.081,0.686,-1.5e-05,0.962,0.161,0.0,-7.368,-1,1779002507
INJUSDT,crypto,1774483200,24.48,5.86,0.306,2.95,-4.252,-1e-05,0.915,0.065,0.0,-2.441,0,1779002507
INJUSDT,crypto,1774569600,27.13,5.08,0.339,2.879,-2.407,-0.000112,0.759,0.065,0.0,-0.347,0,1779002507
INJUSDT,crypto,1774656000,26.88,4.61,0.336,2.817,-2.154,-2.3e-05,0.793,0.032,0.0,-2.733,0,1779002507
INJUSDT,crypto,1774742400,32.5,7.04,0.406,2.801,-0.568,-0.000185,0.634,0.194,0.0,-0.321,0,1779002507
INJUSDT,crypto,1774828800,46.75,14.8,0.584,2.854,1.892,1.9e-05,1.153,0.452,0.0,-1.507,0,1779002507
INJUSDT,crypto,1774915200,44.12,15.65,0.552,2.878,0.841,-5.1e-05,0.807,0.581,0.0,-1.876,0,1779002507
INJUSDT,crypto,1775001600,43.39,16.69,0.542,2.869,-0.313,-7.8e-05,0.887,0.613,0.0,-0.837,0,1779002507
INJUSDT,crypto,1775088000,36.93,17.97,0.462,2.74,-4.496,-7.8e-05,1.013,0.645,0.0,10.073,1,1779002507
INJUSDT,crypto,1775174400,47.31,17.51,0.591,2.792,1.898,9e-05,0.792,0.677,0.0,3.94,1,1779002507
INJUSDT,crypto,1775260800,43.11,16.26,0.539,2.811,0.681,-0.000186,0.413,0.71,0.0,5.372,1,1779002507
INJUSDT,crypto,1775347200,43.31,15.85,0.541,2.824,0.462,-0.000216,0.59,0.645,0.0,7.967,1,1779002507
INJUSDT,crypto,1775433600,38.64,9.19,0.483,2.845,0.744,0.0001,1.193,0.161,0.0,5.905,1,1779002507
INJUSDT,crypto,1775520000,50.34,8.81,0.629,3.016,6.011,-0.000158,1.245,0.129,0.0,-4.211,-1,1779002507
INJUSDT,crypto,1775606400,25.5,5.61,0.319,2.902,-3.78,3e-06,0.993,0.032,0.0,5.272,1,1779002507
INJUSDT,crypto,1775692800,35.13,4.35,0.439,2.962,2.068,-8.8e-05,0.741,0.032,0.0,0.574,0,1779002507
INJUSDT,crypto,1775779200,39.41,5.69,0.493,3.049,2.937,-0.000187,0.881,0.065,0.0,6.494,1,1779002507
INJUSDT,crypto,1775865600,28.32,4.69,0.354,3.013,-1.181,-0.000147,0.551,0.097,0.0,12.878,1,1779002507
INJUSDT,crypto,1775952000,22.32,4.05,0.279,2.889,-4.115,-0.000117,0.682,0.032,0.0,16.372,1,1779002507
INJUSDT,crypto,1776038400,43.16,4.89,0.54,3.055,5.746,-9e-06,0.848,0.032,0.0,4.779,1,1779002507
INJUSDT,crypto,1776124800,26.51,4.65,0.331,2.979,-2.488,-6.9e-05,0.8,0.032,0.0,6.647,1,1779002507
INJUSDT,crypto,1776211200,70.08,23.03,0.876,3.247,8.996,-1.4e-05,1.897,0.677,0.0,1.016,0,1779002507
INJUSDT,crypto,1776297600,71.94,30.0,0.899,3.401,4.743,9e-06,2.252,1.0,0.0,-4.028,-1,1779002507
INJUSDT,crypto,1776384000,52.09,25.95,0.651,3.362,-1.147,5e-06,1.191,1.0,0.0,-2.409,0,1779002507
INJUSDT,crypto,1776470400,40.97,24.25,0.512,3.201,-4.789,8.9e-05,0.85,1.0,0.0,5.561,1,1779002507
INJUSDT,crypto,1776556800,51.85,24.66,0.648,3.177,-0.75,-0.000304,0.933,1.0,-0.049652,7.838,1,1779002507
INJUSDT,crypto,1776643200,58.32,24.52,0.729,3.28,3.242,-6e-05,0.904,1.0,-0.038245,7.927,1,1779002507
INJUSDT,crypto,1776729600,49.99,24.26,0.625,3.264,-0.488,1.2e-05,0.853,1.0,0.019273,14.461,1,1779002507
INJUSDT,crypto,1776816000,51.3,22.67,0.641,3.281,0.521,-0.000225,0.793,0.935,-0.002564,9.144,1,1779002507
INJUSDT,crypto,1776902400,54.24,21.57,0.678,3.379,2.987,-8e-06,0.83,0.871,-0.012014,5.564,1,1779002507
INJUSDT,crypto,1776988800,53.22,21.94,0.665,3.426,1.391,-3.7e-05,1.162,0.806,0.015906,1.401,0,1779002507
INJUSDT,crypto,1777075200,61.35,24.84,0.767,3.54,3.327,-0.000243,1.226,0.935,0.032564,-3.446,-1,1779002507
INJUSDT,crypto,1777161600,75.78,30.0,0.947,3.736,5.537,-0.000441,4.345,1.0,0.040283,-2.489,0,1779002507
INJUSDT,crypto,1777248000,52.17,29.18,0.652,3.581,-4.149,7.7e-05,1.835,1.0,0.13783,6.06,1,1779002507
INJUSDT,crypto,1777334400,49.79,23.7,0.622,3.567,-0.391,-6e-06,0.869,0.968,-0.130523,4.71,1,1779002507
INJUSDT,crypto,1777420800,44.46,22.34,0.556,3.474,-2.607,-0.00011,0.856,0.903,-0.00968,5.93,1,1779002507
INJUSDT,crypto,1777507200,42.42,20.32,0.53,3.418,-1.612,1.5e-05,0.58,0.871,-0.054553,10.035,1,1779002507
INJUSDT,crypto,1777593600,62.03,21.19,0.775,3.643,6.583,-2.1e-05,1.012,0.806,0.025068,7.0,1,1779002507
INJUSDT,crypto,1777680000,55.11,18.7,0.689,3.798,4.255,7.9e-05,1.159,0.645,-0.033311,1.106,0,1779002507
INJUSDT,crypto,1777766400,36.58,13.28,0.457,3.735,-1.659,-0.000104,0.72,0.484,-0.011955,13.199,1,1779002507
INJUSDT,crypto,1777852800,37.79,13.66,0.472,3.68,-1.473,1.2e-05,0.926,0.452,0.038711,14.266,1,1779002507
INJUSDT,crypto,1777939200,46.6,14.14,0.583,3.761,2.201,-9e-05,1.022,0.452,-0.035397,13.8,1,1779002507
INJUSDT,crypto,1778025600,50.24,14.82,0.628,3.898,3.643,3.2e-05,1.158,0.452,-1.7e-05,18.317,1,1779002507
INJUSDT,crypto,1778112000,41.8,17.94,0.522,3.84,-1.488,1e-05,0.877,0.677,-0.018691,24.635,1,1779002507
INJUSDT,crypto,1778198400,74.14,27.71,0.927,4.228,10.104,-0.000116,1.67,0.968,-0.018087,21.547,1,1779002507
INJUSDT,crypto,1778284800,48.38,23.66,0.605,4.205,-0.544,7.1e-05,0.732,1.0,-0.0018,22.568,1,1779002507
INJUSDT,crypto,1778371200,54.21,23.92,0.678,4.28,1.784,-6e-05,0.785,1.0,0.008357,14.112,1,1779002507
INJUSDT,crypto,1778457600,77.13,29.49,0.964,4.612,7.757,-0.000128,1.899,1.0,-0.051413,2.515,0,1779002507
INJUSDT,crypto,1778544000,72.43,30.0,0.905,4.786,3.773,-0.000477,3.161,1.0,0.132276,2.445,0,1779002507
AAVEUSDT,crypto,1762214400,50.93,30.0,0.637,188.02,-5.787,0.0,2.143,1.0,0.0,12.844,1,1779002508
AAVEUSDT,crypto,1762300800,70.16,26.45,0.877,201.9,7.382,0.0,1.289,1.0,0.0,13.041,1,1779002508
AAVEUSDT,crypto,1762387200,46.36,24.28,0.579,197.16,-2.348,0.0,0.855,1.0,0.0,5.295,1,1779002508
AAVEUSDT,crypto,1762473600,65.94,26.23,0.824,207.99,5.493,0.0,1.245,1.0,0.0,-1.433,0,1779002508
AAVEUSDT,crypto,1762560000,49.69,26.15,0.621,202.69,-2.548,0.0,1.229,1.0,0.0,-1.998,0,1779002508
AAVEUSDT,crypto,1762646400,55.98,20.64,0.7,212.17,4.677,0.0,0.699,0.857,0.0,-18.08,-1,1779002508
AAVEUSDT,crypto,1762732800,67.55,25.02,0.844,228.23,7.569,0.0,1.005,1.0,0.0,-21.824,-1,1779002508
AAVEUSDT,crypto,1762819200,38.81,25.65,0.485,207.6,-9.039,0.0,1.131,1.0,0.0,-16.773,-1,1779002508
AAVEUSDT,crypto,1762905600,49.36,24.68,0.617,205.01,-1.248,0.0,0.936,1.0,0.0,-17.545,-1,1779002508
AAVEUSDT,crypto,1762992000,48.28,26.0,0.603,198.64,-3.107,0.0,1.199,1.0,0.0,-10.295,-1,1779002508
AAVEUSDT,crypto,1763078400,46.99,29.74,0.587,173.81,-12.5,0.0,1.949,1.0,0.0,0.345,0,1779002508
AAVEUSDT,crypto,1763164800,54.58,23.39,0.682,178.42,2.652,0.0,0.678,1.0,0.0,-7.774,-1,1779002508
AAVEUSDT,crypto,1763251200,45.32,24.57,0.567,172.78,-3.161,0.0,0.914,1.0,0.0,-8.716,-1,1779002508
AAVEUSDT,crypto,1763337600,50.38,26.1,0.63,169.04,-2.165,0.0,1.221,1.0,0.0,-4.727,-1,1779002508
AAVEUSDT,crypto,1763424000,63.28,24.98,0.791,178.19,5.413,0.0,0.995,1.0,0.0,-6.083,-1,1779002508
AAVEUSDT,crypto,1763510400,48.39,25.07,0.605,174.41,-2.121,0.0,1.013,1.0,0.0,2.293,0,1779002508
AAVEUSDT,crypto,1763596800,42.0,25.4,0.525,164.55,-5.653,0.0,1.081,1.0,0.0,8.715,1,1779002508
AAVEUSDT,crypto,1763683200,49.02,27.41,0.613,157.72,-4.151,0.0,1.482,1.0,0.0,17.721,1,1779002508
AAVEUSDT,crypto,1763769600,51.91,22.09,0.649,161.05,2.111,0.0,0.618,0.95,0.0,15.399,1,1779002508
AAVEUSDT,crypto,1763856000,55.67,22.2,0.696,167.35,3.912,0.0,0.63,0.952,0.0,10.654,1,1779002508
AAVEUSDT,crypto,1763942400,64.06,24.17,0.801,178.41,6.609,0.0,0.834,1.0,0.0,2.001,0,1779002508
AAVEUSDT,crypto,1764028800,48.79,22.01,0.61,178.89,0.269,0.0,0.75,0.913,0.0,-0.878,0,1779002508
AAVEUSDT,crypto,1764115200,53.87,20.23,0.673,185.67,3.79,0.0,0.712,0.833,0.0,-7.75,-1,1779002508
AAVEUSDT,crypto,1764201600,42.59,17.55,0.532,185.85,0.097,0.0,0.47,0.76,0.0,2.115,0,1779002508
AAVEUSDT,crypto,1764288000,41.89,16.98,0.524,185.18,-0.361,0.0,0.627,0.692,0.0,6.783,1,1779002508
AAVEUSDT,crypto,1764374400,34.08,13.07,0.426,181.98,-1.728,0.0,0.392,0.556,0.0,4.638,1,1779002508
AAVEUSDT,crypto,1764460800,35.02,13.1,0.438,177.32,-2.561,0.0,0.907,0.429,0.0,3.412,1,1779002508
AAVEUSDT,crypto,1764547200,32.31,10.38,0.404,171.28,-3.406,0.0,1.248,0.207,0.0,9.359,1,1779002508
AAVEUSDT,crypto,1764633600,48.93,6.72,0.612,189.78,10.801,0.0,0.943,0.1,0.0,-1.259,0,1779002508
AAVEUSDT,crypto,1764720000,41.78,6.41,0.522,197.74,4.194,0.0,0.895,0.097,0.0,-3.196,-1,1779002508
AAVEUSDT,crypto,1764806400,24.0,5.74,0.3,190.42,-3.702,0.0,0.632,0.129,0.0,6.234,1,1779002508
AAVEUSDT,crypto,1764892800,24.92,6.2,0.311,183.37,-3.702,0.0,0.724,0.129,0.0,7.329,1,1779002508
AAVEUSDT,crypto,1764979200,34.18,5.31,0.427,187.31,2.149,0.0,0.416,0.161,0.0,8.019,1,1779002508
AAVEUSDT,crypto,1765065600,34.03,7.33,0.425,187.39,0.043,0.0,0.822,0.161,0.0,2.06,0,1779002508
AAVEUSDT,crypto,1765152000,40.87,9.29,0.511,191.42,2.151,0.0,0.955,0.226,0.0,3.129,1,1779002508
AAVEUSDT,crypto,1765238400,52.46,12.53,0.656,202.29,5.679,0.0,1.216,0.323,0.0,-6.822,-1,1779002508
AAVEUSDT,crypto,1765324800,32.99,10.53,0.412,196.81,-2.709,0.0,1.075,0.258,0.0,-2.037,0,1779002508
AAVEUSDT,crypto,1765411200,41.76,8.11,0.522,202.33,2.805,0.0,1.107,0.129,0.0,-8.017,-1,1779002508
AAVEUSDT,crypto,1765497600,26.74,7.92,0.334,191.25,-5.476,0.0,1.455,0.032,0.0,-5.935,-1,1779002508
AAVEUSDT,crypto,1765584000,36.83,4.27,0.46,197.41,3.221,0.0,0.724,0.032,0.0,-12.132,-1,1779002508
AAVEUSDT,crypto,1765670400,20.73,3.96,0.259,188.49,-4.519,0.0,0.662,0.032,0.0,-3.693,-1,1779002508
AAVEUSDT,crypto,1765756800,42.85,8.21,0.536,192.8,2.287,0.0,1.513,0.032,0.0,-6.743,-1,1779002508
AAVEUSDT,crypto,1765843200,29.01,7.05,0.363,186.11,-3.47,0.0,1.28,0.032,0.0,-11.3,-1,1779002508
AAVEUSDT,crypto,1765929600,31.54,8.83,0.394,179.9,-3.337,0.0,1.378,0.097,0.0,-16.342,-1,1779002508
AAVEUSDT,crypto,1766016000,31.88,10.21,0.399,173.46,-3.58,0.0,1.267,0.194,0.0,-13.115,-1,1779002508
AAVEUSDT,crypto,1766102400,46.5,9.61,0.581,181.53,4.652,0.0,1.018,0.226,0.0,-18.118,-1,1779002508
AAVEUSDT,crypto,1766188800,28.83,6.05,0.36,179.8,-0.953,0.0,0.436,0.194,0.0,-17.136,-1,1779002508
AAVEUSDT,crypto,1766275200,28.05,13.18,0.351,165.08,-8.187,0.0,1.475,0.29,0.0,-6.573,-1,1779002508
AAVEUSDT,crypto,1766361600,41.69,24.19,0.521,150.5,-8.832,0.0,2.729,0.71,0.0,4.326,1,1779002508
AAVEUSDT,crypto,1766448000,53.42,23.06,0.668,150.71,0.14,0.0,1.515,0.774,0.0,1.878,0,1779002508
AAVEUSDT,crypto,1766534400,44.26,20.32,0.553,148.64,-1.373,0.0,0.838,0.806,0.0,0.498,0,1779002508
AAVEUSDT,crypto,1766620800,47.67,21.06,0.596,148.99,0.235,0.0,0.728,0.871,0.0,0.282,0,1779002508
AAVEUSDT,crypto,1766707200,57.51,23.67,0.719,154.23,3.517,0.0,0.863,0.968,0.0,-5.382,-1,1779002508
AAVEUSDT,crypto,1766793600,50.12,22.01,0.626,157.01,1.803,0.0,0.401,1.0,0.0,-5.21,-1,1779002508
AAVEUSDT,crypto,1766880000,42.37,22.15,0.53,153.54,-2.21,0.0,0.43,1.0,0.0,7.542,1,1779002508
AAVEUSDT,crypto,1766966400,46.94,24.61,0.587,149.38,-2.709,0.0,1.05,0.968,0.0,9.138,1,1779002508
AAVEUSDT,crypto,1767052800,48.15,22.81,0.602,149.41,0.02,0.0,0.561,1.0,0.0,9.832,1,1779002508
AAVEUSDT,crypto,1767139200,42.62,21.1,0.533,145.93,-2.329,0.0,0.736,0.871,0.0,17.022,1,1779002508
AAVEUSDT,crypto,1767225600,47.79,19.05,0.597,148.83,1.987,0.0,0.454,0.839,0.0,18.357,1,1779002508
AAVEUSDT,crypto,1767312000,67.66,22.5,0.846,165.12,10.945,0.0,1.532,0.742,0.0,1.587,0,1779002508
AAVEUSDT,crypto,1767398400,43.71,18.97,0.546,163.03,-1.266,0.0,0.955,0.71,0.0,0.73,0,1779002508
AAVEUSDT,crypto,1767484800,44.62,16.86,0.558,164.1,0.656,0.0,0.791,0.645,0.0,0.92,0,1779002508
AAVEUSDT,crypto,1767571200,55.49,18.24,0.694,170.77,4.065,0.0,1.325,0.581,0.0,-3.484,-1,1779002508
AAVEUSDT,crypto,1767657600,50.83,16.5,0.635,176.15,3.15,0.0,1.106,0.548,0.0,-4.729,-1,1779002508
AAVEUSDT,crypto,1767744000,30.45,13.91,0.381,167.74,-4.774,0.0,0.717,0.516,0.0,-1.699,0,1779002508
AAVEUSDT,crypto,1767830400,35.0,12.54,0.438,164.22,-2.098,0.0,0.831,0.419,0.0,8.19,1,1779002508
AAVEUSDT,crypto,1767916800,38.23,10.57,0.478,165.61,0.846,0.0,0.694,0.355,0.0,7.681,1,1779002508
AAVEUSDT,crypto,1768003200,31.6,8.58,0.395,164.82,-0.477,0.0,0.296,0.355,0.0,4.126,1,1779002508
AAVEUSDT,crypto,1768089600,39.69,10.97,0.496,167.82,1.82,0.0,0.516,0.419,0.0,4.433,1,1779002508
AAVEUSDT,crypto,1768176000,35.65,11.55,0.446,164.89,-1.746,0.0,1.019,0.323,0.0,5.355,1,1779002508
AAVEUSDT,crypto,1768262400,57.89,14.39,0.724,177.67,7.751,0.0,1.2,0.419,0.0,-5.066,-1,1779002508
AAVEUSDT,crypto,1768348800,41.75,13.45,0.522,178.33,0.371,0.0,1.012,0.419,0.0,-8.125,-1,1779002508
AAVEUSDT,crypto,1768435200,32.9,12.83,0.411,171.62,-3.763,0.0,1.018,0.387,0.0,-10.733,-1,1779002508
AAVEUSDT,crypto,1768521600,41.72,11.68,0.522,175.26,2.121,0.0,0.659,0.419,0.0,-9.061,-1,1779002508
AAVEUSDT,crypto,1768608000,33.22,9.79,0.415,173.72,-0.879,0.0,0.538,0.355,0.0,-9.538,-1,1779002508
AAVEUSDT,crypto,1768694400,26.03,5.96,0.325,168.67,-2.907,0.0,0.677,0.129,0.0,-6.943,-1,1779002508
AAVEUSDT,crypto,1768780800,28.95,7.05,0.362,163.84,-2.864,0.0,1.024,0.097,0.0,-4.712,-1,1779002508
AAVEUSDT,crypto,1768867200,19.44,5.29,0.243,153.2,-6.494,0.0,0.928,0.032,0.0,-3.505,-1,1779002508
AAVEUSDT,crypto,1768953600,41.81,5.94,0.523,159.38,4.034,0.0,1.059,0.032,0.0,-3.294,-1,1779002508
AAVEUSDT,crypto,1769040000,26.34,3.96,0.329,157.15,-1.399,0.0,0.534,0.065,0.0,1.139,0,1779002508
AAVEUSDT,crypto,1769126400,30.38,5.03,0.38,156.96,-0.121,0.0,0.619,0.097,0.0,2.007,0,1779002508
AAVEUSDT,crypto,1769212800,27.46,4.63,0.343,156.12,-0.535,0.0,0.28,0.161,0.0,-5.758,-1,1779002508
AAVEUSDT,crypto,1769299200,24.08,8.36,0.301,147.83,-5.31,0.0,0.768,0.226,0.0,-6.704,-1,1779002508
AAVEUSDT,crypto,1769385600,45.32,9.73,0.566,154.13,4.262,0.0,0.913,0.258,0.0,-16.285,-1,1779002508
AAVEUSDT,crypto,1769472000,45.15,11.11,0.564,158.94,3.121,0.0,1.06,0.29,0.0,-21.882,-1,1779002508
AAVEUSDT,crypto,1769558400,43.09,12.78,0.539,160.11,0.736,0.0,1.266,0.323,0.0,-19.88,-1,1779002508
AAVEUSDT,crypto,1769644800,33.3,18.06,0.416,147.13,-8.107,0.0,1.547,0.516,0.0,-14.905,-1,1779002508
AAVEUSDT,crypto,1769731200,43.04,23.95,0.538,137.92,-6.26,0.0,1.823,0.742,0.0,-10.339,-1,1779002508
AAVEUSDT,crypto,1769817600,47.03,27.42,0.588,129.03,-6.446,0.0,2.563,0.871,0.0,-21.778,-1,1779002508
AAVEUSDT,crypto,1769904000,48.11,26.26,0.601,124.16,-3.774,0.0,1.381,0.968,0.0,-8.223,-1,1779002508
AAVEUSDT,crypto,1769990400,65.15,28.01,0.814,128.28,3.318,0.0,1.601,1.0,0.0,-11.218,-1,1779002508
AAVEUSDT,crypto,1770076800,54.28,28.29,0.678,125.2,-2.401,0.0,1.658,1.0,0.0,-10.208,-1,1779002508
AAVEUSDT,crypto,1770163200,52.72,26.34,0.659,123.66,-1.23,0.0,1.268,1.0,0.0,-8.903,-1,1779002508
AAVEUSDT,crypto,1770249600,47.5,30.0,0.594,100.93,-18.381,0.0,4.623,1.0,0.0,8.372,1,1779002508
AAVEUSDT,crypto,1770336000,77.5,30.0,0.969,113.95,12.9,0.0,3.875,1.0,0.0,-5.704,-1,1779002508
AAVEUSDT,crypto,1770422400,52.37,24.99,0.655,113.89,-0.053,0.0,0.998,1.0,0.0,0.86,0,1779002508
AAVEUSDT,crypto,1770508800,44.92,22.5,0.562,112.42,-1.291,0.0,0.5,1.0,0.0,5.684,1,1779002508
AAVEUSDT,crypto,1770595200,50.61,23.85,0.633,112.65,0.205,0.0,0.77,1.0,0.0,13.786,1,1779002508
AAVEUSDT,crypto,1770681600,43.85,23.58,0.548,109.38,-2.903,0.0,0.716,1.0,0.0,14.902,1,1779002508
AAVEUSDT,crypto,1770768000,50.35,25.69,0.629,107.45,-1.764,0.0,1.138,1.0,0.0,18.12,1,1779002508
AAVEUSDT,crypto,1770854400,67.68,25.04,0.846,114.87,6.906,0.0,1.266,0.935,0.0,10.151,1,1779002508
AAVEUSDT,crypto,1770940800,55.75,21.91,0.697,118.81,3.43,0.0,0.897,0.871,0.0,3.426,1,1779002508
AAVEUSDT,crypto,1771027200,60.76,19.69,0.759,128.18,7.887,0.0,0.713,0.806,0.0,-2.668,0,1779002508
AAVEUSDT,crypto,1771113600,39.21,17.4,0.49,125.68,-1.95,0.0,0.642,0.71,0.0,-7.853,-1,1779002508
AAVEUSDT,crypto,1771200000,41.88,15.15,0.523,126.92,0.987,0.0,0.45,0.645,0.0,-4.365,-1,1779002508
AAVEUSDT,crypto,1771286400,37.59,12.69,0.47,126.53,-0.307,0.0,0.603,0.484,0.0,-6.836,-1,1779002508
AAVEUSDT,crypto,1771372800,32.86,12.26,0.411,122.88,-2.885,0.0,0.774,0.419,0.0,-6.803,-1,1779002508
AAVEUSDT,crypto,1771459200,37.79,9.99,0.472,124.76,1.53,0.0,0.449,0.387,0.0,-8.376,-1,1779002508
AAVEUSDT,crypto,1771545600,26.06,12.18,0.326,115.81,-7.174,0.0,1.145,0.323,0.0,2.789,0,1779002508
AAVEUSDT,crypto,1771632000,45.69,9.69,0.571,121.38,4.81,0.0,0.777,0.29,0.0,-5.676,-1,1779002508
AAVEUSDT,crypto,1771718400,25.83,7.13,0.323,117.88,-2.884,0.0,0.393,0.258,0.0,-4.233,-1,1779002508
AAVEUSDT,crypto,1771804800,29.47,8.59,0.368,114.52,-2.85,0.0,0.816,0.226,0.0,-2.34,0,1779002508
AAVEUSDT,crypto,1771891200,32.24,6.99,0.403,114.31,-0.183,0.0,0.623,0.194,0.0,-0.674,0,1779002508
AAVEUSDT,crypto,1771977600,41.8,6.16,0.522,119.04,4.138,0.0,0.973,0.065,0.0,2.596,0,1779002508
AAVEUSDT,crypto,1772064000,28.43,7.11,0.355,114.49,-3.822,0.0,1.293,0.032,0.0,-2.996,0,1779002508
AAVEUSDT,crypto,1772150400,34.38,8.3,0.43,112.89,-1.398,0.0,1.274,0.097,0.0,2.587,0,1779002508
AAVEUSDT,crypto,1772236800,34.55,8.25,0.432,111.84,-0.93,0.0,1.133,0.129,0.0,4.39,1,1779002508
AAVEUSDT,crypto,1772323200,37.55,6.97,0.469,113.54,1.52,0.0,1.007,0.097,0.0,-2.308,0,1779002508
AAVEUSDT,crypto,1772409600,50.99,7.07,0.637,122.13,7.566,0.0,1.284,0.032,0.0,-10.972,-1,1779002508
AAVEUSDT,crypto,1772496000,26.27,9.71,0.328,111.06,-9.064,0.0,1.812,0.032,0.0,-5.033,-1,1779002508
AAVEUSDT,crypto,1772582400,45.81,7.7,0.573,115.81,4.277,0.0,1.411,0.032,0.0,-7.953,-1,1779002508
AAVEUSDT,crypto,1772668800,35.67,6.42,0.446,116.75,0.812,0.0,1.025,0.065,0.0,-4.36,-1,1779002508
AAVEUSDT,crypto,1772755200,21.49,4.81,0.269,110.92,-4.994,0.0,0.833,0.032,0.0,-0.631,0,1779002508
AAVEUSDT,crypto,1772841600,23.1,2.92,0.289,108.73,-1.974,0.0,0.326,0.065,0.0,2.621,0,1779002508
AAVEUSDT,crypto,1772928000,27.11,7.24,0.339,105.47,-2.998,0.0,0.674,0.194,0.0,6.419,1,1779002508
AAVEUSDT,crypto,1773014400,35.24,5.94,0.44,106.6,1.071,0.0,0.93,0.065,0.0,4.221,1,1779002508
AAVEUSDT,crypto,1773100800,42.97,5.81,0.537,111.66,4.747,0.0,1.033,0.032,0.0,4.138,1,1779002508
AAVEUSDT,crypto,1773187200,27.42,4.32,0.343,110.22,-1.29,0.0001,0.735,0.032,0.0,10.887,1,1779002508
AAVEUSDT,crypto,1773273600,35.35,5.84,0.442,111.58,1.234,2e-06,0.91,0.065,0.0,7.188,1,1779002508
AAVEUSDT,crypto,1773360000,34.22,5.84,0.428,112.24,0.592,0.0001,1.039,0.032,0.0,2.664,0,1779002508
AAVEUSDT,crypto,1773446400,26.68,3.33,0.334,111.1,-1.016,-4.1e-05,0.536,0.032,0.0,0.396,0,1779002508
AAVEUSDT,crypto,1773532800,40.63,5.3,0.508,116.28,4.662,0.0001,0.801,0.065,0.0,-4.395,-1,1779002508
AAVEUSDT,crypto,1773619200,47.17,9.27,0.59,122.22,5.108,4.2e-05,1.08,0.194,0.0,-11.397,-1,1779002508
AAVEUSDT,crypto,1773705600,29.35,7.91,0.367,119.6,-2.144,3.2e-05,0.678,0.226,0.0,-11.162,-1,1779002508
AAVEUSDT,crypto,1773792000,28.86,9.26,0.361,115.23,-3.654,-6.1e-05,0.82,0.258,0.0,-4.339,-1,1779002508
AAVEUSDT,crypto,1773878400,29.45,9.72,0.368,111.54,-3.202,5.6e-05,0.783,0.29,0.0,0.628,0,1779002508
AAVEUSDT,crypto,1773964800,34.67,9.47,0.433,111.17,-0.332,-6.9e-05,0.603,0.323,0.0,1.223,0,1779002508
AAVEUSDT,crypto,1774051200,27.56,8.92,0.345,108.29,-2.591,0.0001,0.364,0.355,0.0,-2.918,0,1779002508
AAVEUSDT,crypto,1774137600,29.15,7.12,0.364,106.25,-1.884,-1.1e-05,0.65,0.194,0.0,-7.181,-1,1779002508
AAVEUSDT,crypto,1774224000,45.77,10.35,0.572,110.23,3.746,8.1e-05,1.166,0.226,0.0,-12.202,-1,1779002508
AAVEUSDT,crypto,1774310400,35.87,6.23,0.448,112.24,1.823,3.3e-05,0.731,0.129,0.0,-15.048,-1,1779002508
AAVEUSDT,crypto,1774396800,35.45,7.76,0.443,112.53,0.258,0.0001,1.036,0.129,0.0,-13.961,-1,1779002508
AAVEUSDT,crypto,1774483200,27.19,12.39,0.34,105.13,-6.576,-3.1e-05,1.059,0.355,0.0,-6.649,-1,1779002508
AAVEUSDT,crypto,1774569600,37.12,21.53,0.464,98.62,-6.192,-1.2e-05,1.081,0.806,0.0,-0.588,0,1779002508
AAVEUSDT,crypto,1774656000,48.37,24.63,0.605,96.78,-1.866,-6.6e-05,0.927,1.0,0.0,-2.583,0,1779002508
AAVEUSDT,crypto,1774742400,47.54,23.79,0.594,95.35,-1.478,-8.2e-05,0.758,1.0,0.0,-0.629,0,1779002508
AAVEUSDT,crypto,1774828800,58.0,26.38,0.725,96.82,1.542,7.1e-05,1.277,1.0,0.0,-2.468,0,1779002508
AAVEUSDT,crypto,1774915200,56.21,25.51,0.703,98.14,1.363,9e-06,1.102,1.0,0.0,-4.106,-1,1779002508
AAVEUSDT,crypto,1775001600,51.5,24.62,0.644,98.04,-0.102,5e-06,0.923,1.0,0.0,-5.233,-1,1779002508
AAVEUSDT,crypto,1775088000,47.51,26.21,0.594,94.28,-3.835,-5.2e-05,1.242,1.0,0.0,1.57,0,1779002508
AAVEUSDT,crypto,1775174400,49.11,22.94,0.614,94.75,0.499,5.4e-05,0.589,1.0,0.0,-3.018,-1,1779002508
AAVEUSDT,crypto,1775260800,45.28,21.88,0.566,94.43,-0.338,6.3e-05,0.377,1.0,0.0,-4.162,-1,1779002508
AAVEUSDT,crypto,1775347200,50.39,23.51,0.63,94.11,-0.339,-5.4e-05,0.959,0.935,0.0,-0.584,0,1779002508
AAVEUSDT,crypto,1775433600,51.27,24.62,0.641,92.91,-1.275,0.0001,1.44,0.871,0.0,1.658,0,1779002508
AAVEUSDT,crypto,1775520000,65.71,25.48,0.821,95.76,3.067,-0.000318,2.631,0.774,0.0,-6.266,-1,1779002508
AAVEUSDT,crypto,1775606400,42.78,21.85,0.535,91.89,-4.041,0.0001,1.403,0.742,0.0,12.308,1,1779002508
AAVEUSDT,crypto,1775692800,46.86,20.65,0.586,90.5,-1.513,-5.3e-05,1.292,0.71,0.0,10.398,1,1779002508
AAVEUSDT,crypto,1775779200,53.0,18.86,0.662,93.56,3.381,8.7e-05,1.062,0.677,0.0,12.708,1,1779002508
AAVEUSDT,crypto,1775865600,45.37,16.82,0.567,94.45,0.951,8.2e-05,0.912,0.613,0.0,22.192,1,1779002508
AAVEUSDT,crypto,1775952000,34.17,16.5,0.427,89.76,-4.966,-4.4e-05,0.977,0.581,0.0,27.874,1,1779002508
AAVEUSDT,crypto,1776038400,67.83,20.32,0.848,103.2,14.973,-1e-06,2.203,0.516,0.0,-2.045,0,1779002508
AAVEUSDT,crypto,1776124800,36.0,13.48,0.45,99.91,-3.188,-2e-06,1.277,0.355,0.0,-9.709,-1,1779002508
AAVEUSDT,crypto,1776211200,59.78,17.14,0.747,105.45,5.545,7.1e-05,1.88,0.387,0.0,-14.101,-1,1779002508
AAVEUSDT,crypto,1776297600,67.61,20.32,0.845,115.41,9.445,4.3e-05,2.149,0.516,0.0,-20.44,-1,1779002508
AAVEUSDT,crypto,1776384000,51.79,23.29,0.647,114.78,-0.546,1.5e-05,1.433,0.806,0.0,-18.174,-1,1779002508
AAVEUSDT,crypto,1776470400,42.7,25.48,0.534,101.09,-11.927,5.7e-05,3.249,0.774,0.0,-6.776,-1,1779002508
AAVEUSDT,crypto,1776556800,44.47,26.13,0.556,90.21,-10.763,-0.000169,4.172,0.806,0.005448,4.478,1,1779002508
AAVEUSDT,crypto,1776643200,60.83,27.42,0.76,90.58,0.41,-1.8e-05,2.683,0.871,0.305217,3.875,1,1779002508
AAVEUSDT,crypto,1776729600,58.09,25.26,0.726,91.82,1.369,5.1e-05,1.569,0.871,0.146424,5.021,1,1779002508
AAVEUSDT,crypto,1776816000,53.92,22.38,0.674,93.92,2.287,0.0001,0.993,0.871,0.007701,3.908,1,1779002508
AAVEUSDT,crypto,1776902400,49.61,22.06,0.62,94.24,0.341,5.4e-05,0.928,0.871,-0.082329,2.313,0,1779002508
AAVEUSDT,crypto,1776988800,50.73,22.87,0.634,94.25,0.011,2.1e-05,1.09,0.871,0.024421,-1.072,0,1779002508
AAVEUSDT,crypto,1777075200,44.34,19.87,0.554,94.09,-0.17,2.6e-05,0.489,0.871,0.011025,-1.371,0,1779002508
AAVEUSDT,crypto,1777161600,47.27,17.24,0.591,96.43,2.487,0.0001,0.61,0.71,-0.023871,-4.615,-1,1779002508
AAVEUSDT,crypto,1777248000,49.59,19.17,0.62,97.59,1.203,2e-05,1.123,0.677,0.018567,-4.437,-1,1779002508
AAVEUSDT,crypto,1777334400,37.83,15.0,0.473,96.42,-1.199,1e-06,0.548,0.613,0.017529,-4.18,-1,1779002508
AAVEUSDT,crypto,1777420800,36.43,15.22,0.455,93.24,-3.298,-8.3e-05,0.979,0.516,-0.01663,-1.137,0,1779002508
AAVEUSDT,crypto,1777507200,36.28,12.59,0.453,92.8,-0.472,2.7e-05,0.453,0.516,-0.062176,0.647,0,1779002508
AAVEUSDT,crypto,1777593600,37.18,14.15,0.465,91.98,-0.884,4.6e-05,0.507,0.581,-0.027664,2.501,0,1779002508
AAVEUSDT,crypto,1777680000,36.36,9.84,0.455,93.26,1.392,4.4e-05,0.291,0.419,0.018122,-0.976,0,1779002508
AAVEUSDT,crypto,1777766400,32.74,10.47,0.409,92.39,-0.933,9e-05,0.417,0.419,0.001368,3.669,1,1779002508
AAVEUSDT,crypto,1777852800,40.35,14.64,0.504,92.18,-0.227,3e-06,0.735,0.548,0.022934,3.84,1,1779002508
AAVEUSDT,crypto,1777939200,37.45,10.5,0.468,93.4,1.323,6.3e-05,0.423,0.419,-0.02019,9.293,1,1779002508
AAVEUSDT,crypto,1778025600,34.73,6.45,0.434,94.28,0.942,-6e-06,0.773,0.129,-0.027774,7.266,1,1779002508
AAVEUSDT,crypto,1778112000,25.0,3.59,0.313,92.35,-2.047,-1.3e-05,0.589,0.032,0.014721,4.624,1,1779002508
AAVEUSDT,crypto,1778198400,36.16,3.69,0.452,95.78,3.714,0.0001,0.608,0.032,0.013231,0.595,0,1779002508
AAVEUSDT,crypto,1778284800,32.3,5.08,0.404,95.72,-0.063,-8.2e-05,0.886,0.032,-0.038323,2.695,0,1779002508
AAVEUSDT,crypto,1778371200,52.46,9.55,0.656,102.08,6.644,0.0001,1.523,0.097,0.000714,-9.071,-1,1779002508
AAVEUSDT,crypto,1778457600,35.74,9.23,0.447,101.13,-0.931,2.7e-05,1.201,0.161,-0.029255,-11.035,-1,1779002508
AAVEUSDT,crypto,1778544000,28.49,9.3,0.356,96.62,-4.46,-3.4e-05,1.086,0.194,-0.030875,-6.355,-1,1779002508
SKYAIUSDT,crypto,1762214400,34.57,13.69,0.432,0.0158,-2.649,0.0,0.737,0.5,0.0,28.734,1,1779002508
SKYAIUSDT,crypto,1762300800,56.29,22.46,0.704,0.0165,4.43,0.0,0.493,1.0,0.0,25.273,1,1779002508
SKYAIUSDT,crypto,1762387200,72.5,25.0,0.906,0.02048,24.121,0.0,4.917,0.75,0.0,-10.645,-1,1779002508
SKYAIUSDT,crypto,1762473600,57.43,18.0,0.718,0.02119,3.467,0.0,2.435,0.4,0.0,-17.65,-1,1779002508
SKYAIUSDT,crypto,1762560000,20.69,7.32,0.259,0.0198,-6.56,0.0,0.797,0.167,0.0,-7.374,-1,1779002508
SKYAIUSDT,crypto,1762646400,33.81,4.35,0.423,0.02034,2.727,0.0,0.299,0.143,0.0,-7.67,-1,1779002508
SKYAIUSDT,crypto,1762732800,31.77,4.26,0.397,0.02067,1.622,0.0,0.352,0.125,0.0,4.306,1,1779002508
SKYAIUSDT,crypto,1762819200,12.44,3.58,0.156,0.0183,-11.466,0.0,0.272,0.111,0.0,5.41,1,1779002508
SKYAIUSDT,crypto,1762905600,24.73,9.76,0.309,0.01745,-4.645,0.0,0.352,0.4,0.0,2.636,0,1779002508
SKYAIUSDT,crypto,1762992000,43.34,8.04,0.542,0.01834,5.1,0.0,0.518,0.273,0.0,20.883,1,1779002508
SKYAIUSDT,crypto,1763078400,48.96,11.67,0.612,0.01878,2.399,0.0,4.452,0.083,0.0,18.211,1,1779002508
SKYAIUSDT,crypto,1763164800,59.04,11.54,0.738,0.02156,14.803,0.0,2.083,0.077,0.0,-2.737,0,1779002508
SKYAIUSDT,crypto,1763251200,15.0,4.46,0.187,0.01929,-10.529,0.0,0.607,0.071,0.0,15.293,1,1779002508
SKYAIUSDT,crypto,1763337600,14.44,3.79,0.181,0.01791,-7.154,0.0,0.492,0.067,0.0,29.202,1,1779002508
SKYAIUSDT,crypto,1763424000,60.0,12.5,0.75,0.02217,23.786,0.0,15.306,0.125,0.0,2.21,0,1779002508
SKYAIUSDT,crypto,1763510400,47.48,14.71,0.593,0.0222,0.135,0.0,4.662,0.235,0.0,2.387,0,1779002508
SKYAIUSDT,crypto,1763596800,22.61,8.37,0.283,0.02097,-5.541,0.0,0.564,0.278,0.0,4.292,1,1779002508
SKYAIUSDT,crypto,1763683200,50.57,11.14,0.632,0.02224,6.056,0.0,0.964,0.316,0.0,1.529,0,1779002508
SKYAIUSDT,crypto,1763769600,42.62,10.01,0.533,0.02314,4.047,0.0,0.403,0.4,0.0,3.673,1,1779002508
SKYAIUSDT,crypto,1763856000,30.82,10.04,0.385,0.02266,-2.074,0.0,0.485,0.381,0.0,7.37,1,1779002508
SKYAIUSDT,crypto,1763942400,28.29,4.41,0.354,0.02273,0.309,0.0,0.154,0.182,0.0,8.579,1,1779002508
SKYAIUSDT,crypto,1764028800,16.96,1.45,0.212,0.02187,-3.784,0.0,0.115,0.043,0.0,-9.968,-1,1779002508
SKYAIUSDT,crypto,1764115200,31.39,2.03,0.392,0.02258,3.246,0.0,0.073,0.083,0.0,-20.505,-1,1779002508
SKYAIUSDT,crypto,1764201600,42.7,5.86,0.534,0.02399,6.244,0.0,0.371,0.2,0.0,-15.34,-1,1779002508
SKYAIUSDT,crypto,1764288000,34.52,8.06,0.432,0.02433,1.417,0.0,0.227,0.346,0.0,12.372,1,1779002508
SKYAIUSDT,crypto,1764374400,36.23,10.24,0.453,0.02468,1.439,0.0,0.122,0.481,0.0,20.948,1,1779002508
SKYAIUSDT,crypto,1764460800,25.69,14.45,0.321,0.01969,-20.219,0.0,0.747,0.536,0.0,74.657,1,1779002508
SKYAIUSDT,crypto,1764547200,22.81,13.17,0.285,0.01795,-8.837,0.0,0.428,0.552,0.0,93.983,1,1779002508
SKYAIUSDT,crypto,1764633600,49.25,8.88,0.616,0.02031,13.148,0.0,0.575,0.3,0.0,46.627,1,1779002508
SKYAIUSDT,crypto,1764720000,69.11,21.61,0.864,0.02734,34.613,0.0,4.967,0.581,0.0,7.132,1,1779002508
SKYAIUSDT,crypto,1764806400,76.21,28.71,0.953,0.02985,9.181,0.0,5.709,0.935,0.0,-3.451,-1,1779002508
SKYAIUSDT,crypto,1764892800,70.43,26.47,0.88,0.03439,15.209,0.0,1.293,1.0,0.0,-11.573,-1,1779002508
SKYAIUSDT,crypto,1764979200,50.77,22.88,0.635,0.03482,1.25,0.0,0.577,1.0,0.0,-16.083,-1,1779002508
SKYAIUSDT,crypto,1765065600,29.09,20.47,0.364,0.02978,-14.474,0.0,0.224,0.968,0.0,0.403,0,1779002508
SKYAIUSDT,crypto,1765152000,40.37,20.26,0.505,0.02929,-1.645,0.0,0.18,0.968,0.0,9.218,1,1779002508
SKYAIUSDT,crypto,1765238400,39.22,19.32,0.49,0.02882,-1.605,0.0,0.122,0.935,0.0,6.766,1,1779002508
SKYAIUSDT,crypto,1765324800,53.96,18.92,0.674,0.03041,5.517,0.0,0.301,0.871,0.0,2.499,0,1779002508
SKYAIUSDT,crypto,1765411200,34.51,18.31,0.431,0.02922,-3.913,0.0,0.307,0.839,0.0,3.354,1,1779002508
SKYAIUSDT,crypto,1765497600,45.01,16.99,0.563,0.0299,2.327,0.0,0.172,0.806,0.0,-0.134,0,1779002508
SKYAIUSDT,crypto,1765584000,58.42,19.04,0.73,0.03199,6.99,0.0,0.581,0.806,0.0,-7.19,-1,1779002508
SKYAIUSDT,crypto,1765670400,31.32,15.64,0.392,0.03077,-3.814,0.0,0.161,0.742,0.0,-0.65,0,1779002508
SKYAIUSDT,crypto,1765756800,42.16,15.63,0.527,0.03117,1.3,0.0,0.287,0.71,0.0,2.567,0,1779002508
SKYAIUSDT,crypto,1765843200,30.22,13.42,0.378,0.0302,-3.112,0.0,0.104,0.645,0.0,5.563,1,1779002508
SKYAIUSDT,crypto,1765929600,33.58,12.8,0.42,0.02986,-1.126,0.0,0.108,0.613,0.0,3.55,1,1779002508
SKYAIUSDT,crypto,1766016000,33.99,12.12,0.425,0.02969,-0.569,0.0,0.101,0.581,0.0,5.524,1,1779002508
SKYAIUSDT,crypto,1766102400,40.11,11.33,0.501,0.03057,2.964,0.0,0.072,0.548,0.0,9.683,1,1779002508
SKYAIUSDT,crypto,1766188800,43.26,10.96,0.541,0.03197,4.58,0.0,0.128,0.516,0.0,9.634,1,1779002508
SKYAIUSDT,crypto,1766275200,25.16,2.9,0.314,0.03188,-0.282,0.0,0.064,0.129,0.0,11.637,1,1779002508
SKYAIUSDT,crypto,1766361600,17.82,0.99,0.223,0.03092,-3.011,0.0,0.069,0.032,0.0,14.554,1,1779002508
SKYAIUSDT,crypto,1766448000,26.37,0.93,0.33,0.03133,1.326,0.0,0.057,0.032,0.0,17.012,1,1779002508
SKYAIUSDT,crypto,1766534400,39.44,2.09,0.493,0.03353,7.022,0.0,0.161,0.065,0.0,-1.133,0,1779002508
SKYAIUSDT,crypto,1766620800,48.28,9.33,0.604,0.03505,4.533,0.0,1.478,0.097,0.0,6.22,1,1779002508
SKYAIUSDT,crypto,1766707200,32.09,4.87,0.401,0.03559,1.541,0.0,0.329,0.161,0.0,6.996,1,1779002508
SKYAIUSDT,crypto,1766793600,28.18,5.26,0.352,0.03542,-0.478,0.0,0.277,0.194,0.0,3.614,1,1779002508
SKYAIUSDT,crypto,1766880000,43.1,9.06,0.539,0.03666,3.501,0.0,0.908,0.226,0.0,-2.919,0,1779002508
SKYAIUSDT,crypto,1766966400,19.91,8.46,0.249,0.03315,-9.574,0.0,0.789,0.226,0.0,7.21,1,1779002508
SKYAIUSDT,crypto,1767052800,54.37,11.34,0.68,0.03723,12.308,0.0,1.107,0.29,0.0,1.826,0,1779002508
SKYAIUSDT,crypto,1767139200,42.02,10.7,0.525,0.03808,2.283,0.0,0.85,0.323,0.0,1.024,0,1779002508
SKYAIUSDT,crypto,1767225600,25.34,8.59,0.317,0.0367,-3.624,0.0,0.299,0.355,0.0,5.014,1,1779002508
SKYAIUSDT,crypto,1767312000,26.98,9.14,0.337,0.03559,-3.025,0.0,0.279,0.387,0.0,12.307,1,1779002508
SKYAIUSDT,crypto,1767398400,32.85,8.86,0.411,0.03554,-0.14,0.0,0.353,0.355,0.0,4.361,1,1779002508
SKYAIUSDT,crypto,1767484800,52.39,12.79,0.655,0.03791,6.669,0.0,0.752,0.452,0.0,-2.981,0,1779002508
SKYAIUSDT,crypto,1767571200,41.14,12.68,0.514,0.03847,1.477,0.0,0.601,0.484,0.0,-4.341,-1,1779002508
SKYAIUSDT,crypto,1767657600,36.34,10.61,0.454,0.03854,0.182,0.0,0.574,0.387,0.0,-6.746,-1,1779002508
SKYAIUSDT,crypto,1767744000,44.9,10.71,0.561,0.03997,3.71,0.0,0.852,0.323,0.0,-1.126,0,1779002508
SKYAIUSDT,crypto,1767830400,20.84,9.28,0.26,0.03709,-7.205,0.0,0.694,0.29,0.0,5.015,1,1779002508
SKYAIUSDT,crypto,1767916800,31.38,7.86,0.392,0.03678,-0.836,0.0,0.539,0.258,0.0,4.405,1,1779002508
SKYAIUSDT,crypto,1768003200,34.35,7.81,0.429,0.0368,0.054,0.0,0.787,0.194,0.0,9.239,1,1779002508
SKYAIUSDT,crypto,1768089600,24.26,4.19,0.303,0.03594,-2.337,0.0,0.45,0.097,0.0,14.608,1,1779002508
SKYAIUSDT,crypto,1768176000,53.85,8.5,0.673,0.03952,9.961,0.0,1.571,0.032,0.0,-0.253,0,1779002508
SKYAIUSDT,crypto,1768262400,27.6,4.31,0.345,0.03895,-1.442,0.0,0.734,0.032,0.0,5.315,1,1779002508
SKYAIUSDT,crypto,1768348800,24.94,2.96,0.312,0.0384,-1.412,0.0,0.462,0.032,0.0,20.391,1,1779002508
SKYAIUSDT,crypto,1768435200,41.58,5.82,0.52,0.0402,4.688,0.0,0.777,0.097,0.0,7.313,1,1779002508
SKYAIUSDT,crypto,1768521600,39.6,7.7,0.495,0.04119,2.463,0.0,0.895,0.161,0.0,3.326,1,1779002508
SKYAIUSDT,crypto,1768608000,22.64,6.3,0.283,0.03942,-4.297,0.0,0.486,0.194,0.0,5.606,1,1779002508
SKYAIUSDT,crypto,1768694400,42.26,6.47,0.528,0.04102,4.059,0.0,1.035,0.065,0.0,1.828,0,1779002508
SKYAIUSDT,crypto,1768780800,66.53,19.03,0.832,0.04623,12.701,0.0,4.866,0.452,0.0,-12.135,-1,1779002508
SKYAIUSDT,crypto,1768867200,30.86,16.35,0.386,0.04314,-6.684,0.0,1.076,0.548,0.0,-8.554,-1,1779002508
SKYAIUSDT,crypto,1768953600,41.73,17.09,0.522,0.04256,-1.344,0.0,0.966,0.613,0.0,-6.743,-1,1779002508
SKYAIUSDT,crypto,1769040000,32.19,12.19,0.402,0.04163,-2.185,0.0,0.374,0.516,0.0,-3.843,-1,1779002508
SKYAIUSDT,crypto,1769126400,34.89,9.73,0.436,0.04177,0.336,0.0,0.398,0.387,0.0,-4.932,-1,1779002508
SKYAIUSDT,crypto,1769212800,27.31,8.71,0.341,0.04062,-2.753,0.0,0.322,0.355,0.0,1.699,0,1779002508
SKYAIUSDT,crypto,1769299200,27.27,8.49,0.341,0.03945,-2.88,0.0,0.408,0.323,0.0,4.259,1,1779002508
SKYAIUSDT,crypto,1769385600,31.87,6.98,0.398,0.03969,0.608,0.0,0.234,0.29,0.0,5.568,1,1779002508
SKYAIUSDT,crypto,1769472000,33.06,7.33,0.413,0.04003,0.857,0.0,0.304,0.29,0.0,3.647,1,1779002508
SKYAIUSDT,crypto,1769558400,28.89,6.9,0.361,0.03971,-0.799,0.0,0.218,0.29,0.0,-7.53,-1,1779002508
SKYAIUSDT,crypto,1769644800,42.35,8.48,0.529,0.04131,4.029,0.0,0.663,0.258,0.0,-4.406,-1,1779002508
SKYAIUSDT,crypto,1769731200,33.58,8.56,0.42,0.04113,-0.436,0.0,0.679,0.258,0.0,-5.154,-1,1779002508
SKYAIUSDT,crypto,1769817600,34.93,4.67,0.437,0.0419,1.872,0.0,0.804,0.032,0.0,-18.854,-1,1779002508
SKYAIUSDT,crypto,1769904000,33.03,6.57,0.413,0.04149,-0.979,0.0,1.185,0.032,0.0,-21.668,-1,1779002508
SKYAIUSDT,crypto,1769990400,31.45,14.24,0.393,0.03672,-11.497,0.0,1.944,0.226,0.0,-13.017,-1,1779002508
SKYAIUSDT,crypto,1770076800,61.37,13.87,0.767,0.03949,7.544,0.0,2.387,0.194,0.0,-16.156,-1,1779002508
SKYAIUSDT,crypto,1770163200,36.87,10.98,0.461,0.03901,-1.215,0.0,1.164,0.258,0.0,-9.664,-1,1779002508
SKYAIUSDT,crypto,1770249600,31.97,17.72,0.4,0.034,-12.843,0.0,1.35,0.548,0.0,9.471,1,1779002508
SKYAIUSDT,crypto,1770336000,42.7,24.19,0.534,0.0325,-4.412,0.0,0.967,0.968,0.0,13.046,1,1779002508
SKYAIUSDT,crypto,1770422400,45.5,23.23,0.569,0.03194,-1.723,0.0,0.645,1.0,0.0,19.067,1,1779002508
SKYAIUSDT,crypto,1770508800,57.2,23.69,0.715,0.03311,3.663,0.0,0.738,1.0,0.0,18.212,1,1779002508
SKYAIUSDT,crypto,1770595200,62.33,22.84,0.779,0.03524,6.433,0.0,0.826,0.935,0.0,10.982,1,1779002508
SKYAIUSDT,crypto,1770681600,71.8,28.06,0.898,0.03722,5.619,0.0,3.461,0.903,0.0,1.585,0,1779002508
SKYAIUSDT,crypto,1770768000,47.68,22.59,0.596,0.03674,-1.29,0.0,1.034,0.871,0.0,4.981,1,1779002508
SKYAIUSDT,crypto,1770854400,59.15,23.2,0.739,0.03803,3.511,0.0,1.285,0.839,0.0,-1.735,0,1779002508
SKYAIUSDT,crypto,1770940800,50.36,19.07,0.629,0.03914,2.919,0.0,0.589,0.806,0.0,-6.362,-1,1779002508
SKYAIUSDT,crypto,1771027200,40.89,17.01,0.511,0.03911,-0.077,0.0,0.306,0.774,0.0,-3.35,-1,1779002508
SKYAIUSDT,crypto,1771113600,34.01,16.5,0.425,0.03781,-3.324,0.0,0.332,0.742,0.0,1.56,0,1779002508
SKYAIUSDT,crypto,1771200000,44.02,15.85,0.55,0.03857,2.01,0.0,0.331,0.71,0.0,0.181,0,1779002508
SKYAIUSDT,crypto,1771286400,32.77,15.02,0.41,0.03737,-3.111,0.0,0.294,0.677,0.0,4.255,1,1779002508
SKYAIUSDT,crypto,1771372800,34.1,14.18,0.426,0.03665,-1.927,0.0,0.255,0.645,0.0,6.876,1,1779002508
SKYAIUSDT,crypto,1771459200,43.93,13.38,0.549,0.0378,3.138,0.0,0.354,0.581,0.0,3.624,1,1779002508
SKYAIUSDT,crypto,1771545600,38.89,11.77,0.486,0.0384,1.587,0.0,0.29,0.516,0.0,11.172,1,1779002508
SKYAIUSDT,crypto,1771632000,39.52,12.4,0.494,0.03864,0.625,0.0,0.674,0.452,0.0,14.389,1,1779002508
SKYAIUSDT,crypto,1771718400,39.29,12.73,0.491,0.03896,0.828,0.0,0.481,0.516,0.0,30.467,1,1779002508
SKYAIUSDT,crypto,1771804800,42.53,14.32,0.532,0.03917,0.539,0.0,0.928,0.484,0.0,48.328,1,1779002508
SKYAIUSDT,crypto,1771891200,37.06,12.12,0.463,0.03917,0.0,0.0,0.488,0.484,0.0,2.859,0,1779002508
SKYAIUSDT,crypto,1771977600,62.93,18.2,0.787,0.04269,8.986,0.0,1.446,0.548,0.0,15.718,1,1779002508
SKYAIUSDT,crypto,1772064000,51.18,16.29,0.64,0.0442,3.537,0.0,1.064,0.548,0.0,15.0,1,1779002508
SKYAIUSDT,crypto,1772150400,77.5,30.0,0.969,0.05083,15.0,0.0,3.679,1.0,0.0,-22.565,-1,1779002508
SKYAIUSDT,crypto,1772236800,77.5,30.0,0.969,0.0581,14.303,0.0,17.451,1.0,0.0,-30.241,-1,1779002508
SKYAIUSDT,crypto,1772323200,46.85,29.35,0.586,0.04029,-30.654,0.0,11.686,0.968,0.0,9.63,1,1779002508
SKYAIUSDT,crypto,1772409600,77.5,30.0,0.969,0.0494,22.611,0.0,3.996,1.0,0.0,-16.255,-1,1779002508
SKYAIUSDT,crypto,1772496000,68.29,30.0,0.854,0.05083,2.895,0.0,2.396,1.0,0.0,-16.644,-1,1779002508
SKYAIUSDT,crypto,1772582400,41.01,26.43,0.513,0.03936,-22.565,0.0,1.415,0.968,0.0,8.765,1,1779002508
SKYAIUSDT,crypto,1772668800,57.38,23.82,0.717,0.04053,2.973,0.0,1.022,0.935,0.0,7.007,1,1779002508
SKYAIUSDT,crypto,1772755200,60.91,20.73,0.761,0.04417,8.981,0.0,0.534,0.903,0.0,-4.143,-1,1779002508
SKYAIUSDT,crypto,1772841600,30.61,18.78,0.383,0.04137,-6.339,0.0,0.402,0.839,0.0,2.514,0,1779002508
SKYAIUSDT,crypto,1772928000,44.88,16.52,0.561,0.04237,2.417,0.0,0.207,0.774,0.0,0.897,0,1779002508
SKYAIUSDT,crypto,1773014400,39.97,14.79,0.5,0.04281,1.038,0.0,0.12,0.71,0.0,-0.888,0,1779002508
SKYAIUSDT,crypto,1773100800,41.9,15.17,0.524,0.04337,1.308,0.0,0.323,0.677,0.0,4.888,1,1779002508
SKYAIUSDT,crypto,1773187200,32.32,13.74,0.404,0.04234,-2.375,0.0,0.166,0.645,0.0,21.186,1,1779002508
SKYAIUSDT,crypto,1773273600,36.7,13.06,0.459,0.04241,0.165,0.0,0.161,0.613,0.0,10.469,1,1779002508
SKYAIUSDT,crypto,1773360000,37.21,12.36,0.465,0.04275,0.802,0.0,0.149,0.581,0.0,11.088,1,1779002508
SKYAIUSDT,crypto,1773446400,32.83,11.4,0.41,0.04243,-0.749,0.0,0.086,0.548,0.0,4.973,1,1779002508
SKYAIUSDT,crypto,1773532800,49.35,11.38,0.617,0.04549,7.212,0.0,0.211,0.516,0.0,4.155,1,1779002508
SKYAIUSDT,crypto,1773619200,53.05,12.93,0.663,0.05131,12.794,0.0,0.522,0.516,0.0,-8.322,-1,1779002508
SKYAIUSDT,crypto,1773705600,19.96,10.75,0.25,0.04685,-8.692,0.0,0.343,0.452,0.0,2.049,0,1779002508
SKYAIUSDT,crypto,1773792000,36.22,10.33,0.453,0.04749,1.366,0.0,0.131,0.484,0.0,9.16,1,1779002508
SKYAIUSDT,crypto,1773878400,20.42,9.04,0.255,0.04454,-6.212,0.0,0.26,0.387,0.0,26.628,1,1779002508
SKYAIUSDT,crypto,1773964800,44.18,7.69,0.552,0.04738,6.376,0.0,0.247,0.323,0.0,31.575,1,1779002508
SKYAIUSDT,crypto,1774051200,27.52,6.13,0.344,0.04704,-0.718,0.0,0.065,0.29,0.0,45.089,1,1779002508
SKYAIUSDT,crypto,1774137600,33.78,6.58,0.422,0.04781,1.637,0.0,0.285,0.258,0.0,32.943,1,1779002508
SKYAIUSDT,crypto,1774224000,56.73,12.52,0.709,0.05184,8.429,0.0,1.343,0.29,0.0,23.746,1,1779002508
SKYAIUSDT,crypto,1774310400,63.95,16.45,0.799,0.0564,8.796,0.0,2.986,0.323,0.0,4.415,1,1779002508
SKYAIUSDT,crypto,1774396800,69.11,21.61,0.864,0.06234,10.532,0.0,2.126,0.581,0.0,-0.674,0,1779002508
SKYAIUSDT,crypto,1774483200,77.5,30.0,0.969,0.06825,9.48,0.0,2.81,1.0,0.0,-12.161,-1,1779002508
SKYAIUSDT,crypto,1774569600,48.76,30.0,0.609,0.06356,-6.872,0.0,2.918,1.0,0.0,-3.257,-1,1779002508
SKYAIUSDT,crypto,1774656000,52.15,23.9,0.652,0.06415,0.928,0.0,0.78,1.0,0.0,1.465,0,1779002508
SKYAIUSDT,crypto,1774742400,32.86,22.36,0.411,0.05889,-8.2,0.0,0.601,0.968,0.0,24.469,1,1779002508
SKYAIUSDT,crypto,1774828800,58.83,22.7,0.735,0.06192,5.145,0.0,0.668,0.968,0.0,27.051,1,1779002508
SKYAIUSDT,crypto,1774915200,42.04,21.99,0.526,0.05995,-3.182,0.0,0.784,0.903,0.0,20.934,1,1779002508
SKYAIUSDT,crypto,1775001600,48.72,18.93,0.609,0.06149,2.569,0.0,0.431,0.839,0.0,12.522,1,1779002508
SKYAIUSDT,crypto,1775088000,62.05,21.99,0.776,0.06509,5.855,0.0,1.172,0.806,0.0,5.27,1,1779002508
SKYAIUSDT,crypto,1775174400,61.72,20.5,0.771,0.0733,12.613,0.0,0.744,0.839,0.0,1.132,0,1779002508
SKYAIUSDT,crypto,1775260800,76.51,29.35,0.956,0.07867,7.326,0.0,14.802,0.968,0.0,-10.665,-1,1779002508
SKYAIUSDT,crypto,1775347200,40.95,26.73,0.512,0.0725,-7.843,0.0,1.345,1.0,0.0,-0.428,0,1779002508
SKYAIUSDT,crypto,1775433600,39.92,21.66,0.499,0.06919,-4.566,0.0,0.978,0.839,0.0,65.848,1,1779002508
SKYAIUSDT,crypto,1775520000,41.87,18.07,0.523,0.06852,-0.968,0.0,0.647,0.742,0.0,80.414,1,1779002508
SKYAIUSDT,crypto,1775606400,54.93,14.52,0.687,0.07413,8.187,0.0,0.582,0.581,0.0,49.548,1,1779002508
SKYAIUSDT,crypto,1775692800,34.14,16.5,0.427,0.07028,-5.194,0.0,1.106,0.548,0.0,71.457,1,1779002508
SKYAIUSDT,crypto,1775779200,42.25,12.32,0.528,0.07219,2.718,0.0,0.399,0.516,0.0,68.057,1,1779002508
SKYAIUSDT,crypto,1775865600,77.5,30.0,0.969,0.11475,58.956,0.0,15.63,1.0,0.0,40.218,1,1779002508
SKYAIUSDT,crypto,1775952000,77.5,30.0,0.969,0.12362,7.73,0.0,4.02,1.0,0.0,52.467,1,1779002508
SKYAIUSDT,crypto,1776038400,36.62,24.56,0.458,0.11086,-10.322,0.0,0.912,1.0,0.0,65.939,1,1779002508
SKYAIUSDT,crypto,1776124800,59.29,23.51,0.741,0.1205,8.696,0.001045,0.702,1.0,0.0,51.203,1,1779002508
SKYAIUSDT,crypto,1776211200,45.9,21.92,0.574,0.12132,0.68,0.00036,0.384,1.0,0.0,32.583,1,1779002508
SKYAIUSDT,crypto,1776297600,70,30.0,0.875,0.1609,32.624,0.001755,3.157,1.0,0.0,-1.305,0,1779002508
SKYAIUSDT,crypto,1776384000,66.08,27.88,0.826,0.18848,17.141,0.001434,1.575,1.0,0.0,-11.322,-1,1779002508
SKYAIUSDT,crypto,1776470400,37.39,22.78,0.467,0.18396,-2.398,0.001177,0.556,1.0,0.0,18.401,1,1779002508
SKYAIUSDT,crypto,1776556800,41.72,23.4,0.521,0.1822,-0.957,0.001134,0.68,1.0,0.002328,6.465,1,1779002508
SKYAIUSDT,crypto,1776643200,44.77,28.71,0.56,0.16085,-11.718,0.000289,4.982,0.935,9e-05,22.089,1,1779002508
SKYAIUSDT,crypto,1776729600,39.41,19.41,0.493,0.1588,-1.274,0.000387,0.397,0.871,-0.109192,19.723,1,1779002508
SKYAIUSDT,crypto,1776816000,55.46,19.74,0.693,0.16714,5.252,5e-05,0.593,0.839,-0.009674,-1.603,0,1779002508
SKYAIUSDT,crypto,1776902400,56.56,21.19,0.707,0.21781,30.316,0.001311,0.884,0.839,-0.004983,2.952,0,1779002508
SKYAIUSDT,crypto,1776988800,23.86,17.29,0.298,0.19398,-10.941,0.000548,0.362,0.774,0.032593,38.736,1,1779002508
SKYAIUSDT,crypto,1777075200,37.06,15.68,0.463,0.19638,1.237,0.000886,0.167,0.742,-0.028681,78.643,1,1779002508
SKYAIUSDT,crypto,1777161600,29.85,14.39,0.373,0.19012,-3.188,0.000303,0.169,0.677,0.016997,89.102,1,1779002508
SKYAIUSDT,crypto,1777248000,22.12,13.92,0.276,0.16446,-13.497,6.3e-05,0.203,0.645,-0.002216,203.508,1,1779002508
SKYAIUSDT,crypto,1777334400,54.0,15.15,0.675,0.22424,36.349,0.000436,0.707,0.581,0.001783,107.113,1,1779002508
SKYAIUSDT,crypto,1777420800,66.7,20.97,0.834,0.26912,20.014,0.000353,6.448,0.548,0.01617,167.015,1,1779002508
SKYAIUSDT,crypto,1777507200,68.41,22.9,0.855,0.35082,30.358,0.000399,3.366,0.645,0.065407,109.025,1,1779002508
SKYAIUSDT,crypto,1777593600,61.39,24.19,0.767,0.35952,2.48,5.3e-05,2.381,0.71,0.01924,96.835,1,1779002508
SKYAIUSDT,crypto,1777680000,69.55,29.77,0.869,0.49915,38.838,0.001708,1.955,1.0,-0.114394,14.076,1,1779002508
SKYAIUSDT,crypto,1777766400,42.72,27.36,0.534,0.46443,-6.956,0.000118,1.472,1.0,-0.162649,28.084,1,1779002508
SKYAIUSDT,crypto,1777852800,69.05,29.52,0.863,0.71859,54.725,0.001515,1.905,1.0,-0.183219,-15.279,-1,1779002508
SKYAIUSDT,crypto,1777939200,51.81,25.47,0.648,0.7333,2.047,0.001144,1.094,1.0,-0.037079,-26.108,-1,1779002508
SKYAIUSDT,crypto,1778025600,40.4,23.89,0.505,0.70766,-3.497,0.000579,0.778,1.0,-0.089876,-37.658,-1,1779002508
SKYAIUSDT,crypto,1778112000,31.49,21.75,0.394,0.56941,-19.536,0.000158,0.607,0.935,-0.091235,-4.55,-1,1779002508
SKYAIUSDT,crypto,1778198400,51.84,19.36,0.648,0.59486,4.47,5e-05,0.259,0.903,-0.047286,-21.74,-1,1779002508
SKYAIUSDT,crypto,1778284800,47.31,18.57,0.591,0.6088,2.343,5e-05,0.36,0.839,-0.055688,-38.509,-1,1779002508
SKYAIUSDT,crypto,1778371200,25.57,17.22,0.32,0.54185,-10.997,5e-05,0.219,0.806,-0.049414,-37.318,-1,1779002508
SKYAIUSDT,crypto,1778457600,26.43,19.48,0.33,0.44117,-18.581,0.000911,0.8,0.774,-0.008184,-28.182,-1,1779002508
SKYAIUSDT,crypto,1778544000,56.05,16.5,0.701,0.5435,23.195,5e-05,0.46,0.71,0.071369,-43.665,-1,1779002508
ORCAUSDT,crypto,1762214400,46.78,25.65,0.585,1.32,-3.509,0.0,1.13,1.0,0.0,11.591,1,1779002509
ORCAUSDT,crypto,1762300800,58.01,24.35,0.725,1.365,3.409,0.0,0.869,1.0,0.0,9.67,1,1779002509
ORCAUSDT,crypto,1762387200,44.57,22.79,0.557,1.341,-1.758,0.0,0.558,1.0,0.0,2.908,0,1779002509
ORCAUSDT,crypto,1762473600,64.96,23.73,0.812,1.48,10.365,0.0,0.746,1.0,0.0,-7.297,-1,1779002509
ORCAUSDT,crypto,1762560000,42.96,19.78,0.537,1.462,-1.216,0.0,0.622,0.833,0.0,-9.097,-1,1779002509
ORCAUSDT,crypto,1762646400,45.07,17.67,0.563,1.473,0.752,0.0,0.678,0.714,0.0,-13.035,-1,1779002509
ORCAUSDT,crypto,1762732800,44.96,15.85,0.562,1.497,1.629,0.0,0.671,0.625,0.0,-13.427,-1,1779002509
ORCAUSDT,crypto,1762819200,29.31,17.57,0.366,1.38,-7.816,0.0,0.847,0.667,0.0,-9.783,-1,1779002509
ORCAUSDT,crypto,1762905600,49.49,24.07,0.619,1.372,-0.58,0.0,0.815,1.0,0.0,-11.735,-1,1779002509
ORCAUSDT,crypto,1762992000,49.59,26.68,0.62,1.329,-3.134,0.0,1.336,1.0,0.0,-8.653,-1,1779002509
ORCAUSDT,crypto,1763078400,43.48,24.1,0.543,1.281,-3.612,0.0,0.82,1.0,0.0,-8.587,-1,1779002509
ORCAUSDT,crypto,1763164800,49.36,22.26,0.617,1.296,1.171,0.0,0.452,1.0,0.0,-13.04,-1,1779002509
ORCAUSDT,crypto,1763251200,40.63,23.0,0.508,1.245,-3.935,0.0,0.6,1.0,0.0,-10.361,-1,1779002509
ORCAUSDT,crypto,1763337600,44.28,23.62,0.554,1.211,-2.731,0.0,0.725,1.0,0.0,-11.148,-1,1779002509
ORCAUSDT,crypto,1763424000,50.52,23.76,0.631,1.214,0.248,0.0,0.752,1.0,0.0,-10.956,-1,1779002509
ORCAUSDT,crypto,1763510400,46.47,25.53,0.581,1.171,-3.542,0.0,1.105,1.0,0.0,-4.953,-1,1779002509
ORCAUSDT,crypto,1763596800,44.75,24.88,0.559,1.127,-3.757,0.0,0.977,1.0,0.0,-3.461,-1,1779002509
ORCAUSDT,crypto,1763683200,60.55,30.0,0.757,1.116,-0.976,0.0,2.243,1.0,0.0,-1.792,0,1779002509
ORCAUSDT,crypto,1763769600,47.28,25.97,0.591,1.076,-3.584,0.0,1.195,1.0,0.0,29.833,1,1779002509
ORCAUSDT,crypto,1763856000,49.28,22.93,0.616,1.081,0.465,0.0,0.585,1.0,0.0,22.757,1,1779002509
ORCAUSDT,crypto,1763942400,62.23,26.9,0.778,1.113,2.96,0.0,1.381,1.0,0.0,26.685,1,1779002509
ORCAUSDT,crypto,1764028800,44.19,23.09,0.552,1.088,-2.246,0.0,0.618,1.0,0.0,18.29,1,1779002509
ORCAUSDT,crypto,1764115200,50.07,23.05,0.626,1.096,0.735,0.0,0.61,1.0,0.0,13.777,1,1779002509
ORCAUSDT,crypto,1764201600,76.7,29.2,0.959,1.397,27.464,0.0,187.814,0.96,0.0,-6.228,-1,1779002509
ORCAUSDT,crypto,1764288000,49.4,26.92,0.618,1.327,-5.011,0.0,3.897,0.846,0.0,-0.98,0,1779002509
ORCAUSDT,crypto,1764374400,71.31,26.3,0.891,1.41,6.255,0.0,4.497,0.815,0.0,-2.27,0,1779002509
ORCAUSDT,crypto,1764460800,37.19,21.99,0.465,1.287,-8.723,0.0,1.541,0.714,0.0,-0.155,0,1779002509
ORCAUSDT,crypto,1764547200,36.27,16.55,0.453,1.247,-3.108,0.0,0.689,0.655,0.0,5.293,1,1779002509
ORCAUSDT,crypto,1764633600,57.3,18.35,0.716,1.31,5.052,0.0,1.27,0.6,0.0,-2.672,0,1779002509
ORCAUSDT,crypto,1764720000,37.92,13.21,0.474,1.314,0.305,0.0,0.32,0.581,0.0,-3.501,-1,1779002509
ORCAUSDT,crypto,1764806400,51.02,16.16,0.638,1.378,4.871,0.0,0.523,0.677,0.0,-7.039,-1,1779002509
ORCAUSDT,crypto,1764892800,25.05,14.47,0.313,1.285,-6.749,0.0,0.314,0.645,0.0,-3.502,-1,1779002509
ORCAUSDT,crypto,1764979200,45.85,16.6,0.573,1.313,2.179,0.0,0.48,0.71,0.0,-10.891,-1,1779002509
ORCAUSDT,crypto,1765065600,33.38,15.43,0.417,1.275,-2.894,0.0,0.248,0.71,0.0,-10.431,-1,1779002509
ORCAUSDT,crypto,1765152000,36.17,14.16,0.452,1.268,-0.549,0.0,0.122,0.677,0.0,-9.543,-1,1779002509
ORCAUSDT,crypto,1765238400,37.61,12.34,0.47,1.281,1.025,0.0,0.145,0.581,0.0,-15.613,-1,1779002509
ORCAUSDT,crypto,1765324800,25.58,8.94,0.32,1.24,-3.201,0.0,0.11,0.419,0.0,-14.919,-1,1779002509
ORCAUSDT,crypto,1765411200,19.41,7.32,0.243,1.17,-5.645,0.0,0.175,0.323,0.0,-6.838,-1,1779002509
ORCAUSDT,crypto,1765497600,26.21,7.15,0.328,1.142,-2.393,0.0,0.269,0.29,0.0,-3.24,-1,1779002509
ORCAUSDT,crypto,1765584000,28.77,4.95,0.36,1.147,0.438,0.0,0.087,0.226,0.0,-8.98,-1,1779002509
ORCAUSDT,crypto,1765670400,16.51,5.02,0.206,1.081,-5.754,0.0,0.1,0.226,0.0,1.018,0,1779002509
ORCAUSDT,crypto,1765756800,24.95,6.53,0.312,1.055,-2.405,0.0,0.145,0.29,0.0,2.464,0,1779002509
ORCAUSDT,crypto,1765843200,40.15,8.41,0.502,1.09,3.318,0.0,0.521,0.29,0.0,-0.642,0,1779002509
ORCAUSDT,crypto,1765929600,35.17,7.86,0.44,1.105,1.376,0.0,0.411,0.29,0.0,3.439,1,1779002509
ORCAUSDT,crypto,1766016000,23.99,10.46,0.3,1.044,-5.52,0.0,0.415,0.419,0.0,8.621,1,1779002509
ORCAUSDT,crypto,1766102400,39.77,6.62,0.497,1.092,4.598,0.0,0.291,0.258,0.0,2.289,0,1779002509
ORCAUSDT,crypto,1766188800,29.25,7.61,0.366,1.081,-1.007,0.0,0.231,0.323,0.0,2.313,0,1779002509
ORCAUSDT,crypto,1766275200,37.25,11.71,0.466,1.083,0.185,0.0,0.535,0.452,0.0,2.585,0,1779002509
ORCAUSDT,crypto,1766361600,60.68,17.1,0.758,1.143,5.54,0.0,2.827,0.355,0.0,-0.787,0,1779002509
ORCAUSDT,crypto,1766448000,38.26,10.93,0.478,1.134,-0.787,0.0,1.282,0.226,0.0,-0.529,0,1779002509
ORCAUSDT,crypto,1766534400,24.94,3.04,0.312,1.117,-1.499,0.0,0.48,0.032,0.0,-1.164,0,1779002509
ORCAUSDT,crypto,1766620800,25.66,2.89,0.321,1.106,-0.985,0.0,0.448,0.032,0.0,-0.814,0,1779002509
ORCAUSDT,crypto,1766707200,28.3,2.77,0.354,1.111,0.452,0.0,0.425,0.032,0.0,-3.78,-1,1779002509
ORCAUSDT,crypto,1766793600,29.48,1.74,0.369,1.134,2.07,0.0,0.22,0.032,0.0,-2.822,0,1779002509
ORCAUSDT,crypto,1766880000,24.88,2.04,0.311,1.128,-0.529,0.0,0.279,0.032,0.0,-0.266,0,1779002509
ORCAUSDT,crypto,1766966400,22.91,2.66,0.286,1.104,-2.128,0.0,0.402,0.032,0.0,1.54,0,1779002509
ORCAUSDT,crypto,1767052800,25.05,2.23,0.313,1.097,-0.634,0.0,0.317,0.032,0.0,5.287,1,1779002509
ORCAUSDT,crypto,1767139200,21.33,2.29,0.267,1.069,-2.552,0.0,0.329,0.032,0.0,14.406,1,1779002509
ORCAUSDT,crypto,1767225600,31.52,1.74,0.394,1.102,3.087,0.0,0.22,0.032,0.0,10.889,1,1779002509
ORCAUSDT,crypto,1767312000,33.96,3.97,0.425,1.125,2.087,0.0,0.664,0.032,0.0,5.956,1,1779002509
ORCAUSDT,crypto,1767398400,25.28,2.07,0.316,1.121,-0.356,0.0,0.284,0.032,0.0,6.334,1,1779002509
ORCAUSDT,crypto,1767484800,33.57,2.83,0.42,1.155,3.033,0.0,0.436,0.032,0.0,2.424,0,1779002509
ORCAUSDT,crypto,1767571200,58.79,14.52,0.735,1.223,5.887,0.0,5.105,0.226,0.0,-4.334,-1,1779002509
ORCAUSDT,crypto,1767657600,39.69,11.58,0.496,1.222,-0.082,0.0,1.154,0.29,0.0,-4.337,-1,1779002509
ORCAUSDT,crypto,1767744000,28.04,7.81,0.351,1.192,-2.455,0.0,0.529,0.258,0.0,-3.104,-1,1779002509
ORCAUSDT,crypto,1767830400,35.19,9.89,0.44,1.192,0.0,0.0,0.56,0.355,0.0,2.685,0,1779002509
ORCAUSDT,crypto,1767916800,34.15,9.81,0.427,1.183,-0.755,0.0,0.671,0.323,0.0,2.198,0,1779002509
ORCAUSDT,crypto,1768003200,27.16,6.01,0.34,1.17,-1.099,0.0,0.17,0.258,0.0,-1.709,0,1779002509
ORCAUSDT,crypto,1768089600,29.81,6.64,0.373,1.169,-0.085,0.0,0.167,0.29,0.0,0.428,0,1779002509
ORCAUSDT,crypto,1768176000,32.69,9.2,0.409,1.155,-1.198,0.0,0.678,0.29,0.0,0.346,0,1779002509
ORCAUSDT,crypto,1768262400,52.14,14.01,0.652,1.224,5.974,0.0,0.737,0.516,0.0,-8.824,-1,1779002509
ORCAUSDT,crypto,1768348800,36.34,13.63,0.454,1.209,-1.225,0.0,0.532,0.548,0.0,-9.512,-1,1779002509
ORCAUSDT,crypto,1768435200,29.44,13.51,0.368,1.15,-4.88,0.0,0.638,0.516,0.0,-9.478,-1,1779002509
ORCAUSDT,crypto,1768521600,41.12,12.39,0.514,1.174,2.087,0.0,0.413,0.516,0.0,-8.773,-1,1779002509
ORCAUSDT,crypto,1768608000,31.43,10.26,0.393,1.159,-1.278,0.0,0.246,0.452,0.0,-8.887,-1,1779002509
ORCAUSDT,crypto,1768694400,28.43,10.55,0.355,1.116,-3.71,0.0,0.561,0.387,0.0,-5.914,-1,1779002509
ORCAUSDT,crypto,1768780800,33.38,11.61,0.417,1.094,-1.971,0.0,0.644,0.419,0.0,-3.016,-1,1779002509
ORCAUSDT,crypto,1768867200,30.92,16.47,0.386,1.041,-4.845,0.0,0.327,0.742,0.0,-0.768,0,1779002509
ORCAUSDT,crypto,1768953600,48.42,17.82,0.605,1.071,2.882,0.0,0.467,0.774,0.0,0.56,0,1779002509
ORCAUSDT,crypto,1769040000,37.96,17.2,0.475,1.056,-1.401,0.0,0.213,0.806,0.0,1.136,0,1779002509
ORCAUSDT,crypto,1769126400,41.41,18.73,0.518,1.05,-0.568,0.0,0.263,0.871,0.0,2.476,0,1779002509
ORCAUSDT,crypto,1769212800,45.26,19.36,0.566,1.061,1.048,0.0,0.26,0.903,0.0,-4.147,-1,1779002509
ORCAUSDT,crypto,1769299200,55.93,28.71,0.699,1.033,-2.639,0.0,2.306,0.935,0.0,-3.582,-1,1779002509
ORCAUSDT,crypto,1769385600,69.73,28.71,0.872,1.077,4.259,0.0,2.418,0.935,0.0,-17.549,-1,1779002509
ORCAUSDT,crypto,1769472000,45.15,21.52,0.564,1.068,-0.836,0.0,0.561,0.935,0.0,-19.101,-1,1779002509
ORCAUSDT,crypto,1769558400,53.15,23.28,0.664,1.076,0.749,0.0,1.173,0.871,0.0,-16.078,-1,1779002509
ORCAUSDT,crypto,1769644800,42.56,25.19,0.532,1.017,-5.483,0.0,1.168,0.968,0.0,-13.569,-1,1779002509
ORCAUSDT,crypto,1769731200,50.17,25.9,0.627,0.996,-2.065,0.0,1.18,1.0,0.0,-13.855,-1,1779002509
ORCAUSDT,crypto,1769817600,47.5,30.0,0.594,0.888,-10.843,0.0,2.075,1.0,0.0,-18.356,-1,1779002509
ORCAUSDT,crypto,1769904000,47.97,25.44,0.6,0.864,-2.703,0.0,1.087,1.0,0.0,-7.407,-1,1779002509
ORCAUSDT,crypto,1769990400,65.25,26.86,0.816,0.903,4.514,0.0,1.372,1.0,0.0,-10.853,-1,1779002509
ORCAUSDT,crypto,1770076800,47.44,25.13,0.593,0.879,-2.658,0.0,1.025,1.0,0.0,-11.49,-1,1779002509
ORCAUSDT,crypto,1770163200,49.3,25.79,0.616,0.858,-2.389,0.0,1.158,1.0,0.0,-9.907,-1,1779002509
ORCAUSDT,crypto,1770249600,47.5,30.0,0.594,0.725,-15.501,0.0,4.281,1.0,0.0,4.552,1,1779002509
ORCAUSDT,crypto,1770336000,77.5,30.0,0.969,0.8,10.345,0.0,2.686,1.0,0.0,-7.5,-1,1779002509
ORCAUSDT,crypto,1770422400,51.13,23.69,0.639,0.805,0.625,0.0,0.738,1.0,0.0,-7.081,-1,1779002509
ORCAUSDT,crypto,1770508800,38.4,21.31,0.48,0.778,-3.354,0.0,0.261,1.0,0.0,1.671,0,1779002509
ORCAUSDT,crypto,1770595200,44.61,21.7,0.558,0.773,-0.643,0.0,0.34,1.0,0.0,6.468,1,1779002509
ORCAUSDT,crypto,1770681600,41.51,21.45,0.519,0.758,-1.94,0.0,0.289,1.0,0.0,3.034,1,1779002509
ORCAUSDT,crypto,1770768000,42.16,22.21,0.527,0.74,-2.375,0.0,0.441,1.0,0.0,7.838,1,1779002509
ORCAUSDT,crypto,1770854400,49.06,22.2,0.613,0.748,1.081,0.0,0.44,1.0,0.0,55.749,1,1779002509
ORCAUSDT,crypto,1770940800,57.61,21.16,0.72,0.791,5.749,0.0,0.49,0.935,0.0,63.843,1,1779002509
ORCAUSDT,crypto,1771027200,52.12,19.8,0.652,0.823,4.046,0.0,0.347,0.903,0.0,48.481,1,1779002509
ORCAUSDT,crypto,1771113600,32.75,18.29,0.409,0.781,-5.103,0.0,0.432,0.806,0.0,45.711,1,1779002509
ORCAUSDT,crypto,1771200000,46.44,16.89,0.58,0.798,2.177,0.0,0.539,0.71,0.0,32.957,1,1779002509
ORCAUSDT,crypto,1771286400,73.63,26.13,0.92,1.165,45.99,0.0,133.818,0.806,0.0,-13.476,-1,1779002509
ORCAUSDT,crypto,1771372800,77.5,30.0,0.969,1.296,11.245,0.0,10.792,1.0,0.0,-25.694,-1,1779002509
ORCAUSDT,crypto,1771459200,51.08,30.0,0.639,1.222,-5.71,0.0,4.495,1.0,0.0,-25.286,-1,1779002509
ORCAUSDT,crypto,1771545600,42.76,27.0,0.535,1.138,-6.874,0.0,1.401,1.0,0.0,-16.257,-1,1779002509
ORCAUSDT,crypto,1771632000,35.92,23.48,0.449,1.061,-6.766,0.0,0.695,1.0,0.0,-14.986,-1,1779002509
ORCAUSDT,crypto,1771718400,38.41,22.95,0.48,1.008,-4.995,0.0,0.59,1.0,0.0,-11.607,-1,1779002509
ORCAUSDT,crypto,1771804800,39.3,22.54,0.491,0.963,-4.464,0.0,0.637,0.968,0.0,-6.334,-1,1779002509
ORCAUSDT,crypto,1771891200,36.5,21.23,0.456,0.913,-5.192,0.0,0.632,0.903,0.0,-5.257,-1,1779002509
ORCAUSDT,crypto,1771977600,51.93,18.72,0.649,0.953,4.381,0.0,0.389,0.839,0.0,-9.339,-1,1779002509
ORCAUSDT,crypto,1772064000,30.13,17.23,0.377,0.902,-5.352,0.0,0.221,0.806,0.0,-4.435,-1,1779002509
ORCAUSDT,crypto,1772150400,36.61,15.69,0.458,0.891,-1.22,0.0,0.171,0.742,0.0,0.112,0,1779002509
ORCAUSDT,crypto,1772236800,41.32,15.27,0.516,0.902,1.235,0.0,0.216,0.71,0.0,14.745,1,1779002509
ORCAUSDT,crypto,1772323200,28.99,14.12,0.362,0.865,-4.102,0.0,0.115,0.677,0.0,7.977,1,1779002509
ORCAUSDT,crypto,1772409600,36.54,13.59,0.457,0.864,-0.116,0.0,0.137,0.645,0.0,3.472,1,1779002509
ORCAUSDT,crypto,1772496000,35.15,12.37,0.439,0.862,-0.231,0.0,0.15,0.581,0.0,2.204,0,1779002509
ORCAUSDT,crypto,1772582400,41.55,11.53,0.519,0.892,3.48,0.0,0.112,0.548,0.0,3.139,1,1779002509
ORCAUSDT,crypto,1772668800,62.09,17.46,0.776,1.035,16.031,0.0,1.427,0.516,0.0,-8.696,-1,1779002509
ORCAUSDT,crypto,1772755200,23.82,13.0,0.298,0.934,-9.758,0.0,0.664,0.484,0.0,-0.107,0,1779002509
ORCAUSDT,crypto,1772841600,23.11,8.14,0.289,0.894,-4.283,0.0,0.208,0.355,0.0,4.81,1,1779002509
ORCAUSDT,crypto,1772928000,26.07,5.82,0.326,0.881,-1.454,0.0,0.132,0.258,0.0,6.243,1,1779002509
ORCAUSDT,crypto,1773014400,35.56,3.39,0.445,0.92,4.427,0.0,0.163,0.129,0.0,1.848,0,1779002509
ORCAUSDT,crypto,1773100800,30.15,1.43,0.377,0.945,2.717,0.0,0.157,0.032,0.0,1.587,0,1779002509
ORCAUSDT,crypto,1773187200,22.34,1.51,0.279,0.933,-1.27,0.0,0.174,0.032,0.0,5.359,1,1779002509
ORCAUSDT,crypto,1773273600,25.42,1.36,0.318,0.937,0.429,0.0,0.142,0.032,0.0,5.443,1,1779002509
ORCAUSDT,crypto,1773360000,25.4,1.88,0.318,0.936,-0.107,0.0,0.247,0.032,0.0,0.321,0,1779002509
ORCAUSDT,crypto,1773446400,25.51,1.72,0.319,0.937,0.107,0.0,0.215,0.032,0.0,-1.387,0,1779002509
ORCAUSDT,crypto,1773532800,29.66,1.45,0.371,0.96,2.455,0.0,0.161,0.032,0.0,-2.083,0,1779002509
ORCAUSDT,crypto,1773619200,32.32,3.48,0.404,0.983,2.396,0.0,0.309,0.097,0.0,-7.223,-1,1779002509
ORCAUSDT,crypto,1773705600,29.16,4.11,0.365,0.988,0.509,0.0,0.306,0.129,0.0,-8.806,-1,1779002509
ORCAUSDT,crypto,1773792000,18.48,4.24,0.231,0.939,-4.96,0.0,0.332,0.129,0.0,0.213,0,1779002509
ORCAUSDT,crypto,1773878400,36.85,10.06,0.461,0.924,-1.597,0.0,1.496,0.129,0.0,1.623,0,1779002509
ORCAUSDT,crypto,1773964800,31.28,3.95,0.391,0.94,1.732,0.0,0.273,0.129,0.0,0.851,0,1779002509
ORCAUSDT,crypto,1774051200,20.1,2.75,0.251,0.912,-2.979,0.0,0.163,0.097,0.0,-1.864,0,1779002509
ORCAUSDT,crypto,1774137600,22.86,1.71,0.286,0.901,-1.206,0.0,0.213,0.032,0.0,-5.216,-1,1779002509
ORCAUSDT,crypto,1774224000,35.49,2.38,0.444,0.941,4.44,0.0,0.346,0.032,0.0,-11.052,-1,1779002509
ORCAUSDT,crypto,1774310400,24.73,1.65,0.309,0.939,-0.213,0.0,0.201,0.032,0.0,-12.034,-1,1779002509
ORCAUSDT,crypto,1774396800,26.55,1.39,0.332,0.948,0.958,0.0,0.149,0.032,0.0,-11.498,-1,1779002509
ORCAUSDT,crypto,1774483200,16.15,3.06,0.202,0.895,-5.591,0.0,0.354,0.065,0.0,0.67,0,1779002509
ORCAUSDT,crypto,1774569600,20.63,4.61,0.258,0.854,-4.581,0.0,0.535,0.097,0.0,2.693,0,1779002509
ORCAUSDT,crypto,1774656000,26.61,5.98,0.333,0.837,-1.991,0.0,0.422,0.194,0.0,-0.358,0,1779002509
ORCAUSDT,crypto,1774742400,32.56,9.89,0.407,0.826,-1.314,0.0,0.559,0.355,0.0,-0.242,0,1779002509
ORCAUSDT,crypto,1774828800,41.93,13.95,0.524,0.839,1.574,0.0,0.467,0.581,0.0,-1.549,0,1779002509
ORCAUSDT,crypto,1774915200,69.54,22.26,0.869,0.901,7.39,0.0,3.375,0.613,0.0,-7.991,-1,1779002509
ORCAUSDT,crypto,1775001600,50.08,22.9,0.626,0.877,-2.664,0.0,2.318,0.645,0.0,-4.105,-1,1779002509
ORCAUSDT,crypto,1775088000,38.94,19.9,0.487,0.834,-4.903,0.0,1.27,0.677,0.0,8.753,1,1779002509
ORCAUSDT,crypto,1775174400,45.03,19.56,0.563,0.824,-1.199,0.0,1.073,0.71,0.0,7.16,1,1779002509
ORCAUSDT,crypto,1775260800,41.61,17.05,0.52,0.826,0.243,0.0,0.314,0.774,0.0,8.111,1,1779002509
ORCAUSDT,crypto,1775347200,41.54,16.25,0.519,0.829,0.363,0.0,0.412,0.71,0.0,9.409,1,1779002509
ORCAUSDT,crypto,1775433600,48.01,18.08,0.6,0.841,1.448,0.0,0.907,0.677,0.0,7.729,1,1779002509
ORCAUSDT,crypto,1775520000,71.05,23.55,0.888,0.907,7.848,0.0,5.535,0.677,0.0,-4.52,-1,1779002509
ORCAUSDT,crypto,1775606400,37.54,15.97,0.469,0.883,-2.646,0.0,0.872,0.581,0.0,2.831,0,1779002509
ORCAUSDT,crypto,1775692800,39.31,12.11,0.491,0.893,1.133,0.0,0.486,0.484,0.0,-1.12,0,1779002509
ORCAUSDT,crypto,1775779200,41.7,12.55,0.521,0.907,1.568,0.0,0.703,0.452,0.0,-0.882,0,1779002509
ORCAUSDT,crypto,1775865600,35.36,11.7,0.442,0.906,-0.11,0.0,0.276,0.516,0.0,3.422,1,1779002509
ORCAUSDT,crypto,1775952000,23.82,8.62,0.298,0.866,-4.415,0.0,0.305,0.355,0.0,10.046,1,1779002509
ORCAUSDT,crypto,1776038400,41.12,7.04,0.514,0.908,4.85,0.0,0.376,0.258,0.0,0.33,0,1779002509
ORCAUSDT,crypto,1776124800,23.76,5.0,0.297,0.883,-2.753,0.0,0.354,0.161,0.0,-0.453,0,1779002509
ORCAUSDT,crypto,1776211200,32.72,5.23,0.409,0.899,1.812,0.0,0.273,0.194,0.0,1.557,0,1779002509
ORCAUSDT,crypto,1776297600,41.6,8.23,0.52,0.937,4.227,0.0,0.484,0.29,0.0,-1.281,0,1779002509
ORCAUSDT,crypto,1776384000,38.89,10.36,0.486,0.953,1.708,0.0,0.523,0.387,0.0,-2.204,0,1779002509
ORCAUSDT,crypto,1776470400,24.68,9.37,0.309,0.911,-4.407,0.0,0.326,0.387,0.0,1.756,0,1779002509
ORCAUSDT,crypto,1776556800,26.85,8.91,0.336,0.879,-3.513,0.0,0.492,0.323,-0.00551,6.826,1,1779002509
ORCAUSDT,crypto,1776643200,40.94,8.9,0.512,0.913,3.868,0.0,0.361,0.355,-0.062894,21.468,1,1779002509
ORCAUSDT,crypto,1776729600,37.59,10.75,0.47,0.925,1.314,0.0,0.343,0.452,-0.04219,44.0,1,1779002509
ORCAUSDT,crypto,1776816000,36.53,9.81,0.457,0.932,0.757,0.0,0.542,0.355,0.026256,60.515,1,1779002509
ORCAUSDT,crypto,1776902400,29.6,6.34,0.37,0.927,-0.536,0.0,0.366,0.226,0.007473,73.571,1,1779002509
ORCAUSDT,crypto,1776988800,30.64,4.07,0.383,0.939,1.294,0.0,0.297,0.129,0.021055,72.524,1,1779002509
ORCAUSDT,crypto,1777075200,75.56,28.06,0.945,1.109,18.104,0.0,29.401,0.903,-0.004436,90.893,1,1779002509
ORCAUSDT,crypto,1777161600,77.5,30.0,0.969,1.332,20.108,0.0,86.188,1.0,1.24609,48.348,1,1779002509
ORCAUSDT,crypto,1777248000,77.5,30.0,0.969,1.496,12.312,0.0,8.35,1.0,1.160471,38.503,1,1779002509
ORCAUSDT,crypto,1777334400,77.5,30.0,0.969,1.609,7.553,0.0,4.924,1.0,-0.106294,23.928,1,1779002509
ORCAUSDT,crypto,1777420800,63.86,29.99,0.798,1.62,0.684,0.0,1.999,1.0,0.02674,11.049,1,1779002509
ORCAUSDT,crypto,1777507200,72.35,27.43,0.904,2.117,30.679,0.0,1.485,1.0,-0.041074,-21.162,-1,1779002509
ORCAUSDT,crypto,1777593600,52.71,30.0,0.659,1.976,-6.66,-0.000706,2.121,1.0,0.247604,-23.937,-1,1779002509
ORCAUSDT,crypto,1777680000,69.69,26.45,0.871,2.072,4.858,-0.000915,1.29,1.0,-0.146573,-25.772,-1,1779002509
ORCAUSDT,crypto,1777766400,43.62,22.42,0.545,1.994,-3.764,-0.000763,0.483,1.0,-0.166088,-18.957,-1,1779002509
ORCAUSDT,crypto,1777852800,31.17,20.66,0.39,1.799,-9.779,-0.000213,0.389,0.935,0.004208,-3.446,-1,1779002509
ORCAUSDT,crypto,1777939200,30.1,19.49,0.376,1.669,-7.226,-0.000229,0.284,0.903,-0.164721,-0.959,0,1779002509
ORCAUSDT,crypto,1778025600,29.5,17.87,0.369,1.503,-9.946,-0.000607,0.218,0.839,0.005879,10.712,1,1779002509
ORCAUSDT,crypto,1778112000,53.47,17.75,0.668,1.538,2.329,-0.00126,0.453,0.774,0.002821,1.951,0,1779002509
ORCAUSDT,crypto,1778198400,53.84,15.86,0.673,1.616,5.072,-0.000864,0.204,0.742,-0.002335,-8.416,-1,1779002509
ORCAUSDT,crypto,1778284800,55.37,15.66,0.692,1.737,7.488,-0.000152,0.294,0.71,0.014989,-16.695,-1,1779002509
ORCAUSDT,crypto,1778371200,29.27,14.25,0.366,1.653,-4.836,-0.000299,0.14,0.677,-0.085852,-11.676,-1,1779002509
ORCAUSDT,crypto,1778457600,38.56,12.96,0.482,1.664,0.665,-0.000213,0.141,0.613,-0.062217,-11.178,-1,1779002509
ORCAUSDT,crypto,1778544000,22.94,11.41,0.287,1.568,-5.769,-2.6e-05,0.088,0.548,-0.052496,-5.676,-1,1779002509
PHBUSDT,crypto,1762214400,39.28,22.28,0.491,0.3506,-3.893,0.0,0.456,1.0,0.0,9.042,1,1779002510
PHBUSDT,crypto,1762300800,43.5,21.19,0.544,0.3482,-0.685,0.0,0.237,1.0,0.0,11.689,1,1779002510
PHBUSDT,crypto,1762387200,42.6,21.14,0.532,0.3444,-1.091,0.0,0.228,1.0,0.0,5.11,1,1779002510
PHBUSDT,crypto,1762473600,65.77,24.13,0.822,0.4098,18.99,0.0,0.827,1.0,0.0,-11.908,-1,1779002510
PHBUSDT,crypto,1762560000,33.68,21.59,0.421,0.3852,-6.003,0.0,0.318,1.0,0.0,-9.528,-1,1779002510
PHBUSDT,crypto,1762646400,42.63,20.82,0.533,0.3823,-0.753,0.0,0.163,1.0,0.0,-13.837,-1,1779002510
PHBUSDT,crypto,1762732800,47.97,21.01,0.6,0.3889,1.726,0.0,0.202,1.0,0.0,-12.857,-1,1779002510
PHBUSDT,crypto,1762819200,30.76,21.05,0.385,0.362,-6.917,0.0,0.21,1.0,0.0,-9.475,-1,1779002510
PHBUSDT,crypto,1762905600,43.67,20.86,0.546,0.361,-0.276,0.0,0.172,1.0,0.0,-12.715,-1,1779002510
PHBUSDT,crypto,1762992000,37.31,20.87,0.466,0.3485,-3.463,0.0,0.174,1.0,0.0,-7.346,-1,1779002510
PHBUSDT,crypto,1763078400,31.84,19.32,0.398,0.3294,-5.481,0.0,0.197,0.917,0.0,-4.584,-1,1779002510
PHBUSDT,crypto,1763164800,41.51,12.77,0.519,0.3389,2.884,0.0,0.093,0.615,0.0,-5.724,-1,1779002510
PHBUSDT,crypto,1763251200,22.98,6.4,0.287,0.3277,-3.305,0.0,0.137,0.286,0.0,-8.27,-1,1779002510
PHBUSDT,crypto,1763337600,19.35,3.6,0.242,0.3151,-3.845,0.0,0.187,0.133,0.0,-0.127,0,1779002510
PHBUSDT,crypto,1763424000,31.76,2.78,0.397,0.3229,2.475,0.0,0.306,0.062,0.0,1.053,0,1779002510
PHBUSDT,crypto,1763510400,22.96,3.48,0.287,0.3143,-2.663,0.0,0.461,0.059,0.0,8.718,1,1779002510
PHBUSDT,crypto,1763596800,35.86,5.58,0.448,0.3195,1.654,0.0,0.894,0.056,0.0,6.385,1,1779002510
PHBUSDT,crypto,1763683200,23.74,7.06,0.297,0.3006,-5.915,0.0,1.202,0.053,0.0,13.473,1,1779002510
PHBUSDT,crypto,1763769600,52.88,11.0,0.661,0.3147,4.691,0.0,2.141,0.05,0.0,6.832,1,1779002510
PHBUSDT,crypto,1763856000,45.8,8.92,0.573,0.3263,3.686,0.0,1.402,0.095,0.0,1.808,0,1779002510
PHBUSDT,crypto,1763942400,52.39,11.59,0.655,0.3417,4.72,0.0,1.773,0.136,0.0,-5.063,-1,1779002510
PHBUSDT,crypto,1764028800,41.58,11.81,0.52,0.3399,-0.527,0.0,1.666,0.174,0.0,-6.796,-1,1779002510
PHBUSDT,crypto,1764115200,31.74,6.35,0.397,0.3411,0.353,0.0,0.436,0.208,0.0,-11.815,-1,1779002510
PHBUSDT,crypto,1764201600,23.53,2.35,0.294,0.3362,-1.437,0.0,0.31,0.04,0.0,-5.889,-1,1779002510
PHBUSDT,crypto,1764288000,25.28,2.96,0.316,0.3322,-1.19,0.0,0.439,0.038,0.0,-2.408,0,1779002510
PHBUSDT,crypto,1764374400,21.49,2.21,0.269,0.3244,-2.348,0.0,0.294,0.037,0.0,-3.514,-1,1779002510
PHBUSDT,crypto,1764460800,20.91,1.91,0.261,0.3168,-2.343,0.0,0.239,0.036,0.0,-5.271,-1,1779002510
PHBUSDT,crypto,1764547200,20.87,4.58,0.261,0.3008,-5.051,0.0,0.778,0.034,0.0,6.682,1,1779002510
PHBUSDT,crypto,1764633600,38.09,2.94,0.476,0.3164,5.186,0.0,0.455,0.033,0.0,-3.287,-1,1779002510
PHBUSDT,crypto,1764720000,33.02,3.12,0.413,0.3242,2.465,0.0,0.495,0.032,0.0,-4.195,-1,1779002510
PHBUSDT,crypto,1764806400,21.12,3.41,0.264,0.313,-3.455,0.0,0.424,0.065,0.0,1.629,0,1779002510
PHBUSDT,crypto,1764892800,21.95,4.82,0.274,0.3001,-4.121,0.0,0.576,0.097,0.0,2.899,0,1779002510
PHBUSDT,crypto,1764979200,43.6,4.59,0.545,0.3209,6.931,0.0,0.53,0.097,0.0,-5.859,-1,1779002510
PHBUSDT,crypto,1765065600,23.16,6.59,0.29,0.306,-4.643,0.0,0.672,0.161,0.0,-2.418,0,1779002510
PHBUSDT,crypto,1765152000,33.48,6.25,0.419,0.3106,1.503,0.0,0.346,0.226,0.0,-2.801,0,1779002510
PHBUSDT,crypto,1765238400,35.94,6.56,0.449,0.3181,2.415,0.0,0.409,0.226,0.0,-9.84,-1,1779002510
PHBUSDT,crypto,1765324800,27.08,8.12,0.339,0.3088,-2.924,0.0,0.462,0.29,0.0,-10.104,-1,1779002510
PHBUSDT,crypto,1765411200,32.01,9.83,0.4,0.3021,-2.17,0.0,0.804,0.29,0.0,-9.103,-1,1779002510
PHBUSDT,crypto,1765497600,32.91,9.91,0.411,0.2986,-1.159,0.0,0.563,0.355,0.0,-16.879,-1,1779002510
PHBUSDT,crypto,1765584000,36.72,9.88,0.459,0.3019,1.105,0.0,0.427,0.387,0.0,-19.444,-1,1779002510
PHBUSDT,crypto,1765670400,26.55,11.54,0.332,0.2868,-5.002,0.0,0.502,0.452,0.0,-10.669,-1,1779002510
PHBUSDT,crypto,1765756800,39.38,16.81,0.492,0.2776,-3.208,0.0,1.297,0.516,0.0,-7.349,-1,1779002510
PHBUSDT,crypto,1765843200,40.2,15.41,0.503,0.2746,-1.081,0.0,0.889,0.548,0.0,-10.597,-1,1779002510
PHBUSDT,crypto,1765929600,39.76,22.26,0.497,0.2482,-9.614,0.0,2.46,0.613,0.0,1.33,0,1779002510
PHBUSDT,crypto,1766016000,45.76,20.74,0.572,0.2432,-2.015,0.0,1.309,0.71,0.0,4.071,1,1779002510
PHBUSDT,crypto,1766102400,56.7,19.18,0.709,0.2562,5.345,0.0,0.867,0.742,0.0,-2.498,0,1779002510
PHBUSDT,crypto,1766188800,45.82,20.63,0.573,0.2572,0.39,0.0,0.383,0.935,0.0,-2.411,0,1779002510
PHBUSDT,crypto,1766275200,41.8,24.2,0.522,0.2455,-4.549,0.0,0.839,1.0,0.0,4.196,1,1779002510
PHBUSDT,crypto,1766361600,56.66,24.64,0.708,0.2515,2.444,0.0,0.927,1.0,0.0,3.817,1,1779002510
PHBUSDT,crypto,1766448000,52.35,23.96,0.654,0.2531,0.636,0.0,0.922,0.968,0.0,1.067,0,1779002510
PHBUSDT,crypto,1766534400,46.08,23.09,0.576,0.2498,-1.304,0.0,0.619,1.0,0.0,0.2,0,1779002510
PHBUSDT,crypto,1766620800,63.06,29.8,0.788,0.251,0.48,0.0,1.96,1.0,0.0,0.199,0,1779002510
PHBUSDT,crypto,1766707200,55.23,23.16,0.69,0.2558,1.912,0.0,1.149,0.871,0.0,-3.206,-1,1779002510
PHBUSDT,crypto,1766793600,47.99,18.74,0.6,0.2611,2.072,0.0,0.522,0.806,0.0,0.574,0,1779002510
PHBUSDT,crypto,1766880000,39.71,18.37,0.496,0.2558,-2.03,0.0,0.578,0.774,0.0,8.913,1,1779002510
PHBUSDT,crypto,1766966400,39.85,17.6,0.498,0.2503,-2.15,0.0,0.81,0.677,0.0,13.064,1,1779002510
PHBUSDT,crypto,1767052800,42.38,15.59,0.53,0.2515,0.479,0.0,0.666,0.613,0.0,15.388,1,1779002510
PHBUSDT,crypto,1767139200,39.06,15.64,0.488,0.2476,-1.551,0.0,0.805,0.581,0.0,20.477,1,1779002510
PHBUSDT,crypto,1767225600,53.18,14.44,0.665,0.2626,6.058,0.0,0.824,0.516,0.0,15.042,1,1779002510
PHBUSDT,crypto,1767312000,53.66,13.36,0.671,0.2786,6.093,0.0,1.123,0.387,0.0,2.943,0,1779002510
PHBUSDT,crypto,1767398400,38.42,9.61,0.48,0.283,1.579,0.0,0.631,0.323,0.0,0.813,0,1779002510
PHBUSDT,crypto,1767484800,45.11,12.95,0.564,0.2902,2.544,0.0,0.913,0.419,0.0,-3.274,-1,1779002510
PHBUSDT,crypto,1767571200,50.65,16.45,0.633,0.2983,2.791,0.0,1.225,0.516,0.0,-6.906,-1,1779002510
PHBUSDT,crypto,1767657600,50.99,18.78,0.637,0.3021,1.274,0.0,1.432,0.581,0.0,-9.964,-1,1779002510
PHBUSDT,crypto,1767744000,32.08,15.66,0.401,0.2868,-5.065,0.0,0.809,0.581,0.0,-5.753,-1,1779002510
PHBUSDT,crypto,1767830400,43.56,16.86,0.544,0.2853,-0.523,0.0,1.049,0.581,0.0,2.909,0,1779002510
PHBUSDT,crypto,1767916800,39.76,16.05,0.497,0.2807,-1.612,0.0,0.888,0.581,0.0,1.995,0,1779002510
PHBUSDT,crypto,1768003200,34.56,11.62,0.432,0.2777,-1.069,0.0,0.517,0.452,0.0,-0.36,0,1779002510
PHBUSDT,crypto,1768089600,32.98,11.16,0.412,0.272,-2.053,0.0,0.684,0.387,0.0,5.074,1,1779002510
PHBUSDT,crypto,1768176000,36.15,10.68,0.452,0.2703,-0.625,0.0,0.845,0.323,0.0,4.883,1,1779002510
PHBUSDT,crypto,1768262400,61.62,14.96,0.77,0.2936,8.62,0.0,1.831,0.29,0.0,-7.255,-1,1779002510
PHBUSDT,crypto,1768348800,32.76,10.2,0.41,0.2863,-2.486,0.0,1.007,0.258,0.0,1.257,0,1779002510
PHBUSDT,crypto,1768435200,29.7,8.89,0.371,0.2767,-3.353,0.0,1.004,0.194,0.0,-8.782,-1,1779002510
PHBUSDT,crypto,1768521600,40.35,6.93,0.504,0.2858,3.289,0.0,0.869,0.129,0.0,-6.753,-1,1779002510
PHBUSDT,crypto,1768608000,32.86,7.27,0.411,0.2835,-0.805,0.0,0.939,0.129,0.0,-8.148,-1,1779002510
PHBUSDT,crypto,1768694400,24.84,6.09,0.31,0.2723,-3.951,0.0,0.831,0.097,0.0,-6.61,-1,1779002510
PHBUSDT,crypto,1768780800,56.07,10.65,0.701,0.2899,6.463,0.0,4.233,0.032,0.0,-13.384,-1,1779002510
PHBUSDT,crypto,1768867200,28.15,10.65,0.352,0.2524,-12.935,0.0,4.079,0.032,0.0,-7.33,-1,1779002510
PHBUSDT,crypto,1768953600,49.84,8.4,0.623,0.2665,5.586,0.0,1.552,0.032,0.0,-10.507,-1,1779002510
PHBUSDT,crypto,1769040000,27.51,6.09,0.344,0.2604,-2.289,0.0,0.701,0.129,0.0,-8.794,-1,1779002510
PHBUSDT,crypto,1769126400,30.1,8.4,0.376,0.2543,-2.343,0.0,0.777,0.226,0.0,-8.612,-1,1779002510
PHBUSDT,crypto,1769212800,31.27,8.87,0.391,0.2511,-1.258,0.0,0.483,0.323,0.0,-14.536,-1,1779002510
PHBUSDT,crypto,1769299200,30.57,16.37,0.382,0.2339,-6.85,0.0,1.08,0.548,0.0,-10.988,-1,1779002510
PHBUSDT,crypto,1769385600,47.09,16.46,0.589,0.2385,1.967,0.0,0.84,0.613,0.0,-22.767,-1,1779002510
PHBUSDT,crypto,1769472000,46.58,20.52,0.582,0.2375,-0.419,0.0,0.879,0.806,0.0,-25.137,-1,1779002510
PHBUSDT,crypto,1769558400,44.37,22.76,0.555,0.2324,-2.147,0.0,0.681,0.968,0.0,-21.472,-1,1779002510
PHBUSDT,crypto,1769644800,39.82,26.16,0.498,0.2146,-7.659,0.0,1.232,1.0,0.0,-16.216,-1,1779002510
PHBUSDT,crypto,1769731200,45.78,24.62,0.572,0.2082,-2.982,0.0,0.924,1.0,0.0,-14.745,-1,1779002510
PHBUSDT,crypto,1769817600,47.5,30.0,0.594,0.1842,-11.527,0.0,2.382,1.0,0.0,-17.915,-1,1779002510
PHBUSDT,crypto,1769904000,44.28,24.37,0.554,0.1778,-3.474,0.0,0.873,1.0,0.0,-5.681,-1,1779002510
PHBUSDT,crypto,1769990400,56.96,24.59,0.712,0.1825,2.643,0.0,0.917,1.0,0.0,-8.329,-1,1779002510
PHBUSDT,crypto,1770076800,47.88,24.17,0.598,0.1798,-1.479,0.0,0.834,1.0,0.0,-10.178,-1,1779002510
PHBUSDT,crypto,1770163200,47.79,23.92,0.597,0.1775,-1.279,0.0,0.785,1.0,0.0,-9.014,-1,1779002510
PHBUSDT,crypto,1770249600,43.65,28.07,0.546,0.1512,-14.817,0.0,1.615,1.0,0.0,4.034,1,1779002510
PHBUSDT,crypto,1770336000,68.89,25.7,0.861,0.1677,10.913,0.0,1.139,1.0,0.0,-6.619,-1,1779002510
PHBUSDT,crypto,1770422400,47.19,22.58,0.59,0.1673,-0.239,0.0,0.517,1.0,0.0,-3.288,-1,1779002510
PHBUSDT,crypto,1770508800,38.47,20.81,0.481,0.1615,-3.467,0.0,0.42,0.935,0.0,3.467,1,1779002510
PHBUSDT,crypto,1770595200,47.63,22.24,0.595,0.1615,0.0,0.0,0.578,0.968,0.0,7.059,1,1779002510
PHBUSDT,crypto,1770681600,43.18,22.29,0.54,0.1573,-2.601,0.0,0.717,0.935,0.0,5.467,1,1779002510
PHBUSDT,crypto,1770768000,46.05,20.61,0.576,0.1566,-0.445,0.0,0.767,0.839,0.0,8.493,1,1779002510
PHBUSDT,crypto,1770854400,52.33,19.34,0.654,0.1618,3.321,0.0,0.771,0.774,0.0,1.792,0,1779002510
PHBUSDT,crypto,1770940800,50.09,17.62,0.626,0.1671,3.276,0.0,0.685,0.71,0.0,-6.643,-1,1779002510
PHBUSDT,crypto,1771027200,48.91,16.19,0.611,0.1729,3.471,0.0,0.656,0.645,0.0,-10.584,-1,1779002510
PHBUSDT,crypto,1771113600,34.63,15.92,0.433,0.1659,-4.049,0.0,0.862,0.581,0.0,-6.088,-1,1779002510
PHBUSDT,crypto,1771200000,48.84,15.92,0.61,0.1699,2.411,0.0,1.119,0.516,0.0,-10.359,-1,1779002510
PHBUSDT,crypto,1771286400,32.34,12.18,0.404,0.1647,-3.061,0.0,0.758,0.419,0.0,-10.565,-1,1779002510
PHBUSDT,crypto,1771372800,27.62,11.39,0.345,0.156,-5.282,0.0,0.859,0.355,0.0,-8.846,-1,1779002510
PHBUSDT,crypto,1771459200,34.28,8.72,0.429,0.1546,-0.897,0.0,0.97,0.194,0.0,-10.22,-1,1779002510
PHBUSDT,crypto,1771545600,38.39,8.78,0.48,0.1558,0.776,0.0,1.111,0.161,0.0,-6.033,-1,1779002510
PHBUSDT,crypto,1771632000,28.19,6.7,0.352,0.1523,-2.246,0.0,0.696,0.161,0.0,-8.93,-1,1779002510
PHBUSDT,crypto,1771718400,27.02,6.51,0.338,0.1473,-3.283,0.0,0.915,0.097,0.0,-5.431,-1,1779002510
PHBUSDT,crypto,1771804800,34.63,10.82,0.433,0.1422,-3.462,0.0,1.648,0.129,0.0,1.125,0,1779002510
PHBUSDT,crypto,1771891200,31.72,8.61,0.396,0.1388,-2.391,0.0,1.078,0.161,0.0,-0.144,0,1779002510
PHBUSDT,crypto,1771977600,52.81,11.94,0.66,0.1464,5.476,0.0,1.484,0.226,0.0,-4.713,-1,1779002510
PHBUSDT,crypto,1772064000,31.78,12.48,0.397,0.1387,-5.26,0.0,1.463,0.258,0.0,2.74,0,1779002510
PHBUSDT,crypto,1772150400,47.2,14.82,0.59,0.1393,0.433,0.0,1.803,0.29,0.0,11.989,1,1779002510
PHBUSDT,crypto,1772236800,55.41,16.45,0.693,0.1438,3.23,0.0,2.431,0.323,0.0,5.981,1,1779002510
PHBUSDT,crypto,1772323200,37.98,14.9,0.475,0.1386,-3.616,0.0,1.561,0.355,0.0,13.709,1,1779002510
PHBUSDT,crypto,1772409600,44.89,14.42,0.561,0.1395,0.649,0.0,1.335,0.387,0.0,3.226,1,1779002510
PHBUSDT,crypto,1772496000,55.83,19.03,0.698,0.1425,2.151,0.0,5.207,0.452,0.0,3.158,1,1779002510
PHBUSDT,crypto,1772582400,65.89,18.39,0.824,0.156,9.474,0.0,3.426,0.419,0.0,-3.269,-1,1779002510
PHBUSDT,crypto,1772668800,44.98,17.1,0.562,0.1524,-2.308,0.0,4.213,0.355,0.0,-0.787,0,1779002510
PHBUSDT,crypto,1772755200,55.13,15.81,0.689,0.1576,3.412,0.0,2.739,0.29,0.0,-3.046,-1,1779002510
PHBUSDT,crypto,1772841600,24.25,10.95,0.303,0.144,-8.629,0.0,1.159,0.258,0.0,5.208,1,1779002510
PHBUSDT,crypto,1772928000,38.55,6.26,0.482,0.147,2.083,0.0,1.124,0.032,0.0,-8.571,-1,1779002510
PHBUSDT,crypto,1773014400,40.71,6.77,0.509,0.1509,2.653,0.0,1.225,0.032,0.0,0.861,0,1779002510
PHBUSDT,crypto,1773100800,30.93,4.34,0.387,0.1512,0.199,0.0,0.739,0.032,0.0,-7.209,-1,1779002510
PHBUSDT,crypto,1773187200,31.45,3.99,0.393,0.1528,1.058,0.0001,0.669,0.032,0.0,-8.573,-1,1779002510
PHBUSDT,crypto,1773273600,26.61,3.48,0.333,0.1515,-0.851,0.0001,0.566,0.032,0.0,-7.327,-1,1779002510
PHBUSDT,crypto,1773360000,29.58,12.58,0.37,0.1344,-11.287,0.0001,3.687,0.129,0.0,-3.051,-1,1779002510
PHBUSDT,crypto,1773446400,61.94,13.87,0.774,0.1522,13.244,-0.000114,5.969,0.194,0.0,-19.317,-1,1779002510
PHBUSDT,crypto,1773532800,30.82,14.52,0.385,0.1403,-7.819,0.000239,2.458,0.226,0.0,-15.253,-1,1779002510
PHBUSDT,crypto,1773619200,33.16,8.27,0.415,0.1397,-0.428,0.0001,0.75,0.226,0.0,-16.607,-1,1779002510
PHBUSDT,crypto,1773705600,37.48,10.14,0.469,0.1404,0.501,0.0001,0.867,0.29,0.0,-23.647,-1,1779002510
PHBUSDT,crypto,1773792000,23.35,11.09,0.292,0.1303,-7.194,0.0001,0.928,0.323,0.0,-15.81,-1,1779002510
PHBUSDT,crypto,1773878400,29.27,15.84,0.366,0.1228,-5.756,0.0001,0.588,0.645,0.0,-11.482,-1,1779002510
PHBUSDT,crypto,1773964800,36.94,19.35,0.462,0.1189,-3.176,0.0001,0.387,0.871,0.0,-12.784,-1,1779002510
PHBUSDT,crypto,1774051200,44.39,23.21,0.555,0.1165,-2.019,0.0001,0.643,1.0,0.0,-11.416,-1,1779002510
PHBUSDT,crypto,1774137600,34.81,23.9,0.435,0.1072,-7.983,0.0001,0.781,1.0,0.0,-4.384,-1,1779002510
PHBUSDT,crypto,1774224000,51.85,22.59,0.648,0.1097,2.332,0.0001,0.518,1.0,0.0,-9.207,-1,1779002510
PHBUSDT,crypto,1774310400,43.86,21.84,0.548,0.1087,-0.912,0.0001,0.368,1.0,0.0,-13.891,-1,1779002510
PHBUSDT,crypto,1774396800,36.8,22.0,0.46,0.1037,-4.6,0.0001,0.4,1.0,0.0,-10.318,-1,1779002510
PHBUSDT,crypto,1774483200,52.57,25.77,0.657,0.1032,-0.482,0.0001,1.154,1.0,0.0,-8.14,-1,1779002510
PHBUSDT,crypto,1774569600,47.79,23.92,0.597,0.1025,-0.678,0.000237,0.783,1.0,0.0,-8.39,-1,1779002510
PHBUSDT,crypto,1774656000,40.41,22.04,0.505,0.0996,-2.829,0.0001,0.407,1.0,0.0,-5.221,-1,1779002510
PHBUSDT,crypto,1774742400,35.18,22.62,0.44,0.0936,-6.024,0.0001,0.523,1.0,0.0,5.021,1,1779002510
PHBUSDT,crypto,1774828800,44.39,21.84,0.555,0.093,-0.641,0.0001,0.367,1.0,0.0,5.806,1,1779002510
PHBUSDT,crypto,1774915200,49.71,21.59,0.621,0.0948,1.935,0.0001,0.448,0.968,0.0,1.582,0,1779002510
PHBUSDT,crypto,1775001600,44.44,21.2,0.556,0.0939,-0.949,0.0001,0.628,0.903,0.0,1.065,0,1779002510
PHBUSDT,crypto,1775088000,50.0,22.82,0.625,0.0944,0.532,0.0001,0.823,0.935,0.0,2.542,0,1779002510
PHBUSDT,crypto,1775174400,56.43,20.1,0.705,0.0983,4.131,-0.00032,0.794,0.806,0.0,-4.069,-1,1779002510
PHBUSDT,crypto,1775260800,44.3,18.14,0.554,0.0984,0.102,0.0001,0.79,0.71,0.0,-6.199,-1,1779002510
PHBUSDT,crypto,1775347200,40.51,17.84,0.506,0.0963,-2.134,0.0001,0.987,0.645,0.0,-8.93,-1,1779002510
PHBUSDT,crypto,1775433600,38.45,15.16,0.481,0.0949,-1.454,0.0001,0.839,0.548,0.0,-7.06,-1,1779002510
PHBUSDT,crypto,1775520000,43.23,13.45,0.54,0.0968,2.002,9.9e-05,0.754,0.484,0.0,-0.62,0,1779002510
PHBUSDT,crypto,1775606400,33.85,12.7,0.423,0.0943,-2.583,0.0001,0.863,0.419,0.0,-1.06,0,1779002510
PHBUSDT,crypto,1775692800,32.48,10.91,0.406,0.0923,-2.121,0.0001,0.763,0.355,0.0,-0.975,0,1779002510
PHBUSDT,crypto,1775779200,31.69,11.79,0.396,0.0877,-4.984,-0.000276,1.197,0.29,0.0,8.894,1,1779002510
PHBUSDT,crypto,1775865600,42.01,12.34,0.525,0.0882,0.57,0.0001,1.307,0.29,0.0,21.995,1,1779002510
PHBUSDT,crypto,1775952000,61.52,14.52,0.769,0.0962,9.07,0.0001,6.815,0.226,0.0,11.85,1,1779002510
PHBUSDT,crypto,1776038400,35.87,10.27,0.448,0.0933,-3.015,0.0001,1.925,0.032,0.0,65.273,1,1779002510
PHBUSDT,crypto,1776124800,26.6,4.66,0.332,0.0914,-2.036,0.0001,0.803,0.032,0.0,41.685,1,1779002510
PHBUSDT,crypto,1776211200,38.7,4.5,0.484,0.0955,4.486,0.000225,0.771,0.032,0.0,27.958,1,1779002510
PHBUSDT,crypto,1776297600,58.94,11.94,0.737,0.1076,12.67,0.0001,2.22,0.097,0.0,5.112,1,1779002510
PHBUSDT,crypto,1776384000,45.87,13.87,0.573,0.1076,0.0,0.0001,2.336,0.194,0.0,-2.602,0,1779002510
PHBUSDT,crypto,1776470400,71.84,24.84,0.898,0.1542,43.309,0.0001,13.918,0.742,0.0,-29.053,-1,1779002510
PHBUSDT,crypto,1776556800,51.77,26.77,0.647,0.1295,-16.018,-0.005801,21.73,0.839,0.226077,-17.992,-1,1779002510
PHBUSDT,crypto,1776643200,40.33,23.19,0.504,0.1222,-5.637,0.0001,1.283,0.839,-0.085466,-11.866,-1,1779002510
PHBUSDT,crypto,1776729600,30.19,19.6,0.377,0.1131,-7.447,0.0001,0.695,0.806,-0.086751,2.918,0,1779002510
PHBUSDT,crypto,1776816000,26.75,17.45,0.334,0.1048,-7.339,0.0001,0.394,0.774,0.065798,8.683,1,1779002510
PHBUSDT,crypto,1776902400,47.2,16.58,0.59,0.1094,4.389,0.000482,0.349,0.742,-0.017819,6.033,1,1779002510
PHBUSDT,crypto,1776988800,33.8,15.92,0.422,0.1062,-2.925,0.0001,0.345,0.71,0.078027,6.78,1,1779002510
PHBUSDT,crypto,1777075200,40.27,13.29,0.503,0.1077,1.412,-0.000127,0.206,0.613,-0.072427,0.0,0,1779002510
PHBUSDT,crypto,1777161600,56.24,15.42,0.703,0.1164,8.078,0.0001,0.762,0.581,0.001544,-6.014,-1,1779002510
PHBUSDT,crypto,1777248000,32.77,13.02,0.41,0.1139,-2.148,0.0001,0.41,0.548,0.064425,-2.985,0,1779002510
PHBUSDT,crypto,1777334400,38.03,12.28,0.475,0.116,1.844,0.000351,0.263,0.548,-0.159091,-6.552,-1,1779002510
PHBUSDT,crypto,1777420800,30.06,11.43,0.376,0.1134,-2.241,0.0001,0.222,0.516,0.033847,-5.115,-1,1779002510
PHBUSDT,crypto,1777507200,23.06,10.07,0.288,0.1077,-5.026,0.0001,0.208,0.452,-0.083591,-0.743,0,1779002510
PHBUSDT,crypto,1777593600,35.91,9.89,0.449,0.1094,1.578,0.0001,0.172,0.452,0.078751,3.108,1,1779002510
PHBUSDT,crypto,1777680000,34.04,9.04,0.426,0.1105,1.005,3.3e-05,0.131,0.419,-0.009371,1.81,0,1779002510
PHBUSDT,crypto,1777766400,28.19,9.19,0.352,0.1084,-1.9,0.0001,0.16,0.419,0.035489,6.365,1,1779002510
PHBUSDT,crypto,1777852800,28.63,9.2,0.358,0.1076,-0.738,0.000481,0.163,0.419,0.003186,15.149,1,1779002510
PHBUSDT,crypto,1777939200,29.76,8.4,0.372,0.1069,-0.651,0.0001,0.132,0.387,-0.031259,14.687,1,1779002510
PHBUSDT,crypto,1778025600,43.18,8.94,0.54,0.1128,5.519,0.0001,0.24,0.387,0.021558,13.475,1,1779002510
PHBUSDT,crypto,1778112000,31.25,8.76,0.391,0.1125,-0.266,0.0001,0.204,0.387,-0.003461,7.822,1,1779002510
PHBUSDT,crypto,1778198400,32.05,4.47,0.401,0.1153,2.489,0.0001,0.12,0.194,-0.040599,-34.519,-1,1779002510
PHBUSDT,crypto,1778284800,48.65,7.48,0.608,0.1239,7.459,0.0001,0.851,0.161,0.01798,-42.211,-1,1779002510
PHBUSDT,crypto,1778371200,31.73,7.85,0.397,0.1226,-1.049,0.0001,0.796,0.194,0.063212,-32.708,-1,1779002510
PHBUSDT,crypto,1778457600,48.45,12.05,0.606,0.128,4.405,0.000101,1.12,0.323,-0.072032,-32.891,-1,1779002510
PHBUSDT,crypto,1778544000,28.68,11.8,0.358,0.1213,-5.234,0.0001,1.069,0.323,0.038895,-26.298,-1,1779002510
ONDOUSDT,crypto,1762214400,55.47,30.0,0.693,0.5929,-3.515,0.0,2.781,1.0,0.0,13.223,1,1779002510
ONDOUSDT,crypto,1762300800,62.77,26.2,0.785,0.6162,3.93,0.0,1.241,1.0,0.0,12.399,1,1779002510
ONDOUSDT,crypto,1762387200,45.71,25.05,0.571,0.595,-3.44,0.0,1.009,1.0,0.0,9.059,1,1779002510
ONDOUSDT,crypto,1762473600,72.37,27.43,0.905,0.667,12.101,0.0,1.487,1.0,0.0,-4.528,-1,1779002510
ONDOUSDT,crypto,1762560000,48.2,23.96,0.603,0.6596,-1.109,0.0,0.792,1.0,0.0,-7.05,-1,1779002510
ONDOUSDT,crypto,1762646400,44.54,14.96,0.557,0.6713,1.774,0.0,0.706,0.571,0.0,-14.375,-1,1779002510
ONDOUSDT,crypto,1762732800,48.55,14.85,0.607,0.6926,3.173,0.0,0.971,0.5,0.0,-15.882,-1,1779002510
ONDOUSDT,crypto,1762819200,31.52,17.49,0.394,0.6489,-6.31,0.0,0.831,0.667,0.0,-14.101,-1,1779002510
ONDOUSDT,crypto,1762905600,43.08,20.15,0.538,0.6368,-1.865,0.0,0.831,0.8,0.0,-16.599,-1,1779002510
ONDOUSDT,crypto,1762992000,43.15,23.14,0.539,0.6131,-3.722,0.0,0.991,0.909,0.0,-10.928,-1,1779002510
ONDOUSDT,crypto,1763078400,42.12,26.06,0.527,0.5748,-6.247,0.0,1.212,1.0,0.0,-7.933,-1,1779002510
ONDOUSDT,crypto,1763164800,48.49,20.87,0.606,0.5826,1.357,0.0,0.481,0.923,0.0,-14.109,-1,1779002510
ONDOUSDT,crypto,1763251200,40.3,22.51,0.504,0.5574,-4.325,0.0,0.788,0.929,0.0,-16.326,-1,1779002510
ONDOUSDT,crypto,1763337600,43.05,24.99,0.538,0.5311,-4.718,0.0,0.998,1.0,0.0,-12.954,-1,1779002510
ONDOUSDT,crypto,1763424000,56.5,24.18,0.706,0.5461,2.824,0.0,0.835,1.0,0.0,-13.001,-1,1779002510
ONDOUSDT,crypto,1763510400,46.18,24.93,0.577,0.5292,-3.095,0.0,0.987,1.0,0.0,-5.612,-1,1779002510
ONDOUSDT,crypto,1763596800,42.23,25.31,0.528,0.5004,-5.442,0.0,1.061,1.0,0.0,0.999,0,1779002510
ONDOUSDT,crypto,1763683200,48.07,29.58,0.601,0.4664,-6.795,0.0,1.916,1.0,0.0,10.763,1,1779002510
ONDOUSDT,crypto,1763769600,47.09,23.18,0.589,0.4623,-0.879,0.0,0.635,1.0,0.0,12.806,1,1779002510
ONDOUSDT,crypto,1763856000,53.05,22.51,0.663,0.4751,2.769,0.0,0.501,1.0,0.0,8.461,1,1779002510
ONDOUSDT,crypto,1763942400,60.4,23.82,0.755,0.4995,5.136,0.0,0.763,1.0,0.0,1.942,0,1779002510
ONDOUSDT,crypto,1764028800,52.2,23.67,0.653,0.5054,1.181,0.0,0.734,1.0,0.0,-0.356,0,1779002510
ONDOUSDT,crypto,1764115200,54.41,23.74,0.68,0.5166,2.216,0.0,0.747,1.0,0.0,-10.511,-1,1779002510
ONDOUSDT,crypto,1764201600,49.37,21.69,0.617,0.5215,0.949,0.0,0.658,0.92,0.0,-3.854,-1,1779002510
ONDOUSDT,crypto,1764288000,44.17,20.49,0.552,0.5153,-1.189,0.0,0.713,0.846,0.0,-0.485,0,1779002510
ONDOUSDT,crypto,1764374400,39.96,17.69,0.499,0.5092,-1.184,0.0,0.427,0.778,0.0,-3.594,-1,1779002510
ONDOUSDT,crypto,1764460800,37.67,15.47,0.471,0.5036,-1.1,0.0,0.38,0.679,0.0,-8.042,-1,1779002510
ONDOUSDT,crypto,1764547200,33.47,19.19,0.418,0.4623,-8.201,0.0,1.355,0.621,0.0,1.168,0,1779002510
ONDOUSDT,crypto,1764633600,56.36,13.43,0.705,0.5014,8.458,0.0,1.086,0.4,0.0,-9.154,-1,1779002510
ONDOUSDT,crypto,1764720000,38.76,6.83,0.485,0.5128,2.274,0.0,0.978,0.097,0.0,-5.577,-1,1779002510
ONDOUSDT,crypto,1764806400,22.89,5.11,0.286,0.4909,-4.271,0.0,0.764,0.065,0.0,1.67,0,1779002510
ONDOUSDT,crypto,1764892800,20.4,4.94,0.255,0.4631,-5.663,0.0,0.858,0.032,0.0,5.679,1,1779002510
ONDOUSDT,crypto,1764979200,29.06,2.61,0.363,0.4677,0.993,0.0,0.392,0.032,0.0,1.197,0,1779002510
ONDOUSDT,crypto,1765065600,26.57,5.29,0.332,0.4555,-2.609,0.0,0.8,0.065,0.0,0.637,0,1779002510
ONDOUSDT,crypto,1765152000,55.75,10.65,0.697,0.4842,6.301,0.0,2.956,0.032,0.0,-4.378,-1,1779002510
ONDOUSDT,crypto,1765238400,42.62,7.3,0.533,0.4991,3.077,0.0,1.332,0.032,0.0,-11.601,-1,1779002510
ONDOUSDT,crypto,1765324800,28.63,5.33,0.358,0.4894,-1.943,0.0,0.937,0.032,0.0,-14.957,-1,1779002510
ONDOUSDT,crypto,1765411200,26.42,5.57,0.33,0.4733,-3.29,0.0,0.985,0.032,0.0,-12.381,-1,1779002510
ONDOUSDT,crypto,1765497600,27.09,6.09,0.339,0.4584,-3.148,0.0,0.959,0.065,0.0,-14.878,-1,1779002510
ONDOUSDT,crypto,1765584000,31.18,4.95,0.39,0.463,1.003,0.0,0.344,0.161,0.0,-20.454,-1,1779002510
ONDOUSDT,crypto,1765670400,24.34,7.89,0.304,0.4412,-4.708,0.0,0.674,0.226,0.0,-9.927,-1,1779002510
ONDOUSDT,crypto,1765756800,31.61,13.77,0.395,0.4162,-5.666,0.0,1.334,0.355,0.0,-4.205,-1,1779002510
ONDOUSDT,crypto,1765843200,41.25,13.93,0.516,0.4147,-0.36,0.0,1.108,0.419,0.0,-5.908,-1,1779002510
ONDOUSDT,crypto,1765929600,32.98,15.99,0.412,0.3902,-5.908,0.0,1.262,0.484,0.0,0.846,0,1779002510
ONDOUSDT,crypto,1766016000,36.6,18.47,0.457,0.3683,-5.613,0.0,1.371,0.581,0.0,4.887,1,1779002510
ONDOUSDT,crypto,1766102400,58.33,16.22,0.729,0.3974,7.901,0.0,0.922,0.581,0.0,-5.385,-1,1779002510
ONDOUSDT,crypto,1766188800,39.41,14.58,0.493,0.3987,0.327,0.0,0.335,0.645,0.0,-7.775,-1,1779002510
ONDOUSDT,crypto,1766275200,36.95,16.13,0.462,0.3902,-2.132,0.0,0.516,0.677,0.0,-3.819,-1,1779002510
ONDOUSDT,crypto,1766361600,44.82,17.41,0.56,0.3935,0.846,0.0,0.643,0.71,0.0,-1.499,0,1779002510
ONDOUSDT,crypto,1766448000,38.72,16.71,0.484,0.3863,-1.83,0.0,0.633,0.677,0.0,0.311,0,1779002510
ONDOUSDT,crypto,1766534400,37.93,17.8,0.474,0.376,-2.666,0.0,0.593,0.742,0.0,0.186,0,1779002510
ONDOUSDT,crypto,1766620800,41.84,20.27,0.523,0.3677,-2.207,0.0,0.698,0.839,0.0,1.822,0,1779002510
ONDOUSDT,crypto,1766707200,51.65,21.22,0.646,0.3753,2.067,0.0,0.76,0.871,0.0,-4.423,-1,1779002510
ONDOUSDT,crypto,1766793600,52.54,20.77,0.657,0.3876,3.277,0.0,0.542,0.903,0.0,-0.181,0,1779002510
ONDOUSDT,crypto,1766880000,43.62,18.98,0.545,0.3875,-0.026,0.0,0.44,0.839,0.0,9.29,1,1779002510
ONDOUSDT,crypto,1766966400,38.48,16.91,0.481,0.3767,-2.787,0.0,0.93,0.613,0.0,13.486,1,1779002510
ONDOUSDT,crypto,1767052800,38.98,14.33,0.487,0.3744,-0.611,0.0,0.673,0.548,0.0,17.121,1,1779002510
ONDOUSDT,crypto,1767139200,31.84,13.7,0.398,0.3587,-4.193,0.0,0.805,0.484,0.0,26.735,1,1779002510
ONDOUSDT,crypto,1767225600,55.16,13.03,0.69,0.3869,7.862,0.0,0.928,0.419,0.0,18.17,1,1779002510
ONDOUSDT,crypto,1767312000,60.07,14.51,0.751,0.4235,9.46,0.0,1.612,0.323,0.0,-0.26,0,1779002510
ONDOUSDT,crypto,1767398400,36.42,8.28,0.455,0.4275,0.945,0.0,0.752,0.226,0.0,-4.772,-1,1779002510
ONDOUSDT,crypto,1767484800,46.17,13.13,0.577,0.4385,2.573,0.0,1.079,0.387,0.0,-8.233,-1,1779002510
ONDOUSDT,crypto,1767571200,52.68,15.93,0.658,0.4546,3.672,0.0,1.38,0.452,0.0,-12.187,-1,1779002510
ONDOUSDT,crypto,1767657600,50.54,18.61,0.632,0.4572,0.572,0.0,1.658,0.516,0.0,-12.73,-1,1779002510
ONDOUSDT,crypto,1767744000,31.25,16.72,0.391,0.4224,-7.612,0.0,1.408,0.484,0.0,-8.475,-1,1779002510
ONDOUSDT,crypto,1767830400,40.63,17.53,0.508,0.4071,-3.622,0.0,1.57,0.484,0.0,2.137,0,1779002510
ONDOUSDT,crypto,1767916800,40.76,14.8,0.509,0.4024,-1.155,0.0,1.153,0.452,0.0,-0.373,0,1779002510
ONDOUSDT,crypto,1768003200,33.62,10.23,0.42,0.3992,-0.795,0.0,0.497,0.387,0.0,-4.835,-1,1779002510
ONDOUSDT,crypto,1768089600,38.34,11.52,0.479,0.399,-0.05,0.0,0.884,0.355,0.0,-3.885,-1,1779002510
ONDOUSDT,crypto,1768176000,35.65,12.91,0.446,0.3866,-3.108,0.0,1.291,0.323,0.0,-0.414,0,1779002510
ONDOUSDT,crypto,1768262400,60.76,14.53,0.76,0.4158,7.553,0.0,1.746,0.29,0.0,-14.719,-1,1779002510
ONDOUSDT,crypto,1768348800,36.84,13.33,0.46,0.4009,-3.583,0.0,1.634,0.258,0.0,-13.096,-1,1779002510
ONDOUSDT,crypto,1768435200,32.64,12.57,0.408,0.3799,-5.238,0.0,1.61,0.226,0.0,-13.425,-1,1779002510
ONDOUSDT,crypto,1768521600,37.76,8.94,0.472,0.3835,0.948,0.0,0.885,0.226,0.0,-11.343,-1,1779002510
ONDOUSDT,crypto,1768608000,38.69,10.61,0.484,0.385,0.391,0.0,0.96,0.29,0.0,-11.143,-1,1779002510
ONDOUSDT,crypto,1768694400,31.9,15.75,0.399,0.3546,-7.896,0.0,1.73,0.355,0.0,-2.228,0,1779002510
ONDOUSDT,crypto,1768780800,51.91,22.9,0.649,0.3484,-1.748,0.0,2.192,0.645,0.0,-1.464,0,1779002510
ONDOUSDT,crypto,1768867200,38.3,20.59,0.479,0.3289,-5.597,0.0,1.28,0.71,0.0,-1.915,0,1779002510
ONDOUSDT,crypto,1768953600,58.71,22.15,0.734,0.34,3.375,0.0,1.462,0.742,0.0,-2.441,0,1779002510
ONDOUSDT,crypto,1769040000,47.9,20.15,0.599,0.3421,0.618,0.0,0.804,0.806,0.0,-0.438,0,1779002510
ONDOUSDT,crypto,1769126400,54.28,22.93,0.679,0.3467,1.345,0.0,1.232,0.839,0.0,-0.144,0,1779002510
ONDOUSDT,crypto,1769212800,42.1,19.17,0.526,0.3433,-0.981,0.0,0.479,0.839,0.0,-8.302,-1,1779002510
ONDOUSDT,crypto,1769299200,37.85,22.09,0.473,0.3226,-6.03,0.0,1.064,0.839,0.0,-3.503,-1,1779002510
ONDOUSDT,crypto,1769385600,51.66,19.18,0.646,0.3317,2.821,0.0,0.868,0.742,0.0,-13.325,-1,1779002510
ONDOUSDT,crypto,1769472000,50.7,18.84,0.634,0.3406,2.683,0.0,0.8,0.742,0.0,-19.348,-1,1779002510
ONDOUSDT,crypto,1769558400,49.59,19.0,0.62,0.3462,1.644,0.0,0.96,0.71,0.0,-17.938,-1,1779002510
ONDOUSDT,crypto,1769644800,37.11,22.87,0.464,0.3148,-9.07,0.0,1.348,0.806,0.0,-11.499,-1,1779002510
ONDOUSDT,crypto,1769731200,49.58,22.72,0.62,0.3113,-1.112,0.0,1.318,0.806,0.0,-13.331,-1,1779002510
ONDOUSDT,crypto,1769817600,43.32,26.62,0.541,0.2875,-7.645,0.0,1.84,0.871,0.0,-21.809,-1,1779002510
ONDOUSDT,crypto,1769904000,43.58,24.99,0.545,0.2747,-4.452,0.0,0.998,1.0,0.0,-6.116,-1,1779002510
ONDOUSDT,crypto,1769990400,61.58,25.79,0.77,0.2841,3.422,0.0,1.288,0.968,0.0,-7.673,-1,1779002510
ONDOUSDT,crypto,1770076800,57.18,28.63,0.715,0.2786,-1.936,0.0,1.984,0.935,0.0,-7.502,-1,1779002510
ONDOUSDT,crypto,1770163200,48.33,26.08,0.604,0.2698,-3.159,0.0,1.215,1.0,0.0,-7.191,-1,1779002510
ONDOUSDT,crypto,1770249600,47.5,30.0,0.594,0.2248,-16.679,0.0,2.571,1.0,0.0,10.053,1,1779002510
ONDOUSDT,crypto,1770336000,76.85,29.35,0.961,0.2579,14.724,0.0,2.257,0.968,0.0,-6.475,-1,1779002510
ONDOUSDT,crypto,1770422400,57.08,25.59,0.714,0.2623,1.706,0.0,1.117,1.0,0.0,-4.232,-1,1779002510
ONDOUSDT,crypto,1770508800,44.39,22.7,0.555,0.2577,-1.754,0.0,0.54,1.0,0.0,2.134,0,1779002510
ONDOUSDT,crypto,1770595200,44.82,23.99,0.56,0.2504,-2.833,0.0,0.798,1.0,0.0,17.492,1,1779002510
ONDOUSDT,crypto,1770681600,45.84,22.87,0.573,0.2474,-1.198,0.0,0.574,1.0,0.0,11.318,1,1779002510
ONDOUSDT,crypto,1770768000,46.18,24.35,0.577,0.2412,-2.506,0.0,0.869,1.0,0.0,15.381,1,1779002510
ONDOUSDT,crypto,1770854400,57.19,22.55,0.715,0.2512,4.146,0.0,0.768,0.935,0.0,9.196,1,1779002510
ONDOUSDT,crypto,1770940800,54.65,20.01,0.683,0.2632,4.777,0.0,0.517,0.871,0.0,0.532,0,1779002510
ONDOUSDT,crypto,1771027200,61.26,19.95,0.766,0.2942,11.778,0.0,0.763,0.806,0.0,-11.013,-1,1779002510
ONDOUSDT,crypto,1771113600,30.72,17.28,0.384,0.2754,-6.39,0.0,0.746,0.677,0.0,-2.941,0,1779002510
ONDOUSDT,crypto,1771200000,42.07,14.86,0.526,0.2783,1.053,0.0,0.52,0.613,0.0,-4.06,-1,1779002510
ONDOUSDT,crypto,1771286400,26.98,5.29,0.337,0.2743,-1.437,0.0,0.413,0.161,0.0,-4.338,-1,1779002510
ONDOUSDT,crypto,1771372800,20.38,2.8,0.255,0.2646,-3.536,0.0,0.43,0.032,0.0,-6.122,-1,1779002510
ONDOUSDT,crypto,1771459200,25.53,2.9,0.319,0.2618,-1.058,0.0,0.45,0.032,0.0,-5.921,-1,1779002510
ONDOUSDT,crypto,1771545600,33.27,3.6,0.416,0.2673,2.101,0.0,0.592,0.032,0.0,3.105,1,1779002510
ONDOUSDT,crypto,1771632000,26.26,2.32,0.328,0.267,-0.112,0.0,0.334,0.032,0.0,-0.449,0,1779002510
ONDOUSDT,crypto,1771718400,23.53,2.56,0.294,0.2624,-1.723,0.0,0.383,0.032,0.0,-2.172,0,1779002510
ONDOUSDT,crypto,1771804800,20.25,4.53,0.253,0.2484,-5.335,0.0,0.778,0.032,0.0,5.113,1,1779002510
ONDOUSDT,crypto,1771891200,35.67,8.4,0.446,0.2463,-0.845,0.0,1.293,0.097,0.0,2.192,0,1779002510
ONDOUSDT,crypto,1771977600,51.62,7.38,0.645,0.2756,11.896,0.0,1.348,0.032,0.0,-6.531,-1,1779002510
ONDOUSDT,crypto,1772064000,27.83,6.54,0.348,0.2658,-3.556,0.0,1.18,0.032,0.0,-3.837,-1,1779002510
ONDOUSDT,crypto,1772150400,26.72,6.5,0.334,0.2567,-3.424,0.0,0.913,0.097,0.0,4.714,1,1779002510
ONDOUSDT,crypto,1772236800,40.86,8.11,0.511,0.2611,1.714,0.0,1.364,0.065,0.0,1.379,0,1779002510
ONDOUSDT,crypto,1772323200,27.12,6.23,0.339,0.2517,-3.6,0.0,1.117,0.032,0.0,1.47,0,1779002510
ONDOUSDT,crypto,1772409600,38.26,5.86,0.478,0.2576,2.344,0.0,1.043,0.032,0.0,-3.455,-1,1779002510
ONDOUSDT,crypto,1772496000,30.09,4.89,0.376,0.2556,-0.776,0.0,0.849,0.032,0.0,-4.734,-1,1779002510
ONDOUSDT,crypto,1772582400,46.81,7.31,0.585,0.2688,5.164,0.0,1.334,0.032,0.0,-6.771,-1,1779002510
ONDOUSDT,crypto,1772668800,29.71,5.45,0.371,0.2647,-1.525,0.0,0.961,0.032,0.0,-3.627,-1,1779002510
ONDOUSDT,crypto,1772755200,26.39,5.78,0.33,0.2554,-3.513,0.0,1.027,0.032,0.0,0.0,0,1779002510
ONDOUSDT,crypto,1772841600,24.48,4.26,0.306,0.2487,-2.623,0.0,0.594,0.065,0.0,4.262,1,1779002510
ONDOUSDT,crypto,1772928000,28.45,6.03,0.356,0.2435,-2.091,0.0,0.819,0.097,0.0,7.926,1,1779002510
ONDOUSDT,crypto,1773014400,38.62,5.47,0.483,0.2506,2.916,0.0,0.965,0.032,0.0,4.749,1,1779002510
ONDOUSDT,crypto,1773100800,37.33,5.94,0.467,0.2551,1.796,0.0,1.06,0.032,0.0,5.841,1,1779002510
ONDOUSDT,crypto,1773187200,31.66,4.78,0.396,0.2554,0.118,0.0,0.828,0.032,0.0,13.156,1,1779002510
ONDOUSDT,crypto,1773273600,33.35,4.22,0.417,0.2593,1.527,0.0,0.715,0.032,0.0,8.292,1,1779002510
ONDOUSDT,crypto,1773360000,38.16,6.8,0.477,0.2628,1.35,0.0,1.231,0.032,0.0,1.598,0,1779002510
ONDOUSDT,crypto,1773446400,28.72,3.87,0.359,0.2625,-0.114,0.0,0.516,0.065,0.0,-1.905,0,1779002510
ONDOUSDT,crypto,1773532800,36.25,4.98,0.453,0.27,2.857,0.0,0.61,0.097,0.0,-3.667,-1,1779002510
ONDOUSDT,crypto,1773619200,55.08,12.8,0.688,0.289,7.037,0.0,1.141,0.355,0.0,-12.699,-1,1779002510
ONDOUSDT,crypto,1773705600,33.48,12.2,0.419,0.2808,-2.837,0.0,0.891,0.387,0.0,-12.607,-1,1779002510
ONDOUSDT,crypto,1773792000,31.26,13.49,0.391,0.267,-4.915,0.0,1.02,0.419,0.0,-4.906,-1,1779002510
ONDOUSDT,crypto,1773878400,31.94,12.47,0.399,0.2575,-3.558,0.0,0.816,0.419,0.0,-0.621,0,1779002510
ONDOUSDT,crypto,1773964800,41.04,12.78,0.513,0.2601,1.01,0.0,0.749,0.452,0.0,1.999,0,1779002510
ONDOUSDT,crypto,1774051200,29.23,10.23,0.365,0.2523,-2.999,0.0,0.498,0.387,0.0,6.579,1,1779002510
ONDOUSDT,crypto,1774137600,37.51,16.37,0.469,0.2454,-2.735,0.0,0.823,0.613,0.0,9.372,1,1779002510
ONDOUSDT,crypto,1774224000,56.38,19.93,0.705,0.2539,3.464,0.0,1.405,0.645,0.0,5.672,1,1779002510
ONDOUSDT,crypto,1774310400,52.13,20.16,0.652,0.2559,0.788,0.0,1.58,0.613,0.0,0.586,0,1779002510
ONDOUSDT,crypto,1774396800,53.52,18.29,0.669,0.2653,3.673,0.0,1.077,0.645,0.0,-1.395,0,1779002510
ONDOUSDT,crypto,1774483200,60.05,24.84,0.751,0.2689,1.357,0.0,2.127,0.742,0.0,1.413,0,1779002510
ONDOUSDT,crypto,1774569600,53.1,20.97,0.664,0.2684,-0.186,0.0,4.164,0.548,0.0,0.559,0,1779002510
ONDOUSDT,crypto,1774656000,47.18,16.25,0.59,0.2683,-0.037,0.0,1.701,0.387,0.0,-4.025,-1,1779002510
ONDOUSDT,crypto,1774742400,31.56,12.14,0.395,0.2574,-4.063,0.0,1.009,0.355,0.0,0.66,0,1779002510
ONDOUSDT,crypto,1774828800,42.96,12.15,0.537,0.2616,1.632,0.0,1.01,0.355,0.0,-2.408,0,1779002510
ONDOUSDT,crypto,1774915200,50.61,13.68,0.633,0.2727,4.243,0.0,1.188,0.387,0.0,-5.207,-1,1779002510
ONDOUSDT,crypto,1775001600,37.91,12.93,0.474,0.2699,-1.027,0.0,0.908,0.419,0.0,-5.224,-1,1779002510
ONDOUSDT,crypto,1775088000,31.68,13.7,0.396,0.2575,-4.594,0.0,0.934,0.452,0.0,4.66,1,1779002510
ONDOUSDT,crypto,1775174400,39.54,13.06,0.494,0.2591,0.621,0.0,0.548,0.516,0.0,-1.428,0,1779002510
ONDOUSDT,crypto,1775260800,34.58,12.99,0.432,0.2553,-1.467,0.0,0.405,0.548,0.0,-0.431,0,1779002510
ONDOUSDT,crypto,1775347200,34.54,5.73,0.432,0.2585,1.253,0.0,0.759,0.097,0.0,-0.812,0,1779002510
ONDOUSDT,crypto,1775433600,32.74,6.49,0.409,0.2558,-1.044,0.0,1.168,0.032,0.0,0.078,0,1779002510
ONDOUSDT,crypto,1775520000,44.94,6.51,0.562,0.2695,5.356,0.0,1.044,0.065,0.0,-10.093,-1,1779002510
ONDOUSDT,crypto,1775606400,22.35,6.12,0.279,0.2554,-5.232,0.0,0.838,0.097,0.0,0.822,0,1779002510
ONDOUSDT,crypto,1775692800,34.74,7.88,0.434,0.2542,-0.47,0.0,1.06,0.129,0.0,-1.298,0,1779002510
ONDOUSDT,crypto,1775779200,34.11,5.91,0.426,0.2564,0.865,0.0,0.795,0.097,0.0,0.858,0,1779002510
ONDOUSDT,crypto,1775865600,29.02,3.74,0.363,0.256,-0.156,0.0,0.619,0.032,0.0,5.313,1,1779002510
ONDOUSDT,crypto,1775952000,24.69,8.71,0.309,0.2423,-5.352,0.0,0.838,0.226,0.0,11.515,1,1779002510
ONDOUSDT,crypto,1776038400,49.79,9.63,0.622,0.2575,6.273,0.0,1.023,0.226,0.0,0.117,0,1779002510
ONDOUSDT,crypto,1776124800,31.78,9.97,0.397,0.2509,-2.563,-5.4e-05,0.833,0.29,0.0,-0.359,0,1779002510
ONDOUSDT,crypto,1776211200,39.73,7.6,0.497,0.2586,3.069,4.6e-05,0.745,0.194,0.0,-1.431,0,1779002510
ONDOUSDT,crypto,1776297600,48.54,11.79,0.607,0.2696,4.254,5e-05,1.198,0.29,0.0,-4.34,-1,1779002510
ONDOUSDT,crypto,1776384000,45.88,15.14,0.573,0.2702,0.223,5e-05,1.608,0.355,0.0,-3.516,-1,1779002510
ONDOUSDT,crypto,1776470400,29.84,11.91,0.373,0.2578,-4.589,3.9e-05,0.962,0.355,0.0,1.668,0,1779002510
ONDOUSDT,crypto,1776556800,34.04,13.35,0.425,0.25,-3.026,1.6e-05,0.864,0.452,-0.050506,4.76,1,1779002510
ONDOUSDT,crypto,1776643200,37.24,6.91,0.465,0.2549,1.96,-4.6e-05,0.736,0.161,-0.028755,2.315,0,1779002510
ONDOUSDT,crypto,1776729600,34.25,5.36,0.428,0.2579,1.177,6e-06,0.814,0.065,0.006667,3.49,1,1779002510
ONDOUSDT,crypto,1776816000,37.68,7.59,0.471,0.2607,1.086,5e-05,1.132,0.097,-0.02729,2.148,0,1779002510
ONDOUSDT,crypto,1776902400,35.05,7.08,0.438,0.2621,0.537,1.9e-05,0.899,0.129,0.040363,0.763,0,1779002510
ONDOUSDT,crypto,1776988800,31.85,6.46,0.398,0.2619,-0.076,3.9e-05,0.647,0.161,-0.057422,0.573,0,1779002510
ONDOUSDT,crypto,1777075200,30.06,6.08,0.376,0.2608,-0.42,-2.3e-05,0.442,0.194,0.011381,0.613,0,1779002510
ONDOUSDT,crypto,1777161600,42.23,10.23,0.528,0.2669,2.339,5e-05,1.014,0.258,-0.008497,0.3,0,1779002510
ONDOUSDT,crypto,1777248000,37.64,10.15,0.471,0.2663,-0.225,3.7e-05,1.126,0.226,0.088537,6.421,1,1779002510
ONDOUSDT,crypto,1777334400,33.36,8.96,0.417,0.2641,-0.826,5e-05,0.76,0.258,-0.027771,8.747,1,1779002510
ONDOUSDT,crypto,1777420800,37.25,10.15,0.466,0.2634,-0.265,-2.8e-05,0.998,0.258,0.021414,19.134,1,1779002510
ONDOUSDT,crypto,1777507200,33.29,8.3,0.416,0.2624,-0.38,-2.3e-05,0.627,0.258,0.000295,22.294,1,1779002510
ONDOUSDT,crypto,1777593600,43.21,11.9,0.54,0.2677,2.02,8e-06,0.962,0.355,-0.021873,20.77,1,1779002510
ONDOUSDT,crypto,1777680000,59.18,18.41,0.74,0.2834,5.865,5e-05,1.359,0.581,0.054421,24.347,1,1779002510
ONDOUSDT,crypto,1777766400,59.63,26.63,0.745,0.2872,1.341,2.2e-05,1.584,0.935,0.05063,57.138,1,1779002510
ONDOUSDT,crypto,1777852800,77.46,30.0,0.968,0.3138,9.262,7e-06,4.788,1.0,0.05662,33.238,1,1779002510
ONDOUSDT,crypto,1777939200,66.78,30.0,0.835,0.3209,2.263,5e-05,2.588,1.0,0.14159,31.941,1,1779002510
ONDOUSDT,crypto,1778025600,63.75,30.0,0.797,0.3233,0.748,5e-05,2.642,1.0,-0.009522,32.478,1,1779002510
ONDOUSDT,crypto,1778112000,77.68,30.0,0.971,0.3524,9.001,-3.7e-05,3.735,1.0,-0.02359,10.187,1,1779002510
ONDOUSDT,crypto,1778198400,77.25,30.0,0.966,0.4513,28.065,5e-05,5.727,1.0,0.052336,-14.624,-1,1779002510
ONDOUSDT,crypto,1778284800,47.81,30.0,0.598,0.4181,-7.357,-4e-06,3.853,1.0,0.208716,-7.175,-1,1779002510
ONDOUSDT,crypto,1778371200,62.57,28.89,0.782,0.4234,1.268,5e-05,1.778,1.0,0.022067,-14.265,-1,1779002510
ONDOUSDT,crypto,1778457600,64.95,30.0,0.812,0.4283,1.157,-2.7e-05,2.109,1.0,-0.048378,-19.682,-1,1779002510
ONDOUSDT,crypto,1778544000,43.14,27.35,0.539,0.3883,-9.339,-5.8e-05,1.599,0.968,-0.053041,-7.777,-1,1779002510
FILUSDT,crypto,1762214400,52.22,30.0,0.653,1.366,-5.139,0.0,2.711,1.0,0.0,103.587,1,1779002511
FILUSDT,crypto,1762300800,60.26,26.61,0.753,1.397,2.269,0.0,1.322,1.0,0.0,82.82,1,1779002511
FILUSDT,crypto,1762387200,77.5,30.0,0.969,1.891,35.361,0.0,3.93,1.0,0.0,17.768,1,1779002511
FILUSDT,crypto,1762473600,77.5,30.0,0.969,3.374,78.424,0.0,10.753,1.0,0.0,-34.914,-1,1779002511
FILUSDT,crypto,1762560000,47.5,30.0,0.594,2.956,-12.389,0.0,4.234,1.0,0.0,-30.074,-1,1779002511
FILUSDT,crypto,1762646400,50.66,30.0,0.633,2.781,-5.92,0.0,2.009,1.0,0.0,-28.227,-1,1779002511
FILUSDT,crypto,1762732800,38.93,25.71,0.487,2.554,-8.163,0.0,1.143,1.0,0.0,-20.399,-1,1779002511
FILUSDT,crypto,1762819200,33.67,20.86,0.421,2.227,-12.803,0.0,1.062,0.778,0.0,-12.034,-1,1779002511
FILUSDT,crypto,1762905600,41.08,17.68,0.513,2.196,-1.392,0.0,0.736,0.7,0.0,-8.06,-1,1779002511
FILUSDT,crypto,1762992000,29.15,15.57,0.364,2.067,-5.874,0.0,0.568,0.636,0.0,-3.967,-1,1779002511
FILUSDT,crypto,1763078400,32.71,13.54,0.409,1.996,-3.435,0.0,0.708,0.5,0.0,-5.812,-1,1779002511
FILUSDT,crypto,1763164800,41.41,12.22,0.518,2.033,1.854,0.0,0.597,0.462,0.0,-10.477,-1,1779002511
FILUSDT,crypto,1763251200,29.13,11.24,0.364,1.959,-3.64,0.0,0.534,0.429,0.0,-15.365,-1,1779002511
FILUSDT,crypto,1763337600,43.36,11.37,0.542,2.019,3.063,0.0,0.673,0.4,0.0,-20.109,-1,1779002511
FILUSDT,crypto,1763424000,35.7,12.03,0.446,1.985,-1.684,0.0,0.907,0.375,0.0,-18.892,-1,1779002511
FILUSDT,crypto,1763510400,24.99,10.06,0.312,1.88,-5.29,0.0,0.601,0.353,0.0,-12.713,-1,1779002511
FILUSDT,crypto,1763596800,25.64,7.54,0.32,1.82,-3.191,0.0,0.396,0.278,0.0,-8.242,-1,1779002511
FILUSDT,crypto,1763683200,20.27,9.54,0.253,1.658,-8.901,0.0,0.645,0.316,0.0,0.965,0,1779002511
FILUSDT,crypto,1763769600,26.77,8.35,0.335,1.613,-2.714,0.0,0.27,0.35,0.0,0.124,0,1779002511
FILUSDT,crypto,1763856000,29.09,5.86,0.364,1.61,-0.186,0.0,0.22,0.238,0.0,0.373,0,1779002511
FILUSDT,crypto,1763942400,34.09,6.14,0.426,1.641,1.925,0.0,0.32,0.227,0.0,-2.316,0,1779002511
FILUSDT,crypto,1764028800,34.56,6.44,0.432,1.67,1.767,0.0,0.417,0.217,0.0,-6.048,-1,1779002511
FILUSDT,crypto,1764115200,31.19,6.6,0.39,1.674,0.24,0.0,0.321,0.25,0.0,-11.589,-1,1779002511
FILUSDT,crypto,1764201600,21.78,5.16,0.272,1.615,-3.524,0.0,0.233,0.2,0.0,-5.201,-1,1779002511
FILUSDT,crypto,1764288000,30.62,5.92,0.383,1.616,0.062,0.0,0.415,0.192,0.0,-1.238,0,1779002511
FILUSDT,crypto,1764374400,27.94,5.38,0.349,1.603,-0.804,0.0,0.335,0.185,0.0,-3.743,-1,1779002511
FILUSDT,crypto,1764460800,26.24,5.78,0.328,1.569,-2.121,0.0,0.441,0.179,0.0,-5.417,-1,1779002511
FILUSDT,crypto,1764547200,24.38,8.34,0.305,1.48,-5.672,0.0,0.978,0.172,0.0,0.676,0,1779002511
FILUSDT,crypto,1764633600,38.91,6.43,0.486,1.531,3.446,0.0,0.619,0.167,0.0,-5.095,-1,1779002511
FILUSDT,crypto,1764720000,40.26,6.25,0.503,1.596,4.246,0.0,0.605,0.161,0.0,-5.827,-1,1779002511
FILUSDT,crypto,1764806400,23.73,5.23,0.297,1.543,-3.321,0.0,0.529,0.129,0.0,0.065,0,1779002511
FILUSDT,crypto,1764892800,23.9,5.49,0.299,1.484,-3.824,0.0,0.711,0.097,0.0,-1.28,0,1779002511
FILUSDT,crypto,1764979200,27.7,2.84,0.346,1.49,0.404,0.0,0.31,0.065,0.0,-7.517,-1,1779002511
FILUSDT,crypto,1765065600,25.56,4.34,0.319,1.453,-2.483,0.0,0.738,0.032,0.0,-7.502,-1,1779002511
FILUSDT,crypto,1765152000,36.08,3.67,0.451,1.503,3.441,0.0,0.606,0.032,0.0,-10.246,-1,1779002511
FILUSDT,crypto,1765238400,37.72,5.21,0.472,1.544,2.728,0.0,0.912,0.032,0.0,-14.896,-1,1779002511
FILUSDT,crypto,1765324800,24.41,6.4,0.305,1.465,-5.117,0.0,1.15,0.032,0.0,-13.788,-1,1779002511
FILUSDT,crypto,1765411200,26.84,8.75,0.335,1.378,-5.939,0.0,1.492,0.065,0.0,-6.604,-1,1779002511
FILUSDT,crypto,1765497600,34.68,9.85,0.434,1.344,-2.467,0.0,1.454,0.129,0.0,-8.929,-1,1779002511
FILUSDT,crypto,1765584000,31.95,5.97,0.399,1.349,0.372,0.0,0.548,0.161,0.0,-12.083,-1,1779002511
FILUSDT,crypto,1765670400,29.82,8.51,0.373,1.314,-2.595,0.0,0.799,0.226,0.0,-0.457,0,1779002511
FILUSDT,crypto,1765756800,34.58,12.5,0.432,1.263,-3.881,0.0,1.468,0.258,0.0,8.63,1,1779002511
FILUSDT,crypto,1765843200,41.73,10.62,0.522,1.287,1.9,0.0,0.962,0.29,0.0,-0.777,0,1779002511
FILUSDT,crypto,1765929600,34.93,14.33,0.437,1.224,-4.895,0.0,1.576,0.323,0.0,6.046,1,1779002511
FILUSDT,crypto,1766016000,38.5,14.98,0.481,1.186,-3.105,0.0,1.447,0.387,0.0,10.455,1,1779002511
FILUSDT,crypto,1766102400,57.2,13.72,0.715,1.308,10.287,0.0,1.196,0.387,0.0,-2.905,0,1779002511
FILUSDT,crypto,1766188800,46.16,10.81,0.577,1.372,4.893,0.0,0.614,0.387,0.0,-11.662,-1,1779002511
FILUSDT,crypto,1766275200,27.42,13.58,0.343,1.277,-6.924,0.0,1.038,0.419,0.0,-3.994,-1,1779002511
FILUSDT,crypto,1766361600,43.55,13.08,0.544,1.298,1.644,0.0,0.938,0.419,0.0,1.387,0,1779002511
FILUSDT,crypto,1766448000,41.05,11.58,0.513,1.31,0.924,0.0,1.025,0.323,0.0,1.756,0,1779002511
FILUSDT,crypto,1766534400,29.55,9.16,0.369,1.27,-3.053,0.0,0.8,0.258,0.0,3.701,1,1779002511
FILUSDT,crypto,1766620800,28.59,10.84,0.357,1.212,-4.567,0.0,0.878,0.323,0.0,8.993,1,1779002511
FILUSDT,crypto,1766707200,38.17,9.26,0.477,1.226,1.155,0.0,0.82,0.258,0.0,5.791,1,1779002511
FILUSDT,crypto,1766793600,51.88,9.93,0.649,1.316,7.341,0.0,0.954,0.258,0.0,12.766,1,1779002511
FILUSDT,crypto,1766880000,41.91,10.03,0.524,1.333,1.292,0.0,1.36,0.161,0.0,12.828,1,1779002511
FILUSDT,crypto,1766966400,34.83,8.01,0.435,1.317,-1.2,0.0,1.344,0.065,0.0,13.288,1,1779002511
FILUSDT,crypto,1767052800,32.42,4.98,0.405,1.321,0.304,0.0,0.867,0.032,0.0,12.945,1,1779002511
FILUSDT,crypto,1767139200,29.71,5.74,0.371,1.297,-1.817,0.0,1.02,0.032,0.0,20.817,1,1779002511
FILUSDT,crypto,1767225600,60.08,12.58,0.751,1.484,14.418,0.0,2.779,0.129,0.0,7.21,1,1779002511
FILUSDT,crypto,1767312000,50.96,15.79,0.637,1.504,1.348,0.0,1.996,0.29,0.0,0.931,0,1779002511
FILUSDT,crypto,1767398400,41.46,14.47,0.518,1.492,-0.798,0.0,1.217,0.419,0.0,0.201,0,1779002511
FILUSDT,crypto,1767484800,44.33,16.08,0.554,1.492,0.0,0.0,1.151,0.516,0.0,-0.268,0,1779002511
FILUSDT,crypto,1767571200,67.39,24.84,0.842,1.567,5.027,0.0,2.168,0.742,0.0,-5.552,-1,1779002511
FILUSDT,crypto,1767657600,56.82,25.31,0.71,1.591,1.532,0.0,1.19,0.968,0.0,-8.548,-1,1779002511
FILUSDT,crypto,1767744000,42.07,23.08,0.526,1.518,-4.588,0.0,1.133,0.871,0.0,-3.821,-1,1779002511
FILUSDT,crypto,1767830400,46.71,22.33,0.584,1.495,-1.515,0.0,0.982,0.871,0.0,5.418,1,1779002511
FILUSDT,crypto,1767916800,46.93,21.72,0.587,1.488,-0.468,0.0,0.731,0.903,0.0,6.788,1,1779002511
FILUSDT,crypto,1768003200,41.65,18.17,0.521,1.48,-0.538,0.0,0.409,0.806,0.0,1.486,0,1779002511
FILUSDT,crypto,1768089600,38.46,16.44,0.481,1.455,-1.689,0.0,0.579,0.677,0.0,4.399,1,1779002511
FILUSDT,crypto,1768176000,43.58,16.32,0.545,1.46,0.344,0.0,0.813,0.613,0.0,6.096,1,1779002511
FILUSDT,crypto,1768262400,60.25,16.86,0.753,1.576,7.945,0.0,1.178,0.548,0.0,-8.122,-1,1779002511
FILUSDT,crypto,1768348800,42.83,13.21,0.535,1.589,0.825,0.0,1.094,0.387,0.0,-13.027,-1,1779002511
FILUSDT,crypto,1768435200,29.56,11.27,0.37,1.502,-5.475,0.0,1.35,0.226,0.0,-12.783,-1,1779002511
FILUSDT,crypto,1768521600,35.73,7.42,0.447,1.519,1.132,0.0,0.709,0.194,0.0,-11.257,-1,1779002511
FILUSDT,crypto,1768608000,36.65,6.71,0.458,1.549,1.975,0.0,0.697,0.161,0.0,-14.913,-1,1779002511
FILUSDT,crypto,1768694400,20.18,6.97,0.252,1.448,-6.52,0.0,0.749,0.161,0.0,-9.461,-1,1779002511
FILUSDT,crypto,1768780800,25.84,7.19,0.323,1.382,-4.558,0.0,1.052,0.097,0.0,-4.92,-1,1779002511
FILUSDT,crypto,1768867200,22.93,6.39,0.287,1.31,-5.21,0.0,0.891,0.097,0.0,-4.504,-1,1779002511
FILUSDT,crypto,1768953600,40.3,8.26,0.504,1.348,2.901,0.0,0.748,0.226,0.0,-6.009,-1,1779002511
FILUSDT,crypto,1769040000,28.93,8.34,0.362,1.318,-2.226,0.0,0.507,0.29,0.0,-3.566,-1,1779002511
FILUSDT,crypto,1769126400,37.58,12.27,0.47,1.311,-0.531,0.0,0.776,0.419,0.0,-2.365,0,1779002511
FILUSDT,crypto,1769212800,36.9,12.13,0.461,1.314,0.229,0.0,0.362,0.516,0.0,-9.209,-1,1779002511
FILUSDT,crypto,1769299200,34.74,17.37,0.434,1.251,-4.795,0.0,0.893,0.645,0.0,-6.155,-1,1779002511
FILUSDT,crypto,1769385600,45.23,16.86,0.565,1.267,1.279,0.0,0.662,0.677,0.0,-16.969,-1,1779002511
FILUSDT,crypto,1769472000,45.23,18.15,0.565,1.271,0.316,0.0,0.791,0.71,0.0,-18.647,-1,1779002511
FILUSDT,crypto,1769558400,44.82,17.55,0.56,1.28,0.708,0.0,0.671,0.71,0.0,-15.547,-1,1779002511
FILUSDT,crypto,1769644800,41.53,25.67,0.519,1.193,-6.797,0.0,1.391,0.935,0.0,-10.645,-1,1779002511
FILUSDT,crypto,1769731200,53.07,26.88,0.663,1.174,-1.593,0.0,1.375,1.0,0.0,-10.562,-1,1779002511
FILUSDT,crypto,1769817600,47.5,30.0,0.594,1.052,-10.392,0.0,2.269,1.0,0.0,-16.16,-1,1779002511
FILUSDT,crypto,1769904000,50.52,25.72,0.632,1.034,-1.711,0.0,1.144,1.0,0.0,-5.706,-1,1779002511
FILUSDT,crypto,1769990400,63.64,26.02,0.795,1.081,4.545,0.0,1.205,1.0,0.0,-9.806,-1,1779002511
FILUSDT,crypto,1770076800,52.02,25.5,0.65,1.066,-1.388,0.0,1.358,0.935,0.0,-12.57,-1,1779002511
FILUSDT,crypto,1770163200,50.83,25.34,0.635,1.05,-1.501,0.0,1.198,0.968,0.0,-10.857,-1,1779002511
FILUSDT,crypto,1770249600,47.5,30.0,0.594,0.882,-16.0,0.0,2.589,1.0,0.0,2.041,0,1779002511
FILUSDT,crypto,1770336000,76.85,29.35,0.961,0.975,10.544,0.0,2.642,0.968,0.0,-9.846,-1,1779002511
FILUSDT,crypto,1770422400,53.64,24.92,0.67,0.975,0.0,0.0,1.243,0.935,0.0,-6.359,-1,1779002511
FILUSDT,crypto,1770508800,42.02,23.85,0.525,0.932,-4.41,0.0,0.898,0.968,0.0,2.79,0,1779002511
FILUSDT,crypto,1770595200,52.75,24.69,0.659,0.936,0.429,0.0,0.939,1.0,0.0,8.333,1,1779002511
FILUSDT,crypto,1770681600,43.99,24.59,0.55,0.9,-3.846,0.0,0.918,1.0,0.0,6.889,1,1779002511
FILUSDT,crypto,1770768000,48.11,25.14,0.601,0.879,-2.333,0.0,1.028,1.0,0.0,11.263,1,1779002511
FILUSDT,crypto,1770854400,57.43,23.27,0.718,0.913,3.868,0.0,0.784,0.968,0.0,5.038,1,1779002511
FILUSDT,crypto,1770940800,56.25,20.66,0.703,0.958,4.929,0.0,0.647,0.871,0.0,-3.236,-1,1779002511
FILUSDT,crypto,1771027200,56.32,18.48,0.704,1.014,5.846,0.0,0.729,0.742,0.0,-9.862,-1,1779002511
FILUSDT,crypto,1771113600,32.29,15.51,0.404,0.962,-5.128,0.0,0.908,0.548,0.0,-0.624,0,1779002511
FILUSDT,crypto,1771200000,42.44,13.15,0.531,0.978,1.663,0.0,0.694,0.484,0.0,-0.92,0,1779002511
FILUSDT,crypto,1771286400,33.04,11.41,0.413,0.959,-1.943,0.0,0.604,0.419,0.0,-3.128,-1,1779002511
FILUSDT,crypto,1771372800,28.28,9.13,0.354,0.927,-3.337,0.0,0.665,0.29,0.0,-3.991,-1,1779002511
FILUSDT,crypto,1771459200,30.13,6.83,0.377,0.914,-1.402,0.0,0.721,0.161,0.0,-3.939,-1,1779002511
FILUSDT,crypto,1771545600,42.4,6.32,0.53,0.956,4.595,0.0,0.878,0.097,0.0,11.088,1,1779002511
FILUSDT,crypto,1771632000,33.76,4.92,0.422,0.969,1.36,0.0,0.725,0.065,0.0,5.676,1,1779002511
FILUSDT,crypto,1771718400,21.36,3.88,0.267,0.929,-4.128,0.0,0.647,0.032,0.0,6.889,1,1779002511
FILUSDT,crypto,1771804800,25.43,5.98,0.318,0.89,-4.198,0.0,1.068,0.032,0.0,12.921,1,1779002511
FILUSDT,crypto,1771891200,29.14,4.99,0.364,0.878,-1.348,0.0,0.869,0.032,0.0,9.795,1,1779002511
FILUSDT,crypto,1771977600,59.44,11.94,0.743,1.062,20.957,0.0,2.593,0.097,0.0,-7.062,-1,1779002511
FILUSDT,crypto,1772064000,36.12,11.68,0.451,1.024,-3.578,0.0,1.819,0.129,0.0,-2.441,0,1779002511
FILUSDT,crypto,1772150400,33.15,10.29,0.414,0.993,-3.027,0.0,1.284,0.194,0.0,3.021,1,1779002511
FILUSDT,crypto,1772236800,42.78,11.19,0.535,1.005,1.208,0.0,1.335,0.226,0.0,0.597,0,1779002511
FILUSDT,crypto,1772323200,31.24,10.71,0.39,0.964,-4.08,0.0,1.238,0.226,0.0,1.245,0,1779002511
FILUSDT,crypto,1772409600,41.99,8.97,0.525,0.987,2.386,0.0,1.149,0.161,0.0,-3.647,-1,1779002511
FILUSDT,crypto,1772496000,38.48,7.74,0.481,0.999,1.216,0.0,1.161,0.097,0.0,-6.607,-1,1779002511
FILUSDT,crypto,1772582400,42.08,8.36,0.526,1.023,2.402,0.0,1.284,0.097,0.0,-8.407,-1,1779002511
FILUSDT,crypto,1772668800,36.0,9.86,0.45,1.011,-1.173,0.0,1.197,0.194,0.0,-14.54,-1,1779002511
FILUSDT,crypto,1772755200,26.48,6.42,0.331,0.976,-3.462,0.0,0.897,0.097,0.0,-10.143,-1,1779002511
FILUSDT,crypto,1772841600,24.67,4.94,0.308,0.951,-2.561,0.0,0.472,0.129,0.0,-7.781,-1,1779002511
FILUSDT,crypto,1772928000,32.24,9.67,0.403,0.933,-1.893,0.0,0.772,0.29,0.0,-6.967,-1,1779002511
FILUSDT,crypto,1773014400,39.21,11.15,0.49,0.937,0.429,0.0,0.94,0.323,0.0,-5.87,-1,1779002511
FILUSDT,crypto,1773100800,32.71,18.09,0.409,0.864,-7.791,0.0,1.424,0.548,0.0,3.472,1,1779002511
FILUSDT,crypto,1773187200,49.73,17.93,0.622,0.877,1.505,7e-06,1.264,0.581,0.0,12.771,1,1779002511
FILUSDT,crypto,1773273600,46.76,17.63,0.584,0.877,0.0,-0.00038,0.945,0.645,0.0,10.376,1,1779002511
FILUSDT,crypto,1773360000,44.53,19.61,0.557,0.868,-1.026,5.9e-05,0.954,0.742,0.0,6.452,1,1779002511
FILUSDT,crypto,1773446400,47.26,18.66,0.591,0.882,1.613,5.9e-05,0.635,0.774,0.0,1.361,0,1779002511
FILUSDT,crypto,1773532800,45.96,18.27,0.575,0.894,1.361,6.4e-05,0.558,0.774,0.0,0.783,0,1779002511
FILUSDT,crypto,1773619200,66.53,21.86,0.832,0.989,10.626,0.0001,1.534,0.71,0.0,-11.122,-1,1779002511
FILUSDT,crypto,1773705600,36.9,15.7,0.461,0.968,-2.123,0.0001,0.689,0.613,0.0,-12.603,-1,1779002511
FILUSDT,crypto,1773792000,35.49,16.8,0.444,0.924,-4.545,-1.8e-05,1.038,0.581,0.0,-0.108,0,1779002511
FILUSDT,crypto,1773878400,35.78,16.21,0.447,0.894,-3.247,7.9e-05,0.791,0.613,0.0,3.356,1,1779002511
FILUSDT,crypto,1773964800,42.66,15.13,0.533,0.901,0.783,8e-06,0.703,0.581,0.0,2.997,0,1779002511
FILUSDT,crypto,1774051200,41.08,18.69,0.513,0.879,-2.442,7.4e-05,1.028,0.677,0.0,-1.138,0,1779002511
FILUSDT,crypto,1774137600,40.21,20.31,0.503,0.846,-3.754,-1.6e-05,0.966,0.774,0.0,-0.946,0,1779002511
FILUSDT,crypto,1774224000,61.84,18.55,0.773,0.923,9.102,0.0001,1.258,0.613,0.0,-13.434,-1,1779002511
FILUSDT,crypto,1774310400,39.41,12.15,0.493,0.924,0.108,0.0001,1.01,0.355,0.0,-13.42,-1,1779002511
FILUSDT,crypto,1774396800,30.2,4.31,0.378,0.928,0.433,0.0001,0.605,0.065,0.0,-12.069,-1,1779002511
FILUSDT,crypto,1774483200,19.47,5.74,0.243,0.869,-6.358,0.0001,0.889,0.065,0.0,-4.258,-1,1779002511
FILUSDT,crypto,1774569600,27.22,5.56,0.34,0.838,-3.567,-0.000406,0.853,0.065,0.0,-0.119,0,1779002511
FILUSDT,crypto,1774656000,29.49,11.35,0.369,0.799,-4.654,-0.000268,0.721,0.387,0.0,2.128,0,1779002511
FILUSDT,crypto,1774742400,40.33,13.89,0.504,0.8,0.125,-0.000152,0.585,0.548,0.0,4.25,1,1779002511
FILUSDT,crypto,1774828800,51.74,20.61,0.647,0.816,2.0,0.0001,1.025,0.774,0.0,2.696,0,1779002511
FILUSDT,crypto,1774915200,50.7,20.33,0.634,0.832,1.961,4.9e-05,0.84,0.806,0.0,1.322,0,1779002511
FILUSDT,crypto,1775001600,46.11,19.84,0.576,0.837,0.601,0.0001,0.613,0.839,0.0,2.509,0,1779002511
FILUSDT,crypto,1775088000,44.92,22.23,0.562,0.816,-2.509,-8.1e-05,0.961,0.871,0.0,12.132,1,1779002511
FILUSDT,crypto,1775174400,49.72,20.37,0.622,0.834,2.206,0.0001,0.589,0.871,0.0,5.875,1,1779002511
FILUSDT,crypto,1775260800,45.98,20.47,0.575,0.838,0.48,7.1e-05,0.48,0.903,0.0,7.876,1,1779002511
FILUSDT,crypto,1775347200,41.59,14.28,0.52,0.843,0.597,-6.3e-05,0.662,0.548,0.0,8.304,1,1779002511
FILUSDT,crypto,1775433600,43.06,11.01,0.538,0.858,1.779,0.0001,1.298,0.226,0.0,4.779,1,1779002511
FILUSDT,crypto,1775520000,50.76,9.16,0.635,0.915,6.643,2.4e-05,1.187,0.161,0.0,-6.448,-1,1779002511
FILUSDT,crypto,1775606400,26.81,7.0,0.335,0.883,-3.497,2.6e-05,0.885,0.129,0.0,4.077,1,1779002511
FILUSDT,crypto,1775692800,37.23,6.85,0.465,0.904,2.378,0.0001,0.725,0.161,0.0,-2.434,0,1779002511
FILUSDT,crypto,1775779200,37.61,10.04,0.47,0.913,0.996,0.0001,0.717,0.323,0.0,0.438,0,1779002511
FILUSDT,crypto,1775865600,33.78,10.9,0.422,0.899,-1.533,7.3e-05,0.761,0.355,0.0,10.901,1,1779002511
FILUSDT,crypto,1775952000,25.98,8.37,0.325,0.856,-4.783,9.3e-05,1.028,0.161,0.0,14.603,1,1779002511
FILUSDT,crypto,1776038400,49.55,7.54,0.619,0.919,7.36,3.3e-05,0.992,0.129,0.0,2.394,0,1779002511
FILUSDT,crypto,1776124800,24.71,6.67,0.309,0.882,-4.026,0.0001,0.818,0.129,0.0,2.721,0,1779002511
FILUSDT,crypto,1776211200,39.95,6.58,0.499,0.917,3.968,8.6e-05,0.672,0.161,0.0,0.545,0,1779002511
FILUSDT,crypto,1776297600,71.86,24.9,0.898,0.997,8.724,-1e-05,1.882,0.774,0.0,-7.222,-1,1779002511
FILUSDT,crypto,1776384000,50.88,24.83,0.636,0.981,-1.605,3e-06,1.354,0.903,0.0,-5.607,-1,1779002511
FILUSDT,crypto,1776470400,39.31,21.06,0.491,0.941,-4.077,7.4e-05,0.857,0.839,0.0,-1.275,0,1779002511
FILUSDT,crypto,1776556800,37.07,16.96,0.463,0.906,-3.719,-6.9e-05,0.94,0.613,-0.059475,3.642,1,1779002511
FILUSDT,crypto,1776643200,45.1,15.26,0.564,0.922,1.766,9.7e-05,0.859,0.548,-0.042132,1.518,0,1779002511
FILUSDT,crypto,1776729600,42.44,14.97,0.53,0.925,0.325,6.7e-05,0.93,0.516,0.013304,1.838,0,1779002511
FILUSDT,crypto,1776816000,36.4,9.35,0.455,0.926,0.108,0.0001,0.967,0.226,-0.017203,-0.54,0,1779002511
FILUSDT,crypto,1776902400,35.67,7.8,0.446,0.929,0.324,0.0001,1.044,0.129,-0.006644,-1.076,0,1779002511
FILUSDT,crypto,1776988800,32.45,4.47,0.406,0.939,1.076,0.0001,0.766,0.032,0.025709,-2.556,0,1779002511
FILUSDT,crypto,1777075200,29.05,3.86,0.363,0.936,-0.319,-2.2e-05,0.643,0.032,0.017774,-1.603,0,1779002511
FILUSDT,crypto,1777161600,29.86,3.48,0.373,0.942,0.641,4.7e-05,0.567,0.032,0.029578,-2.548,0,1779002511
FILUSDT,crypto,1777248000,27.29,4.88,0.341,0.921,-2.229,-2.7e-05,0.847,0.032,0.00472,1.194,0,1779002511
FILUSDT,crypto,1777334400,29.01,3.76,0.363,0.919,-0.217,-1.3e-05,0.623,0.032,0.01696,0.326,0,1779002511
FILUSDT,crypto,1777420800,39.86,9.06,0.498,0.915,-0.435,-0.000151,1.683,0.032,0.000108,1.967,0,1779002511
FILUSDT,crypto,1777507200,32.32,4.68,0.404,0.921,0.656,4.2e-05,0.807,0.032,0.017895,5.755,1,1779002511
FILUSDT,crypto,1777593600,29.15,4.15,0.364,0.918,-0.326,6.9e-05,0.7,0.032,0.00976,21.351,1,1779002511
FILUSDT,crypto,1777680000,29.48,2.54,0.369,0.932,1.525,0.0001,0.379,0.032,0.001474,17.811,1,1779002511
FILUSDT,crypto,1777766400,25.15,2.97,0.314,0.922,-1.073,0.0001,0.465,0.032,-0.002529,39.371,1,1779002511
FILUSDT,crypto,1777852800,38.21,7.24,0.478,0.933,1.193,0.0001,1.318,0.032,-0.000889,28.51,1,1779002511
FILUSDT,crypto,1777939200,42.74,6.62,0.534,0.974,4.394,0.0001,1.067,0.065,-0.016267,17.659,1,1779002511
FILUSDT,crypto,1778025600,68.8,20.32,0.86,1.114,14.374,-0.000196,6.638,0.516,0.036296,1.077,0,1779002511
FILUSDT,crypto,1778112000,58.48,29.35,0.731,1.098,-1.436,0.0001,2.554,0.968,0.368118,-0.638,0,1779002511
FILUSDT,crypto,1778198400,77.0,30.0,0.963,1.285,17.031,0.0001,3.146,1.0,-0.064058,-18.521,-1,1779002511
FILUSDT,crypto,1778284800,44.21,27.8,0.553,1.199,-6.693,0.0001,1.559,1.0,0.101277,-12.093,-1,1779002511
FILUSDT,crypto,1778371200,46.66,26.7,0.583,1.146,-4.42,8e-05,1.34,1.0,-0.079118,-11.955,-1,1779002511
FILUSDT,crypto,1778457600,47.6,24.55,0.595,1.126,-1.745,0.0001,0.909,1.0,-0.021777,-13.854,-1,1779002511
FILUSDT,crypto,1778544000,44.34,23.96,0.554,1.091,-3.108,0.0001,0.921,0.968,-0.063033,-10.816,-1,1779002511
WLDUSDT,crypto,1762214400,55.9,30.0,0.699,0.7033,-3.3,0.0,2.302,1.0,0.0,16.096,1,1779002512
WLDUSDT,crypto,1762300800,62.65,25.13,0.783,0.7381,4.948,0.0,1.025,1.0,0.0,12.546,1,1779002512
WLDUSDT,crypto,1762387200,42.55,24.62,0.532,0.7042,-4.593,0.0,0.924,1.0,0.0,9.415,1,1779002512
WLDUSDT,crypto,1762473600,70.79,24.65,0.885,0.8342,18.461,0.0,1.729,0.8,0.0,-8.751,-1,1779002512
WLDUSDT,crypto,1762560000,41.24,18.21,0.516,0.8161,-2.17,0.0,0.975,0.667,0.0,-8.871,-1,1779002512
WLDUSDT,crypto,1762646400,39.89,14.36,0.499,0.8165,0.049,0.0,0.586,0.571,0.0,-13.729,-1,1779002512
WLDUSDT,crypto,1762732800,42.7,13.36,0.534,0.8307,1.739,0.0,0.672,0.5,0.0,-15.854,-1,1779002512
WLDUSDT,crypto,1762819200,29.66,17.5,0.371,0.7705,-7.247,0.0,0.832,0.667,0.0,-12.641,-1,1779002512
WLDUSDT,crypto,1762905600,41.75,17.83,0.522,0.7612,-1.207,0.0,0.767,0.7,0.0,-14.438,-1,1779002512
WLDUSDT,crypto,1762992000,41.83,19.24,0.523,0.7437,-2.299,0.0,0.938,0.727,0.0,-7.664,-1,1779002512
WLDUSDT,crypto,1763078400,40.34,23.37,0.504,0.7044,-5.284,0.0,1.008,0.917,0.0,-5.338,-1,1779002512
WLDUSDT,crypto,1763164800,33.86,10.29,0.423,0.699,-0.767,0.0,0.52,0.385,0.0,-6.423,-1,1779002512
WLDUSDT,crypto,1763251200,32.06,12.77,0.401,0.6731,-3.705,0.0,0.84,0.429,0.0,-11.885,-1,1779002512
WLDUSDT,crypto,1763337600,41.03,20.51,0.513,0.6513,-3.239,0.0,0.901,0.8,0.0,-7.094,-1,1779002512
WLDUSDT,crypto,1763424000,53.97,16.55,0.675,0.6867,5.435,0.0,0.81,0.625,0.0,-11.315,-1,1779002512
WLDUSDT,crypto,1763510400,44.74,24.02,0.559,0.6668,-2.898,0.0,0.803,1.0,0.0,-4.499,-1,1779002512
WLDUSDT,crypto,1763596800,49.83,25.57,0.623,0.6541,-1.905,0.0,1.114,1.0,0.0,-2.11,0,1779002512
WLDUSDT,crypto,1763683200,45.91,29.21,0.574,0.5931,-9.326,0.0,1.841,1.0,0.0,10.622,1,1779002512
WLDUSDT,crypto,1763769600,53.31,23.38,0.666,0.6051,2.023,0.0,0.676,1.0,0.0,7.916,1,1779002512
WLDUSDT,crypto,1763856000,48.71,22.46,0.609,0.609,0.645,0.0,0.493,1.0,0.0,6.42,1,1779002512
WLDUSDT,crypto,1763942400,61.22,24.79,0.765,0.6368,4.565,0.0,0.959,1.0,0.0,-1.005,0,1779002512
WLDUSDT,crypto,1764028800,50.79,23.6,0.635,0.6403,0.55,0.0,0.719,1.0,0.0,-3.327,-1,1779002512
WLDUSDT,crypto,1764115200,53.87,23.22,0.673,0.6561,2.468,0.0,0.644,1.0,0.0,-12.544,-1,1779002512
WLDUSDT,crypto,1764201600,44.09,20.07,0.551,0.653,-0.472,0.0,0.493,0.88,0.0,-3.828,-1,1779002512
WLDUSDT,crypto,1764288000,45.66,20.41,0.571,0.6481,-0.75,0.0,0.851,0.808,0.0,-2.129,0,1779002512
WLDUSDT,crypto,1764374400,35.11,15.7,0.439,0.6304,-2.731,0.0,0.474,0.667,0.0,-1.745,0,1779002512
WLDUSDT,crypto,1764460800,26.47,4.86,0.331,0.619,-1.808,0.0,0.544,0.107,0.0,-7.383,-1,1779002512
WLDUSDT,crypto,1764547200,23.28,8.72,0.291,0.5738,-7.302,0.0,1.331,0.103,0.0,0.593,0,1779002512
WLDUSDT,crypto,1764633600,50.93,7.38,0.637,0.628,9.446,0.0,1.21,0.067,0.0,-9.952,-1,1779002512
WLDUSDT,crypto,1764720000,37.39,6.76,0.467,0.6343,1.003,0.0,1.224,0.032,0.0,-3.263,-1,1779002512
WLDUSDT,crypto,1764806400,24.96,3.9,0.312,0.6194,-2.349,0.0,0.652,0.032,0.0,3.875,1,1779002512
WLDUSDT,crypto,1764892800,20.13,6.9,0.252,0.5733,-7.443,0.0,1.122,0.065,0.0,7.431,1,1779002512
WLDUSDT,crypto,1764979200,30.98,4.53,0.387,0.5772,0.68,0.0,0.519,0.097,0.0,3.24,1,1779002512
WLDUSDT,crypto,1765065600,32.55,8.67,0.407,0.5655,-2.027,0.0,1.088,0.161,0.0,2.582,0,1779002512
WLDUSDT,crypto,1765152000,52.04,8.24,0.65,0.6136,8.506,0.0,1.26,0.097,0.0,-3.227,-1,1779002512
WLDUSDT,crypto,1765238400,46.42,7.43,0.58,0.6434,4.857,0.0,1.356,0.032,0.0,-12.652,-1,1779002512
WLDUSDT,crypto,1765324800,23.9,5.3,0.299,0.6159,-4.274,0.0,0.93,0.032,0.0,-12.502,-1,1779002512
WLDUSDT,crypto,1765411200,27.32,5.98,0.342,0.5959,-3.247,0.0,1.067,0.032,0.0,-11.478,-1,1779002512
WLDUSDT,crypto,1765497600,27.88,6.31,0.349,0.5801,-2.651,0.0,0.875,0.097,0.0,-14.36,-1,1779002512
WLDUSDT,crypto,1765584000,35.52,5.76,0.444,0.5938,2.362,0.0,0.507,0.161,0.0,-19.367,-1,1779002512
WLDUSDT,crypto,1765670400,25.65,10.16,0.321,0.562,-5.355,0.0,0.741,0.323,0.0,-7.1,-1,1779002512
WLDUSDT,crypto,1765756800,36.75,15.43,0.459,0.5389,-4.11,0.0,1.409,0.419,0.0,-2.95,0,1779002512
WLDUSDT,crypto,1765843200,38.83,14.79,0.485,0.5275,-2.115,0.0,1.153,0.452,0.0,-3.128,-1,1779002512
WLDUSDT,crypto,1765929600,36.58,18.02,0.457,0.4968,-5.82,0.0,1.54,0.516,0.0,1.449,0,1779002512
WLDUSDT,crypto,1766016000,42.3,19.65,0.529,0.4788,-3.623,0.0,1.479,0.613,0.0,2.882,0,1779002512
WLDUSDT,crypto,1766102400,60.31,17.85,0.754,0.5221,9.043,0.0,0.99,0.645,0.0,-6.474,-1,1779002512
WLDUSDT,crypto,1766188800,40.42,15.56,0.505,0.523,0.172,0.0,0.402,0.677,0.0,-8.337,-1,1779002512
WLDUSDT,crypto,1766275200,39.23,17.76,0.49,0.511,-2.294,0.0,0.713,0.71,0.0,-3.679,-1,1779002512
WLDUSDT,crypto,1766361600,42.58,18.83,0.532,0.504,-1.37,0.0,0.798,0.742,0.0,1.964,0,1779002512
WLDUSDT,crypto,1766448000,42.19,19.85,0.527,0.4926,-2.262,0.0,0.873,0.774,0.0,2.477,0,1779002512
WLDUSDT,crypto,1766534400,43.02,19.2,0.538,0.4883,-0.873,0.0,0.614,0.806,0.0,1.003,0,1779002512
WLDUSDT,crypto,1766620800,43.65,21.11,0.546,0.4794,-1.823,0.0,0.738,0.871,0.0,2.378,0,1779002512
WLDUSDT,crypto,1766707200,54.33,22.27,0.679,0.4922,2.67,0.0,0.842,0.903,0.0,-2.397,0,1779002512
WLDUSDT,crypto,1766793600,55.89,21.64,0.699,0.5139,4.409,0.0,0.586,0.935,0.0,1.362,0,1779002512
WLDUSDT,crypto,1766880000,41.33,19.9,0.517,0.5048,-1.771,0.0,0.495,0.871,0.0,10.123,1,1779002512
WLDUSDT,crypto,1766966400,43.18,19.09,0.54,0.4932,-2.298,0.0,1.237,0.645,0.0,18.573,1,1779002512
WLDUSDT,crypto,1767052800,40.37,14.91,0.505,0.4908,-0.487,0.0,0.788,0.548,0.0,22.392,1,1779002512
WLDUSDT,crypto,1767139200,38.85,15.45,0.486,0.4804,-2.119,0.0,1.026,0.516,0.0,32.452,1,1779002512
WLDUSDT,crypto,1767225600,55.0,13.27,0.687,0.5209,8.43,0.0,0.847,0.452,0.0,22.039,1,1779002512
WLDUSDT,crypto,1767312000,53.17,10.23,0.665,0.5559,6.719,0.0,1.4,0.161,0.0,6.872,1,1779002512
WLDUSDT,crypto,1767398400,57.45,16.15,0.718,0.5848,5.199,0.0,1.681,0.387,0.0,-0.376,0,1779002512
WLDUSDT,crypto,1767484800,52.32,17.67,0.654,0.6007,2.719,0.0,1.341,0.548,0.0,-3.629,-1,1779002512
WLDUSDT,crypto,1767571200,65.85,23.17,0.823,0.6363,5.926,0.0,1.666,0.742,0.0,-10.105,-1,1779002512
WLDUSDT,crypto,1767657600,54.35,26.02,0.679,0.6357,-0.094,0.0,1.204,1.0,0.0,-10.571,-1,1779002512
WLDUSDT,crypto,1767744000,39.23,24.91,0.49,0.5941,-6.544,0.0,0.982,1.0,0.0,-6.43,-1,1779002512
WLDUSDT,crypto,1767830400,49.69,25.53,0.621,0.5826,-1.936,0.0,1.106,1.0,0.0,5.99,1,1779002512
WLDUSDT,crypto,1767916800,50.06,24.41,0.626,0.5789,-0.635,0.0,0.883,1.0,0.0,3.541,1,1779002512
WLDUSDT,crypto,1768003200,43.68,21.46,0.546,0.572,-1.192,0.0,0.421,0.968,0.0,-1.538,0,1779002512
WLDUSDT,crypto,1768089600,45.64,21.22,0.571,0.5685,-0.612,0.0,0.63,0.903,0.0,-2.445,0,1779002512
WLDUSDT,crypto,1768176000,45.32,21.37,0.567,0.5559,-2.216,0.0,1.177,0.774,0.0,-1.079,0,1779002512
WLDUSDT,crypto,1768262400,65.6,21.15,0.82,0.6175,11.081,0.0,1.391,0.71,0.0,-16.729,-1,1779002512
WLDUSDT,crypto,1768348800,39.2,17.41,0.49,0.5994,-2.931,0.0,1.031,0.613,0.0,-15.682,-1,1779002512
WLDUSDT,crypto,1768435200,30.93,14.77,0.387,0.5632,-6.039,0.0,1.148,0.452,0.0,-17.205,-1,1779002512
WLDUSDT,crypto,1768521600,35.33,11.81,0.442,0.5546,-1.527,0.0,0.815,0.387,0.0,-14.19,-1,1779002512
WLDUSDT,crypto,1768608000,30.93,7.32,0.387,0.5499,-0.847,0.0,0.561,0.226,0.0,-14.203,-1,1779002512
WLDUSDT,crypto,1768694400,22.19,8.59,0.277,0.5142,-6.492,0.0,0.816,0.226,0.0,-8.985,-1,1779002512
WLDUSDT,crypto,1768780800,38.44,11.94,0.481,0.5054,-1.711,0.0,1.485,0.226,0.0,-6.787,-1,1779002512
WLDUSDT,crypto,1768867200,25.49,11.9,0.319,0.4663,-7.736,0.0,1.218,0.29,0.0,-5.104,-1,1779002512
WLDUSDT,crypto,1768953600,48.44,15.1,0.605,0.4759,2.059,0.0,1.343,0.419,0.0,-3.53,-1,1779002512
WLDUSDT,crypto,1769040000,39.75,15.62,0.497,0.4718,-0.862,0.0,0.672,0.613,0.0,-1.462,0,1779002512
WLDUSDT,crypto,1769126400,48.75,23.28,0.609,0.468,-0.805,0.0,0.915,0.935,0.0,24.808,1,1779002512
WLDUSDT,crypto,1769212800,47.91,22.04,0.599,0.4711,0.662,0.0,0.409,1.0,0.0,1.295,0,1779002512
WLDUSDT,crypto,1769299200,40.8,25.22,0.51,0.4425,-6.071,0.0,1.044,1.0,0.0,6.102,1,1779002512
WLDUSDT,crypto,1769385600,58.74,24.05,0.734,0.4591,3.751,0.0,0.938,0.968,0.0,-9.976,-1,1779002512
WLDUSDT,crypto,1769472000,54.74,24.53,0.684,0.4649,1.263,0.0,1.035,0.968,0.0,-15.745,-1,1779002512
WLDUSDT,crypto,1769558400,76.85,29.35,0.961,0.5841,25.64,0.0,6.206,0.968,0.0,-29.67,-1,1779002512
WLDUSDT,crypto,1769644800,45.56,28.06,0.57,0.4772,-18.302,0.0,6.149,0.903,0.0,-14.271,-1,1779002512
WLDUSDT,crypto,1769731200,58.63,29.35,0.733,0.4695,-1.614,0.0,2.161,0.968,0.0,-13.12,-1,1779002512
WLDUSDT,crypto,1769817600,44.93,28.71,0.562,0.4133,-11.97,0.0,1.743,1.0,0.0,-16.405,-1,1779002512
WLDUSDT,crypto,1769904000,40.88,24.42,0.511,0.3917,-5.226,0.0,0.883,1.0,0.0,3.395,1,1779002512
WLDUSDT,crypto,1769990400,60.5,23.8,0.756,0.4108,4.876,0.0,0.889,0.968,0.0,-3.408,-1,1779002512
WLDUSDT,crypto,1770076800,53.88,25.14,0.674,0.4091,-0.414,0.0,1.415,0.903,0.0,-4.987,-1,1779002512
WLDUSDT,crypto,1770163200,48.48,21.99,0.606,0.4079,-0.293,0.0,0.915,0.871,0.0,-4.854,-1,1779002512
WLDUSDT,crypto,1770249600,44.09,27.97,0.551,0.3455,-15.298,0.0,1.724,0.968,0.0,9.609,1,1779002512
WLDUSDT,crypto,1770336000,71.9,26.23,0.899,0.405,17.221,0.0,1.633,0.903,0.0,-9.235,-1,1779002512
WLDUSDT,crypto,1770422400,44.94,21.95,0.562,0.3968,-2.025,0.0,0.907,0.871,0.0,-3.831,-1,1779002512
WLDUSDT,crypto,1770508800,40.76,20.2,0.51,0.3887,-2.041,0.0,0.428,0.903,0.0,1.698,0,1779002512
WLDUSDT,crypto,1770595200,45.36,20.94,0.567,0.3881,-0.154,0.0,0.446,0.935,0.0,10.075,1,1779002512
WLDUSDT,crypto,1770681600,42.13,21.91,0.527,0.3787,-2.422,0.0,0.512,0.968,0.0,6.707,1,1779002512
WLDUSDT,crypto,1770768000,41.73,22.54,0.522,0.3676,-2.931,0.0,0.509,1.0,0.0,9.82,1,1779002512
WLDUSDT,crypto,1770854400,55.73,22.81,0.697,0.3816,3.808,0.0,0.562,1.0,0.0,4.062,1,1779002512
WLDUSDT,crypto,1770940800,52.63,21.15,0.658,0.3953,3.59,0.0,0.36,0.968,0.0,-4.174,-1,1779002512
WLDUSDT,crypto,1771027200,60.84,20.7,0.761,0.4272,8.07,0.0,0.528,0.903,0.0,-12.336,-1,1779002512
WLDUSDT,crypto,1771113600,33.56,19.65,0.42,0.4041,-5.407,0.0,0.446,0.871,0.0,-3.316,-1,1779002512
WLDUSDT,crypto,1771200000,42.65,18.24,0.533,0.4037,-0.099,0.0,0.422,0.806,0.0,-4.087,-1,1779002512
WLDUSDT,crypto,1771286400,25.52,3.79,0.319,0.3971,-1.635,0.0,0.5,0.065,0.0,-3.349,-1,1779002512
WLDUSDT,crypto,1771372800,18.64,3.0,0.233,0.3788,-4.608,0.0,0.471,0.032,0.0,-1.584,0,1779002512
WLDUSDT,crypto,1771459200,25.37,2.89,0.317,0.3745,-1.135,0.0,0.45,0.032,0.0,0.347,0,1779002512
WLDUSDT,crypto,1771545600,39.84,4.67,0.498,0.3907,4.326,0.0,0.804,0.032,0.0,5.682,1,1779002512
WLDUSDT,crypto,1771632000,26.07,3.33,0.326,0.3872,-0.896,0.0,0.407,0.065,0.0,3.099,1,1779002512
WLDUSDT,crypto,1771718400,26.0,2.95,0.325,0.3838,-0.878,0.0,0.461,0.032,0.0,1.433,0,1779002512
WLDUSDT,crypto,1771804800,27.9,5.89,0.349,0.3728,-2.866,0.0,1.049,0.032,0.0,7.001,1,1779002512
WLDUSDT,crypto,1771891200,33.35,4.94,0.417,0.3758,0.805,0.0,0.859,0.032,0.0,2.102,0,1779002512
WLDUSDT,crypto,1771977600,50.62,6.88,0.633,0.4129,9.872,0.0,1.248,0.032,0.0,-1.913,0,1779002512
WLDUSDT,crypto,1772064000,24.82,4.8,0.31,0.3992,-3.318,0.0,0.831,0.032,0.0,-1.578,0,1779002512
WLDUSDT,crypto,1772150400,25.29,4.2,0.316,0.3893,-2.48,0.0,0.71,0.032,0.0,7.835,1,1779002512
WLDUSDT,crypto,1772236800,41.48,7.99,0.518,0.3989,2.466,0.0,1.211,0.097,0.0,2.331,0,1779002512
WLDUSDT,crypto,1772323200,28.44,8.07,0.355,0.3837,-3.81,0.0,1.098,0.129,0.0,1.225,0,1779002512
WLDUSDT,crypto,1772409600,49.39,9.51,0.617,0.405,5.551,0.0,1.256,0.161,0.0,-6.84,-1,1779002512
WLDUSDT,crypto,1772496000,28.18,6.15,0.352,0.3929,-2.988,0.0,1.101,0.032,0.0,-8.348,-1,1779002512
WLDUSDT,crypto,1772582400,55.41,10.58,0.693,0.4198,6.847,0.0,1.728,0.097,0.0,-13.459,-1,1779002512
WLDUSDT,crypto,1772668800,30.79,9.49,0.385,0.4082,-2.763,0.0,0.866,0.258,0.0,-12.739,-1,1779002512
WLDUSDT,crypto,1772755200,20.98,4.41,0.262,0.3884,-4.851,0.0,0.753,0.032,0.0,-8.522,-1,1779002512
WLDUSDT,crypto,1772841600,22.41,3.46,0.28,0.3773,-2.858,0.0,0.434,0.065,0.0,-4.797,-1,1779002512
WLDUSDT,crypto,1772928000,27.76,10.09,0.347,0.3601,-4.559,0.0,0.857,0.29,0.0,-0.778,0,1779002512
WLDUSDT,crypto,1773014400,45.71,14.91,0.571,0.3633,0.889,0.0,1.305,0.419,0.0,-2.064,0,1779002512
WLDUSDT,crypto,1773100800,43.55,17.32,0.544,0.3562,-1.954,0.0,1.528,0.484,0.0,2.583,0,1779002512
WLDUSDT,crypto,1773187200,45.59,18.53,0.57,0.3553,-0.253,-1.6e-05,0.997,0.677,0.0,12.468,1,1779002512
WLDUSDT,crypto,1773273600,59.96,24.19,0.749,0.3592,1.098,-0.000214,2.04,0.71,0.0,9.772,1,1779002512
WLDUSDT,crypto,1773360000,49.58,21.74,0.62,0.3573,-0.529,0.0001,1.38,0.742,0.0,3.191,1,1779002512
WLDUSDT,crypto,1773446400,44.43,18.94,0.555,0.3558,-0.42,-7.4e-05,0.692,0.774,0.0,-7.111,-1,1779002512
WLDUSDT,crypto,1773532800,51.26,19.97,0.641,0.3654,2.698,9e-05,0.769,0.806,0.0,-12.069,-1,1779002512
WLDUSDT,crypto,1773619200,70.11,24.94,0.876,0.3996,9.36,0.0001,1.633,0.839,0.0,-20.946,-1,1779002512
WLDUSDT,crypto,1773705600,46.91,21.52,0.586,0.3943,-1.326,0.0001,1.208,0.774,0.0,-21.963,-1,1779002512
WLDUSDT,crypto,1773792000,37.53,21.52,0.469,0.3687,-6.493,-9.2e-05,1.207,0.774,0.0,-11.771,-1,1779002512
WLDUSDT,crypto,1773878400,48.41,28.71,0.605,0.3305,-10.361,-0.00044,2.026,0.935,0.0,-2.844,0,1779002512
WLDUSDT,crypto,1773964800,60.06,30.0,0.751,0.3213,-2.784,-0.000626,2.534,1.0,0.0,1.058,0,1779002512
WLDUSDT,crypto,1774051200,52.4,26.38,0.655,0.3159,-1.681,-0.000101,1.275,1.0,0.0,-7.566,-1,1779002512
WLDUSDT,crypto,1774137600,48.56,25.52,0.607,0.3077,-2.596,-4.2e-05,1.104,1.0,0.0,-19.045,-1,1779002512
WLDUSDT,crypto,1774224000,68.17,26.98,0.852,0.3253,5.72,-5.5e-05,1.396,1.0,0.0,-17.399,-1,1779002512
WLDUSDT,crypto,1774310400,47.09,22.75,0.589,0.3211,-1.291,-7.6e-05,0.808,0.935,0.0,-15.385,-1,1779002512
WLDUSDT,crypto,1774396800,52.86,22.87,0.661,0.3247,1.121,3.9e-05,1.089,0.871,0.0,-16.261,-1,1779002512
WLDUSDT,crypto,1774483200,42.84,26.49,0.535,0.292,-10.071,-0.000212,1.557,0.935,0.0,-5.445,-1,1779002512
WLDUSDT,crypto,1774569600,47.42,29.99,0.593,0.2491,-14.692,1.3e-05,1.998,1.0,0.0,11.642,1,1779002512
WLDUSDT,crypto,1774656000,77.24,30.0,0.965,0.2687,7.868,5.2e-05,2.287,1.0,0.0,-0.335,0,1779002512
WLDUSDT,crypto,1774742400,57.0,26.38,0.712,0.2717,1.116,0.0001,1.276,1.0,0.0,-2.024,0,1779002512
WLDUSDT,crypto,1774828800,53.81,25.77,0.673,0.2719,0.074,7.7e-05,1.154,1.0,0.0,-5.333,-1,1779002512
WLDUSDT,crypto,1774915200,53.69,24.17,0.671,0.2761,1.545,4.8e-05,0.835,1.0,0.0,-9.888,-1,1779002512
WLDUSDT,crypto,1775001600,50.0,23.28,0.625,0.2781,0.724,0.0001,0.655,1.0,0.0,-12.657,-1,1779002512
WLDUSDT,crypto,1775088000,42.19,23.72,0.527,0.2678,-3.704,7e-05,0.745,1.0,0.0,0.896,0,1779002512
WLDUSDT,crypto,1775174400,45.28,22.19,0.566,0.2662,-0.597,7.9e-05,0.437,1.0,0.0,-3.644,-1,1779002512
WLDUSDT,crypto,1775260800,41.15,22.64,0.514,0.2574,-3.306,3e-06,0.528,1.0,0.0,3.807,1,1779002512
WLDUSDT,crypto,1775347200,42.47,21.31,0.531,0.2488,-3.341,-0.000164,0.906,0.839,0.0,11.977,1,1779002512
WLDUSDT,crypto,1775433600,41.55,19.42,0.519,0.2429,-2.371,4.2e-05,0.917,0.742,0.0,22.725,1,1779002512
WLDUSDT,crypto,1775520000,62.24,18.9,0.778,0.2702,11.239,3.2e-05,1.2,0.645,0.0,6.921,1,1779002512
WLDUSDT,crypto,1775606400,33.14,16.68,0.414,0.2565,-5.07,6.7e-05,0.885,0.613,0.0,21.365,1,1779002512
WLDUSDT,crypto,1775692800,51.29,15.75,0.641,0.2672,4.172,-0.000111,0.828,0.581,0.0,10.966,1,1779002512
WLDUSDT,crypto,1775779200,52.8,16.62,0.66,0.2786,4.266,0.0001,1.13,0.548,0.0,9.44,1,1779002512
WLDUSDT,crypto,1775865600,57.74,15.94,0.722,0.2981,6.999,6.3e-05,1.124,0.516,0.0,9.057,1,1779002512
WLDUSDT,crypto,1775952000,34.98,13.07,0.437,0.2889,-3.086,8e-05,1.195,0.355,0.0,-3.046,-1,1779002512
WLDUSDT,crypto,1776038400,56.54,12.19,0.707,0.3113,7.754,3.8e-05,1.407,0.258,0.0,-15.58,-1,1779002512
WLDUSDT,crypto,1776124800,28.31,9.76,0.354,0.2965,-4.754,6.8e-05,1.179,0.194,0.0,-12.749,-1,1779002512
WLDUSDT,crypto,1776211200,38.67,7.27,0.483,0.3049,2.833,3.2e-05,0.679,0.194,0.0,-13.447,-1,1779002512
WLDUSDT,crypto,1776297600,51.31,10.54,0.641,0.3251,6.625,7.2e-05,1.076,0.258,0.0,-19.532,-1,1779002512
WLDUSDT,crypto,1776384000,33.28,14.2,0.416,0.2801,-13.842,-0.000381,1.936,0.226,0.0,-6.069,-1,1779002512
WLDUSDT,crypto,1776470400,34.03,11.37,0.425,0.2628,-6.176,-0.001263,1.241,0.258,0.0,0.495,0,1779002512
WLDUSDT,crypto,1776556800,40.83,10.85,0.51,0.2587,-1.56,-0.00124,0.88,0.323,0.063298,1.121,0,1779002512
WLDUSDT,crypto,1776643200,45.59,10.21,0.57,0.2639,2.01,-0.001151,0.622,0.355,-0.047567,-2.046,0,1779002512
WLDUSDT,crypto,1776729600,40.06,10.29,0.501,0.2616,-0.872,-0.001165,0.638,0.355,0.030639,-0.765,0,1779002512
WLDUSDT,crypto,1776816000,42.68,12.11,0.534,0.2631,0.573,-0.000511,0.874,0.387,-0.004474,-3.421,-1,1779002512
WLDUSDT,crypto,1776902400,40.49,12.18,0.506,0.2641,0.38,-0.00025,0.759,0.419,-0.013152,-4.771,-1,1779002512
WLDUSDT,crypto,1776988800,34.83,10.74,0.435,0.2616,-0.947,-9.8e-05,0.599,0.387,-0.0202,-5.313,-1,1779002512
WLDUSDT,crypto,1777075200,30.46,7.44,0.381,0.2585,-1.185,-0.000123,0.456,0.258,-0.012792,-6.035,-1,1779002512
WLDUSDT,crypto,1777161600,29.89,3.79,0.374,0.2596,0.426,-0.000178,0.372,0.097,0.015158,-9.938,-1,1779002512
WLDUSDT,crypto,1777248000,35.03,8.57,0.438,0.2541,-2.119,-0.000829,0.81,0.226,-0.008139,-4.408,-1,1779002512
WLDUSDT,crypto,1777334400,35.19,8.29,0.44,0.2515,-1.023,-0.000793,0.497,0.29,-0.000294,-5.885,-1,1779002512
WLDUSDT,crypto,1777420800,42.27,16.08,0.528,0.2477,-1.511,-0.000448,0.893,0.581,-0.005986,-4.562,-1,1779002512
WLDUSDT,crypto,1777507200,43.06,16.33,0.538,0.2429,-1.938,-0.000806,0.814,0.613,-0.000169,0.947,0,1779002512
WLDUSDT,crypto,1777593600,41.74,18.79,0.522,0.2338,-3.746,-0.000541,1.049,0.677,0.034579,9.88,1,1779002512
WLDUSDT,crypto,1777680000,55.82,18.98,0.698,0.2429,3.892,-0.000483,0.828,0.742,0.017321,3.705,1,1779002512
WLDUSDT,crypto,1777766400,38.49,15.71,0.481,0.2367,-2.552,-0.000516,0.561,0.645,-0.04927,15.547,1,1779002512
WLDUSDT,crypto,1777852800,47.94,17.91,0.599,0.2364,-0.127,-0.000426,1.131,0.613,-0.013916,14.382,1,1779002512
WLDUSDT,crypto,1777939200,46.27,11.32,0.578,0.2452,3.723,0.0001,1.102,0.29,0.040722,15.498,1,1779002512
WLDUSDT,crypto,1778025600,47.26,8.11,0.591,0.2569,4.772,7.1e-05,1.493,0.032,-0.006515,8.408,1,1779002512
WLDUSDT,crypto,1778112000,31.91,6.92,0.399,0.2519,-1.946,-2e-05,1.256,0.032,-0.060413,6.153,1,1779002512
WLDUSDT,crypto,1778198400,53.12,8.37,0.664,0.2735,8.575,-3.5e-05,1.415,0.065,-0.034417,-5.119,-1,1779002512
WLDUSDT,crypto,1778284800,30.97,6.4,0.387,0.2704,-1.133,2.6e-05,0.893,0.097,-0.001367,-3.217,-1,1779002512
WLDUSDT,crypto,1778371200,55.2,13.23,0.69,0.2832,4.734,-2e-06,2.418,0.161,-0.034284,-13.595,-1,1779002512
WLDUSDT,crypto,1778457600,37.41,10.42,0.468,0.2785,-1.66,-0.000254,1.309,0.194,0.022199,-13.896,-1,1779002512
WLDUSDT,crypto,1778544000,32.12,10.61,0.401,0.2674,-3.986,-0.000177,1.219,0.226,-0.023646,-8.975,-1,1779002512
TRXUSDT,crypto,1762214400,65.54,30.0,0.819,0.28534,1.519,0.0,2.09,1.0,0.0,1.808,0,1779002513
TRXUSDT,crypto,1762300800,53.62,24.37,0.67,0.28873,1.188,0.0,0.875,1.0,0.0,2.643,0,1779002513
TRXUSDT,crypto,1762387200,45.78,23.38,0.572,0.2837,-1.742,0.0,0.676,1.0,0.0,4.515,1,1779002513
TRXUSDT,crypto,1762473600,54.4,20.99,0.68,0.29211,2.964,0.0,0.997,0.8,0.0,0.787,0,1779002513
TRXUSDT,crypto,1762560000,34.18,9.38,0.427,0.2915,-0.209,0.0,0.543,0.333,0.0,0.528,0,1779002513
TRXUSDT,crypto,1762646400,28.78,4.91,0.36,0.2905,-0.343,0.0,0.41,0.143,0.0,0.671,0,1779002513
TRXUSDT,crypto,1762732800,35.55,5.76,0.444,0.29636,2.017,0.0,0.652,0.125,0.0,-0.56,0,1779002513
TRXUSDT,crypto,1762819200,33.15,6.38,0.414,0.29651,0.051,0.0,0.832,0.111,0.0,-1.467,0,1779002513
TRXUSDT,crypto,1762905600,32.29,6.6,0.404,0.29441,-0.708,0.0,0.92,0.1,0.0,-0.927,0,1779002513
TRXUSDT,crypto,1762992000,33.16,6.71,0.415,0.29304,-0.465,0.0,0.978,0.091,0.0,-0.986,0,1779002513
TRXUSDT,crypto,1763078400,39.8,9.68,0.497,0.29245,-0.201,0.0,1.604,0.083,0.0,-1.942,0,1779002513
TRXUSDT,crypto,1763164800,31.61,4.55,0.395,0.2947,0.769,0.0,0.603,0.077,0.0,-4.849,-1,1779002513
TRXUSDT,crypto,1763251200,33.25,6.95,0.416,0.29216,-0.862,0.0,1.104,0.071,0.0,-5.353,-1,1779002513
TRXUSDT,crypto,1763337600,35.35,7.26,0.442,0.29168,-0.164,0.0,1.185,0.067,0.0,-6.01,-1,1779002513
TRXUSDT,crypto,1763424000,34.04,6.92,0.425,0.29015,-0.525,0.0,1.134,0.062,0.0,-5.266,-1,1779002513
TRXUSDT,crypto,1763510400,35.55,10.04,0.444,0.28677,-1.165,0.0,1.067,0.235,0.0,-4.237,-1,1779002513
TRXUSDT,crypto,1763596800,38.4,14.61,0.48,0.28041,-2.218,0.0,1.145,0.444,0.0,-2.122,0,1779002513
TRXUSDT,crypto,1763683200,49.11,19.96,0.614,0.27652,-1.387,0.0,1.886,0.526,0.0,-0.047,0,1779002513
TRXUSDT,crypto,1763769600,40.52,15.37,0.507,0.27415,-0.857,0.0,0.874,0.55,0.0,2.2,0,1779002513
TRXUSDT,crypto,1763856000,39.62,14.01,0.495,0.27487,0.263,0.0,0.516,0.571,0.0,2.194,0,1779002513
TRXUSDT,crypto,1763942400,42.9,16.65,0.536,0.27462,-0.091,0.0,0.785,0.636,0.0,2.265,0,1779002513
TRXUSDT,crypto,1764028800,43.9,17.28,0.549,0.27446,-0.058,0.0,0.848,0.652,0.0,2.474,0,1779002513
TRXUSDT,crypto,1764115200,42.19,15.81,0.527,0.27639,0.703,0.0,0.495,0.667,0.0,0.094,0,1779002513
TRXUSDT,crypto,1764201600,43.74,16.05,0.547,0.28018,1.371,0.0,0.49,0.68,0.0,0.221,0,1779002513
TRXUSDT,crypto,1764288000,42.92,16.49,0.536,0.2809,0.257,0.0,0.683,0.654,0.0,-0.235,0,1779002513
TRXUSDT,crypto,1764374400,38.75,14.44,0.484,0.28084,-0.021,0.0,0.37,0.63,0.0,1.887,0,1779002513
TRXUSDT,crypto,1764460800,37.82,12.87,0.473,0.28125,0.146,0.0,0.432,0.536,0.0,1.493,0,1779002513
TRXUSDT,crypto,1764547200,41.1,16.11,0.514,0.27665,-1.636,0.0,1.152,0.517,0.0,3.683,1,1779002513
TRXUSDT,crypto,1764633600,43.04,13.44,0.538,0.2808,1.5,0.0,0.821,0.467,0.0,2.08,0,1779002513
TRXUSDT,crypto,1764720000,38.84,12.56,0.485,0.28024,-0.199,0.0,0.835,0.419,0.0,0.293,0,1779002513
TRXUSDT,crypto,1764806400,42.65,11.84,0.533,0.28614,2.105,0.0,0.819,0.387,0.0,-1.429,0,1779002513
TRXUSDT,crypto,1764892800,38.93,12.01,0.487,0.28545,-0.241,0.0,0.982,0.355,0.0,-1.934,0,1779002513
TRXUSDT,crypto,1764979200,35.47,8.9,0.443,0.28684,0.487,0.0,0.619,0.29,0.0,-2.287,0,1779002513
TRXUSDT,crypto,1765065600,34.93,8.86,0.437,0.28664,-0.07,0.0,0.741,0.258,0.0,-4.574,-1,1779002513
TRXUSDT,crypto,1765152000,27.52,5.42,0.344,0.28106,-1.947,0.0,0.698,0.097,0.0,-3.615,-1,1779002513
TRXUSDT,crypto,1765238400,32.69,5.06,0.409,0.28205,0.352,0.0,0.884,0.032,0.0,-1.723,0,1779002513
TRXUSDT,crypto,1765324800,30.02,4.83,0.375,0.27993,-0.752,0.0,0.838,0.032,0.0,-0.639,0,1779002513
TRXUSDT,crypto,1765411200,31.8,4.85,0.397,0.28028,0.125,0.0,0.84,0.032,0.0,-0.093,0,1779002513
TRXUSDT,crypto,1765497600,29.32,6.46,0.366,0.27353,-2.408,0.0,1.034,0.065,0.0,2.172,0,1779002513
TRXUSDT,crypto,1765584000,34.07,9.97,0.426,0.2709,-0.962,0.0,0.704,0.323,0.0,3.045,1,1779002513
TRXUSDT,crypto,1765670400,41.01,8.87,0.513,0.27719,2.322,0.0,0.999,0.194,0.0,0.981,0,1779002513
TRXUSDT,crypto,1765756800,41.35,10.69,0.517,0.27814,0.343,0.0,1.494,0.161,0.0,1.323,0,1779002513
TRXUSDT,crypto,1765843200,31.98,4.39,0.4,0.28002,0.676,0.0,0.748,0.032,0.0,2.9,0,1779002513
TRXUSDT,crypto,1765929600,31.75,5.47,0.397,0.27947,-0.196,0.0,0.836,0.065,0.0,1.696,0,1779002513
TRXUSDT,crypto,1766016000,34.96,7.64,0.437,0.27915,-0.115,0.0,1.011,0.129,0.0,1.508,0,1779002513
TRXUSDT,crypto,1766102400,33.42,6.48,0.418,0.27991,0.272,0.0,0.779,0.129,0.0,0.089,0,1779002513
TRXUSDT,crypto,1766188800,32.39,6.2,0.405,0.28182,0.682,0.0,0.465,0.194,0.0,-1.153,0,1779002513
TRXUSDT,crypto,1766275200,43.25,11.68,0.541,0.28814,2.243,0.0,0.917,0.355,0.0,-3.047,-1,1779002513
TRXUSDT,crypto,1766361600,38.05,13.33,0.476,0.28421,-1.364,0.0,0.989,0.419,0.0,0.211,0,1779002513
TRXUSDT,crypto,1766448000,37.3,12.54,0.466,0.28336,-0.299,0.0,0.572,0.484,0.0,0.526,0,1779002513
TRXUSDT,crypto,1766534400,35.18,11.02,0.44,0.28016,-1.129,0.0,0.784,0.355,0.0,1.692,0,1779002513
TRXUSDT,crypto,1766620800,35.22,10.48,0.44,0.27857,-0.568,0.0,0.676,0.355,0.0,2.732,0,1779002513
TRXUSDT,crypto,1766707200,29.49,3.53,0.369,0.27936,0.284,0.0,0.578,0.032,0.0,1.79,0,1779002513
TRXUSDT,crypto,1766793600,33.55,3.89,0.419,0.28481,1.951,0.0,0.65,0.032,0.0,0.751,0,1779002513
TRXUSDT,crypto,1766880000,29.49,4.45,0.369,0.28485,0.014,0.0,0.503,0.097,0.0,1.418,0,1779002513
TRXUSDT,crypto,1766966400,34.0,7.02,0.425,0.2849,0.018,0.0,0.889,0.129,0.0,3.777,1,1779002513
TRXUSDT,crypto,1767052800,40.06,13.49,0.501,0.28618,0.449,0.0,0.634,0.516,0.0,2.694,0,1779002513
TRXUSDT,crypto,1767139200,39.91,15.15,0.499,0.28436,-0.636,0.0,0.707,0.581,0.0,2.645,0,1779002513
TRXUSDT,crypto,1767225600,36.66,9.72,0.458,0.28695,0.911,0.0,0.525,0.355,0.0,2.478,0,1779002513
TRXUSDT,crypto,1767312000,32.79,4.79,0.41,0.28889,0.676,0.0,0.829,0.032,0.0,3.181,1,1779002513
TRXUSDT,crypto,1767398400,51.22,19.44,0.64,0.29566,2.343,0.0,0.92,0.742,0.0,-0.325,0,1779002513
TRXUSDT,crypto,1767484800,47.05,21.91,0.588,0.29389,-0.599,0.0,0.769,0.903,0.0,1.518,0,1779002513
TRXUSDT,crypto,1767571200,52.39,24.98,0.655,0.29188,-0.684,0.0,1.255,0.935,0.0,3.563,1,1779002513
TRXUSDT,crypto,1767657600,53.91,24.96,0.674,0.29406,0.747,0.0,0.992,1.0,0.0,1.785,0,1779002513
TRXUSDT,crypto,1767744000,61.14,27.95,0.764,0.29808,1.367,0.0,1.59,1.0,0.0,0.533,0,1779002513
TRXUSDT,crypto,1767830400,52.99,26.38,0.662,0.2947,-1.134,0.0,1.276,1.0,0.0,4.167,1,1779002513
TRXUSDT,crypto,1767916800,60.33,27.68,0.754,0.29835,1.239,0.0,1.535,1.0,0.0,2.045,0,1779002513
TRXUSDT,crypto,1768003200,53.73,24.3,0.672,0.30228,1.317,0.0,0.86,1.0,0.0,3.401,1,1779002513
TRXUSDT,crypto,1768089600,54.01,26.74,0.675,0.29931,-0.983,0.0,1.347,1.0,0.0,3.374,1,1779002513
TRXUSDT,crypto,1768176000,52.75,25.0,0.659,0.29967,0.12,0.0,1.001,1.0,0.0,6.297,1,1779002513
TRXUSDT,crypto,1768262400,60.6,26.61,0.757,0.30698,2.439,0.0,1.322,1.0,0.0,3.44,1,1779002513
TRXUSDT,crypto,1768348800,54.81,26.66,0.685,0.30445,-0.824,0.0,1.461,0.968,0.0,2.398,0,1779002513
TRXUSDT,crypto,1768435200,65.21,28.69,0.815,0.31256,2.664,0.0,1.739,1.0,0.0,-5.109,-1,1779002513
TRXUSDT,crypto,1768521600,51.04,25.28,0.638,0.30941,-1.008,0.0,1.056,1.0,0.0,-3.335,-1,1779002513
TRXUSDT,crypto,1768608000,58.89,25.24,0.736,0.31854,2.951,0.0,1.049,1.0,0.0,-4.213,-1,1779002513
TRXUSDT,crypto,1768694400,54.94,26.54,0.687,0.31754,-0.314,0.0,1.307,1.0,0.0,-6.261,-1,1779002513
TRXUSDT,crypto,1768780800,56.25,28.38,0.703,0.31175,-1.823,0.0,1.804,0.968,0.0,-5.318,-1,1779002513
TRXUSDT,crypto,1768867200,46.67,25.98,0.583,0.29659,-4.863,0.0,1.583,0.903,0.0,-0.361,0,1779002513
TRXUSDT,crypto,1768953600,52.59,22.59,0.657,0.29909,0.843,0.0,1.163,0.839,0.0,-0.899,0,1779002513
TRXUSDT,crypto,1769040000,51.9,20.1,0.649,0.30512,2.016,0.0,1.053,0.742,0.0,-3.52,-1,1779002513
TRXUSDT,crypto,1769126400,45.3,20.62,0.566,0.29766,-2.445,0.0,1.414,0.677,0.0,-0.806,0,1779002513
TRXUSDT,crypto,1769212800,40.95,16.51,0.512,0.29517,-0.837,0.0,0.722,0.645,0.0,-0.098,0,1779002513
TRXUSDT,crypto,1769299200,41.96,15.42,0.525,0.29552,0.119,0.0,0.761,0.581,0.0,-0.447,0,1779002513
TRXUSDT,crypto,1769385600,39.99,13.61,0.5,0.2964,0.298,0.0,0.657,0.516,0.0,-3.343,-1,1779002513
TRXUSDT,crypto,1769472000,39.21,14.84,0.49,0.29438,-0.682,0.0,0.646,0.581,0.0,-3.353,-1,1779002513
TRXUSDT,crypto,1769558400,42.64,15.25,0.533,0.29526,0.299,0.0,0.857,0.548,0.0,-4.081,-1,1779002513
TRXUSDT,crypto,1769644800,44.76,17.39,0.559,0.29488,-0.129,0.0,1.026,0.613,0.0,-3.018,-1,1779002513
TRXUSDT,crypto,1769731200,49.42,21.11,0.618,0.2942,-0.231,0.0,1.254,0.742,0.0,-3.739,-1,1779002513
TRXUSDT,crypto,1769817600,46.87,23.52,0.586,0.28649,-2.621,0.0,1.219,0.871,0.0,-6.227,-1,1779002513
TRXUSDT,crypto,1769904000,49.0,22.97,0.613,0.28451,-0.691,0.0,0.982,0.903,0.0,-3.712,-1,1779002513
TRXUSDT,crypto,1769990400,52.91,25.66,0.661,0.28321,-0.457,0.0,1.132,1.0,0.0,-1.836,0,1779002513
TRXUSDT,crypto,1770076800,54.03,24.78,0.675,0.28598,0.978,0.0,0.957,1.0,0.0,-2.948,0,1779002513
TRXUSDT,crypto,1770163200,50.17,24.81,0.627,0.2832,-0.972,0.0,0.961,1.0,0.0,-1.487,0,1779002513
TRXUSDT,crypto,1770249600,50.91,29.34,0.636,0.26865,-5.138,0.0,1.868,1.0,0.0,3.484,1,1779002513
TRXUSDT,crypto,1770336000,63.66,28.29,0.796,0.27395,1.973,0.0,1.786,0.968,0.0,1.573,0,1779002513
TRXUSDT,crypto,1770422400,53.59,23.42,0.67,0.27801,1.482,0.0,0.941,0.935,0.0,0.691,0,1779002513
TRXUSDT,crypto,1770508800,43.94,18.63,0.549,0.27755,-0.165,0.0,0.628,0.774,0.0,1.672,0,1779002513
TRXUSDT,crypto,1770595200,47.98,20.29,0.6,0.27899,0.519,0.0,0.832,0.806,0.0,1.222,0,1779002513
TRXUSDT,crypto,1770681600,44.41,19.05,0.555,0.27801,-0.351,0.0,0.713,0.774,0.0,0.845,0,1779002513
TRXUSDT,crypto,1770768000,43.37,16.15,0.542,0.27826,0.09,0.0,0.908,0.581,0.0,2.214,0,1779002513
TRXUSDT,crypto,1770854400,42.42,14.52,0.53,0.27993,0.6,0.0,0.84,0.516,0.0,0.761,0,1779002513
TRXUSDT,crypto,1770940800,40.76,12.84,0.509,0.28219,0.807,0.0,0.761,0.452,0.0,-1.265,0,1779002513
TRXUSDT,crypto,1771027200,34.62,9.21,0.433,0.2824,0.074,0.0,0.552,0.323,0.0,0.853,0,1779002513
TRXUSDT,crypto,1771113600,31.16,6.67,0.39,0.28036,-0.722,0.0,0.688,0.161,0.0,1.733,0,1779002513
TRXUSDT,crypto,1771200000,33.97,4.61,0.425,0.28442,1.448,0.0,0.793,0.032,0.0,1.61,0,1779002513
TRXUSDT,crypto,1771286400,29.84,4.82,0.373,0.28206,-0.83,0.0,0.835,0.032,0.0,2.975,0,1779002513
TRXUSDT,crypto,1771372800,27.87,4.23,0.348,0.27862,-1.22,0.0,0.716,0.032,0.0,1.066,0,1779002513
TRXUSDT,crypto,1771459200,35.93,4.81,0.449,0.28481,2.222,0.0,0.834,0.032,0.0,-0.393,0,1779002513
TRXUSDT,crypto,1771545600,33.94,5.9,0.424,0.28522,0.144,0.0,1.051,0.032,0.0,-0.035,0,1779002513
TRXUSDT,crypto,1771632000,32.67,4.73,0.408,0.289,1.325,0.0,0.559,0.097,0.0,-1.176,0,1779002513
TRXUSDT,crypto,1771718400,32.04,5.56,0.4,0.29045,0.502,0.0,0.596,0.129,0.0,-2.685,0,1779002513
TRXUSDT,crypto,1771804800,31.28,8.73,0.391,0.28159,-3.05,0.0,1.23,0.129,0.0,0.018,0,1779002513
TRXUSDT,crypto,1771891200,34.87,7.05,0.436,0.28369,0.746,0.0,0.765,0.161,0.0,-1.146,0,1779002513
TRXUSDT,crypto,1771977600,34.05,5.6,0.426,0.28512,0.504,0.0,0.99,0.032,0.0,-0.694,0,1779002513
TRXUSDT,crypto,1772064000,31.44,4.62,0.393,0.2856,0.168,0.0,0.795,0.032,0.0,-1.877,0,1779002513
TRXUSDT,crypto,1772150400,29.13,4.67,0.364,0.28265,-1.033,0.0,0.805,0.032,0.0,1.482,0,1779002513
TRXUSDT,crypto,1772236800,32.91,5.89,0.411,0.28164,-0.357,0.0,1.048,0.032,0.0,1.229,0,1779002513
TRXUSDT,crypto,1772323200,30.27,4.63,0.378,0.28044,-0.426,0.0,0.797,0.032,0.0,1.387,0,1779002513
TRXUSDT,crypto,1772409600,31.73,3.97,0.397,0.28314,0.963,0.0,0.666,0.032,0.0,1.183,0,1779002513
TRXUSDT,crypto,1772496000,28.42,4.31,0.355,0.28024,-1.024,0.0,0.732,0.032,0.0,3.144,1,1779002513
TRXUSDT,crypto,1772582400,43.06,8.57,0.538,0.28684,2.355,0.0,1.456,0.065,0.0,-0.509,0,1779002513
TRXUSDT,crypto,1772668800,37.41,9.03,0.468,0.2851,-0.607,0.0,1.419,0.097,0.0,0.165,0,1779002513
TRXUSDT,crypto,1772755200,31.6,5.14,0.395,0.28433,-0.27,0.0,0.9,0.032,0.0,2.441,0,1779002513
TRXUSDT,crypto,1772841600,30.93,3.78,0.387,0.28649,0.76,0.0,0.627,0.032,0.0,0.852,0,1779002513
TRXUSDT,crypto,1772928000,38.02,8.8,0.475,0.28905,0.894,0.0,0.986,0.194,0.0,1.47,0,1779002513
TRXUSDT,crypto,1773014400,35.01,9.46,0.438,0.28538,-1.27,0.0,1.117,0.194,0.0,4.3,1,1779002513
TRXUSDT,crypto,1773100800,32.96,5.48,0.412,0.28557,0.067,0.0,0.968,0.032,0.0,4.538,1,1779002513
TRXUSDT,crypto,1773187200,42.98,11.07,0.537,0.29127,1.996,0.0001,1.183,0.258,0.0,1.401,0,1779002513
TRXUSDT,crypto,1773273600,37.14,11.63,0.464,0.28893,-0.803,-1.6e-05,0.906,0.355,0.0,6.15,1,1779002513
TRXUSDT,crypto,1773360000,47.37,15.5,0.592,0.2933,1.512,-0.000105,1.165,0.484,0.0,3.771,1,1779002513
TRXUSDT,crypto,1773446400,49.28,18.28,0.616,0.29765,1.483,0.0001,1.205,0.613,0.0,1.922,0,1779002513
TRXUSDT,crypto,1773532800,45.26,18.88,0.566,0.29853,0.296,2.3e-05,0.68,0.774,0.0,3.651,1,1779002513
TRXUSDT,crypto,1773619200,48.89,22.89,0.611,0.29535,-1.065,-3.1e-05,1.094,0.871,0.0,5.58,1,1779002513
TRXUSDT,crypto,1773705600,64.37,27.02,0.805,0.3067,3.843,0.0001,1.533,0.968,0.0,1.138,0,1779002513
TRXUSDT,crypto,1773792000,56.76,27.94,0.709,0.30436,-0.763,2e-05,1.588,1.0,0.0,1.186,0,1779002513
TRXUSDT,crypto,1773878400,53.24,25.78,0.665,0.30337,-0.325,3.5e-05,1.156,1.0,0.0,0.778,0,1779002513
TRXUSDT,crypto,1773964800,55.0,24.36,0.687,0.30943,1.998,4.5e-05,0.873,1.0,0.0,1.571,0,1779002513
TRXUSDT,crypto,1774051200,55.13,25.35,0.689,0.31183,0.776,-7.5e-05,1.07,1.0,0.0,-0.148,0,1779002513
TRXUSDT,crypto,1774137600,56.98,28.01,0.712,0.31019,-0.526,0.0001,1.603,1.0,0.0,0.319,0,1779002513
TRXUSDT,crypto,1774224000,56.79,27.43,0.71,0.30797,-0.716,-4.3e-05,1.615,0.968,0.0,2.708,0,1779002513
TRXUSDT,crypto,1774310400,48.92,23.52,0.612,0.30573,-0.727,9.1e-05,0.962,0.935,0.0,5.188,1,1779002513
TRXUSDT,crypto,1774396800,57.12,24.14,0.714,0.31429,2.8,-2.1e-05,0.956,0.968,0.0,1.76,0,1779002513
TRXUSDT,crypto,1774483200,49.53,23.45,0.619,0.31137,-0.929,-1.1e-05,1.077,0.903,0.0,0.572,0,1779002513
TRXUSDT,crypto,1774569600,51.5,22.25,0.644,0.31118,-0.061,-0.00015,1.225,0.806,0.0,1.343,0,1779002513
TRXUSDT,crypto,1774656000,50.14,20.4,0.627,0.31631,1.649,6.8e-05,0.855,0.806,0.0,-0.386,0,1779002513
TRXUSDT,crypto,1774742400,52.2,20.94,0.653,0.32159,1.669,6e-06,1.091,0.774,0.0,-2.021,0,1779002513
TRXUSDT,crypto,1774828800,48.92,20.22,0.612,0.31982,-0.55,-0.000127,1.334,0.677,0.0,-0.782,0,1779002513
TRXUSDT,crypto,1774915200,43.34,18.65,0.542,0.31315,-2.086,-0.000121,1.15,0.645,0.0,1.753,0,1779002513
TRXUSDT,crypto,1775001600,43.89,15.44,0.549,0.31536,0.706,-1.6e-05,0.893,0.548,0.0,0.298,0,1779002513
TRXUSDT,crypto,1775088000,39.2,13.26,0.49,0.31509,-0.086,-5e-06,0.717,0.484,0.0,0.089,0,1779002513
TRXUSDT,crypto,1775174400,36.6,11.6,0.458,0.31509,0.0,1.3e-05,0.514,0.452,0.0,0.835,0,1779002513
TRXUSDT,crypto,1775260800,37.21,10.87,0.465,0.31732,0.708,1e-05,0.496,0.419,0.0,0.901,0,1779002513
TRXUSDT,crypto,1775347200,34.61,8.97,0.433,0.31864,0.416,4.4e-05,0.504,0.323,0.0,0.135,0,1779002513
TRXUSDT,crypto,1775433600,34.52,9.57,0.431,0.3163,-0.734,-3.2e-05,0.752,0.29,0.0,0.743,0,1779002513
TRXUSDT,crypto,1775520000,34.79,7.87,0.435,0.31537,-0.294,-0.000329,0.671,0.226,0.0,1.785,0,1779002513
TRXUSDT,crypto,1775606400,35.13,7.63,0.439,0.31772,0.745,5.1e-05,0.752,0.194,0.0,0.765,0,1779002513
TRXUSDT,crypto,1775692800,35.54,7.7,0.444,0.32018,0.774,1e-05,0.767,0.194,0.0,1.062,0,1779002513
TRXUSDT,crypto,1775779200,33.0,7.28,0.412,0.31907,-0.347,-0.0001,0.682,0.194,0.0,2.501,0,1779002513
TRXUSDT,crypto,1775865600,28.89,4.32,0.361,0.31865,-0.132,8e-06,0.476,0.097,0.0,2.589,0,1779002513
TRXUSDT,crypto,1775952000,33.84,5.39,0.423,0.321,0.737,5.5e-05,0.95,0.032,0.0,2.065,0,1779002513
TRXUSDT,crypto,1776038400,33.32,5.88,0.416,0.32015,-0.265,-4.5e-05,1.047,0.032,0.0,2.852,0,1779002513
TRXUSDT,crypto,1776124800,34.7,5.75,0.434,0.32358,1.071,3e-05,0.892,0.065,0.0,1.619,0,1779002513
TRXUSDT,crypto,1776211200,39.14,8.18,0.489,0.32705,1.072,-1.2e-05,1.25,0.097,0.0,0.486,0,1779002513
TRXUSDT,crypto,1776297600,34.99,7.51,0.437,0.3269,-0.046,-2.7e-05,0.986,0.129,0.0,1.814,0,1779002513
TRXUSDT,crypto,1776384000,41.18,11.71,0.515,0.32763,0.223,-0.000123,1.182,0.29,0.0,0.559,0,1779002513
TRXUSDT,crypto,1776470400,39.65,11.76,0.496,0.32928,0.504,5.6e-05,0.933,0.355,0.0,-0.203,0,1779002513
TRXUSDT,crypto,1776556800,48.5,17.46,0.606,0.32882,-0.14,5.2e-05,1.815,0.419,0.012607,-1.791,0,1779002513
TRXUSDT,crypto,1776643200,44.62,15.38,0.558,0.32864,-0.055,-9.9e-05,1.27,0.452,-0.018677,-1.537,0,1779002513
TRXUSDT,crypto,1776729600,46.32,16.36,0.579,0.33283,1.275,9.7e-05,1.079,0.548,0.00819,-2.95,0,1779002513
TRXUSDT,crypto,1776816000,44.01,17.34,0.55,0.32946,-1.013,3.6e-05,1.274,0.548,0.006119,-1.302,0,1779002513
TRXUSDT,crypto,1776902400,42.67,15.66,0.533,0.32861,-0.258,-6.6e-05,0.939,0.548,-0.00474,-1.78,0,1779002513
TRXUSDT,crypto,1776988800,42.68,16.65,0.533,0.32293,-1.728,-0.000133,1.265,0.516,0.020119,0.0,0,1779002513
TRXUSDT,crypto,1777075200,40.37,11.79,0.505,0.32359,0.204,-0.000453,0.681,0.419,-0.044488,0.896,0,1779002513
TRXUSDT,crypto,1777161600,36.92,10.9,0.462,0.32301,-0.179,-0.000273,0.503,0.419,0.015306,1.183,0,1779002513
TRXUSDT,crypto,1777248000,39.33,11.48,0.492,0.32517,0.669,7.2e-05,0.876,0.355,-0.005863,1.415,0,1779002513
TRXUSDT,crypto,1777334400,32.09,7.28,0.401,0.32276,-0.741,-7.8e-05,0.681,0.194,-0.02254,4.852,1,1779002513
TRXUSDT,crypto,1777420800,35.73,7.91,0.447,0.32293,0.053,-0.000106,0.937,0.161,0.014902,5.447,1,1779002513
TRXUSDT,crypto,1777507200,36.06,6.57,0.451,0.32649,1.102,-3.2e-05,0.926,0.097,-0.000949,5.519,1,1779002513
TRXUSDT,crypto,1777593600,30.36,4.48,0.379,0.32683,0.104,4e-06,0.638,0.065,-0.017311,5.884,1,1779002513
TRXUSDT,crypto,1777680000,35.42,6.44,0.443,0.32977,0.9,9.5e-05,1.03,0.065,-0.022839,5.789,1,1779002513
TRXUSDT,crypto,1777766400,50.37,13.82,0.63,0.33842,2.623,0.0001,1.861,0.226,0.023953,3.404,1,1779002513
TRXUSDT,crypto,1777852800,47.85,17.95,0.598,0.34052,0.621,3.5e-05,1.267,0.581,-0.053361,2.778,0,1779002513
TRXUSDT,crypto,1777939200,53.69,24.61,0.671,0.34451,1.172,7.5e-05,0.922,1.0,-0.015329,1.713,0,1779002513
TRXUSDT,crypto,1778025600,52.6,24.72,0.658,0.34606,0.45,4.9e-05,0.945,1.0,0.012171,1.433,0,1779002513
TRXUSDT,crypto,1778112000,51.99,24.19,0.65,0.34886,0.809,0.0001,0.838,1.0,0.004778,0.034,0,1779002513
TRXUSDT,crypto,1778198400,52.86,24.86,0.661,0.34994,0.31,-4e-06,0.972,1.0,0.011922,-0.154,0,1779002513
TRXUSDT,crypto,1778284800,50.71,24.32,0.634,0.34998,0.011,8.9e-05,0.863,1.0,0.027349,1.04,0,1779002513
TRXUSDT,crypto,1778371200,49.03,23.27,0.613,0.35041,0.123,5.1e-05,0.654,1.0,-0.005251,0.468,0,1779002513
TRXUSDT,crypto,1778457600,50.29,23.89,0.629,0.35102,0.174,6.6e-05,0.777,1.0,-0.004266,1.12,0,1779002513
TRXUSDT,crypto,1778544000,51.77,25.2,0.647,0.34898,-0.581,-7e-06,1.04,1.0,0.005998,1.524,0,1779002513
ATOMUSDT,crypto,1762214400,62.58,30.0,0.782,2.504,0.04,0.0,2.837,1.0,0.0,18.57,1,1779002513
ATOMUSDT,crypto,1762300800,67.94,26.33,0.849,2.664,6.39,0.0,1.266,1.0,0.0,16.554,1,1779002513
ATOMUSDT,crypto,1762387200,51.18,24.94,0.64,2.648,-0.601,0.0,0.988,1.0,0.0,10.989,1,1779002513
ATOMUSDT,crypto,1762473600,73.5,26.0,0.919,3.049,15.144,0.0,2.136,0.8,0.0,-5.248,-1,1779002513
ATOMUSDT,crypto,1762560000,39.52,18.39,0.494,2.951,-3.214,0.0,1.011,0.667,0.0,-2.914,0,1779002513
ATOMUSDT,crypto,1762646400,45.43,16.57,0.568,2.969,0.61,0.0,1.028,0.571,0.0,-5.726,-1,1779002513
ATOMUSDT,crypto,1762732800,49.9,14.12,0.624,3.105,4.581,0.0,0.824,0.5,0.0,-8.148,-1,1779002513
ATOMUSDT,crypto,1762819200,26.02,10.44,0.325,2.939,-5.346,0.0,0.755,0.333,0.0,-5.954,-1,1779002513
ATOMUSDT,crypto,1762905600,33.28,10.09,0.416,2.889,-1.701,0.0,0.818,0.3,0.0,-6.334,-1,1779002513
ATOMUSDT,crypto,1762992000,34.74,9.68,0.434,2.865,-0.831,0.0,0.845,0.273,0.0,-3.77,-1,1779002513
ATOMUSDT,crypto,1763078400,33.65,10.38,0.421,2.799,-2.304,0.0,1.076,0.25,0.0,-2.465,0,1779002513
ATOMUSDT,crypto,1763164800,35.43,6.11,0.443,2.852,1.894,0.0,0.607,0.154,0.0,-4.067,-1,1779002513
ATOMUSDT,crypto,1763251200,26.87,6.7,0.336,2.764,-3.086,0.0,0.769,0.143,0.0,-9.045,-1,1779002513
ATOMUSDT,crypto,1763337600,32.35,8.35,0.404,2.706,-2.098,0.0,1.138,0.133,0.0,-7.206,-1,1779002513
ATOMUSDT,crypto,1763424000,38.14,7.19,0.477,2.757,1.885,0.0,0.938,0.125,0.0,-9.539,-1,1779002513
ATOMUSDT,crypto,1763510400,31.7,7.34,0.396,2.73,-0.979,0.0,0.763,0.176,0.0,-8.425,-1,1779002513
ATOMUSDT,crypto,1763596800,46.27,13.33,0.578,2.736,0.22,0.0,2.158,0.167,0.0,-9.868,-1,1779002513
ATOMUSDT,crypto,1763683200,34.87,17.37,0.436,2.514,-8.114,0.0,2.112,0.368,0.0,0.398,0,1779002513
ATOMUSDT,crypto,1763769600,36.88,11.31,0.461,2.511,-0.119,0.0,0.662,0.4,0.0,0.279,0,1779002513
ATOMUSDT,crypto,1763856000,35.54,11.48,0.444,2.494,-0.677,0.0,0.582,0.429,0.0,-2.245,0,1779002513
ATOMUSDT,crypto,1763942400,42.52,14.31,0.531,2.5,0.241,0.0,1.045,0.455,0.0,-2.96,0,1779002513
ATOMUSDT,crypto,1764028800,37.54,14.53,0.469,2.466,-1.36,0.0,0.645,0.565,0.0,-3.812,-1,1779002513
ATOMUSDT,crypto,1764115200,47.3,16.72,0.591,2.524,2.352,0.0,0.676,0.667,0.0,-10.222,-1,1779002513
ATOMUSDT,crypto,1764201600,38.43,13.8,0.48,2.518,-0.238,0.0,0.52,0.56,0.0,-6.116,-1,1779002513
ATOMUSDT,crypto,1764288000,36.33,17.01,0.454,2.438,-3.177,0.0,0.633,0.692,0.0,-1.887,0,1779002513
ATOMUSDT,crypto,1764374400,40.34,16.45,0.504,2.426,-0.492,0.0,0.475,0.704,0.0,-4.905,-1,1779002513
ATOMUSDT,crypto,1764460800,30.72,10.62,0.384,2.372,-2.226,0.0,0.41,0.429,0.0,-7.504,-1,1779002513
ATOMUSDT,crypto,1764547200,38.38,17.58,0.48,2.266,-4.469,0.0,1.447,0.517,0.0,-1.28,0,1779002513
ATOMUSDT,crypto,1764633600,47.76,12.64,0.597,2.364,4.325,0.0,0.795,0.433,0.0,-7.953,-1,1779002513
ATOMUSDT,crypto,1764720000,40.73,11.48,0.509,2.392,1.184,0.0,0.876,0.355,0.0,-6.062,-1,1779002513
ATOMUSDT,crypto,1764806400,29.57,10.64,0.37,2.307,-3.554,0.0,0.708,0.355,0.0,0.78,0,1779002513
ATOMUSDT,crypto,1764892800,29.55,12.62,0.369,2.194,-4.898,0.0,0.846,0.419,0.0,3.327,1,1779002513
ATOMUSDT,crypto,1764979200,38.08,9.38,0.476,2.237,1.96,0.0,0.456,0.355,0.0,-2.369,0,1779002513
ATOMUSDT,crypto,1765065600,34.56,13.92,0.432,2.176,-2.727,0.0,0.719,0.516,0.0,-1.654,0,1779002513
ATOMUSDT,crypto,1765152000,39.84,7.34,0.498,2.247,3.263,0.0,0.694,0.194,0.0,-2.937,0,1779002513
ATOMUSDT,crypto,1765238400,40.09,5.65,0.501,2.325,3.471,0.0,1.001,0.032,0.0,-9.634,-1,1779002513
ATOMUSDT,crypto,1765324800,28.29,5.71,0.354,2.267,-2.495,0.0,1.013,0.032,0.0,-9.616,-1,1779002513
ATOMUSDT,crypto,1765411200,25.72,5.92,0.322,2.184,-3.661,0.0,0.926,0.065,0.0,-8.471,-1,1779002513
ATOMUSDT,crypto,1765497600,32.4,7.93,0.405,2.14,-2.015,0.0,1.199,0.097,0.0,-9.206,-1,1779002513
ATOMUSDT,crypto,1765584000,34.49,5.37,0.431,2.181,1.916,0.0,0.558,0.129,0.0,-15.131,-1,1779002513
ATOMUSDT,crypto,1765670400,25.41,6.73,0.318,2.101,-3.668,0.0,0.702,0.161,0.0,-6.521,-1,1779002513
ATOMUSDT,crypto,1765756800,33.37,10.17,0.417,2.049,-2.475,0.0,1.13,0.226,0.0,-3.367,-1,1779002513
ATOMUSDT,crypto,1765843200,34.01,10.78,0.425,1.999,-2.44,0.0,1.123,0.258,0.0,-2.901,0,1779002513
ATOMUSDT,crypto,1765929600,40.82,15.83,0.51,1.943,-2.801,0.0,1.618,0.387,0.0,0.257,0,1779002513
ATOMUSDT,crypto,1766016000,45.68,24.39,0.571,1.851,-4.735,0.0,1.652,0.806,0.0,6.483,1,1779002513
ATOMUSDT,crypto,1766102400,63.26,22.34,0.791,1.964,6.105,0.0,1.242,0.806,0.0,0.916,0,1779002513
ATOMUSDT,crypto,1766188800,46.2,19.42,0.577,1.98,0.815,0.0,0.529,0.839,0.0,-1.263,0,1779002513
ATOMUSDT,crypto,1766275200,44.09,22.76,0.551,1.941,-1.97,0.0,0.553,1.0,0.0,5.358,1,1779002513
ATOMUSDT,crypto,1766361600,47.9,21.05,0.599,1.948,0.361,0.0,0.726,0.871,0.0,6.776,1,1779002513
ATOMUSDT,crypto,1766448000,43.96,15.35,0.549,1.971,1.181,0.0,0.748,0.581,0.0,5.175,1,1779002513
ATOMUSDT,crypto,1766534400,37.92,10.7,0.474,1.982,0.558,0.0,0.721,0.355,0.0,-0.959,0,1779002513
ATOMUSDT,crypto,1766620800,35.0,11.48,0.438,1.955,-1.362,0.0,0.748,0.387,0.0,0.46,0,1779002513
ATOMUSDT,crypto,1766707200,46.13,10.44,0.577,2.045,4.604,0.0,0.797,0.323,0.0,-5.721,-1,1779002513
ATOMUSDT,crypto,1766793600,37.72,9.12,0.472,2.08,1.711,0.0,0.535,0.323,0.0,-0.673,0,1779002513
ATOMUSDT,crypto,1766880000,32.38,7.86,0.405,2.073,-0.337,0.0,0.539,0.258,0.0,4.438,1,1779002513
ATOMUSDT,crypto,1766966400,23.86,6.63,0.298,1.963,-5.306,0.0,1.068,0.065,0.0,14.009,1,1779002513
ATOMUSDT,crypto,1767052800,30.04,4.04,0.376,1.964,0.051,0.0,0.68,0.032,0.0,19.043,1,1779002513
ATOMUSDT,crypto,1767139200,25.8,3.8,0.322,1.928,-1.833,0.0,0.632,0.032,0.0,22.822,1,1779002513
ATOMUSDT,crypto,1767225600,46.27,5.05,0.578,2.066,7.158,0.0,0.881,0.032,0.0,22.459,1,1779002513
ATOMUSDT,crypto,1767312000,43.29,5.93,0.541,2.165,4.792,0.0,1.056,0.032,0.0,12.333,1,1779002513
ATOMUSDT,crypto,1767398400,42.35,8.17,0.529,2.238,3.372,0.0,0.988,0.161,0.0,9.92,1,1779002513
ATOMUSDT,crypto,1767484800,48.82,12.56,0.61,2.338,4.468,0.0,0.964,0.387,0.0,10.778,1,1779002513
ATOMUSDT,crypto,1767571200,53.86,22.46,0.673,2.368,1.283,0.0,1.266,0.806,0.0,8.446,1,1779002513
ATOMUSDT,crypto,1767657600,70.63,27.23,0.883,2.53,6.841,0.0,1.445,1.0,0.0,1.7,0,1779002513
ATOMUSDT,crypto,1767744000,48.7,26.97,0.609,2.432,-3.874,0.0,1.394,1.0,0.0,2.179,0,1779002513
ATOMUSDT,crypto,1767830400,59.33,27.26,0.742,2.46,1.151,0.0,1.452,1.0,0.0,7.033,1,1779002513
ATOMUSDT,crypto,1767916800,70.63,28.78,0.883,2.59,5.285,0.0,1.756,1.0,0.0,-0.386,0,1779002513
ATOMUSDT,crypto,1768003200,54.63,26.92,0.683,2.568,-0.849,0.0,1.383,1.0,0.0,-3.621,-1,1779002513
ATOMUSDT,crypto,1768089600,50.58,23.85,0.632,2.573,0.195,0.0,0.77,1.0,0.0,-3.187,-1,1779002513
ATOMUSDT,crypto,1768176000,45.92,24.81,0.574,2.485,-3.42,0.0,1.091,0.968,0.0,3.219,1,1779002513
ATOMUSDT,crypto,1768262400,66.31,25.95,0.829,2.633,5.956,0.0,1.19,1.0,0.0,-7.976,-1,1779002513
ATOMUSDT,crypto,1768348800,45.99,22.47,0.575,2.58,-2.013,0.0,1.01,0.871,0.0,-4.845,-1,1779002513
ATOMUSDT,crypto,1768435200,40.65,21.53,0.508,2.475,-4.07,0.0,0.951,0.839,0.0,-7.313,-1,1779002513
ATOMUSDT,crypto,1768521600,45.11,18.4,0.564,2.491,0.646,0.0,0.584,0.774,0.0,-4.416,-1,1779002513
ATOMUSDT,crypto,1768608000,49.29,17.84,0.616,2.565,2.971,0.0,0.601,0.742,0.0,-9.045,-1,1779002513
ATOMUSDT,crypto,1768694400,31.92,17.02,0.399,2.423,-5.536,0.0,0.695,0.677,0.0,-2.352,0,1779002513
ATOMUSDT,crypto,1768780800,49.53,18.0,0.619,2.455,1.321,0.0,1.277,0.581,0.0,-5.051,-1,1779002513
ATOMUSDT,crypto,1768867200,29.06,12.74,0.363,2.294,-6.558,0.0,1.387,0.29,0.0,-2.572,0,1779002513
ATOMUSDT,crypto,1768953600,50.69,12.56,0.634,2.381,3.793,0.0,1.609,0.226,0.0,-6.762,-1,1779002513
ATOMUSDT,crypto,1769040000,29.34,7.37,0.367,2.333,-2.016,0.0,0.7,0.194,0.0,-3.901,-1,1779002513
ATOMUSDT,crypto,1769126400,35.22,6.23,0.44,2.366,1.414,0.0,0.731,0.129,0.0,-5.495,-1,1779002513
ATOMUSDT,crypto,1769212800,28.17,5.93,0.352,2.331,-1.479,0.0,0.54,0.161,0.0,-8.837,-1,1779002513
ATOMUSDT,crypto,1769299200,29.15,10.35,0.364,2.235,-4.118,0.0,0.908,0.29,0.0,-5.593,-1,1779002513
ATOMUSDT,crypto,1769385600,38.89,12.09,0.486,2.22,-0.671,0.0,1.128,0.323,0.0,-11.306,-1,1779002513
ATOMUSDT,crypto,1769472000,43.16,13.53,0.54,2.242,0.991,0.0,1.029,0.419,0.0,-14.808,-1,1779002513
ATOMUSDT,crypto,1769558400,41.0,14.04,0.513,2.236,-0.268,0.0,1.001,0.452,0.0,-11.494,-1,1779002513
ATOMUSDT,crypto,1769644800,33.52,15.31,0.419,2.125,-4.964,0.0,1.127,0.484,0.0,-4.376,-1,1779002513
ATOMUSDT,crypto,1769731200,42.51,15.87,0.531,2.11,-0.706,0.0,1.11,0.516,0.0,-5.545,-1,1779002513
ATOMUSDT,crypto,1769817600,37.1,19.47,0.464,1.969,-6.682,0.0,1.7,0.548,0.0,-7.72,-1,1779002513
ATOMUSDT,crypto,1769904000,39.37,17.24,0.492,1.91,-2.996,0.0,1.125,0.581,0.0,3.927,1,1779002513
ATOMUSDT,crypto,1769990400,53.58,18.06,0.67,1.979,3.613,0.0,1.16,0.613,0.0,0.455,0,1779002513
ATOMUSDT,crypto,1770076800,52.9,17.68,0.661,2.032,2.678,0.0,1.472,0.516,0.0,-4.134,-1,1779002513
ATOMUSDT,crypto,1770163200,47.5,20.55,0.594,1.993,-1.919,0.0,1.658,0.613,0.0,-1.706,0,1779002513
ATOMUSDT,crypto,1770249600,41.05,23.55,0.513,1.817,-8.831,0.0,2.986,0.677,0.0,5.669,1,1779002513
ATOMUSDT,crypto,1770336000,69.11,21.61,0.864,1.985,9.246,0.0,5.539,0.581,0.0,-2.116,0,1779002513
ATOMUSDT,crypto,1770422400,43.15,15.66,0.539,1.988,0.151,0.0,0.938,0.548,0.0,-1.107,0,1779002513
ATOMUSDT,crypto,1770508800,31.85,11.2,0.398,1.948,-2.012,0.0,0.434,0.452,0.0,8.83,1,1779002513
ATOMUSDT,crypto,1770595200,38.83,12.44,0.485,1.959,0.565,0.0,0.552,0.484,0.0,11.485,1,1779002513
ATOMUSDT,crypto,1770681600,32.2,11.36,0.403,1.92,-1.991,0.0,0.465,0.452,0.0,11.198,1,1779002513
ATOMUSDT,crypto,1770768000,44.04,13.76,0.55,1.943,1.198,0.0,1.075,0.419,0.0,17.91,1,1779002513
ATOMUSDT,crypto,1770854400,39.39,11.13,0.492,1.966,1.184,0.0,0.678,0.387,0.0,13.988,1,1779002513
ATOMUSDT,crypto,1770940800,49.72,9.34,0.622,2.12,7.833,0.0,0.577,0.323,0.0,10.472,1,1779002513
ATOMUSDT,crypto,1771027200,38.87,8.07,0.486,2.184,3.019,0.0,0.453,0.29,0.0,4.808,1,1779002513
ATOMUSDT,crypto,1771113600,30.33,9.06,0.379,2.135,-2.244,0.0,0.651,0.29,0.0,10.304,1,1779002513
ATOMUSDT,crypto,1771200000,52.48,10.91,0.656,2.291,7.307,0.0,0.891,0.323,0.0,0.917,0,1779002513
ATOMUSDT,crypto,1771286400,34.09,11.85,0.426,2.241,-2.182,0.0,0.821,0.387,0.0,0.268,0,1779002513
ATOMUSDT,crypto,1771372800,57.01,18.23,0.713,2.342,4.507,0.0,1.453,0.548,0.0,-9.607,-1,1779002513
ATOMUSDT,crypto,1771459200,37.8,16.04,0.473,2.289,-2.263,0.0,0.757,0.613,0.0,-13.062,-1,1779002513
ATOMUSDT,crypto,1771545600,48.66,16.97,0.608,2.355,2.883,0.0,0.684,0.677,0.0,-17.962,-1,1779002513
ATOMUSDT,crypto,1771632000,36.91,16.13,0.461,2.312,-1.826,0.0,0.387,0.71,0.0,-18.858,-1,1779002513
ATOMUSDT,crypto,1771718400,34.78,16.05,0.435,2.247,-2.811,0.0,0.371,0.71,0.0,-17.802,-1,1779002513
ATOMUSDT,crypto,1771804800,31.93,16.95,0.399,2.117,-5.785,0.0,0.81,0.645,0.0,-12.848,-1,1779002513
ATOMUSDT,crypto,1771891200,30.47,16.44,0.381,1.99,-5.999,0.0,0.706,0.645,0.0,-9.749,-1,1779002513
ATOMUSDT,crypto,1771977600,43.06,18.03,0.538,1.932,-2.915,0.0,1.671,0.484,0.0,-4.658,-1,1779002513
ATOMUSDT,crypto,1772064000,47.03,20.32,0.588,1.876,-2.899,0.0,2.049,0.516,0.0,-3.412,-1,1779002513
ATOMUSDT,crypto,1772150400,47.66,21.87,0.596,1.847,-1.546,0.0,1.277,0.774,0.0,1.57,0,1779002513
ATOMUSDT,crypto,1772236800,52.63,24.21,0.658,1.845,-0.108,0.0,1.228,0.903,0.0,-0.379,0,1779002513
ATOMUSDT,crypto,1772323200,46.13,24.15,0.577,1.796,-2.656,0.0,0.959,0.968,0.0,0.668,0,1779002513
ATOMUSDT,crypto,1772409600,56.57,24.47,0.707,1.842,2.561,0.0,0.895,1.0,0.0,-3.257,-1,1779002513
ATOMUSDT,crypto,1772496000,47.11,23.93,0.589,1.812,-1.629,0.0,0.787,1.0,0.0,-4.305,-1,1779002513
ATOMUSDT,crypto,1772582400,58.82,24.63,0.735,1.876,3.532,0.0,0.926,1.0,0.0,-7.249,-1,1779002513
ATOMUSDT,crypto,1772668800,44.94,23.24,0.562,1.838,-2.026,0.0,0.649,1.0,0.0,-2.775,0,1779002513
ATOMUSDT,crypto,1772755200,45.56,23.16,0.569,1.808,-1.632,0.0,0.632,1.0,0.0,1.77,0,1779002513
ATOMUSDT,crypto,1772841600,44.16,22.27,0.552,1.782,-1.438,0.0,0.453,1.0,0.0,3.086,1,1779002513
ATOMUSDT,crypto,1772928000,43.95,23.42,0.549,1.734,-2.694,0.0,0.684,1.0,0.0,7.266,1,1779002513
ATOMUSDT,crypto,1773014400,50.33,23.57,0.629,1.74,0.346,0.0,0.714,1.0,0.0,7.414,1,1779002513
ATOMUSDT,crypto,1773100800,52.48,21.0,0.656,1.787,2.701,0.0,0.716,0.871,0.0,4.085,1,1779002513
ATOMUSDT,crypto,1773187200,50.08,18.58,0.626,1.84,2.966,5e-06,0.619,0.774,0.0,7.283,1,1779002513
ATOMUSDT,crypto,1773273600,41.65,15.35,0.521,1.837,-0.163,-0.000206,0.619,0.613,0.0,6.587,1,1779002513
ATOMUSDT,crypto,1773360000,37.02,7.87,0.463,1.86,1.252,-3e-05,0.8,0.194,0.0,2.527,0,1779002513
ATOMUSDT,crypto,1773446400,29.73,3.06,0.372,1.869,0.484,-0.000158,0.482,0.032,0.0,-3.157,-1,1779002513
ATOMUSDT,crypto,1773532800,26.83,2.73,0.335,1.86,-0.482,-9.6e-05,0.417,0.032,0.0,-1.398,0,1779002513
ATOMUSDT,crypto,1773619200,44.52,5.31,0.557,1.974,6.129,4.2e-05,0.933,0.032,0.0,-9.271,-1,1779002513
ATOMUSDT,crypto,1773705600,30.13,4.73,0.377,1.958,-0.811,-0.000346,0.559,0.097,0.0,-9.755,-1,1779002513
ATOMUSDT,crypto,1773792000,31.89,8.35,0.399,1.907,-2.605,-9.4e-05,1.155,0.129,0.0,-6.45,-1,1779002513
ATOMUSDT,crypto,1773878400,25.98,8.37,0.325,1.81,-5.087,-2.8e-05,1.029,0.161,0.0,-1.271,0,1779002513
ATOMUSDT,crypto,1773964800,38.56,8.66,0.482,1.834,1.326,1e-05,0.958,0.194,0.0,-3.817,-1,1779002513
ATOMUSDT,crypto,1774051200,28.65,7.63,0.358,1.791,-2.345,-1.8e-05,0.623,0.226,0.0,-5.248,-1,1779002513
ATOMUSDT,crypto,1774137600,34.52,9.57,0.431,1.767,-1.34,-0.000145,0.881,0.258,0.0,-5.263,-1,1779002513
ATOMUSDT,crypto,1774224000,45.84,13.41,0.573,1.784,0.962,-7.8e-05,1.521,0.29,0.0,-6.67,-1,1779002513
ATOMUSDT,crypto,1774310400,41.83,12.63,0.523,1.787,0.168,-3.7e-05,1.236,0.323,0.0,-8.058,-1,1779002513
ATOMUSDT,crypto,1774396800,36.65,10.96,0.458,1.764,-1.287,-0.000382,0.772,0.355,0.0,-5.556,-1,1779002513
ATOMUSDT,crypto,1774483200,34.39,13.04,0.43,1.697,-3.798,-0.000228,1.061,0.387,0.0,0.53,0,1779002513
ATOMUSDT,crypto,1774569600,40.99,13.63,0.512,1.674,-1.355,-0.000465,1.049,0.419,0.0,0.0,0,1779002513
ATOMUSDT,crypto,1774656000,36.95,12.11,0.462,1.665,-0.538,-6.7e-05,0.616,0.452,0.0,0.0,0,1779002513
ATOMUSDT,crypto,1774742400,38.84,14.03,0.486,1.643,-1.321,-0.000251,0.741,0.516,0.0,2.678,0,1779002513
ATOMUSDT,crypto,1774828800,44.04,14.51,0.55,1.666,1.4,-0.000138,0.708,0.548,0.0,2.761,0,1779002513
ATOMUSDT,crypto,1774915200,46.92,15.7,0.587,1.706,2.401,3.4e-05,0.818,0.581,0.0,-0.528,0,1779002513
ATOMUSDT,crypto,1775001600,40.19,17.1,0.502,1.674,-1.876,0.0001,0.968,0.613,0.0,1.673,0,1779002513
ATOMUSDT,crypto,1775088000,45.57,17.62,0.57,1.665,-0.538,-0.000359,0.944,0.645,0.0,8.348,1,1779002513
ATOMUSDT,crypto,1775174400,46.23,17.14,0.578,1.687,1.321,5.8e-05,0.847,0.645,0.0,5.453,1,1779002513
ATOMUSDT,crypto,1775260800,42.98,15.01,0.537,1.712,1.482,-7.9e-05,0.422,0.645,0.0,5.082,1,1779002513
ATOMUSDT,crypto,1775347200,41.69,14.96,0.521,1.697,-0.876,-0.00027,0.927,0.516,0.0,6.305,1,1779002513
ATOMUSDT,crypto,1775433600,45.42,15.44,0.568,1.702,0.295,3.4e-05,1.412,0.419,0.0,4.289,1,1779002513
ATOMUSDT,crypto,1775520000,50.36,10.11,0.629,1.804,5.993,-0.000162,0.99,0.258,0.0,-4.545,-1,1779002513
ATOMUSDT,crypto,1775606400,33.21,8.58,0.415,1.779,-1.386,8.9e-05,1.07,0.161,0.0,-0.112,0,1779002513
ATOMUSDT,crypto,1775692800,36.41,6.37,0.455,1.799,1.124,-4.1e-05,1.016,0.065,0.0,-3.057,-1,1779002513
ATOMUSDT,crypto,1775779200,33.84,6.49,0.423,1.804,0.278,5.3e-05,0.912,0.097,0.0,-2.106,0,1779002513
ATOMUSDT,crypto,1775865600,30.65,6.7,0.383,1.775,-1.608,-0.000239,0.695,0.161,0.0,1.859,0,1779002513
ATOMUSDT,crypto,1775952000,25.02,4.32,0.313,1.722,-2.986,-0.000228,0.606,0.065,0.0,6.33,1,1779002513
ATOMUSDT,crypto,1776038400,39.44,5.14,0.493,1.777,3.194,-0.000186,0.898,0.032,0.0,0.225,0,1779002513
ATOMUSDT,crypto,1776124800,27.5,4.38,0.344,1.744,-1.857,-0.000122,0.746,0.032,0.0,0.745,0,1779002513
ATOMUSDT,crypto,1776211200,34.63,5.2,0.433,1.766,1.261,-0.000101,0.781,0.065,0.0,1.869,0,1779002513
ATOMUSDT,crypto,1776297600,44.26,10.35,0.553,1.808,2.378,-3.6e-05,1.295,0.194,0.0,1.991,0,1779002513
ATOMUSDT,crypto,1776384000,43.4,11.89,0.543,1.831,1.272,-7.7e-05,1.217,0.29,0.0,1.584,0,1779002513
ATOMUSDT,crypto,1776470400,26.57,5.36,0.332,1.781,-2.731,-2.2e-05,0.813,0.065,0.0,7.243,1,1779002513
ATOMUSDT,crypto,1776556800,29.99,5.1,0.375,1.757,-1.348,-0.000127,0.89,0.032,-0.013913,13.261,1,1779002513
ATOMUSDT,crypto,1776643200,36.37,5.0,0.455,1.799,2.39,5.2e-05,0.87,0.032,0.00265,12.729,1,1779002513
ATOMUSDT,crypto,1776729600,44.22,8.93,0.553,1.844,2.501,0.0001,1.658,0.032,-0.020636,8.46,1,1779002513
ATOMUSDT,crypto,1776816000,36.15,6.28,0.452,1.86,0.868,1e-06,1.127,0.032,0.0533,6.559,1,1779002513
ATOMUSDT,crypto,1776902400,39.86,7.76,0.498,1.91,2.688,6.2e-05,0.906,0.161,-0.018981,2.147,0,1779002513
ATOMUSDT,crypto,1776988800,54.43,18.14,0.68,1.99,4.188,9.2e-05,1.176,0.613,0.033856,-3.116,-1,1779002513
ATOMUSDT,crypto,1777075200,50.79,19.45,0.635,2.028,1.91,4.5e-05,1.05,0.71,0.061195,-7.051,-1,1779002513
ATOMUSDT,crypto,1777161600,41.0,18.26,0.513,2.0,-1.381,8.3e-05,0.684,0.742,0.003006,-5.15,-1,1779002513
ATOMUSDT,crypto,1777248000,47.53,21.49,0.594,1.982,-0.9,3e-06,1.072,0.806,-0.030711,-4.995,-1,1779002513
ATOMUSDT,crypto,1777334400,42.94,20.1,0.537,1.951,-1.564,0.0001,0.794,0.806,0.036521,-3.998,-1,1779002513
ATOMUSDT,crypto,1777420800,45.92,20.88,0.574,1.928,-1.179,-2.9e-05,0.951,0.806,-0.002582,-2.075,0,1779002513
ATOMUSDT,crypto,1777507200,41.88,19.42,0.524,1.885,-2.23,-9.9e-05,0.786,0.774,-0.042597,-0.212,0,1779002513
ATOMUSDT,crypto,1777593600,45.61,18.54,0.57,1.897,0.637,8e-05,0.74,0.742,0.003535,0.158,0,1779002513
ATOMUSDT,crypto,1777680000,39.71,16.09,0.496,1.883,-0.738,-1.1e-05,0.508,0.677,0.016787,0.053,0,1779002513
ATOMUSDT,crypto,1777766400,41.0,16.41,0.513,1.873,-0.531,-5.8e-05,0.573,0.677,0.003308,4.058,1,1779002513
ATOMUSDT,crypto,1777852800,51.09,19.79,0.639,1.888,0.801,-6.2e-05,1.378,0.645,-0.002778,2.542,0,1779002513
ATOMUSDT,crypto,1777939200,49.09,19.41,0.614,1.881,-0.371,-0.000154,1.431,0.613,-0.029745,6.911,1,1779002513
ATOMUSDT,crypto,1778025600,56.16,21.87,0.702,1.9,1.01,-3e-05,1.923,0.613,-0.042256,7.474,1,1779002513
ATOMUSDT,crypto,1778112000,44.06,17.34,0.551,1.884,-0.842,-3.6e-05,1.145,0.581,0.052965,11.677,1,1779002513
ATOMUSDT,crypto,1778198400,55.5,18.31,0.694,1.949,3.45,-8.9e-05,1.469,0.548,-0.002661,4.464,1,1779002513
ATOMUSDT,crypto,1778284800,33.46,7.83,0.418,1.936,-0.667,2.8e-05,0.921,0.161,-0.029095,5.527,1,1779002513
ATOMUSDT,crypto,1778371200,50.8,10.92,0.635,2.011,3.874,-0.0,1.926,0.065,0.01605,-4.227,-1,1779002513
ATOMUSDT,crypto,1778457600,49.99,13.87,0.625,2.042,1.542,-0.000108,2.496,0.194,-0.005246,-0.196,0,1779002513
ATOMUSDT,crypto,1778544000,59.55,20.32,0.744,2.104,3.036,-0.00013,2.916,0.516,0.023067,-2.471,0,1779002513
NMRUSDT,crypto,1762214400,48.6,30.0,0.608,11.25,-6.948,0.0,2.012,1.0,0.0,-0.24,0,1779002514
NMRUSDT,crypto,1762300800,57.31,25.9,0.716,11.419,1.502,0.0,1.18,1.0,0.0,-0.744,0,1779002514
NMRUSDT,crypto,1762387200,43.39,24.53,0.542,10.953,-4.081,0.0,0.905,1.0,0.0,-2.419,0,1779002514
NMRUSDT,crypto,1762473600,67.62,23.06,0.845,11.812,7.843,0.0,1.412,0.8,0.0,-8.466,-1,1779002514
NMRUSDT,crypto,1762560000,36.37,23.46,0.455,11.041,-6.527,0.0,0.693,1.0,0.0,-5.724,-1,1779002514
NMRUSDT,crypto,1762646400,49.73,20.54,0.622,11.223,1.648,0.0,0.679,0.857,0.0,-8.955,-1,1779002514
NMRUSDT,crypto,1762732800,50.11,22.82,0.626,11.334,0.989,0.0,0.564,1.0,0.0,-8.417,-1,1779002514
NMRUSDT,crypto,1762819200,36.91,22.91,0.461,10.688,-5.7,0.0,0.581,1.0,0.0,-4.884,-1,1779002514
NMRUSDT,crypto,1762905600,53.87,24.53,0.673,10.812,1.16,0.0,0.905,1.0,0.0,-4.763,-1,1779002514
NMRUSDT,crypto,1762992000,44.21,24.58,0.553,10.409,-3.727,0.0,0.916,1.0,0.0,-1.912,0,1779002514
NMRUSDT,crypto,1763078400,54.36,27.76,0.679,10.218,-1.835,0.0,1.553,1.0,0.0,-0.02,0,1779002514
NMRUSDT,crypto,1763164800,48.65,20.72,0.608,10.38,1.585,0.0,0.452,0.923,0.0,26.724,1,1779002514
NMRUSDT,crypto,1763251200,40.31,19.54,0.504,10.166,-2.062,0.0,0.479,0.857,0.0,8.44,1,1779002514
NMRUSDT,crypto,1763337600,63.74,28.67,0.797,10.297,1.289,0.0,4.201,0.933,0.0,7.769,1,1779002514
NMRUSDT,crypto,1763424000,49.17,23.56,0.615,10.21,-0.845,0.0,0.961,0.938,0.0,9.52,1,1779002514
NMRUSDT,crypto,1763510400,48.71,23.05,0.609,10.216,0.059,0.0,0.609,1.0,0.0,10.386,1,1779002514
NMRUSDT,crypto,1763596800,77.5,30.0,0.969,13.154,28.759,0.0,6.998,1.0,0.0,-11.958,-1,1779002514
NMRUSDT,crypto,1763683200,46.45,28.95,0.581,11.024,-16.193,0.0,4.563,0.947,0.0,5.025,1,1779002514
NMRUSDT,crypto,1763769600,45.06,15.62,0.563,11.097,0.662,0.0,1.124,0.5,0.0,3.289,1,1779002514
NMRUSDT,crypto,1763856000,39.22,11.88,0.49,11.182,0.766,0.0,0.662,0.429,0.0,1.86,0,1779002514
NMRUSDT,crypto,1763942400,40.57,12.73,0.507,11.277,0.85,0.0,0.728,0.455,0.0,-0.825,0,1779002514
NMRUSDT,crypto,1764028800,47.19,14.43,0.59,11.581,2.696,0.0,0.973,0.478,0.0,-4.499,-1,1779002514
NMRUSDT,crypto,1764115200,38.48,13.02,0.481,11.578,-0.026,0.0,0.603,0.5,0.0,-9.984,-1,1779002514
NMRUSDT,crypto,1764201600,34.55,11.43,0.432,11.462,-1.002,0.0,0.525,0.44,0.0,-4.999,-1,1779002514
NMRUSDT,crypto,1764288000,36.65,12.7,0.458,11.39,-0.628,0.0,0.541,0.5,0.0,-1.212,0,1779002514
NMRUSDT,crypto,1764374400,34.16,12.45,0.427,11.184,-1.809,0.0,0.565,0.481,0.0,0.644,0,1779002514
NMRUSDT,crypto,1764460800,32.71,10.5,0.409,11.06,-1.109,0.0,0.385,0.429,0.0,-2.45,0,1779002514
NMRUSDT,crypto,1764547200,27.54,13.8,0.344,10.422,-5.769,0.0,0.554,0.552,0.0,4.452,1,1779002514
NMRUSDT,crypto,1764633600,44.65,11.93,0.558,10.889,4.481,0.0,0.253,0.533,0.0,1.148,0,1779002514
NMRUSDT,crypto,1764720000,38.87,7.75,0.486,11.252,3.334,0.0,0.389,0.29,0.0,-0.587,0,1779002514
NMRUSDT,crypto,1764806400,31.1,6.85,0.389,11.256,0.036,0.0,0.337,0.258,0.0,1.484,0,1779002514
NMRUSDT,crypto,1764892800,26.92,7.65,0.336,10.789,-4.149,0.0,1.013,0.129,0.0,3.485,1,1779002514
NMRUSDT,crypto,1764979200,27.47,1.91,0.343,10.886,0.899,0.0,0.252,0.032,0.0,1.69,0,1779002514
NMRUSDT,crypto,1765065600,33.83,4.81,0.423,11.014,1.176,0.0,0.833,0.032,0.0,1.099,0,1779002514
NMRUSDT,crypto,1765152000,30.16,2.59,0.377,11.186,1.562,0.0,0.389,0.032,0.0,0.358,0,1779002514
NMRUSDT,crypto,1765238400,47.38,10.65,0.592,11.423,2.119,0.0,2.071,0.032,0.0,-5.2,-1,1779002514
NMRUSDT,crypto,1765324800,22.29,2.48,0.279,11.165,-2.259,0.0,0.366,0.032,0.0,-6.95,-1,1779002514
NMRUSDT,crypto,1765411200,24.45,2.15,0.306,11.07,-0.851,0.0,0.301,0.032,0.0,-6.748,-1,1779002514
NMRUSDT,crypto,1765497600,38.31,7.64,0.479,11.135,0.587,0.0,1.399,0.032,0.0,-12.986,-1,1779002514
NMRUSDT,crypto,1765584000,28.86,3.01,0.361,11.226,0.817,0.0,0.344,0.065,0.0,-20.141,-1,1779002514
NMRUSDT,crypto,1765670400,22.25,5.03,0.278,10.829,-3.536,0.0,0.36,0.161,0.0,-14.304,-1,1779002514
NMRUSDT,crypto,1765756800,23.45,6.47,0.293,10.389,-4.063,0.0,0.52,0.194,0.0,-10.925,-1,1779002514
NMRUSDT,crypto,1765843200,29.19,6.24,0.365,10.323,-0.635,0.0,0.345,0.226,0.0,-10.481,-1,1779002514
NMRUSDT,crypto,1765929600,20.51,7.73,0.256,9.689,-6.142,0.0,0.514,0.258,0.0,-3.519,-1,1779002514
NMRUSDT,crypto,1766016000,21.47,10.83,0.268,8.965,-7.472,0.0,0.618,0.387,0.0,3.034,1,1779002514
NMRUSDT,crypto,1766102400,46.06,13.43,0.576,9.28,3.514,0.0,0.621,0.516,0.0,-1.196,0,1779002514
NMRUSDT,crypto,1766188800,43.94,20.36,0.549,9.254,-0.28,0.0,0.329,0.935,0.0,-1.643,0,1779002514
NMRUSDT,crypto,1766275200,45.05,21.09,0.563,9.241,-0.14,0.0,0.347,0.968,0.0,-0.108,0,1779002514
NMRUSDT,crypto,1766361600,48.97,22.08,0.612,9.348,1.158,0.0,0.415,1.0,0.0,1.733,0,1779002514
NMRUSDT,crypto,1766448000,43.3,21.59,0.541,9.237,-1.187,0.0,0.317,1.0,0.0,3.389,1,1779002514
NMRUSDT,crypto,1766534400,43.62,21.3,0.545,9.169,-0.736,0.0,0.259,1.0,0.0,2.923,0,1779002514
NMRUSDT,crypto,1766620800,45.4,22.18,0.567,9.102,-0.731,0.0,0.436,1.0,0.0,3.999,1,1779002514
NMRUSDT,crypto,1766707200,49.16,21.91,0.615,9.231,1.417,0.0,0.383,1.0,0.0,3.575,1,1779002514
NMRUSDT,crypto,1766793600,50.63,20.72,0.633,9.51,3.022,0.0,0.273,0.968,0.0,1.146,0,1779002514
NMRUSDT,crypto,1766880000,46.62,20.67,0.583,9.55,0.421,0.0,0.521,0.903,0.0,2.88,0,1779002514
NMRUSDT,crypto,1766966400,40.41,18.2,0.505,9.437,-1.183,0.0,0.415,0.806,0.0,3.857,1,1779002514
NMRUSDT,crypto,1767052800,42.72,17.22,0.534,9.466,0.307,0.0,0.476,0.742,0.0,8.177,1,1779002514
NMRUSDT,crypto,1767139200,45.96,17.5,0.575,9.561,1.004,0.0,0.791,0.677,0.0,10.104,1,1779002514
NMRUSDT,crypto,1767225600,40.11,13.36,0.501,9.619,0.607,0.0,0.607,0.516,0.0,8.494,1,1779002514
NMRUSDT,crypto,1767312000,40.64,10.16,0.508,9.825,2.142,0.0,0.741,0.323,0.0,2.239,0,1779002514
NMRUSDT,crypto,1767398400,33.99,8.57,0.425,9.801,-0.244,0.0,0.681,0.258,0.0,1.745,0,1779002514
NMRUSDT,crypto,1767484800,54.43,14.07,0.68,10.24,4.479,0.0,1.781,0.258,0.0,-2.773,0,1779002514
NMRUSDT,crypto,1767571200,55.2,17.1,0.69,10.527,2.803,0.0,2.122,0.355,0.0,-3.515,-1,1779002514
NMRUSDT,crypto,1767657600,41.96,14.46,0.524,10.436,-0.864,0.0,1.344,0.387,0.0,-5.136,-1,1779002514
NMRUSDT,crypto,1767744000,32.25,12.49,0.403,10.045,-3.747,0.0,0.95,0.387,0.0,-2.678,0,1779002514
NMRUSDT,crypto,1767830400,37.58,12.14,0.47,9.972,-0.727,0.0,0.879,0.387,0.0,3.831,1,1779002514
NMRUSDT,crypto,1767916800,36.31,10.94,0.454,9.956,-0.16,0.0,0.639,0.387,0.0,5.424,1,1779002514
NMRUSDT,crypto,1768003200,53.63,17.1,0.67,10.157,2.019,0.0,5.932,0.355,0.0,2.353,0,1779002514
NMRUSDT,crypto,1768089600,42.59,15.8,0.532,9.9,-2.53,0.0,1.87,0.323,0.0,6.141,1,1779002514
NMRUSDT,crypto,1768176000,33.53,9.67,0.419,9.776,-1.253,0.0,0.773,0.29,0.0,6.363,1,1779002514
NMRUSDT,crypto,1768262400,48.35,9.59,0.604,10.354,5.912,0.0,0.886,0.258,0.0,-3.805,-1,1779002514
NMRUSDT,crypto,1768348800,36.29,6.81,0.454,10.496,1.371,0.0,0.846,0.129,0.0,-5.574,-1,1779002514
NMRUSDT,crypto,1768435200,41.83,11.26,0.523,10.396,-0.953,0.0,1.995,0.065,0.0,-10.244,-1,1779002514
NMRUSDT,crypto,1768521600,32.26,4.45,0.403,10.508,1.077,0.0,0.632,0.065,0.0,-9.802,-1,1779002514
NMRUSDT,crypto,1768608000,25.61,2.92,0.32,10.398,-1.047,0.0,0.456,0.032,0.0,-8.309,-1,1779002514
NMRUSDT,crypto,1768694400,19.78,3.17,0.247,9.96,-4.212,0.0,0.505,0.032,0.0,-6.506,-1,1779002514
NMRUSDT,crypto,1768780800,29.6,4.37,0.37,9.911,-0.492,0.0,0.744,0.032,0.0,-5.792,-1,1779002514
NMRUSDT,crypto,1768867200,16.87,3.68,0.211,9.331,-5.852,0.0,0.479,0.065,0.0,-2.004,0,1779002514
NMRUSDT,crypto,1768953600,32.16,4.55,0.402,9.478,1.575,0.0,0.393,0.129,0.0,-2.437,0,1779002514
NMRUSDT,crypto,1769040000,30.77,5.16,0.385,9.534,0.591,0.0,0.386,0.161,0.0,-1.836,0,1779002514
NMRUSDT,crypto,1769126400,29.01,9.45,0.363,9.312,-2.329,0.0,0.342,0.387,0.0,0.494,0,1779002514
NMRUSDT,crypto,1769212800,37.0,12.14,0.462,9.337,0.268,0.0,0.364,0.516,0.0,-0.343,0,1779002514
NMRUSDT,crypto,1769299200,38.31,17.07,0.479,9.144,-2.067,0.0,0.575,0.71,0.0,7.71,1,1779002514
NMRUSDT,crypto,1769385600,54.26,22.17,0.678,9.247,1.126,0.0,1.467,0.742,0.0,0.768,0,1779002514
NMRUSDT,crypto,1769472000,44.64,17.92,0.558,9.359,1.211,0.0,0.359,0.806,0.0,-7.747,-1,1779002514
NMRUSDT,crypto,1769558400,45.51,19.9,0.569,9.358,-0.011,0.0,0.626,0.839,0.0,3.441,1,1779002514
NMRUSDT,crypto,1769644800,48.86,22.46,0.611,9.305,-0.566,0.0,1.008,0.871,0.0,2.397,0,1779002514
NMRUSDT,crypto,1769731200,71.61,27.42,0.895,9.849,5.846,0.0,2.34,0.871,0.0,1.066,0,1779002514
NMRUSDT,crypto,1769817600,50.43,28.71,0.63,9.318,-5.391,0.0,2.299,0.935,0.0,-11.429,-1,1779002514
NMRUSDT,crypto,1769904000,37.05,24.62,0.463,8.634,-7.341,0.0,0.923,1.0,0.0,4.505,1,1779002514
NMRUSDT,crypto,1769990400,76.85,29.35,0.961,9.68,12.115,0.0,2.081,0.968,0.0,-9.649,-1,1779002514
NMRUSDT,crypto,1770076800,52.6,25.33,0.657,9.528,-1.57,0.0,1.582,0.871,0.0,-13.046,-1,1779002514
NMRUSDT,crypto,1770163200,60.62,22.01,0.758,9.954,4.471,0.0,1.433,0.742,0.0,-17.993,-1,1779002514
NMRUSDT,crypto,1770249600,46.21,28.71,0.578,8.253,-17.089,0.0,2.138,0.935,0.0,-1.466,0,1779002514
NMRUSDT,crypto,1770336000,69.66,22.53,0.871,9.023,9.33,0.0,1.926,0.645,0.0,-7.758,-1,1779002514
NMRUSDT,crypto,1770422400,38.17,17.36,0.477,8.746,-3.07,0.0,0.89,0.645,0.0,-2.813,0,1779002514
NMRUSDT,crypto,1770508800,35.04,20.25,0.438,8.285,-5.271,0.0,0.566,0.871,0.0,3.223,1,1779002514
NMRUSDT,crypto,1770595200,47.09,23.77,0.589,8.163,-1.473,0.0,0.754,1.0,0.0,8.159,1,1779002514
NMRUSDT,crypto,1770681600,49.12,23.69,0.614,8.132,-0.38,0.0,0.738,1.0,0.0,3.296,1,1779002514
NMRUSDT,crypto,1770768000,54.8,23.8,0.685,8.323,2.349,0.0,0.76,1.0,0.0,3.16,1,1779002514
NMRUSDT,crypto,1770854400,51.57,22.41,0.645,8.5,2.127,0.0,0.482,1.0,0.0,-0.718,0,1779002514
NMRUSDT,crypto,1770940800,48.92,22.6,0.612,8.552,0.612,0.0,0.52,1.0,0.0,-4.724,-1,1779002514
NMRUSDT,crypto,1771027200,53.57,22.29,0.67,8.829,3.239,0.0,0.459,1.0,0.0,-7.215,-1,1779002514
NMRUSDT,crypto,1771113600,36.81,22.01,0.46,8.4,-4.859,0.0,0.402,1.0,0.0,-2.369,0,1779002514
NMRUSDT,crypto,1771200000,51.81,22.12,0.648,8.586,2.214,0.0,0.553,0.968,0.0,-5.02,-1,1779002514
NMRUSDT,crypto,1771286400,40.36,20.0,0.504,8.439,-1.712,0.0,0.257,0.935,0.0,-4.918,-1,1779002514
NMRUSDT,crypto,1771372800,38.82,21.61,0.485,8.148,-3.448,0.0,0.322,1.0,0.0,-4.995,-1,1779002514
NMRUSDT,crypto,1771459200,42.06,16.66,0.526,8.192,0.54,0.0,0.365,0.742,0.0,-7.434,-1,1779002514
NMRUSDT,crypto,1771545600,40.67,16.07,0.508,8.201,0.11,0.0,0.375,0.71,0.0,-1.939,0,1779002514
NMRUSDT,crypto,1771632000,38.93,16.2,0.487,8.155,-0.561,0.0,0.272,0.742,0.0,-2.857,0,1779002514
NMRUSDT,crypto,1771718400,34.68,13.83,0.434,8.024,-1.606,0.0,0.314,0.613,0.0,-2.081,0,1779002514
NMRUSDT,crypto,1771804800,32.62,13.75,0.408,7.741,-3.527,0.0,0.685,0.516,0.0,-1.072,0,1779002514
NMRUSDT,crypto,1771891200,24.57,3.4,0.307,7.583,-2.041,0.0,0.55,0.032,0.0,-1.991,0,1779002514
NMRUSDT,crypto,1771977600,43.3,4.99,0.541,8.042,6.053,0.0,0.74,0.065,0.0,-7.336,-1,1779002514
NMRUSDT,crypto,1772064000,26.29,3.71,0.329,7.922,-1.492,0.0,0.613,0.032,0.0,-3.787,-1,1779002514
NMRUSDT,crypto,1772150400,28.2,4.0,0.353,7.857,-0.82,0.0,0.67,0.032,0.0,-1.451,0,1779002514
NMRUSDT,crypto,1772236800,28.53,6.51,0.357,7.658,-2.533,0.0,0.916,0.097,0.0,3.983,1,1779002514
NMRUSDT,crypto,1772323200,27.58,7.43,0.345,7.432,-2.951,0.0,0.711,0.194,0.0,4.292,1,1779002514
NMRUSDT,crypto,1772409600,36.61,10.01,0.458,7.452,0.269,0.0,0.712,0.323,0.0,8.508,1,1779002514
NMRUSDT,crypto,1772496000,43.65,12.81,0.546,7.622,2.281,0.0,0.756,0.452,0.0,1.483,0,1779002514
NMRUSDT,crypto,1772582400,42.57,12.64,0.532,7.743,1.588,0.0,0.851,0.419,0.0,-2.196,0,1779002514
NMRUSDT,crypto,1772668800,54.63,16.45,0.683,7.963,2.841,0.0,2.375,0.323,0.0,-4.295,-1,1779002514
NMRUSDT,crypto,1772755200,35.78,10.92,0.447,7.751,-2.662,0.0,1.538,0.161,0.0,-1.29,0,1779002514
NMRUSDT,crypto,1772841600,49.25,10.02,0.616,8.086,4.322,0.0,1.617,0.097,0.0,-6.109,-1,1779002514
NMRUSDT,crypto,1772928000,34.46,10.65,0.431,7.735,-4.341,0.0,2.206,0.032,0.0,-0.724,0,1779002514
NMRUSDT,crypto,1773014400,29.77,6.05,0.372,7.573,-2.094,0.0,1.081,0.032,0.0,0.132,0,1779002514
NMRUSDT,crypto,1773100800,34.59,5.74,0.432,7.621,0.634,0.0,1.018,0.032,0.0,1.207,0,1779002514
NMRUSDT,crypto,1773187200,31.67,4.51,0.396,7.651,0.394,0.0,0.774,0.032,0.0,5.28,1,1779002514
NMRUSDT,crypto,1773273600,29.85,4.77,0.373,7.592,-0.771,0.0,0.824,0.032,0.0,6.178,1,1779002514
NMRUSDT,crypto,1773360000,33.73,4.79,0.422,7.679,1.146,0.0,0.829,0.032,0.0,1.276,0,1779002514
NMRUSDT,crypto,1773446400,24.64,2.64,0.308,7.583,-1.25,0.0,0.399,0.032,0.0,-4.471,-1,1779002514
NMRUSDT,crypto,1773532800,31.71,3.21,0.396,7.713,1.714,0.0,0.513,0.032,0.0,-1.673,0,1779002514
NMRUSDT,crypto,1773619200,42.7,6.96,0.534,8.055,4.434,0.0,0.875,0.129,0.0,-9.199,-1,1779002514
NMRUSDT,crypto,1773705600,31.39,5.98,0.392,8.061,0.074,0.0,0.552,0.161,0.0,-12.778,-1,1779002514
NMRUSDT,crypto,1773792000,29.58,8.03,0.37,7.777,-3.523,0.0,1.219,0.097,0.0,-6.223,-1,1779002514
NMRUSDT,crypto,1773878400,26.83,11.6,0.335,7.244,-6.854,0.0,1.288,0.258,0.0,-3.893,-1,1779002514
NMRUSDT,crypto,1773964800,49.59,11.76,0.62,7.584,4.694,0.0,1.19,0.29,0.0,-6.909,-1,1779002514
NMRUSDT,crypto,1774051200,29.65,10.68,0.371,7.314,-3.56,0.0,0.717,0.355,0.0,-7.451,-1,1779002514
NMRUSDT,crypto,1774137600,29.96,12.11,0.374,7.031,-3.869,0.0,0.616,0.452,0.0,-7.467,-1,1779002514
NMRUSDT,crypto,1774224000,45.82,13.09,0.573,7.293,3.726,0.0,0.554,0.516,0.0,-10.215,-1,1779002514
NMRUSDT,crypto,1774310400,48.26,24.84,0.603,6.962,-4.539,0.0,2.209,0.742,0.0,-9.739,-1,1779002514
NMRUSDT,crypto,1774396800,49.12,19.97,0.614,7.06,1.408,0.0,0.768,0.806,0.0,-8.286,-1,1779002514
NMRUSDT,crypto,1774483200,41.89,23.17,0.524,6.769,-4.122,0.0,0.893,0.935,0.0,-2.009,0,1779002514
NMRUSDT,crypto,1774569600,45.07,25.17,0.563,6.506,-3.885,0.0,1.034,1.0,0.0,9.683,1,1779002514
NMRUSDT,crypto,1774656000,49.94,23.07,0.624,6.548,0.646,0.0,0.615,1.0,0.0,15.394,1,1779002514
NMRUSDT,crypto,1774742400,42.16,23.86,0.527,6.284,-4.032,0.0,0.772,1.0,0.0,14.497,1,1779002514
NMRUSDT,crypto,1774828800,54.0,22.71,0.675,6.475,3.039,0.0,0.542,1.0,0.0,12.417,1,1779002514
NMRUSDT,crypto,1774915200,58.02,25.32,0.725,6.633,2.44,0.0,1.064,1.0,0.0,15.92,1,1779002514
NMRUSDT,crypto,1775001600,71.64,26.75,0.895,7.136,7.583,0.0,1.478,0.968,0.0,11.939,1,1779002514
NMRUSDT,crypto,1775088000,72.98,28.71,0.912,7.556,5.886,0.0,18.136,0.935,0.0,7.292,1,1779002514
NMRUSDT,crypto,1775174400,48.61,26.54,0.608,7.195,-4.778,0.0,1.824,0.871,0.0,13.245,1,1779002514
NMRUSDT,crypto,1775260800,52.52,22.23,0.657,7.279,1.167,0.0,1.091,0.839,0.0,12.268,1,1779002514
NMRUSDT,crypto,1775347200,69.25,25.48,0.866,7.689,5.633,0.0,2.825,0.774,0.0,8.402,1,1779002514
NMRUSDT,crypto,1775433600,54.17,19.36,0.677,7.988,3.889,0.0,0.905,0.742,0.0,9.226,1,1779002514
NMRUSDT,crypto,1775520000,56.73,23.69,0.709,8.107,1.49,0.0,1.512,0.806,0.0,7.167,1,1779002514
NMRUSDT,crypto,1775606400,49.9,23.19,0.624,8.148,0.506,0.0,0.639,1.0,0.0,4.627,1,1779002514
NMRUSDT,crypto,1775692800,49.63,23.27,0.62,8.172,0.295,0.0,0.655,1.0,0.0,3.316,1,1779002514
NMRUSDT,crypto,1775779200,53.79,23.65,0.672,8.335,1.995,0.0,0.73,1.0,0.0,1.164,0,1779002514
NMRUSDT,crypto,1775865600,71.86,30.0,0.898,8.725,4.679,0.0,2.201,1.0,0.0,-2.384,0,1779002514
NMRUSDT,crypto,1775952000,47.26,22.8,0.591,8.688,-0.424,0.0,0.561,1.0,0.0,0.99,0,1779002514
NMRUSDT,crypto,1776038400,43.5,22.38,0.544,8.525,-1.876,0.0,0.475,1.0,0.0,-0.704,0,1779002514
NMRUSDT,crypto,1776124800,43.37,21.52,0.542,8.443,-0.962,5e-05,0.304,1.0,0.0,-3.127,-1,1779002514
NMRUSDT,crypto,1776211200,44.42,20.89,0.555,8.432,-0.13,5e-05,0.307,0.968,0.0,-1.648,0,1779002514
NMRUSDT,crypto,1776297600,45.43,19.29,0.568,8.517,1.008,5e-05,0.374,0.871,0.0,-1.609,0,1779002514
NMRUSDT,crypto,1776384000,51.54,20.02,0.644,8.774,3.017,5e-05,0.648,0.839,0.0,3.533,1,1779002514
NMRUSDT,crypto,1776470400,34.88,17.25,0.436,8.465,-3.522,5e-05,0.483,0.742,0.0,9.049,1,1779002514
NMRUSDT,crypto,1776556800,30.32,13.54,0.379,8.179,-3.379,5e-05,0.257,0.613,0.055482,9.524,1,1779002514
NMRUSDT,crypto,1776643200,32.83,6.8,0.41,8.293,1.394,5e-05,0.199,0.29,-0.005609,7.536,1,1779002514
NMRUSDT,crypto,1776729600,31.79,5.67,0.397,8.38,1.049,-7.3e-05,0.231,0.226,-0.013197,7.971,1,1779002514
NMRUSDT,crypto,1776816000,47.41,7.34,0.593,9.084,8.401,5e-05,0.565,0.226,-0.041362,-0.462,0,1779002514
NMRUSDT,crypto,1776902400,45.68,11.39,0.571,9.231,1.618,5e-05,1.762,0.129,-0.010382,-3.64,-1,1779002514
NMRUSDT,crypto,1776988800,22.73,3.84,0.284,8.958,-2.957,5e-05,0.51,0.065,0.069579,-0.681,0,1779002514
NMRUSDT,crypto,1777075200,26.54,2.91,0.332,8.918,-0.447,5e-05,0.454,0.032,-0.102645,-1.133,0,1779002514
NMRUSDT,crypto,1777161600,28.86,2.17,0.361,9.048,1.458,5e-05,0.305,0.032,-0.018576,-0.84,0,1779002514
NMRUSDT,crypto,1777248000,27.97,3.12,0.35,9.042,-0.066,-1e-06,0.495,0.032,-0.008645,-0.288,0,1779002514
NMRUSDT,crypto,1777334400,22.87,2.26,0.286,8.895,-1.626,5e-05,0.323,0.032,-0.013652,0.191,0,1779002514
NMRUSDT,crypto,1777420800,27.47,2.78,0.343,8.897,0.022,-1e-06,0.428,0.032,-0.028788,-1.068,0,1779002514
NMRUSDT,crypto,1777507200,24.0,2.09,0.3,8.817,-0.899,4.8e-05,0.29,0.032,0.006865,0.465,0,1779002514
NMRUSDT,crypto,1777593600,29.76,2.64,0.372,8.972,1.758,5e-05,0.27,0.065,-0.000985,-0.045,0,1779002514
NMRUSDT,crypto,1777680000,28.18,3.27,0.352,9.016,0.49,-1.9e-05,0.267,0.097,-0.007503,-0.222,0,1779002514
NMRUSDT,crypto,1777766400,24.85,3.42,0.311,8.912,-1.154,5e-05,0.297,0.097,0.000968,2.839,0,1779002514
NMRUSDT,crypto,1777852800,26.77,3.67,0.335,8.802,-1.234,-9e-06,0.604,0.032,0.007991,3.102,1,1779002514
NMRUSDT,crypto,1777939200,31.71,4.4,0.396,8.858,0.636,4.3e-05,0.751,0.032,-0.000732,4.245,1,1779002514
NMRUSDT,crypto,1778025600,32.56,4.24,0.407,8.968,1.242,5e-05,0.719,0.032,-0.016757,5.263,1,1779002514
NMRUSDT,crypto,1778112000,30.48,4.45,0.381,8.996,0.312,5e-05,0.631,0.065,0.02256,2.746,0,1779002514
NMRUSDT,crypto,1778198400,32.02,3.33,0.4,9.165,1.879,5e-05,0.536,0.032,-0.012651,-3.164,-1,1779002514
NMRUSDT,crypto,1778284800,27.34,3.85,0.342,9.075,-0.982,5e-05,0.641,0.032,-0.007155,-0.474,0,1779002514
NMRUSDT,crypto,1778371200,34.58,4.73,0.432,9.234,1.752,5e-05,0.818,0.032,-0.015109,2.404,0,1779002514
NMRUSDT,crypto,1778457600,47.36,10.65,0.592,9.44,2.231,5e-05,2.351,0.032,0.003177,8.305,1,1779002514
NMRUSDT,crypto,1778544000,27.37,5.29,0.342,9.243,-2.087,5e-05,0.801,0.065,0.003652,10.549,1,1779002514
FFUSDT,crypto,1762214400,55.7,24.34,0.696,0.11973,2.263,0.0,0.867,1.0,0.0,9.972,1,1779002515
FFUSDT,crypto,1762300800,50.04,23.13,0.625,0.12049,0.635,0.0,0.627,1.0,0.0,17.047,1,1779002515
FFUSDT,crypto,1762387200,33.04,22.77,0.413,0.11017,-8.565,0.0,0.554,1.0,0.0,13.906,1,1779002515
FFUSDT,crypto,1762473600,63.0,22.75,0.788,0.12285,11.509,0.0,0.55,1.0,0.0,6.072,1,1779002515
FFUSDT,crypto,1762560000,57.77,16.8,0.722,0.13208,7.513,0.0,0.694,0.667,0.0,-0.235,0,1779002515
FFUSDT,crypto,1762646400,39.63,16.02,0.495,0.13167,-0.31,0.0,0.346,0.714,0.0,3.547,1,1779002515
FFUSDT,crypto,1762732800,54.74,14.01,0.684,0.14103,7.109,0.0,0.802,0.5,0.0,-8.083,-1,1779002515
FFUSDT,crypto,1762819200,24.77,15.3,0.31,0.12549,-11.019,0.0,0.394,0.667,0.0,2.0,0,1779002515
FFUSDT,crypto,1762905600,43.42,11.62,0.543,0.13031,3.841,0.0,0.324,0.5,0.0,-2.74,0,1779002515
FFUSDT,crypto,1762992000,37.73,8.31,0.472,0.13177,1.12,0.0,0.935,0.182,0.0,8.826,1,1779002515
FFUSDT,crypto,1763078400,39.47,5.85,0.493,0.13634,3.468,0.0,0.837,0.083,0.0,6.176,1,1779002515
FFUSDT,crypto,1763164800,19.04,3.96,0.238,0.12963,-4.922,0.0,0.484,0.077,0.0,4.011,1,1779002515
FFUSDT,crypto,1763251200,26.28,3.86,0.329,0.128,-1.257,0.0,0.487,0.071,0.0,-0.852,0,1779002515
FFUSDT,crypto,1763337600,26.29,3.55,0.329,0.12674,-0.984,0.0,0.442,0.067,0.0,-0.252,0,1779002515
FFUSDT,crypto,1763424000,52.57,8.16,0.657,0.1434,13.145,0.0,1.382,0.062,0.0,-11.053,-1,1779002515
FFUSDT,crypto,1763510400,33.82,5.89,0.423,0.14476,0.948,0.0,0.707,0.118,0.0,-7.544,-1,1779002515
FFUSDT,crypto,1763596800,17.82,6.18,0.223,0.13483,-6.86,0.0,0.57,0.167,0.0,-2.566,0,1779002515
FFUSDT,crypto,1763683200,24.48,8.44,0.306,0.12691,-5.874,0.0,1.057,0.158,0.0,5.398,1,1779002515
FFUSDT,crypto,1763769600,29.19,4.73,0.365,0.12642,-0.386,0.0,0.546,0.1,0.0,4.778,1,1779002515
FFUSDT,crypto,1763856000,29.59,3.6,0.37,0.12755,0.894,0.0,0.339,0.095,0.0,-9.094,-1,1779002515
FFUSDT,crypto,1763942400,38.35,3.45,0.479,0.13384,4.931,0.0,0.508,0.045,0.0,-13.329,-1,1779002515
FFUSDT,crypto,1764028800,23.44,2.75,0.293,0.13137,-1.845,0.0,0.376,0.043,0.0,-12.689,-1,1779002515
FFUSDT,crypto,1764115200,32.22,3.46,0.403,0.13376,1.819,0.0,0.525,0.042,0.0,-20.133,-1,1779002515
FFUSDT,crypto,1764201600,25.22,2.73,0.315,0.13246,-0.972,0.0,0.387,0.04,0.0,-12.645,-1,1779002515
FFUSDT,crypto,1764288000,17.68,6.24,0.221,0.11595,-12.464,0.0,0.787,0.115,0.0,8.09,1,1779002515
FFUSDT,crypto,1764374400,32.7,6.54,0.409,0.116,0.043,0.0,0.715,0.148,0.0,-0.164,0,1779002515
FFUSDT,crypto,1764460800,29.61,6.82,0.37,0.1147,-1.121,0.0,0.507,0.214,0.0,0.139,0,1779002515
FFUSDT,crypto,1764547200,30.77,16.17,0.385,0.10683,-6.861,0.0,1.165,0.517,0.0,6.066,1,1779002515
FFUSDT,crypto,1764633600,54.81,14.32,0.685,0.11571,8.312,0.0,0.598,0.567,0.0,-3.69,-1,1779002515
FFUSDT,crypto,1764720000,57.05,15.26,0.713,0.12533,8.314,0.0,0.858,0.548,0.0,-8.769,-1,1779002515
FFUSDT,crypto,1764806400,27.08,15.92,0.339,0.11581,-7.596,0.0,0.732,0.613,0.0,2.211,0,1779002515
FFUSDT,crypto,1764892800,41.82,16.93,0.523,0.11486,-0.82,0.0,0.806,0.645,0.0,0.305,0,1779002515
FFUSDT,crypto,1764979200,36.58,15.16,0.457,0.11331,-1.349,0.0,0.323,0.677,0.0,2.409,0,1779002515
FFUSDT,crypto,1765065600,39.38,17.19,0.492,0.11144,-1.65,0.0,0.599,0.71,0.0,2.055,0,1779002515
FFUSDT,crypto,1765152000,45.89,15.87,0.574,0.11434,2.602,0.0,0.464,0.677,0.0,0.507,0,1779002515
FFUSDT,crypto,1765238400,45.76,12.94,0.572,0.11837,3.525,0.0,0.653,0.484,0.0,-9.056,-1,1779002515
FFUSDT,crypto,1765324800,29.93,10.26,0.374,0.11521,-2.67,0.0,0.503,0.387,0.0,-12.924,-1,1779002515
FFUSDT,crypto,1765411200,37.34,10.25,0.467,0.11604,0.72,0.0,0.63,0.355,0.0,-11.918,-1,1779002515
FFUSDT,crypto,1765497600,32.24,10.73,0.403,0.11373,-1.991,0.0,0.598,0.387,0.0,-17.049,-1,1779002515
FFUSDT,crypto,1765584000,34.92,8.39,0.436,0.11492,1.046,0.0,0.387,0.323,0.0,-20.51,-1,1779002515
FFUSDT,crypto,1765670400,22.28,9.44,0.278,0.10765,-6.326,0.0,0.598,0.323,0.0,-11.528,-1,1779002515
FFUSDT,crypto,1765756800,25.03,11.62,0.313,0.10032,-6.809,0.0,0.906,0.355,0.0,-5.841,-1,1779002515
FFUSDT,crypto,1765843200,40.2,9.55,0.502,0.10221,1.884,0.0,0.877,0.258,0.0,-8.101,-1,1779002515
FFUSDT,crypto,1765929600,22.65,10.48,0.283,0.09434,-7.7,0.0,0.934,0.29,0.0,2.162,0,1779002515
FFUSDT,crypto,1766016000,41.17,20.25,0.515,0.09135,-3.169,0.0,0.952,0.774,0.0,2.441,0,1779002515
FFUSDT,crypto,1766102400,55.76,21.4,0.697,0.09524,4.258,0.0,0.667,0.903,0.0,-1.512,0,1779002515
FFUSDT,crypto,1766188800,46.88,22.69,0.586,0.09446,-0.819,0.0,0.667,0.968,0.0,-0.095,0,1779002515
FFUSDT,crypto,1766275200,49.15,23.89,0.614,0.09393,-0.561,0.0,0.777,1.0,0.0,2.193,0,1779002515
FFUSDT,crypto,1766361600,53.31,22.79,0.666,0.09638,2.608,0.0,0.559,1.0,0.0,-0.374,0,1779002515
FFUSDT,crypto,1766448000,40.36,21.19,0.504,0.09358,-2.905,0.0,0.496,0.935,0.0,-0.673,0,1779002515
FFUSDT,crypto,1766534400,47.52,21.95,0.594,0.0938,0.235,0.0,0.52,0.968,0.0,-5.821,-1,1779002515
FFUSDT,crypto,1766620800,50.84,23.24,0.635,0.09437,0.608,0.0,0.777,0.968,0.0,-8.488,-1,1779002515
FFUSDT,crypto,1766707200,50.83,21.8,0.635,0.09599,1.717,0.0,0.619,0.935,0.0,-10.209,-1,1779002515
FFUSDT,crypto,1766793600,44.67,19.77,0.558,0.09602,0.031,0.0,0.469,0.871,0.0,-7.405,-1,1779002515
FFUSDT,crypto,1766880000,36.33,18.18,0.454,0.09295,-3.197,0.0,0.41,0.806,0.0,3.583,1,1779002515
FFUSDT,crypto,1766966400,37.54,19.9,0.469,0.08834,-4.96,0.0,1.012,0.742,0.0,7.833,1,1779002515
FFUSDT,crypto,1767052800,40.75,17.82,0.509,0.08636,-2.241,0.0,0.983,0.645,0.0,10.271,1,1779002515
FFUSDT,crypto,1767139200,46.25,17.23,0.578,0.08619,-0.197,0.0,1.382,0.516,0.0,13.25,1,1779002515
FFUSDT,crypto,1767225600,39.41,8.2,0.493,0.08891,3.156,0.0,0.48,0.29,0.0,11.124,1,1779002515
FFUSDT,crypto,1767312000,57.76,10.45,0.722,0.09628,8.289,0.0,1.961,0.032,0.0,-6.066,-1,1779002515
FFUSDT,crypto,1767398400,30.21,5.23,0.378,0.09526,-1.059,0.0,0.918,0.032,0.0,-7.012,-1,1779002515
FFUSDT,crypto,1767484800,29.96,4.08,0.374,0.09523,-0.031,0.0,0.687,0.032,0.0,-7.823,-1,1779002515
FFUSDT,crypto,1767571200,42.59,7.87,0.532,0.09761,2.499,0.0,1.445,0.032,0.0,-10.153,-1,1779002515
FFUSDT,crypto,1767657600,40.21,8.28,0.503,0.0988,1.219,0.0,1.398,0.065,0.0,-10.597,-1,1779002515
FFUSDT,crypto,1767744000,23.04,8.74,0.288,0.09044,-8.462,0.0,1.361,0.097,0.0,-5.683,-1,1779002515
FFUSDT,crypto,1767830400,31.44,7.81,0.393,0.08858,-2.057,0.0,1.047,0.129,0.0,1.716,0,1779002515
FFUSDT,crypto,1767916800,31.48,7.33,0.393,0.08778,-0.903,0.0,0.691,0.194,0.0,1.686,0,1779002515
FFUSDT,crypto,1768003200,34.58,8.71,0.432,0.0877,-0.091,0.0,0.71,0.258,0.0,-0.582,0,1779002515
FFUSDT,crypto,1768089600,35.69,8.78,0.446,0.08833,0.718,0.0,0.595,0.29,0.0,0.419,0,1779002515
FFUSDT,crypto,1768176000,30.69,10.75,0.384,0.0853,-3.43,0.0,0.86,0.323,0.0,2.532,0,1779002515
FFUSDT,crypto,1768262400,48.06,10.38,0.601,0.0901,5.627,0.0,0.786,0.323,0.0,-11.221,-1,1779002515
FFUSDT,crypto,1768348800,37.93,11.88,0.474,0.08926,-0.932,0.0,1.085,0.323,0.0,-8.111,-1,1779002515
FFUSDT,crypto,1768435200,36.42,12.5,0.455,0.08719,-2.319,0.0,1.211,0.323,0.0,-7.73,-1,1779002515
FFUSDT,crypto,1768521600,43.11,11.8,0.539,0.0887,1.732,0.0,1.069,0.323,0.0,-4.656,-1,1779002515
FFUSDT,crypto,1768608000,31.92,9.66,0.399,0.08746,-1.398,0.0,0.512,0.355,0.0,0.16,0,1779002515
FFUSDT,crypto,1768694400,27.7,15.26,0.346,0.07999,-8.541,0.0,0.988,0.516,0.0,9.639,1,1779002515
FFUSDT,crypto,1768780800,59.19,21.61,0.74,0.08202,2.538,0.0,2.161,0.581,0.0,8.986,1,1779002515
FFUSDT,crypto,1768867200,50.93,22.26,0.637,0.08045,-1.914,0.0,4.128,0.613,0.0,9.571,1,1779002515
FFUSDT,crypto,1768953600,61.23,20.7,0.765,0.08457,5.121,0.0,1.558,0.645,0.0,11.647,1,1779002515
FFUSDT,crypto,1769040000,51.24,16.92,0.64,0.0876,3.583,0.0,0.931,0.613,0.0,1.884,0,1779002515
FFUSDT,crypto,1769126400,44.38,16.96,0.555,0.0877,0.114,0.0,0.94,0.613,0.0,-1.517,0,1779002515
FFUSDT,crypto,1769212800,42.66,13.64,0.533,0.08939,1.927,0.0,0.534,0.548,0.0,-1.779,0,1779002515
FFUSDT,crypto,1769299200,37.48,12.75,0.468,0.08815,-1.387,0.0,1.001,0.387,0.0,-4.765,-1,1779002515
FFUSDT,crypto,1769385600,52.66,9.26,0.658,0.09442,7.113,0.0,1.335,0.129,0.0,-13.482,-1,1779002515
FFUSDT,crypto,1769472000,22.34,6.69,0.279,0.08925,-5.476,0.0,0.821,0.129,0.0,-11.182,-1,1779002515
FFUSDT,crypto,1769558400,27.23,6.88,0.34,0.08637,-3.227,0.0,0.861,0.129,0.0,-7.931,-1,1779002515
FFUSDT,crypto,1769644800,40.7,9.06,0.509,0.0878,1.656,0.0,1.166,0.161,0.0,-12.346,-1,1779002515
FFUSDT,crypto,1769731200,29.88,10.66,0.374,0.08395,-4.385,0.0,1.099,0.258,0.0,-8.172,-1,1779002515
FFUSDT,crypto,1769817600,36.33,13.15,0.454,0.08169,-2.692,0.0,1.212,0.355,0.0,-8.373,-1,1779002515
FFUSDT,crypto,1769904000,40.05,17.87,0.501,0.07927,-2.962,0.0,1.122,0.613,0.0,4.491,1,1779002515
FFUSDT,crypto,1769990400,47.88,20.12,0.599,0.07952,0.315,0.0,0.927,0.774,0.0,3.395,1,1779002515
FFUSDT,crypto,1770076800,42.78,21.75,0.535,0.07696,-3.219,0.0,0.994,0.839,0.0,4.899,1,1779002515
FFUSDT,crypto,1770163200,48.95,22.09,0.612,0.07709,0.169,0.0,0.805,0.903,0.0,3.269,1,1779002515
FFUSDT,crypto,1770249600,56.69,30.0,0.709,0.07485,-2.906,0.0,2.023,1.0,0.0,5.438,1,1779002515
FFUSDT,crypto,1770336000,74.08,27.97,0.926,0.08283,10.661,0.0,1.722,0.968,0.0,-3.948,-1,1779002515
FFUSDT,crypto,1770422400,45.01,21.02,0.563,0.08222,-0.736,0.0,0.592,0.903,0.0,-0.9,0,1779002515
FFUSDT,crypto,1770508800,41.46,20.33,0.518,0.08073,-1.812,0.0,0.452,0.903,0.0,0.619,0,1779002515
FFUSDT,crypto,1770595200,43.02,21.32,0.538,0.07961,-1.387,0.0,0.394,0.968,0.0,3.015,1,1779002515
FFUSDT,crypto,1770681600,45.14,22.19,0.564,0.07892,-0.867,0.0,0.437,1.0,0.0,0.976,0,1779002515
FFUSDT,crypto,1770768000,48.67,21.95,0.608,0.07956,0.811,0.0,0.52,0.968,0.0,3.155,1,1779002515
FFUSDT,crypto,1770854400,50.27,20.5,0.628,0.08148,2.413,0.0,0.488,0.903,0.0,-1.546,0,1779002515
FFUSDT,crypto,1770940800,40.37,16.01,0.505,0.08123,-0.307,0.0,0.493,0.677,0.0,-1.908,0,1779002515
FFUSDT,crypto,1771027200,41.99,14.59,0.525,0.08201,0.96,0.0,0.596,0.581,0.0,-3.0,0,1779002515
FFUSDT,crypto,1771113600,33.87,10.77,0.423,0.07969,-2.829,0.0,1.251,0.226,0.0,-1.154,0,1779002515
FFUSDT,crypto,1771200000,36.52,4.35,0.457,0.08207,2.987,0.0,0.74,0.032,0.0,-3.302,-1,1779002515
FFUSDT,crypto,1771286400,23.97,3.31,0.3,0.08022,-2.254,0.0,0.533,0.032,0.0,-1.247,0,1779002515
FFUSDT,crypto,1771372800,27.31,3.4,0.341,0.07968,-0.673,0.0,0.551,0.032,0.0,-3.69,-1,1779002515
FFUSDT,crypto,1771459200,27.37,2.92,0.342,0.07955,-0.163,0.0,0.455,0.032,0.0,-0.339,0,1779002515
FFUSDT,crypto,1771545600,26.75,3.43,0.334,0.07877,-0.981,0.0,0.557,0.032,0.0,1.346,0,1779002515
FFUSDT,crypto,1771632000,30.1,3.37,0.376,0.07936,0.749,0.0,0.546,0.032,0.0,3.591,1,1779002515
FFUSDT,crypto,1771718400,28.13,3.96,0.352,0.07922,-0.176,0.0,0.405,0.097,0.0,-0.732,0,1779002515
FFUSDT,crypto,1771804800,26.55,6.44,0.332,0.07674,-3.131,0.0,0.773,0.129,0.0,4.626,1,1779002515
FFUSDT,crypto,1771891200,38.17,4.85,0.477,0.07928,3.31,0.0,0.84,0.032,0.0,-0.605,0,1779002515
FFUSDT,crypto,1771977600,37.91,7.33,0.474,0.07983,0.694,0.0,1.338,0.032,0.0,-2.768,0,1779002515
FFUSDT,crypto,1772064000,43.15,7.66,0.539,0.08221,2.981,0.0,1.404,0.032,0.0,-10.777,-1,1779002515
FFUSDT,crypto,1772150400,24.68,5.75,0.308,0.07864,-4.343,0.0,1.022,0.032,0.0,-6.295,-1,1779002515
FFUSDT,crypto,1772236800,43.05,8.5,0.538,0.08029,2.098,0.0,1.571,0.032,0.0,-10.001,-1,1779002515
FFUSDT,crypto,1772323200,29.78,6.46,0.372,0.0788,-1.856,0.0,0.906,0.097,0.0,-6.053,-1,1779002515
FFUSDT,crypto,1772409600,30.57,7.14,0.382,0.07762,-1.497,0.0,0.783,0.161,0.0,0.283,0,1779002515
FFUSDT,crypto,1772496000,39.88,18.39,0.499,0.07335,-5.501,0.0,2.511,0.419,0.0,-1.813,0,1779002515
FFUSDT,crypto,1772582400,53.1,19.68,0.664,0.07369,0.464,0.0,2.277,0.484,0.0,-2.402,0,1779002515
FFUSDT,crypto,1772668800,42.89,17.62,0.536,0.07226,-1.941,0.0,1.331,0.548,0.0,4.276,1,1779002515
FFUSDT,crypto,1772755200,48.83,16.52,0.61,0.07403,2.449,0.0,0.982,0.581,0.0,-0.081,0,1779002515
FFUSDT,crypto,1772841600,64.41,21.61,0.805,0.07784,5.147,0.0,2.275,0.581,0.0,-5.344,-1,1779002515
FFUSDT,crypto,1772928000,41.09,23.55,0.514,0.07202,-7.477,0.0,2.594,0.677,0.0,2.902,0,1779002515
FFUSDT,crypto,1773014400,55.06,23.52,0.688,0.07192,-0.139,0.0,1.865,0.71,0.0,2.266,0,1779002515
FFUSDT,crypto,1773100800,57.56,19.86,0.719,0.07535,4.769,0.0,1.132,0.71,0.0,-1.566,0,1779002515
FFUSDT,crypto,1773187200,39.37,18.01,0.492,0.07397,-1.831,0.0,0.505,0.774,0.0,1.933,0,1779002515
FFUSDT,crypto,1773273600,41.46,17.94,0.518,0.07368,-0.392,0.0,0.361,0.806,0.0,0.774,0,1779002515
FFUSDT,crypto,1773360000,44.92,18.69,0.562,0.07411,0.584,0.0,0.513,0.806,0.0,-2.145,0,1779002515
FFUSDT,crypto,1773446400,39.93,17.53,0.499,0.07355,-0.756,0.0,0.281,0.806,0.0,-4.473,-1,1779002515
FFUSDT,crypto,1773532800,44.63,18.93,0.558,0.07417,0.843,0.0,0.302,0.871,0.0,-4.854,-1,1779002515
FFUSDT,crypto,1773619200,43.76,16.07,0.547,0.0754,1.658,0.0,0.375,0.71,0.0,-6.605,-1,1779002515
FFUSDT,crypto,1773705600,38.57,16.66,0.482,0.07425,-1.525,0.0,0.493,0.71,0.0,-3.677,-1,1779002515
FFUSDT,crypto,1773792000,35.82,14.15,0.448,0.07252,-2.33,0.0,0.766,0.516,0.0,0.179,0,1779002515
FFUSDT,crypto,1773878400,38.39,16.55,0.48,0.07026,-3.116,0.0,1.116,0.548,0.0,1.95,0,1779002515
FFUSDT,crypto,1773964800,43.47,15.2,0.543,0.07057,0.441,0.0,0.976,0.516,0.0,1.644,0,1779002515
FFUSDT,crypto,1774051200,35.59,11.27,0.445,0.07042,-0.213,0.0,0.448,0.452,0.0,0.511,0,1779002515
FFUSDT,crypto,1774137600,42.72,12.42,0.534,0.07152,1.562,0.0,0.936,0.387,0.0,-0.601,0,1779002515
FFUSDT,crypto,1774224000,40.2,11.14,0.502,0.07265,1.58,0.0,0.679,0.387,0.0,-2.808,0,1779002515
FFUSDT,crypto,1774310400,39.67,14.18,0.496,0.07163,-1.404,0.0,1.159,0.419,0.0,-2.429,0,1779002515
FFUSDT,crypto,1774396800,38.14,11.87,0.477,0.07173,0.14,0.0,0.697,0.419,0.0,-2.635,0,1779002515
FFUSDT,crypto,1774483200,33.79,11.16,0.422,0.07078,-1.324,0.0,0.556,0.419,0.0,-1.003,0,1779002515
FFUSDT,crypto,1774569600,32.69,6.91,0.409,0.07109,0.438,0.0,0.48,0.226,0.0,-0.746,0,1779002515
FFUSDT,crypto,1774656000,31.07,7.22,0.388,0.07061,-0.675,0.0,0.541,0.226,0.0,-1.09,0,1779002515
FFUSDT,crypto,1774742400,29.93,6.99,0.374,0.06989,-1.02,0.0,0.495,0.226,0.0,-1.087,0,1779002515
FFUSDT,crypto,1774828800,37.17,9.34,0.465,0.06984,-0.072,0.0,1.095,0.194,0.0,0.315,0,1779002515
FFUSDT,crypto,1774915200,33.13,6.92,0.414,0.07007,0.329,0.0,0.61,0.194,0.0,-0.257,0,1779002515
FFUSDT,crypto,1775001600,34.18,6.43,0.427,0.07056,0.699,0.0,0.77,0.129,0.0,0.779,0,1779002515
FFUSDT,crypto,1775088000,31.39,6.43,0.392,0.06984,-1.02,0.0,0.899,0.097,0.0,2.405,0,1779002515
FFUSDT,crypto,1775174400,29.4,5.76,0.368,0.06913,-1.017,0.0,0.635,0.129,0.0,2.401,0,1779002515
FFUSDT,crypto,1775260800,35.91,5.68,0.449,0.07006,1.345,0.0,1.008,0.032,0.0,1.285,0,1779002515
FFUSDT,crypto,1775347200,30.59,4.61,0.382,0.06989,-0.243,0.0,0.793,0.032,0.0,54.529,1,1779002515
FFUSDT,crypto,1775433600,36.98,5.82,0.462,0.07111,1.746,0.0,1.035,0.032,0.0,24.075,1,1779002515
FFUSDT,crypto,1775520000,36.15,6.57,0.452,0.07152,0.577,0.0,1.185,0.032,0.0,10.221,1,1779002515
FFUSDT,crypto,1775606400,31.98,6.08,0.4,0.07079,-1.021,0.0,1.087,0.032,0.0,12.841,1,1779002515
FFUSDT,crypto,1775692800,43.22,10.77,0.54,0.07096,0.24,0.0,1.895,0.065,0.0,10.879,1,1779002515
FFUSDT,crypto,1775779200,77.5,30.0,0.969,0.108,52.198,0.0,64.938,1.0,0.0,-29.315,-1,1779002515
FFUSDT,crypto,1775865600,47.5,30.0,0.594,0.08823,-18.306,0.0,13.263,1.0,0.0,-14.746,-1,1779002515
FFUSDT,crypto,1775952000,47.5,30.0,0.594,0.07883,-10.654,0.0,2.436,1.0,0.0,-5.391,-1,1779002515
FFUSDT,crypto,1776038400,60.14,27.49,0.752,0.07988,1.332,0.0,1.498,1.0,0.0,-9.752,-1,1779002515
FFUSDT,crypto,1776124800,45.17,22.64,0.565,0.07868,-1.502,5e-05,0.657,0.968,0.0,-8.071,-1,1779002515
FFUSDT,crypto,1776211200,38.59,19.71,0.482,0.07634,-2.974,-1e-05,0.457,0.871,0.0,-1.912,0,1779002515
FFUSDT,crypto,1776297600,40.1,18.78,0.501,0.07522,-1.467,5e-05,0.401,0.839,0.0,0.213,0,1779002515
FFUSDT,crypto,1776384000,39.49,17.51,0.494,0.07458,-0.851,4.1e-05,0.277,0.806,0.0,-0.496,0,1779002515
FFUSDT,crypto,1776470400,34.6,17.06,0.432,0.07209,-3.339,-2.6e-05,0.316,0.774,0.0,0.069,0,1779002515
FFUSDT,crypto,1776556800,40.52,16.22,0.506,0.07233,0.333,5e-05,0.276,0.742,0.006145,-0.263,0,1779002515
FFUSDT,crypto,1776643200,45.86,15.38,0.573,0.07488,3.526,5e-05,0.237,0.71,0.058823,-7.385,-1,1779002515
FFUSDT,crypto,1776729600,38.75,14.36,0.484,0.07538,0.668,5e-05,0.162,0.677,0.022591,-7.84,-1,1779002515
FFUSDT,crypto,1776816000,32.76,12.94,0.41,0.07421,-1.552,5e-05,0.136,0.613,-0.006798,-11.319,-1,1779002515
FFUSDT,crypto,1776902400,30.01,12.47,0.375,0.07214,-2.789,5e-05,0.172,0.581,-0.010705,-8.428,-1,1779002515
FFUSDT,crypto,1776988800,34.67,11.69,0.433,0.07214,0.0,5e-05,0.145,0.548,0.00289,-11.741,-1,1779002515
FFUSDT,crypto,1777075200,28.05,12.25,0.351,0.06935,-3.867,5e-05,0.257,0.548,-0.005674,-9.402,-1,1779002515
FFUSDT,crypto,1777161600,36.06,12.44,0.451,0.06947,0.173,1.1e-05,0.166,0.581,0.014717,-9.011,-1,1779002515
FFUSDT,crypto,1777248000,29.04,15.16,0.363,0.06581,-5.268,-6.2e-05,0.322,0.677,-0.004094,-4.711,-1,1779002515
FFUSDT,crypto,1777334400,40.01,15.63,0.5,0.06606,0.38,-6.5e-05,0.158,0.742,0.007072,-6.252,-1,1779002515
FFUSDT,crypto,1777420800,37.32,21.15,0.466,0.06367,-3.618,5e-05,0.23,1.0,0.000338,-2.843,0,1779002515
FFUSDT,crypto,1777507200,29.01,8.11,0.363,0.06283,-1.319,-5e-06,0.202,0.355,-0.023296,-0.764,0,1779002515
FFUSDT,crypto,1777593600,32.35,7.67,0.404,0.06321,0.605,5e-05,0.244,0.323,-0.002575,0.396,0,1779002515
FFUSDT,crypto,1777680000,29.48,7.63,0.369,0.06271,-0.791,5e-05,0.236,0.323,0.006088,3.588,1,1779002515
FFUSDT,crypto,1777766400,29.45,7.97,0.368,0.06193,-1.244,1e-05,0.304,0.323,0.006788,6.685,1,1779002515
FFUSDT,crypto,1777852800,33.81,8.48,0.423,0.06186,-0.113,5e-05,0.663,0.258,0.007564,4.025,1,1779002515
FFUSDT,crypto,1777939200,33.49,7.09,0.419,0.06235,0.792,5e-05,0.514,0.226,-0.003728,4.796,1,1779002515
FFUSDT,crypto,1778025600,40.7,9.38,0.509,0.06346,1.78,5e-05,1.102,0.194,-0.002535,11.787,1,1779002515
FFUSDT,crypto,1778112000,40.52,8.06,0.507,0.06496,2.364,5e-05,1.096,0.129,0.003896,20.782,1,1779002515
FFUSDT,crypto,1778198400,34.97,5.62,0.437,0.06607,1.709,5e-05,0.736,0.097,-0.024228,27.819,1,1779002515
FFUSDT,crypto,1778284800,24.65,4.45,0.308,0.06435,-2.603,5e-05,0.631,0.065,-0.024358,22.207,1,1779002515
FFUSDT,crypto,1778371200,31.72,3.52,0.397,0.06534,1.538,5e-05,0.575,0.032,-0.007909,36.134,1,1779002515
FFUSDT,crypto,1778457600,57.9,10.65,0.724,0.07094,8.571,5e-05,6.572,0.032,-0.000904,25.585,1,1779002515
FFUSDT,crypto,1778544000,59.19,11.94,0.74,0.07846,10.601,5e-05,5.225,0.097,0.140411,9.839,1,1779002515
ENAUSDT,crypto,1762214400,49.04,27.63,0.613,0.3183,-4.357,0.0,1.525,1.0,0.0,2.608,0,1779002515
ENAUSDT,crypto,1762300800,59.78,24.37,0.747,0.3319,4.273,0.0,0.874,1.0,0.0,2.29,0,1779002515
ENAUSDT,crypto,1762387200,37.52,24.35,0.469,0.3092,-6.839,0.0,0.87,1.0,0.0,-0.097,0,1779002515
ENAUSDT,crypto,1762473600,70.13,26.31,0.877,0.3338,7.956,0.0,1.263,1.0,0.0,-7.969,-1,1779002515
ENAUSDT,crypto,1762560000,41.74,23.64,0.522,0.3204,-4.014,0.0,0.727,1.0,0.0,-9.238,-1,1779002515
ENAUSDT,crypto,1762646400,53.44,23.54,0.668,0.3266,1.935,0.0,0.707,1.0,0.0,-15.34,-1,1779002515
ENAUSDT,crypto,1762732800,62.06,25.83,0.776,0.3395,3.95,0.0,1.166,1.0,0.0,-18.851,-1,1779002515
ENAUSDT,crypto,1762819200,38.58,25.54,0.482,0.3089,-9.013,0.0,1.108,1.0,0.0,-11.007,-1,1779002515
ENAUSDT,crypto,1762905600,52.49,25.55,0.656,0.3072,-0.55,0.0,1.11,1.0,0.0,-15.462,-1,1779002515
ENAUSDT,crypto,1762992000,43.27,25.72,0.541,0.2908,-5.339,0.0,1.145,1.0,0.0,-4.539,-1,1779002515
ENAUSDT,crypto,1763078400,45.42,26.38,0.568,0.2765,-4.917,0.0,1.275,1.0,0.0,-2.785,0,1779002515
ENAUSDT,crypto,1763164800,42.55,17.31,0.532,0.2755,-0.362,0.0,0.692,0.692,0.0,-8.058,-1,1779002515
ENAUSDT,crypto,1763251200,39.57,12.32,0.495,0.2749,-0.218,0.0,1.036,0.357,0.0,-13.714,-1,1779002515
ENAUSDT,crypto,1763337600,29.13,11.51,0.364,0.2597,-5.529,0.0,1.236,0.267,0.0,-10.32,-1,1779002515
ENAUSDT,crypto,1763424000,49.69,8.58,0.621,0.2776,6.893,0.0,0.966,0.188,0.0,-14.733,-1,1779002515
ENAUSDT,crypto,1763510400,29.31,8.34,0.366,0.2688,-3.17,0.0,0.962,0.176,0.0,-1.86,0,1779002515
ENAUSDT,crypto,1763596800,22.62,6.94,0.283,0.2533,-5.766,0.0,0.944,0.111,0.0,11.883,1,1779002515
ENAUSDT,crypto,1763683200,30.48,11.4,0.381,0.2372,-6.356,0.0,1.859,0.105,0.0,18.212,1,1779002515
ENAUSDT,crypto,1763769600,27.3,5.21,0.341,0.2329,-1.813,0.0,0.643,0.1,0.0,22.628,1,1779002515
ENAUSDT,crypto,1763856000,35.25,7.13,0.441,0.2367,1.632,0.0,0.473,0.238,0.0,19.096,1,1779002515
ENAUSDT,crypto,1763942400,53.16,10.56,0.665,0.2638,11.449,0.0,1.021,0.273,0.0,7.43,1,1779002515
ENAUSDT,crypto,1764028800,51.53,8.39,0.644,0.2834,7.43,0.0,1.156,0.13,0.0,-8.751,-1,1779002515
ENAUSDT,crypto,1764115200,33.89,7.59,0.424,0.2804,-1.059,0.0,1.184,0.083,0.0,-13.409,-1,1779002515
ENAUSDT,crypto,1764201600,34.48,4.94,0.431,0.2856,1.854,0.0,0.667,0.08,0.0,-5.672,-1,1779002515
ENAUSDT,crypto,1764288000,28.27,4.56,0.353,0.2819,-1.296,0.0,0.759,0.038,0.0,5.321,1,1779002515
ENAUSDT,crypto,1764374400,28.46,2.82,0.356,0.2834,0.532,0.0,0.416,0.037,0.0,0.0,0,1779002515
ENAUSDT,crypto,1764460800,17.24,5.23,0.215,0.2586,-8.751,0.0,0.902,0.036,0.0,0.464,0,1779002515
ENAUSDT,crypto,1764547200,23.46,6.94,0.293,0.2428,-6.11,0.0,1.249,0.034,0.0,7.949,1,1779002515
ENAUSDT,crypto,1764633600,50.71,6.94,0.634,0.2694,10.956,0.0,1.254,0.033,0.0,-0.78,0,1779002515
ENAUSDT,crypto,1764720000,49.5,6.64,0.619,0.2969,10.208,0.0,1.07,0.065,0.0,-8.252,-1,1779002515
ENAUSDT,crypto,1764806400,23.61,6.07,0.295,0.2834,-4.547,0.0,0.827,0.097,0.0,-1.447,0,1779002515
ENAUSDT,crypto,1764892800,21.48,8.28,0.269,0.2598,-8.327,0.0,1.14,0.129,0.0,-0.192,0,1779002515
ENAUSDT,crypto,1764979200,30.6,4.13,0.383,0.2621,0.885,0.0,0.439,0.097,0.0,1.03,0,1779002515
ENAUSDT,crypto,1765065600,37.13,6.3,0.464,0.2673,1.984,0.0,0.873,0.097,0.0,-7.183,-1,1779002515
ENAUSDT,crypto,1765152000,36.83,6.22,0.46,0.2724,1.908,0.0,0.858,0.097,0.0,-9.361,-1,1779002515
ENAUSDT,crypto,1765238400,41.87,9.08,0.523,0.2793,2.533,0.0,1.043,0.194,0.0,-16.112,-1,1779002515
ENAUSDT,crypto,1765324800,20.85,7.3,0.261,0.2593,-7.161,0.0,1.073,0.097,0.0,-15.735,-1,1779002515
ENAUSDT,crypto,1765411200,36.37,5.14,0.455,0.2648,2.121,0.0,0.898,0.032,0.0,-17.598,-1,1779002515
ENAUSDT,crypto,1765497600,19.12,4.94,0.239,0.2481,-6.307,0.0,0.858,0.032,0.0,-17.694,-1,1779002515
ENAUSDT,crypto,1765584000,27.06,3.09,0.338,0.2469,-0.484,0.0,0.488,0.032,0.0,-20.008,-1,1779002515
ENAUSDT,crypto,1765670400,21.07,5.35,0.263,0.2343,-5.103,0.0,0.684,0.097,0.0,-10.755,-1,1779002515
ENAUSDT,crypto,1765756800,30.53,15.27,0.382,0.2185,-6.743,0.0,1.248,0.452,0.0,-2.838,0,1779002515
ENAUSDT,crypto,1765843200,44.06,16.4,0.551,0.2182,-0.137,0.0,1.087,0.548,0.0,-3.621,-1,1779002515
ENAUSDT,crypto,1765929600,38.42,20.5,0.48,0.2042,-6.416,0.0,1.649,0.613,0.0,1.273,0,1779002515
ENAUSDT,crypto,1766016000,45.21,21.73,0.565,0.1975,-3.281,0.0,1.508,0.71,0.0,1.266,0,1779002515
ENAUSDT,crypto,1766102400,62.06,21.32,0.776,0.2091,5.873,0.0,1.297,0.742,0.0,-3.922,-1,1779002515
ENAUSDT,crypto,1766188800,47.92,20.21,0.599,0.2123,1.53,0.0,0.43,0.903,0.0,-6.123,-1,1779002515
ENAUSDT,crypto,1766275200,47.45,23.42,0.593,0.2103,-0.942,0.0,0.683,1.0,0.0,-0.095,0,1779002515
ENAUSDT,crypto,1766361600,48.81,24.82,0.61,0.2068,-1.664,0.0,0.964,1.0,0.0,4.787,1,1779002515
ENAUSDT,crypto,1766448000,45.22,24.33,0.565,0.2,-3.288,0.0,0.995,0.968,0.0,4.05,1,1779002515
ENAUSDT,crypto,1766534400,47.75,21.21,0.597,0.2009,0.45,0.0,0.628,0.903,0.0,4.778,1,1779002515
ENAUSDT,crypto,1766620800,46.21,22.33,0.578,0.1993,-0.796,0.0,0.595,0.968,0.0,2.057,0,1779002515
ENAUSDT,crypto,1766707200,61.4,23.06,0.767,0.2101,5.419,0.0,1.0,0.903,0.0,-4.902,-1,1779002515
ENAUSDT,crypto,1766793600,48.93,18.14,0.612,0.2167,3.141,0.0,0.401,0.806,0.0,0.461,0,1779002515
ENAUSDT,crypto,1766880000,34.14,16.89,0.427,0.2081,-3.969,0.0,0.538,0.71,0.0,14.032,1,1779002515
ENAUSDT,crypto,1766966400,48.44,17.94,0.605,0.2105,1.153,0.0,1.137,0.613,0.0,13.539,1,1779002515
ENAUSDT,crypto,1767052800,36.17,16.01,0.452,0.2034,-3.373,0.0,0.88,0.581,0.0,23.206,1,1779002515
ENAUSDT,crypto,1767139200,32.49,9.67,0.406,0.1998,-1.77,0.0,0.772,0.29,0.0,26.376,1,1779002515
ENAUSDT,crypto,1767225600,45.21,4.5,0.565,0.2177,8.959,0.0,0.642,0.065,0.0,17.915,1,1779002515
ENAUSDT,crypto,1767312000,53.4,8.27,0.667,0.2373,9.003,0.0,1.525,0.032,0.0,0.253,0,1779002515
ENAUSDT,crypto,1767398400,33.74,5.55,0.422,0.239,0.716,0.0,0.852,0.065,0.0,-2.427,0,1779002515
ENAUSDT,crypto,1767484800,48.26,10.61,0.603,0.2506,4.854,0.0,1.089,0.258,0.0,-7.223,-1,1779002515
ENAUSDT,crypto,1767571200,48.79,17.55,0.61,0.2525,0.758,0.0,1.445,0.516,0.0,-10.099,-1,1779002515
ENAUSDT,crypto,1767657600,53.04,19.41,0.663,0.2567,1.663,0.0,1.56,0.581,0.0,-11.025,-1,1779002515
ENAUSDT,crypto,1767744000,29.76,16.44,0.372,0.2379,-7.324,0.0,1.094,0.548,0.0,-10.172,-1,1779002515
ENAUSDT,crypto,1767830400,41.08,16.75,0.513,0.2332,-1.976,0.0,1.156,0.548,0.0,3.173,1,1779002515
ENAUSDT,crypto,1767916800,42.3,15.68,0.529,0.2325,-0.3,0.0,0.943,0.548,0.0,2.194,0,1779002515
ENAUSDT,crypto,1768003200,31.44,11.35,0.393,0.227,-2.366,0.0,0.464,0.452,0.0,-1.278,0,1779002515
ENAUSDT,crypto,1768089600,37.36,10.68,0.467,0.2284,0.617,0.0,0.589,0.387,0.0,-3.152,-1,1779002515
ENAUSDT,crypto,1768176000,30.43,13.63,0.38,0.2137,-6.436,0.0,1.435,0.323,0.0,2.387,0,1779002515
ENAUSDT,crypto,1768262400,60.03,14.17,0.75,0.2406,12.588,0.0,1.672,0.29,0.0,-15.087,-1,1779002515
ENAUSDT,crypto,1768348800,41.91,13.21,0.524,0.2376,-1.247,0.0,1.738,0.226,0.0,-18.098,-1,1779002515
ENAUSDT,crypto,1768435200,26.25,9.49,0.328,0.2241,-5.682,0.0,1.124,0.194,0.0,-19.946,-1,1779002515
ENAUSDT,crypto,1768521600,32.67,8.31,0.408,0.2212,-1.294,0.0,0.888,0.194,0.0,-19.168,-1,1779002515
ENAUSDT,crypto,1768608000,28.68,5.79,0.359,0.2188,-1.085,0.0,0.513,0.161,0.0,-19.927,-1,1779002515
ENAUSDT,crypto,1768694400,22.77,9.02,0.285,0.2043,-6.627,0.0,0.901,0.226,0.0,-14.244,-1,1779002515
ENAUSDT,crypto,1768780800,36.23,15.16,0.453,0.1946,-4.748,0.0,1.613,0.355,0.0,-10.637,-1,1779002515
ENAUSDT,crypto,1768867200,31.36,16.77,0.392,0.1794,-7.811,0.0,1.419,0.484,0.0,-9.197,-1,1779002515
ENAUSDT,crypto,1768953600,50.45,22.05,0.631,0.1788,-0.334,0.0,1.313,0.774,0.0,-5.481,-1,1779002515
ENAUSDT,crypto,1769040000,44.77,21.53,0.56,0.1752,-2.013,0.0,0.952,0.839,0.0,-0.4,0,1779002515
ENAUSDT,crypto,1769126400,49.98,22.77,0.625,0.1752,0.0,0.0,0.941,0.903,0.0,-1.37,0,1779002515
ENAUSDT,crypto,1769212800,45.04,22.01,0.563,0.1739,-0.742,0.0,0.402,1.0,0.0,-9.603,-1,1779002515
ENAUSDT,crypto,1769299200,40.45,25.3,0.506,0.1629,-6.325,0.0,1.06,1.0,0.0,-5.525,-1,1779002515
ENAUSDT,crypto,1769385600,57.13,23.25,0.714,0.169,3.745,0.0,0.778,0.968,0.0,-17.988,-1,1779002515
ENAUSDT,crypto,1769472000,58.03,24.51,0.725,0.1745,3.254,0.0,0.902,1.0,0.0,-21.777,-1,1779002515
ENAUSDT,crypto,1769558400,49.6,24.53,0.62,0.1728,-0.974,0.0,0.905,1.0,0.0,-18.981,-1,1779002515
ENAUSDT,crypto,1769644800,41.61,27.05,0.52,0.1572,-9.028,0.0,1.411,1.0,0.0,-12.723,-1,1779002515
ENAUSDT,crypto,1769731200,52.04,26.87,0.651,0.1539,-2.099,0.0,1.374,1.0,0.0,-13.06,-1,1779002515
ENAUSDT,crypto,1769817600,47.5,30.0,0.594,0.1386,-9.942,0.0,2.688,1.0,0.0,-17.821,-1,1779002515
ENAUSDT,crypto,1769904000,52.85,26.69,0.661,0.1365,-1.515,0.0,1.338,1.0,0.0,-6.96,-1,1779002515
ENAUSDT,crypto,1769990400,62.12,26.92,0.776,0.14,2.564,0.0,1.514,0.968,0.0,-9.786,-1,1779002515
ENAUSDT,crypto,1770076800,50.97,25.59,0.637,0.1372,-2.0,0.0,1.376,0.935,0.0,-12.391,-1,1779002515
ENAUSDT,crypto,1770163200,47.57,23.72,0.595,0.1338,-2.478,0.0,1.261,0.871,0.0,-10.09,-1,1779002515
ENAUSDT,crypto,1770249600,46.21,28.71,0.578,0.1139,-14.873,0.0,2.621,0.935,0.0,0.439,0,1779002515
ENAUSDT,crypto,1770336000,73.63,26.13,0.92,0.127,11.501,0.0,2.295,0.806,0.0,-12.283,-1,1779002515
ENAUSDT,crypto,1770422400,45.95,19.7,0.574,0.1263,-0.551,0.0,0.971,0.742,0.0,-5.701,-1,1779002515
ENAUSDT,crypto,1770508800,31.66,16.51,0.396,0.1202,-4.83,0.0,0.463,0.71,0.0,0.499,0,1779002515
ENAUSDT,crypto,1770595200,44.44,18.63,0.556,0.1203,0.083,0.0,0.629,0.774,0.0,6.733,1,1779002515
ENAUSDT,crypto,1770681600,34.35,18.89,0.429,0.1144,-4.904,0.0,0.553,0.806,0.0,6.294,1,1779002515
ENAUSDT,crypto,1770768000,44.21,22.51,0.553,0.1114,-2.622,0.0,0.889,0.903,0.0,10.503,1,1779002515
ENAUSDT,crypto,1770854400,60.02,20.24,0.75,0.1191,6.912,0.0,0.693,0.839,0.0,1.008,0,1779002515
ENAUSDT,crypto,1770940800,45.7,17.27,0.571,0.1208,1.427,0.0,0.615,0.71,0.0,-4.801,-1,1779002515
ENAUSDT,crypto,1771027200,52.63,14.9,0.658,0.1284,6.291,0.0,0.529,0.613,0.0,-13.707,-1,1779002515
ENAUSDT,crypto,1771113600,27.85,12.49,0.348,0.1216,-5.296,0.0,0.691,0.452,0.0,-8.553,-1,1779002515
ENAUSDT,crypto,1771200000,35.59,7.89,0.445,0.1231,1.234,0.0,0.547,0.258,0.0,-12.429,-1,1779002515
ENAUSDT,crypto,1771286400,25.4,5.34,0.317,0.1203,-2.275,0.0,0.422,0.161,0.0,-16.958,-1,1779002515
ENAUSDT,crypto,1771372800,19.4,3.83,0.243,0.115,-4.406,0.0,0.378,0.097,0.0,-14.435,-1,1779002515
ENAUSDT,crypto,1771459200,21.96,3.7,0.274,0.1108,-3.652,0.0,0.612,0.032,0.0,-11.643,-1,1779002515
ENAUSDT,crypto,1771545600,32.8,5.11,0.41,0.1112,0.361,0.0,0.893,0.032,0.0,-1.709,0,1779002515
ENAUSDT,crypto,1771632000,22.19,3.55,0.277,0.1078,-3.058,0.0,0.452,0.065,0.0,-2.505,0,1779002515
ENAUSDT,crypto,1771718400,18.58,6.66,0.232,0.0999,-7.328,0.0,0.816,0.129,0.0,2.803,0,1779002515
ENAUSDT,crypto,1771804800,34.94,9.34,0.437,0.0984,-1.502,0.0,1.222,0.161,0.0,5.793,1,1779002515
ENAUSDT,crypto,1771891200,33.94,8.16,0.424,0.0979,-0.508,0.0,0.858,0.194,0.0,5.822,1,1779002515
ENAUSDT,crypto,1771977600,54.33,10.67,0.679,0.1093,11.645,0.0,1.231,0.226,0.0,4.117,1,1779002515
ENAUSDT,crypto,1772064000,34.23,11.97,0.428,0.1051,-3.843,0.0,1.49,0.226,0.0,5.804,1,1779002515
ENAUSDT,crypto,1772150400,34.01,9.97,0.425,0.1027,-2.284,0.0,1.22,0.194,0.0,14.216,1,1779002515
ENAUSDT,crypto,1772236800,45.05,12.82,0.563,0.1041,1.363,0.0,1.402,0.29,0.0,10.567,1,1779002515
ENAUSDT,crypto,1772323200,36.69,10.8,0.459,0.1036,-0.48,0.0,0.87,0.323,0.0,1.062,0,1779002515
ENAUSDT,crypto,1772409600,57.48,13.21,0.718,0.1138,9.846,0.0,1.352,0.323,0.0,-11.336,-1,1779002515
ENAUSDT,crypto,1772496000,35.84,12.5,0.448,0.1112,-2.285,0.0,1.081,0.355,0.0,-11.241,-1,1779002515
ENAUSDT,crypto,1772582400,51.99,12.16,0.65,0.1173,5.486,0.0,1.272,0.29,0.0,-14.066,-1,1779002515
ENAUSDT,crypto,1772668800,31.03,8.08,0.388,0.1151,-1.876,0.0,0.841,0.194,0.0,-10.599,-1,1779002515
ENAUSDT,crypto,1772755200,15.95,4.55,0.199,0.1047,-9.036,0.0,0.78,0.032,0.0,0.096,0,1779002515
ENAUSDT,crypto,1772841600,22.83,4.12,0.285,0.1009,-3.629,0.0,0.694,0.032,0.0,5.352,1,1779002515
ENAUSDT,crypto,1772928000,27.07,4.79,0.338,0.0987,-2.18,0.0,0.829,0.032,0.0,10.03,1,1779002515
ENAUSDT,crypto,1773014400,38.82,6.36,0.485,0.1008,2.128,0.0,1.142,0.032,0.0,7.143,1,1779002515
ENAUSDT,crypto,1773100800,38.48,6.23,0.481,0.1029,2.083,0.0,1.116,0.032,0.0,7.289,1,1779002515
ENAUSDT,crypto,1773187200,35.39,4.92,0.442,0.1048,1.846,0.0,0.855,0.032,0.0,14.027,1,1779002515
ENAUSDT,crypto,1773273600,33.94,4.61,0.424,0.1063,1.431,0.0,0.793,0.032,0.0,9.69,1,1779002515
ENAUSDT,crypto,1773360000,40.15,7.31,0.502,0.1086,2.164,0.0,1.204,0.065,0.0,-0.46,0,1779002515
ENAUSDT,crypto,1773446400,26.6,2.93,0.333,0.108,-0.552,0.0,0.456,0.032,0.0,-4.63,-1,1779002515
ENAUSDT,crypto,1773532800,33.49,3.6,0.419,0.1104,2.222,0.0,0.59,0.032,0.0,-7.79,-1,1779002515
ENAUSDT,crypto,1773619200,51.77,8.1,0.647,0.1195,8.243,0.0,1.233,0.097,0.0,-17.155,-1,1779002515
ENAUSDT,crypto,1773705600,31.41,9.46,0.393,0.1166,-2.427,0.0,0.86,0.258,0.0,-18.268,-1,1779002515
ENAUSDT,crypto,1773792000,24.31,10.78,0.304,0.1081,-7.29,0.0,1.123,0.258,0.0,-13.321,-1,1779002515
ENAUSDT,crypto,1773878400,27.58,9.84,0.345,0.103,-4.718,0.0,0.935,0.258,0.0,-7.573,-1,1779002515
ENAUSDT,crypto,1773964800,36.49,11.71,0.456,0.1018,-1.165,0.0,0.922,0.355,0.0,2.456,0,1779002515
ENAUSDT,crypto,1774051200,30.57,10.98,0.382,0.099,-2.75,0.0,0.518,0.419,0.0,-2.424,0,1779002515
ENAUSDT,crypto,1774137600,35.07,14.86,0.438,0.0953,-3.737,0.0,1.037,0.484,0.0,-6.611,-1,1779002515
ENAUSDT,crypto,1774224000,50.11,20.97,0.626,0.0937,-1.679,0.0,2.181,0.548,0.0,-3.415,-1,1779002515
ENAUSDT,crypto,1774310400,55.33,20.3,0.692,0.0952,1.601,0.0,1.866,0.548,0.0,-5.672,-1,1779002515
ENAUSDT,crypto,1774396800,65.78,19.3,0.822,0.1043,9.559,0.0,1.796,0.516,0.0,-12.464,-1,1779002515
ENAUSDT,crypto,1774483200,38.7,20.97,0.484,0.0966,-7.383,0.0,2.057,0.548,0.0,-6.004,-1,1779002515
ENAUSDT,crypto,1774569600,34.93,20.81,0.437,0.089,-7.867,0.0,1.324,0.71,0.0,1.236,0,1779002515
ENAUSDT,crypto,1774656000,54.77,22.19,0.685,0.0905,1.685,0.0,1.342,0.774,0.0,-10.276,-1,1779002515
ENAUSDT,crypto,1774742400,48.88,23.96,0.611,0.0898,-0.773,0.0,0.792,1.0,0.0,-11.359,-1,1779002515
ENAUSDT,crypto,1774828800,56.76,25.46,0.71,0.0913,1.67,0.0,1.092,1.0,0.0,-12.377,-1,1779002515
ENAUSDT,crypto,1774915200,51.2,24.9,0.64,0.0908,-0.548,0.0,0.979,1.0,0.0,-11.233,-1,1779002515
ENAUSDT,crypto,1775001600,51.05,25.05,0.638,0.0901,-0.771,0.0,1.009,1.0,0.0,-9.434,-1,1779002515
ENAUSDT,crypto,1775088000,47.29,29.89,0.591,0.0812,-9.878,0.0,1.979,1.0,0.0,11.823,1,1779002515
ENAUSDT,crypto,1775174400,47.14,24.29,0.589,0.0796,-1.97,0.0,0.858,1.0,0.0,10.553,1,1779002515
ENAUSDT,crypto,1775260800,48.19,22.34,0.602,0.08,0.503,0.0,0.468,1.0,0.0,13.0,1,1779002515
ENAUSDT,crypto,1775347200,51.01,22.86,0.638,0.0806,0.75,0.0,0.83,0.935,0.0,17.246,1,1779002515
ENAUSDT,crypto,1775433600,54.17,22.98,0.677,0.0816,1.241,0.0,1.241,0.839,0.0,17.647,1,1779002515
ENAUSDT,crypto,1775520000,65.73,21.54,0.822,0.0908,11.275,0.0,1.34,0.742,0.0,0.33,0,1779002515
ENAUSDT,crypto,1775606400,44.75,20.98,0.559,0.088,-3.084,0.0,1.486,0.677,0.0,14.614,1,1779002515
ENAUSDT,crypto,1775692800,50.65,17.47,0.633,0.0904,2.727,0.0,1.043,0.613,0.0,6.427,1,1779002515
ENAUSDT,crypto,1775779200,57.72,18.56,0.722,0.0945,4.535,0.0,1.518,0.548,0.0,5.069,1,1779002515
ENAUSDT,crypto,1775865600,44.46,14.88,0.556,0.096,1.587,0.0,0.782,0.548,0.0,18.208,1,1779002515
ENAUSDT,crypto,1775952000,29.54,13.46,0.369,0.0911,-5.104,0.0,0.757,0.484,0.0,37.124,1,1779002515
ENAUSDT,crypto,1776038400,67.37,21.07,0.842,0.10086,10.714,0.0,1.762,0.613,0.0,18.808,1,1779002515
ENAUSDT,crypto,1776124800,31.09,12.84,0.389,0.09621,-4.61,2.4e-05,1.019,0.387,0.0,16.817,1,1779002515
ENAUSDT,crypto,1776211200,44.56,12.13,0.557,0.09929,3.201,4.3e-05,0.749,0.419,0.0,12.791,1,1779002515
ENAUSDT,crypto,1776297600,64.93,21.42,0.812,0.11348,14.291,-1.4e-05,1.188,0.774,0.0,-1.339,0,1779002515
ENAUSDT,crypto,1776384000,74.92,28.75,0.937,0.12492,10.081,1.5e-05,1.75,1.0,0.0,-14.817,-1,1779002515
ENAUSDT,crypto,1776470400,43.71,24.74,0.546,0.11983,-4.075,2.6e-05,0.949,1.0,0.0,-8.429,-1,1779002515
ENAUSDT,crypto,1776556800,38.69,24.4,0.484,0.11239,-6.209,4e-05,0.88,1.0,-0.091917,-3.399,-1,1779002515
ENAUSDT,crypto,1776643200,48.73,23.43,0.609,0.11199,-0.356,-1.5e-05,0.687,1.0,-0.079546,-4.206,-1,1779002515
ENAUSDT,crypto,1776729600,48.75,23.26,0.609,0.11196,-0.027,4.3e-05,0.652,1.0,-0.035014,-2.429,0,1779002515
ENAUSDT,crypto,1776816000,38.55,21.93,0.482,0.10641,-4.957,-3.6e-05,0.772,0.903,0.060565,0.526,0,1779002515
ENAUSDT,crypto,1776902400,52.05,20.17,0.651,0.10973,3.12,5e-05,0.679,0.839,-0.028377,-3.345,-1,1779002515
ENAUSDT,crypto,1776988800,41.58,18.6,0.52,0.10857,-1.057,-2.2e-05,0.495,0.806,0.061059,-4.32,-1,1779002515
ENAUSDT,crypto,1777075200,37.67,15.84,0.471,0.10728,-1.188,-1.3e-05,0.329,0.71,-0.027135,-4.325,-1,1779002515
ENAUSDT,crypto,1777161600,42.29,13.99,0.529,0.10924,1.827,4.6e-05,0.475,0.581,-0.012031,-6.609,-1,1779002515
ENAUSDT,crypto,1777248000,36.93,14.81,0.462,0.10697,-2.078,1.4e-05,0.769,0.548,0.020323,-4.197,-1,1779002515
ENAUSDT,crypto,1777334400,31.83,9.19,0.398,0.10606,-0.851,5e-05,0.419,0.355,-0.040359,-5.271,-1,1779002515
ENAUSDT,crypto,1777420800,31.73,9.58,0.397,0.10388,-2.055,1e-06,0.754,0.29,-0.011763,-3.514,-1,1779002515
ENAUSDT,crypto,1777507200,29.21,6.89,0.365,0.10264,-1.194,3.3e-05,0.475,0.226,-0.025357,6.723,1,1779002515
ENAUSDT,crypto,1777593600,30.63,6.6,0.383,0.10202,-0.604,-3e-06,0.545,0.194,0.014763,18.389,1,1779002515
ENAUSDT,crypto,1777680000,28.99,3.24,0.362,0.10248,0.451,5e-05,0.519,0.032,0.01631,16.569,1,1779002515
ENAUSDT,crypto,1777766400,26.06,4.51,0.326,0.10047,-1.961,5e-05,0.645,0.065,0.037374,31.104,1,1779002515
ENAUSDT,crypto,1777852800,38.38,8.63,0.48,0.10023,-0.239,5e-05,1.596,0.032,0.007306,29.552,1,1779002515
ENAUSDT,crypto,1777939200,54.62,9.01,0.683,0.10954,9.289,5e-05,1.672,0.032,0.011866,20.604,1,1779002515
ENAUSDT,crypto,1778025600,55.62,10.15,0.695,0.12078,10.261,5e-05,1.643,0.097,0.050153,6.607,1,1779002515
ENAUSDT,crypto,1778112000,36.59,8.57,0.457,0.11946,-1.093,4.3e-05,1.585,0.032,0.092496,1.8,0,1779002515
ENAUSDT,crypto,1778198400,57.27,12.91,0.716,0.13172,10.263,5e-05,1.421,0.29,-0.063059,-11.456,-1,1779002515
ENAUSDT,crypto,1778284800,40.29,16.15,0.504,0.12985,-1.42,1e-05,0.907,0.581,0.029172,-7.016,-1,1779002515
ENAUSDT,crypto,1778371200,49.64,18.41,0.621,0.13211,1.74,5e-05,1.101,0.645,-0.01111,-16.062,-1,1779002515
ENAUSDT,crypto,1778457600,41.13,18.75,0.514,0.12876,-2.536,5e-05,1.04,0.677,-0.02681,-17.024,-1,1779002515
ENAUSDT,crypto,1778544000,33.46,17.93,0.418,0.12161,-5.553,5e-05,0.876,0.677,-0.013308,-11.964,-1,1779002515
