symbol,market,scan_ts,total_score,early_score,confidence,price,change_pct,feat1,feat2,feat3,feat4,outcome_pct,outcome_label,labeled_ts
2330,tw,1763424000,23.45,2.17,0.293,1405.0,-2.768,-0.1567,-1,0.0,-193.0,0.712,0,1778967658
2330,tw,1763510400,41.02,2.79,0.513,1395.0,-0.712,-0.0543,-2,0.0,121.0,3.226,1,1778967658
2330,tw,1763596800,46.64,4.29,0.583,1455.0,4.301,0.067,1,0.0,186.0,-1.375,0,1778967658
2330,tw,1763683200,35.46,1.56,0.443,1385.0,-4.811,-0.3463,-1,0.0,1038.0,3.971,1,1778967658
2330,tw,1763942400,40.33,2.78,0.504,1375.0,-0.722,-0.1893,-2,0.0,712.0,2.545,0,1778967658
2330,tw,1764028800,30.23,3.87,0.378,1415.0,2.909,0.0646,1,0.0,-427.0,1.06,0,1778967658
2330,tw,1764115200,31.21,8.53,0.39,1440.0,1.767,-0.0111,-1,5.0,-366.0,0.694,0,1778967658
2330,tw,1764201600,44.91,9.57,0.561,1435.0,-0.347,-0.0163,-2,6.67,240.0,0.697,0,1778967658
2330,tw,1764288000,46.23,11.1,0.578,1440.0,0.348,-0.023,-3,8.0,181.0,1.389,0,1778967658
2330,tw,1764547200,45.06,13.29,0.563,1410.0,-2.083,-0.062,-4,10.91,475.0,6.028,1,1778967658
2330,tw,1764633600,36.18,18.43,0.452,1430.0,1.418,0.052,1,15.0,-130.0,3.497,1,1778967658
2330,tw,1764720000,51.3,18.8,0.641,1450.0,1.399,0.0424,2,15.38,13.0,3.793,1,1778967658
2330,tw,1764806400,49.6,18.61,0.62,1445.0,-0.345,0.0174,3,15.71,397.0,1.73,0,1778967658
2330,tw,1764892800,35.82,17.98,0.448,1460.0,1.038,0.0896,4,14.67,-206.0,1.37,0,1778967658
2330,tw,1765152000,45.4,14.97,0.567,1495.0,2.397,0.0753,5,11.25,-103.0,-3.01,-1,1778967658
2330,tw,1765238400,44.85,10.94,0.561,1480.0,-1.003,-0.0542,-1,8.24,758.0,-3.041,-1,1778967658
2330,tw,1765324800,32.4,10.18,0.405,1505.0,1.689,0.0757,1,6.67,-205.0,-4.983,-1,1778967658
2330,tw,1765411200,42.63,8.62,0.533,1470.0,-2.326,-0.0418,-1,6.32,577.0,-2.721,0,1778967658
2330,tw,1765497600,45.79,9.2,0.572,1480.0,0.68,0.022,1,6.0,251.0,-3.378,-1,1778967658
2330,tw,1765756800,42.23,8.1,0.528,1450.0,-2.027,-0.1195,-1,5.71,535.0,1.034,0,1778967658
2330,tw,1765843200,43.97,9.96,0.55,1435.0,-1.034,-0.1267,-2,7.27,217.0,3.833,1,1778967658
2330,tw,1765929600,46.4,13.33,0.58,1430.0,-0.348,-0.0938,-3,10.43,532.0,4.545,1,1778967658
2330,tw,1766016000,46.84,13.0,0.585,1430.0,0.0,-0.0324,-4,10.0,632.0,5.594,1,1778967658
2330,tw,1766102400,49.28,17.4,0.616,1430.0,0.0,0.0165,1,14.4,346.0,6.993,1,1778967658
2330,tw,1766361600,39.05,22.19,0.488,1465.0,2.448,0.0751,2,18.46,-349.0,3.754,1,1778967658
2330,tw,1766448000,52.83,21.29,0.66,1490.0,1.706,0.0473,3,17.78,536.0,4.027,1,1778967658
2330,tw,1766534400,50.44,19.53,0.631,1495.0,0.336,-0.0214,-1,16.43,152.0,6.02,1,1778967658
2330,tw,1766707200,36.04,19.16,0.45,1510.0,1.003,0.0208,1,15.86,-240.0,10.596,1,1778967658
2330,tw,1766966400,33.14,12.73,0.414,1530.0,1.325,0.0309,2,9.33,-424.0,11.438,1,1778967658
2330,tw,1767052800,46.08,12.48,0.576,1520.0,-0.654,-0.0218,-1,9.68,128.0,10.197,1,1778967658
2330,tw,1767139200,32.02,9.4,0.4,1550.0,1.974,0.0277,1,5.81,-604.0,8.71,1,1778967658
2330,tw,1767312000,44.36,4.33,0.555,1585.0,2.258,-0.044,-1,0.65,974.0,5.994,1,1778967658
2330,tw,1767571200,47.09,4.61,0.589,1670.0,5.363,-0.0554,-2,0.0,565.0,1.198,0,1778967658
2330,tw,1767657600,28.7,3.63,0.359,1705.0,2.096,-0.0799,-3,0.0,-646.0,0.293,0,1778967658
2330,tw,1767744000,38.9,2.47,0.486,1675.0,-1.76,-0.2682,-4,0.0,554.0,2.09,0,1778967658
2330,tw,1767830400,27.39,3.18,0.342,1685.0,0.597,-0.0418,-5,0.0,-365.0,0.297,0,1778967658
2330,tw,1767916800,26.13,2.91,0.327,1680.0,-0.297,-0.1145,-6,0.0,-685.0,3.571,1,1778967658
2330,tw,1768176000,42.08,3.18,0.526,1690.0,0.595,-0.1026,-7,0.0,433.0,4.142,1,1778967658
2330,tw,1768262400,28.03,3.36,0.35,1710.0,1.183,-0.0308,-8,0.0,-131.0,3.801,1,1778967658
2330,tw,1768348800,41.71,3.0,0.521,1710.0,0.0,-0.0584,-9,0.0,172.0,1.754,0,1778967658
2330,tw,1768435200,40.96,3.94,0.512,1690.0,-1.17,-0.1035,-10,1.29,838.0,4.142,1,1778967658
2330,tw,1768521600,31.43,5.83,0.393,1740.0,2.959,0.1011,1,1.94,-2341.0,1.724,0,1778967658
2330,tw,1768780800,44.36,6.57,0.555,1760.0,1.149,-0.0802,-1,3.23,82.0,-0.284,0,1778967658
2330,tw,1768867200,44.84,7.78,0.561,1775.0,0.852,-0.0539,-2,4.52,83.0,0.282,0,1778967658
2330,tw,1768953600,42.03,8.22,0.525,1740.0,-1.972,-0.1803,-3,5.81,1032.0,4.598,1,1778967658
2330,tw,1769040000,31.11,9.79,0.389,1760.0,1.149,-0.0535,-4,6.45,-545.0,2.557,0,1778967658
2330,tw,1769126400,31.19,10.91,0.39,1770.0,0.568,-0.0492,-5,7.74,-404.0,0.282,0,1778967658
2330,tw,1769385600,30.47,11.78,0.381,1755.0,-0.847,-0.0401,-6,9.03,-164.0,0.57,0,1778967658
2330,tw,1769472000,33.6,13.11,0.42,1780.0,1.425,0.067,1,9.68,-684.0,1.124,0,1778967658
2330,tw,1769558400,35.12,14.64,0.439,1820.0,2.247,0.0771,2,10.97,-64.0,-1.923,0,1778967658
2330,tw,1769644800,46.55,14.36,0.582,1805.0,-0.824,-0.0863,-1,11.61,330.0,-2.216,0,1778967658
2330,tw,1769731200,46.1,15.4,0.576,1775.0,-1.662,-0.1372,-2,12.9,900.0,0.282,0,1778967658
2330,tw,1769990400,47.72,16.38,0.596,1765.0,-0.563,-0.0984,-3,13.55,11.0,2.833,0,1778967658
2330,tw,1770076800,50.61,17.14,0.633,1800.0,1.983,-0.0292,-4,13.55,1283.0,4.444,1,1778967658
2330,tw,1770163200,48.1,17.59,0.601,1785.0,-0.833,-0.0965,-5,14.84,553.0,7.283,1,1778967658
2330,tw,1770249600,48.46,18.79,0.606,1765.0,-1.12,-0.0967,-6,16.13,854.0,7.649,1,1778967658
2330,tw,1770336000,36.55,21.31,0.457,1780.0,0.85,-0.0657,-7,18.06,-162.0,10.393,1,1778967658
2330,tw,1770595200,53.79,22.94,0.672,1815.0,1.966,0.0292,1,19.35,33.0,11.019,1,1778967658
2330,tw,1770681600,39.28,20.2,0.491,1880.0,3.581,0.1263,2,16.13,-1627.0,6.117,1,1778967658
2330,tw,1770768000,50.06,16.46,0.626,1915.0,1.862,-0.0494,-1,12.9,182.0,3.133,1,1778967658
2330,tw,1771804800,46.79,15.67,0.585,1900.0,-0.783,-0.1756,-2,12.9,602.0,1.842,0,1778967658
2330,tw,1771891200,36.57,15.64,0.457,1965.0,3.421,0.0689,1,11.61,-712.0,-5.089,-1,1778967658
2330,tw,1771977600,49.49,14.08,0.619,2015.0,2.545,-0.0419,-1,10.32,609.0,-5.707,-1,1778967658
2330,tw,1772064000,44.94,12.38,0.562,1995.0,-0.993,-0.1814,-2,9.68,705.0,-5.263,-1,1778967658
2330,tw,1772409600,44.22,11.09,0.553,1975.0,-1.003,-0.1954,-3,8.39,319.0,-8.354,-1,1778967658
2330,tw,1772496000,28.11,10.78,0.351,1935.0,-2.025,-0.212,-4,8.39,-251.0,-4.393,-1,1778967658
2330,tw,1772582400,41.53,10.94,0.519,1865.0,-3.618,-0.2735,-5,9.03,6.0,4.021,1,1778967658
2330,tw,1772668800,48.23,13.24,0.603,1900.0,1.877,-0.0976,-6,9.68,823.0,-0.789,0,1778967658
2330,tw,1772755200,45.77,12.52,0.572,1890.0,-0.526,-0.1093,-7,9.68,787.0,-1.323,0,1778967658
2330,tw,1773014400,40.39,10.76,0.505,1810.0,-4.233,-0.3784,-8,9.03,1667.0,1.934,0,1778967658
2330,tw,1773100800,34.0,13.34,0.425,1850.0,2.21,-0.0097,-9,9.68,-628.0,1.081,0,1778967658
2330,tw,1773187200,37.28,14.78,0.466,1940.0,4.865,0.0503,1,10.32,-528.0,-1.804,0,1778967658
2330,tw,1773273600,43.7,13.12,0.546,1885.0,-2.835,-0.1905,-1,10.97,1181.0,-1.857,0,1778967658
2330,tw,1773360000,45.79,13.65,0.572,1865.0,-1.061,-0.1274,-2,10.97,477.0,-1.34,0,1778967658
2330,tw,1773619200,45.92,14.29,0.574,1845.0,-1.072,-0.1617,-3,11.61,673.0,-1.897,0,1778967658
2330,tw,1773705600,34.47,15.67,0.431,1870.0,1.355,-0.0023,-4,12.26,-1182.0,-3.209,-1,1778967658
2330,tw,1773792000,50.34,16.46,0.629,1905.0,1.872,0.0037,1,12.9,178.0,-3.15,-1,1778967658
2330,tw,1773878400,44.42,15.03,0.555,1850.0,-2.887,-0.2279,-1,12.9,1247.0,-0.541,0,1778967658
2330,tw,1773964800,32.25,15.1,0.403,1840.0,-0.541,-0.0677,-2,12.26,-98.0,-1.087,0,1778967658
2330,tw,1774224000,45.09,13.48,0.564,1810.0,-1.63,-0.1531,-3,10.97,119.0,-1.657,0,1778967658
2330,tw,1774310400,46.58,12.68,0.582,1810.0,0.0,-0.0518,-4,9.68,164.0,-2.762,0,1778967658
2330,tw,1774396800,49.14,13.9,0.614,1845.0,1.934,0.0098,1,10.32,44.0,0.542,0,1778967658
2330,tw,1774483200,48.24,16.47,0.603,1840.0,-0.271,-0.0519,-1,13.55,199.0,-1.63,0,1778967658
2330,tw,1774569600,48.42,18.8,0.605,1820.0,-1.087,-0.1114,-2,16.13,53.0,2.198,0,1778967658
2330,tw,1774828800,47.71,19.76,0.596,1780.0,-2.198,-0.1596,-3,17.42,340.0,9.551,1,1778967658
2330,tw,1774915200,32.92,18.79,0.411,1760.0,-1.124,-0.2044,-4,16.13,-82.0,11.08,1,1778967658
2330,tw,1775001600,41.09,21.39,0.514,1855.0,5.398,0.0618,1,16.77,-217.0,7.817,1,1778967658
2330,tw,1775088000,47.81,19.69,0.598,1810.0,-2.426,-0.0939,-1,17.42,439.0,9.945,1,1778967658
2330,tw,1775520000,39.73,23.18,0.497,1860.0,2.762,0.0588,1,19.35,-579.0,10.484,1,1778967658
2330,tw,1775606400,55.5,19.93,0.694,1950.0,4.839,0.1839,2,15.48,825.0,6.667,1,1778967658
2330,tw,1775692800,48.74,15.98,0.609,1955.0,0.256,0.0072,3,12.9,45.0,6.65,1,1778967658
2330,tw,1775779200,50.19,14.66,0.627,2000.0,2.302,0.0816,4,10.97,637.0,1.5,0,1778967658
2330,tw,1776038400,45.63,11.24,0.57,1990.0,-0.5,-0.0128,-1,8.39,930.0,1.759,0,1778967658
2330,tw,1776124800,34.12,9.79,0.426,2055.0,3.266,0.1895,1,5.81,-783.0,-0.243,0,1778967658
2330,tw,1776211200,28.46,3.36,0.356,2080.0,1.217,0.0483,2,0.0,-408.0,-1.442,0,1778967658
2330,tw,1776297600,42.12,3.07,0.527,2085.0,0.24,-0.0239,-1,0.0,10.0,-0.24,0,1778967658
2330,tw,1776384000,23.89,2.21,0.299,2030.0,-2.638,-0.0938,-2,0.0,-1174.0,7.635,1,1778967658
2330,tw,1776643200,41.6,2.93,0.52,2025.0,-0.246,-0.0303,-3,0.0,368.0,11.852,1,1778967658
2330,tw,1776729600,28.35,3.37,0.354,2050.0,1.235,0.0221,1,0.0,-883.0,8.049,1,1778967658
2330,tw,1776816000,42.22,3.65,0.528,2050.0,0.0,-0.0213,-1,0.65,205.0,6.341,1,1778967658
2330,tw,1776902400,29.47,4.73,0.368,2080.0,1.463,0.0719,1,1.29,-758.0,2.644,0,1778967658
2330,tw,1776988800,47.46,4.51,0.593,2185.0,5.048,0.0831,2,0.0,1522.0,4.119,1,1778967658
2330,tw,1777248000,44.71,4.1,0.559,2265.0,3.661,-0.1894,-1,0.0,3020.0,-0.662,0,1778967658
2330,tw,1777334400,23.69,2.34,0.296,2215.0,-2.208,-0.2211,-2,0.0,-130.0,1.58,0,1778967658
2330,tw,1777420800,40.28,3.82,0.503,2180.0,-1.58,-0.1578,-3,1.29,304.0,5.963,1,1778967658
2330,tw,1777507200,25.17,4.96,0.315,2135.0,-2.064,-0.2118,-4,2.58,-139.0,7.26,1,1778967658
2330,tw,1777852800,35.3,7.55,0.441,2275.0,6.557,0.0911,1,2.58,-869.0,-1.758,0,1778967658
2330,tw,1777939200,44.02,9.77,0.55,2250.0,-1.099,-0.0858,-1,7.1,481.0,0.222,0,1778967658
2330,tw,1778025600,30.98,11.39,0.387,2250.0,0.0,-0.0432,-2,8.39,-574.0,-1.333,0,1778967658
2330,tw,1778112000,34.06,12.19,0.426,2310.0,2.667,0.0389,1,8.39,-832.0,-1.732,0,1778967658
2330,tw,1778198400,45.93,12.42,0.574,2290.0,-0.866,-0.0086,-1,9.68,7.0,-1.092,0,1778967658
2317,tw,1763424000,39.05,2.24,0.488,230.0,-2.542,-0.0825,-4,0.0,78.0,-4.783,-1,1778967660
2317,tw,1763510400,41.7,2.87,0.521,229.0,-0.435,0.0265,1,0.0,905.0,-0.873,0,1778967660
2317,tw,1763596800,44.83,3.98,0.56,236.5,3.275,-0.0886,-1,0.0,1983.0,-2.326,0,1778967660
2317,tw,1763683200,34.95,1.54,0.437,225.0,-4.863,-0.4367,-2,0.0,57.0,0.222,0,1778967660
2317,tw,1763942400,39.07,2.33,0.488,220.0,-2.222,-0.1422,-3,0.0,43.0,0.909,0,1778967660
2317,tw,1764028800,41.31,2.86,0.516,219.0,-0.455,-0.0472,-4,0.0,341.0,1.37,0,1778967660
2317,tw,1764115200,47.34,6.6,0.592,227.0,3.653,0.0875,1,2.5,2214.0,0.0,0,1778967660
2317,tw,1764201600,30.65,7.97,0.383,231.0,1.762,-0.0659,-1,4.44,-1736.0,-1.082,0,1778967660
2317,tw,1764288000,42.36,10.29,0.53,225.5,-2.381,-0.2514,-2,8.0,575.0,2.439,0,1778967660
2317,tw,1764547200,43.83,9.8,0.548,222.0,-1.552,-0.0503,-3,7.27,347.0,4.505,1,1778967660
2317,tw,1764633600,28.53,6.33,0.357,222.0,0.0,-0.0266,-4,3.33,-537.0,5.856,1,1778967660
2317,tw,1764720000,47.73,9.83,0.597,227.0,2.252,0.081,1,6.15,1306.0,2.863,0,1778967660
2317,tw,1764806400,48.34,14.63,0.604,228.5,0.661,-0.0071,-1,11.43,44.0,-1.094,0,1778967660
2317,tw,1764892800,49.37,15.33,0.617,231.0,1.094,0.0543,1,12.0,683.0,-1.732,0,1778967660
2317,tw,1765152000,33.64,15.63,0.42,232.0,0.433,-0.009,-1,12.5,-1431.0,-4.526,-1,1778967660
2317,tw,1765238400,49.89,17.51,0.624,235.0,1.293,-0.0928,-2,14.12,2210.0,-7.234,-1,1778967660
2317,tw,1765324800,34.57,19.48,0.432,233.5,-0.638,-0.0258,-3,16.67,-2512.0,-7.281,-1,1778967660
2317,tw,1765411200,32.46,20.99,0.406,226.0,-3.212,-0.1614,-4,18.95,-2700.0,-4.425,-1,1778967660
2317,tw,1765497600,36.84,22.13,0.46,227.0,0.442,-0.0206,-5,19.0,-18.0,-2.423,0,1778967660
2317,tw,1765756800,48.09,21.32,0.601,221.5,-2.423,-0.2029,-6,19.05,1271.0,1.129,0,1778967660
2317,tw,1765843200,33.09,19.8,0.414,218.0,-1.58,-0.1922,-7,17.27,-378.0,2.752,0,1778967660
2317,tw,1765929600,47.73,18.44,0.597,216.5,-0.688,-0.2811,-8,15.65,976.0,3.464,1,1778967660
2317,tw,1766016000,35.01,19.6,0.438,216.0,-0.231,-0.0179,-9,16.67,-699.0,4.398,1,1778967660
2317,tw,1766102400,37.94,19.76,0.474,221.5,2.546,0.0782,1,16.0,-316.0,4.289,1,1778967660
2317,tw,1766361600,51.95,20.26,0.649,224.0,1.129,0.0722,2,16.92,33.0,1.786,0,1778967660
2317,tw,1766448000,35.81,20.04,0.448,224.0,0.0,0.0578,3,17.04,-391.0,2.902,0,1778967660
2317,tw,1766534400,50.5,20.14,0.631,224.0,0.0,-0.0144,-1,17.14,215.0,3.571,1,1778967660
2317,tw,1766707200,36.84,21.13,0.461,225.5,0.67,0.0414,1,17.93,-243.0,3.991,1,1778967660
2317,tw,1766966400,52.96,19.73,0.662,231.0,2.439,0.105,2,16.0,1407.0,2.165,0,1778967660
2317,tw,1767052800,48.81,19.38,0.61,228.0,-1.299,-0.056,-1,16.77,286.0,4.605,1,1778967660
2317,tw,1767139200,36.88,19.46,0.461,230.5,1.096,0.144,1,16.13,-606.0,-0.434,0,1778967660
2317,tw,1767312000,35.05,16.75,0.438,232.0,0.651,0.1257,2,13.55,-391.0,-0.647,0,1778967660
2317,tw,1767571200,48.03,13.0,0.6,234.5,1.078,0.0215,3,9.68,1429.0,-2.559,0,1778967660
2317,tw,1767657600,46.54,12.22,0.582,236.0,0.64,-0.122,-1,9.03,696.0,-4.025,-1,1778967660
2317,tw,1767744000,46.83,11.71,0.585,238.5,1.059,-0.0842,-2,8.39,1831.0,-1.677,0,1778967660
2317,tw,1767830400,25.7,10.26,0.321,229.5,-3.774,-0.3448,-3,8.39,-1118.0,1.743,0,1778967660
2317,tw,1767916800,46.59,11.52,0.582,230.5,0.436,-0.008,-4,8.39,121.0,1.735,0,1778967660
2317,tw,1768176000,29.5,10.48,0.369,228.5,-0.868,-0.0996,-5,7.74,-288.0,0.438,0,1778967660
2317,tw,1768262400,29.4,9.84,0.367,226.5,-0.875,-0.0551,-6,7.1,-499.0,-1.325,0,1778967660
2317,tw,1768348800,35.08,10.51,0.438,234.5,3.532,0.2642,1,6.45,-689.0,-6.61,-1,1778967660
2317,tw,1768435200,46.2,11.9,0.577,233.5,-0.426,0.0222,2,9.03,558.0,-4.283,-1,1778967660
2317,tw,1768521600,34.55,16.68,0.432,234.5,0.428,0.0702,3,13.55,-432.0,-5.544,-1,1778967660
2317,tw,1768780800,48.73,21.71,0.609,229.5,-2.132,-0.1617,-1,19.35,1352.0,-2.397,0,1778967660
2317,tw,1768867200,47.77,21.57,0.597,223.5,-2.614,-0.2585,-2,19.35,774.0,0.895,0,1778967660
2317,tw,1768953600,47.8,20.46,0.597,219.0,-2.013,-0.2442,-3,18.06,433.0,2.968,0,1778967660
2317,tw,1769040000,38.2,21.04,0.478,223.5,2.055,0.0877,1,17.42,-348.0,0.224,0,1778967660
2317,tw,1769126400,48.56,18.86,0.607,221.5,-0.895,-0.1223,-1,16.13,809.0,-0.451,0,1778967660
2317,tw,1769385600,35.7,18.18,0.446,224.0,1.129,0.0296,1,14.84,-277.0,-4.241,-1,1778967660
2317,tw,1769472000,49.86,17.39,0.623,225.5,0.67,0.0181,2,14.19,133.0,-3.991,-1,1778967660
2317,tw,1769558400,48.9,17.19,0.611,225.5,0.0,-0.0393,-1,14.19,1799.0,-2.882,0,1778967660
2317,tw,1769644800,33.47,15.7,0.418,224.0,-0.665,0.1364,1,12.9,-121.0,-3.795,-1,1778967660
2317,tw,1769731200,43.95,10.92,0.549,220.5,-1.562,-0.1363,-1,8.39,1037.0,-2.494,0,1778967660
2317,tw,1769990400,40.19,6.05,0.502,214.5,-2.721,-0.2047,-2,3.87,480.0,1.865,0,1778967660
2317,tw,1770076800,29.07,5.22,0.363,216.5,0.932,0.0334,1,1.94,-347.0,2.079,0,1778967660
2317,tw,1770163200,31.9,10.45,0.399,219.0,1.155,0.039,2,7.1,-334.0,3.653,1,1778967660
2317,tw,1770249600,42.94,8.33,0.537,215.5,-1.598,-0.073,-1,5.81,88.0,6.032,1,1778967660
2317,tw,1770336000,42.61,4.87,0.533,215.0,-0.232,-0.0246,-2,1.94,212.0,7.907,1,1778967660
2317,tw,1770595200,29.92,5.43,0.374,218.5,1.628,0.0643,1,1.94,-127.0,12.815,1,1778967660
2317,tw,1770681600,30.69,6.57,0.384,221.0,1.144,0.1869,2,3.23,-1281.0,9.955,1,1778967660
2317,tw,1770768000,36.44,14.13,0.456,227.0,2.715,0.3132,3,10.32,-1687.0,5.286,1,1778967660
2317,tw,1771804800,35.21,17.39,0.44,228.5,0.661,0.0916,4,14.19,-352.0,0.219,0,1778967660
2317,tw,1771891200,48.46,19.59,0.606,232.0,1.532,0.3726,5,16.13,-819.0,-6.466,-1,1778967660
2317,tw,1771977600,61.69,4.88,0.771,246.5,6.25,0.6872,6,0.0,2271.0,-9.128,-1,1778967660
2317,tw,1772064000,39.57,2.57,0.495,243.0,-1.42,-0.2012,-1,0.0,1269.0,-8.23,-1,1778967660
2317,tw,1772409600,26.0,2.51,0.325,239.0,-1.646,0.1291,1,0.0,-1308.0,-11.925,-1,1778967660
2317,tw,1772496000,21.84,1.74,0.273,229.0,-4.184,-0.1953,-1,0.0,-691.0,-8.515,-1,1778967660
2317,tw,1772582400,34.97,1.43,0.437,217.0,-5.24,-0.3586,-2,0.0,124.0,0.922,0,1778967660
2317,tw,1772668800,30.42,3.97,0.38,224.0,3.226,0.0393,1,0.0,-830.0,-4.241,-1,1778967660
2317,tw,1772755200,26.46,2.87,0.331,223.0,-0.446,-0.0178,-1,0.0,-191.0,-3.812,-1,1778967660
2317,tw,1773014400,34.88,1.32,0.436,210.5,-5.605,-0.303,-2,0.0,275.0,2.85,0,1778967660
2317,tw,1773100800,40.26,2.86,0.503,209.5,-0.475,-0.2532,-3,0.0,1199.0,1.193,0,1778967660
2317,tw,1773187200,32.45,4.36,0.406,219.0,4.535,0.1834,1,0.0,-993.0,-4.11,-1,1778967660
2317,tw,1773273600,39.15,2.38,0.489,214.5,-2.055,-0.1591,-1,0.0,1110.0,-4.429,-1,1778967660
2317,tw,1773360000,41.88,3.0,0.524,214.5,0.0,-0.0237,-2,0.0,376.0,-5.361,-1,1778967660
2317,tw,1773619200,42.88,3.28,0.536,216.5,0.932,-0.0099,-3,0.0,425.0,-9.469,-1,1778967660
2317,tw,1773705600,36.6,2.38,0.457,212.0,-2.079,-0.6645,-4,0.0,1796.0,-8.019,-1,1778967660
2317,tw,1773792000,39.15,2.72,0.489,210.0,-0.943,-0.3817,-5,0.0,1293.0,-4.762,-1,1778967660
2317,tw,1773878400,37.77,2.29,0.472,205.0,-2.381,-0.3705,-6,0.0,1740.0,-2.195,0,1778967660
2317,tw,1773964800,25.78,2.71,0.322,203.0,-0.976,-0.0489,-7,0.0,-22.0,-1.724,0,1778967660
2317,tw,1774224000,22.13,1.97,0.277,196.0,-3.448,-0.2843,-8,0.0,-807.0,-1.02,0,1778967660
2317,tw,1774310400,41.31,2.85,0.516,195.0,-0.51,-0.0354,-9,0.0,132.0,-3.846,-1,1778967660
2317,tw,1774396800,30.04,3.77,0.376,200.0,2.564,0.0961,1,0.0,-329.0,-1.5,0,1778967660
2317,tw,1774483200,27.95,5.01,0.349,200.5,0.25,-0.0543,-1,1.94,-446.0,-3.741,-1,1778967660
2317,tw,1774569600,27.96,6.08,0.349,199.5,-0.499,-0.0321,-2,3.23,-1233.0,-3.759,-1,1778967660
2317,tw,1774828800,41.14,7.33,0.514,194.0,-2.757,-0.1362,-3,5.16,174.0,3.866,1,1778967660
2317,tw,1774915200,24.83,6.51,0.31,187.5,-3.351,-0.2164,-4,4.52,-985.0,6.667,1,1778967660
2317,tw,1775001600,34.85,9.04,0.436,197.0,5.067,0.1047,1,4.52,-1237.0,1.777,0,1778967660
2317,tw,1775088000,43.25,9.49,0.541,193.0,-2.03,-0.0541,-1,7.1,385.0,3.627,1,1778967660
2317,tw,1775520000,46.75,14.45,0.584,192.0,-0.518,-0.1078,-2,11.61,396.0,8.073,1,1778967660
2317,tw,1775606400,38.66,16.74,0.483,201.5,4.948,0.1161,1,12.26,-169.0,2.978,0,1778967660
2317,tw,1775692800,47.43,15.68,0.593,200.0,-0.744,-0.0543,-1,12.9,225.0,3.5,1,1778967660
2317,tw,1775779200,50.09,19.2,0.626,200.5,0.25,-0.0448,-2,16.13,409.0,2.743,0,1778967660
2317,tw,1776038400,36.47,21.64,0.456,200.0,-0.249,0.0737,1,18.71,-34.0,3.75,1,1778967660
2317,tw,1776124800,41.31,23.48,0.516,207.5,3.75,0.1777,2,19.35,-1130.0,1.687,0,1778967660
2317,tw,1776211200,36.82,22.35,0.46,207.5,0.0,0.0293,3,19.35,-55.0,6.506,1,1778967660
2317,tw,1776297600,51.09,22.28,0.639,207.0,-0.241,-0.069,-1,19.35,422.0,8.696,1,1778967660
2317,tw,1776384000,51.06,22.21,0.638,206.0,-0.483,-0.0262,-2,19.35,180.0,7.524,1,1778967660
2317,tw,1776643200,37.58,21.93,0.47,207.5,0.728,0.0988,1,18.71,-240.0,9.88,1,1778967660
2317,tw,1776729600,38.16,20.93,0.477,211.0,1.687,0.1536,2,17.42,-1420.0,6.872,1,1778967660
2317,tw,1776816000,41.16,19.26,0.515,221.0,4.739,0.4006,3,14.84,-1607.0,1.81,0,1778967660
2317,tw,1776902400,51.65,16.44,0.646,225.0,1.81,0.278,4,12.9,486.0,-2.444,0,1778967660
2317,tw,1776988800,28.14,8.34,0.352,221.5,-1.556,-0.0428,-1,5.81,-1202.0,2.709,0,1778967660
2317,tw,1777248000,47.53,7.11,0.594,228.0,2.935,0.1958,1,3.23,2827.0,5.044,1,1778967660
2317,tw,1777334400,27.73,5.25,0.347,225.5,-1.096,0.1063,2,2.58,-1774.0,11.752,1,1778967660
2317,tw,1777420800,28.2,5.51,0.353,225.0,-0.222,0.0273,3,2.58,-344.0,12.667,1,1778967660
2317,tw,1777507200,41.95,6.79,0.524,219.5,-2.444,0.0279,4,4.52,72.0,13.895,1,1778967660
2317,tw,1777852800,43.95,7.96,0.549,227.5,3.645,0.2736,5,3.87,-1763.0,10.769,1,1778967660
2317,tw,1777939200,63.02,7.81,0.788,239.5,5.275,0.8262,6,3.23,3248.0,4.384,1,1778967660
2317,tw,1778025600,47.91,5.86,0.599,252.0,5.219,1.0089,7,1.29,-3351.0,-0.397,0,1778967660
2317,tw,1778112000,38.69,3.18,0.484,253.5,0.595,0.2195,8,0.0,-2488.0,-3.55,-1,1778967660
2317,tw,1778198400,37.12,2.59,0.464,250.0,-1.381,0.3009,9,0.0,-3841.0,-0.6,0,1778967660
2454,tw,1763424000,21.95,1.54,0.274,1170.0,-4.878,-0.0352,-9,0.0,-3.0,1.282,0,1778967662
2454,tw,1763510400,41.12,2.74,0.514,1160.0,-0.855,-0.0053,-10,0.0,40.0,12.069,1,1778967662
2454,tw,1763596800,44.14,3.65,0.552,1185.0,2.155,-0.0029,-11,0.0,35.0,13.08,1,1778967662
2454,tw,1763683200,23.52,1.99,0.294,1145.0,-3.376,-0.0203,-12,0.0,-32.0,21.834,1,1778967662
2454,tw,1763942400,42.38,3.13,0.53,1150.0,0.437,-0.011,-13,0.0,55.0,25.652,1,1778967662
2454,tw,1764028800,46.44,6.77,0.58,1185.0,3.043,-0.007,-14,2.86,29.0,19.409,1,1778967662
2454,tw,1764115200,52.98,8.41,0.662,1300.0,9.705,0.005,1,2.5,533.0,7.692,1,1778967662
2454,tw,1764201600,30.06,3.92,0.376,1340.0,3.077,-0.0035,-1,0.0,-148.0,4.851,1,1778967662
2454,tw,1764288000,31.46,4.23,0.393,1395.0,4.104,0.0718,1,0.0,-411.0,2.151,0,1778967662
2454,tw,1764547200,45.74,4.08,0.572,1445.0,3.584,0.032,2,0.0,235.0,-0.346,0,1778967662
2454,tw,1764633600,24.99,2.38,0.312,1415.0,-2.076,0.0131,3,0.0,-167.0,0.353,0,1778967662
2454,tw,1764720000,41.02,2.68,0.513,1400.0,-1.06,0.0169,4,0.0,51.0,4.286,1,1778967662
2454,tw,1764806400,52.43,3.11,0.655,1405.0,0.357,0.0146,5,0.0,97.0,-0.712,0,1778967662
2454,tw,1764892800,38.52,3.43,0.481,1425.0,1.423,0.019,6,0.0,-28.0,-1.404,0,1778967662
2454,tw,1765152000,38.15,3.32,0.477,1440.0,1.053,0.0191,7,0.0,-137.0,-1.389,0,1778967662
2454,tw,1765238400,25.6,2.58,0.32,1420.0,-1.389,-0.0014,-1,0.0,-3.0,0.0,0,1778967662
2454,tw,1765324800,44.98,3.85,0.562,1460.0,2.817,0.0332,1,0.0,145.0,-2.397,0,1778967662
2454,tw,1765411200,37.9,2.71,0.474,1395.0,-4.452,-0.0338,-1,1.05,15.0,1.792,0,1778967662
2454,tw,1765497600,43.71,5.22,0.546,1405.0,0.717,-0.0016,-2,2.0,332.0,0.356,0,1778967662
2454,tw,1765756800,44.56,6.18,0.557,1420.0,1.068,0.0132,1,2.86,163.0,-1.408,0,1778967662
2454,tw,1765843200,44.73,8.45,0.559,1420.0,0.0,0.0011,2,5.45,464.0,-2.113,0,1778967662
2454,tw,1765929600,45.82,10.07,0.573,1425.0,0.352,-0.0022,-1,6.96,149.0,-3.158,-1,1778967662
2454,tw,1766016000,46.16,12.06,0.577,1420.0,-0.351,-0.0141,-2,9.17,335.0,-2.465,0,1778967662
2454,tw,1766102400,31.8,13.99,0.398,1410.0,-0.704,-0.0184,-3,11.2,-170.0,0.709,0,1778967662
2454,tw,1766361600,34.31,18.94,0.429,1400.0,-0.709,-0.0119,-4,16.15,-662.0,1.429,0,1778967662
2454,tw,1766448000,35.84,22.05,0.448,1390.0,-0.714,-0.016,-5,19.26,-144.0,2.878,0,1778967662
2454,tw,1766534400,50.87,22.07,0.636,1380.0,-0.719,-0.0108,-6,19.29,81.0,6.522,1,1778967662
2454,tw,1766707200,51.95,22.42,0.649,1385.0,0.362,-0.0129,-7,19.31,88.0,10.108,1,1778967662
2454,tw,1766966400,54.15,23.09,0.677,1420.0,2.527,-0.0077,-8,19.33,81.0,4.577,1,1778967662
2454,tw,1767052800,51.62,22.35,0.645,1420.0,0.0,-0.0104,-9,19.35,124.0,4.93,1,1778967662
2454,tw,1767139200,52.08,21.92,0.651,1430.0,0.704,0.0046,1,18.71,35.0,1.049,0,1778967662
2454,tw,1767312000,38.16,20.61,0.477,1470.0,2.797,-0.0037,-1,16.77,-328.0,-3.401,-1,1778967662
2454,tw,1767571200,38.49,19.6,0.481,1525.0,3.741,0.0021,1,15.48,-189.0,-5.246,-1,1778967662
2454,tw,1767657600,46.36,16.4,0.579,1485.0,-2.623,-0.0231,-1,14.19,123.0,0.0,0,1778967662
2454,tw,1767744000,34.09,16.65,0.426,1490.0,0.337,-0.0047,-2,13.55,-170.0,0.671,0,1778967662
2454,tw,1767830400,30.37,14.99,0.38,1445.0,-3.02,-0.0117,-3,12.9,-63.0,3.114,1,1778967662
2454,tw,1767916800,32.0,16.03,0.4,1420.0,-1.73,-0.0091,-4,13.55,-24.0,5.986,1,1778967662
2454,tw,1768176000,35.54,17.08,0.444,1445.0,1.761,0.0011,1,13.55,-6.0,2.768,0,1778967662
2454,tw,1768262400,35.44,14.8,0.443,1485.0,2.768,0.0379,2,10.97,-349.0,0.0,0,1778967662
2454,tw,1768348800,33.21,13.62,0.415,1500.0,1.01,0.0076,3,10.32,-230.0,-2.333,0,1778967662
2454,tw,1768435200,46.25,12.48,0.578,1490.0,-0.667,0.0151,4,9.68,39.0,-0.336,0,1778967662
2454,tw,1768521600,42.65,12.33,0.533,1505.0,1.007,0.0263,5,9.03,-144.0,8.306,1,1778967662
2454,tw,1768780800,29.81,10.99,0.373,1485.0,-1.329,-0.0118,-1,8.39,-5.0,19.192,1,1778967662
2454,tw,1768867200,31.53,12.03,0.394,1485.0,0.0,0.0033,1,9.03,-75.0,19.529,1,1778967662
2454,tw,1768953600,45.17,11.63,0.565,1465.0,-1.347,0.0004,2,9.03,3.0,21.502,1,1778967662
2454,tw,1769040000,33.58,13.73,0.42,1485.0,1.365,0.0116,3,10.32,-59.0,19.865,1,1778967662
2454,tw,1769126400,55.15,11.74,0.689,1630.0,9.764,0.0952,4,5.81,1229.0,7.975,1,1778967662
2454,tw,1769385600,62.91,10.1,0.786,1770.0,8.589,0.012,5,4.52,83.0,-3.672,-1,1778967662
2454,tw,1769472000,38.97,6.31,0.487,1775.0,0.282,0.014,6,3.23,-206.0,1.127,0,1778967662
2454,tw,1769558400,28.2,5.02,0.353,1780.0,0.282,-0.0102,-1,1.94,-95.0,1.124,0,1778967662
2454,tw,1769644800,27.42,3.65,0.343,1780.0,0.0,0.0184,1,0.65,-59.0,-0.562,0,1778967662
2454,tw,1769731200,25.85,2.66,0.323,1760.0,-1.124,-0.0054,-1,0.0,-333.0,-2.841,0,1778967662
2454,tw,1769990400,38.77,2.06,0.485,1705.0,-3.125,-0.0209,-2,0.0,93.0,7.331,1,1778967662
2454,tw,1770076800,47.33,4.58,0.592,1795.0,5.279,0.0108,1,0.0,505.0,2.786,0,1778967662
2454,tw,1770163200,42.25,3.08,0.528,1800.0,0.279,-0.0053,-1,0.0,357.0,3.056,1,1778967662
2454,tw,1770249600,25.69,3.15,0.321,1770.0,-1.667,0.0069,1,0.65,-799.0,1.412,0,1778967662
2454,tw,1770336000,24.39,3.92,0.305,1710.0,-3.39,-0.0375,-1,1.94,-671.0,6.725,1,1778967662
2454,tw,1770595200,50.84,8.34,0.636,1830.0,7.018,0.0416,1,3.23,133.0,2.186,0,1778967662
2454,tw,1770681600,44.72,7.12,0.559,1845.0,0.82,-0.0065,-1,3.87,57.0,5.42,1,1778967662
2454,tw,1770768000,29.82,7.68,0.373,1855.0,0.542,0.0037,1,4.52,-147.0,2.426,0,1778967662
2454,tw,1771804800,41.77,8.48,0.522,1795.0,-3.235,-0.045,-1,6.45,38.0,1.114,0,1778967662
2454,tw,1771891200,47.3,10.6,0.591,1825.0,1.671,0.0161,1,7.1,110.0,-5.753,-1,1778967662
2454,tw,1771977600,33.81,12.13,0.423,1870.0,2.466,0.0307,2,8.39,-127.0,-5.08,-1,1778967662
2454,tw,1772064000,50.56,13.23,0.632,1945.0,4.011,0.0076,3,9.03,97.0,-9.254,-1,1778967662
2454,tw,1772409600,29.81,12.63,0.373,1900.0,-2.314,-0.0081,-1,10.32,-57.0,-12.368,-1,1778967662
2454,tw,1772496000,43.15,13.27,0.539,1815.0,-4.474,-0.0359,-2,11.61,89.0,-6.061,-1,1778967662
2454,tw,1772582400,43.06,14.33,0.538,1720.0,-5.234,-0.0306,-3,12.9,67.0,2.616,0,1778967662
2454,tw,1772668800,36.89,17.51,0.461,1775.0,3.198,-0.0156,-4,13.55,-16.0,0.563,0,1778967662
2454,tw,1772755200,47.84,15.73,0.598,1765.0,-0.563,-0.0096,-5,12.9,45.0,-2.55,0,1778967662
2454,tw,1773014400,27.35,13.56,0.342,1665.0,-5.666,-0.0227,-6,12.26,-196.0,2.703,0,1778967662
2454,tw,1773100800,50.18,15.33,0.627,1705.0,2.402,-0.0059,-7,11.61,78.0,1.466,0,1778967662
2454,tw,1773187200,51.6,16.32,0.645,1765.0,3.519,-0.0095,-8,12.26,71.0,-1.983,0,1778967662
2454,tw,1773273600,50.19,17.53,0.627,1785.0,1.133,-0.0073,-9,14.19,71.0,-5.882,-1,1778967662
2454,tw,1773360000,44.63,14.81,0.558,1720.0,-3.641,-0.0348,-10,12.9,140.0,-1.163,0,1778967662
2454,tw,1773619200,47.19,14.44,0.59,1710.0,-0.581,-0.0069,-11,11.61,18.0,-4.971,-1,1778967662
2454,tw,1773705600,33.95,14.96,0.424,1730.0,1.17,-0.0054,-12,11.61,-15.0,-6.358,-1,1778967662
2454,tw,1773792000,33.08,15.26,0.414,1730.0,0.0,-0.0092,-13,12.26,-27.0,-6.358,-1,1778967662
2454,tw,1773878400,44.76,13.74,0.56,1680.0,-2.89,-0.0301,-14,11.61,88.0,-5.357,-1,1778967662
2454,tw,1773964800,33.73,14.33,0.422,1700.0,1.19,0.011,1,10.97,-28.0,-6.765,-1,1778967662
2454,tw,1774224000,42.66,12.0,0.533,1625.0,-4.412,-0.0168,-1,10.32,155.0,-7.077,-1,1778967662
2454,tw,1774310400,31.54,12.59,0.394,1620.0,-0.308,0.0014,1,9.68,-31.0,-8.025,-1,1778967662
2454,tw,1774396800,46.47,12.03,0.581,1620.0,0.0,-0.0084,-1,9.03,192.0,-9.568,-1,1778967662
2454,tw,1774483200,29.23,10.83,0.365,1590.0,-1.852,-0.0217,-2,8.39,-52.0,-7.862,-1,1778967662
2454,tw,1774569600,31.55,12.59,0.394,1585.0,-0.314,0.0055,1,9.68,-111.0,-7.256,-1,1778967662
2454,tw,1774828800,42.05,11.26,0.526,1510.0,-4.732,-0.0126,-1,9.68,135.0,4.636,1,1778967662
2454,tw,1774915200,29.56,10.34,0.37,1490.0,-1.325,0.0031,1,7.74,-148.0,5.705,1,1778967662
2454,tw,1775001600,42.73,7.66,0.534,1465.0,-1.678,-0.0354,-1,5.16,278.0,7.509,1,1778967662
2454,tw,1775088000,44.22,7.52,0.553,1465.0,0.0,-0.0082,-2,4.52,16.0,10.58,1,1778967662
2454,tw,1775520000,44.23,6.97,0.553,1470.0,0.341,-0.0083,-3,3.87,59.0,17.007,1,1778967662
2454,tw,1775606400,51.09,8.47,0.639,1580.0,7.483,-0.0008,-4,3.23,72.0,13.291,1,1778967662
2454,tw,1775692800,43.58,6.78,0.545,1575.0,-0.316,-0.0073,-5,3.87,14.0,20.317,1,1778967662
2454,tw,1775779200,29.19,7.52,0.365,1575.0,0.0,-0.0144,-6,4.52,-102.0,22.222,1,1778967662
2454,tw,1776038400,47.46,9.02,0.593,1620.0,2.857,0.0044,1,5.16,305.0,17.284,1,1778967662
2454,tw,1776124800,50.44,9.37,0.63,1720.0,6.173,0.0012,2,4.52,640.0,21.512,1,1778967662
2454,tw,1776211200,32.91,7.45,0.411,1790.0,4.07,0.0449,3,3.23,-82.0,28.212,1,1778967662
2454,tw,1776297600,47.92,4.76,0.599,1895.0,5.866,0.0118,4,0.0,971.0,16.887,1,1778967662
2454,tw,1776384000,38.85,3.47,0.486,1925.0,1.583,0.0534,5,0.0,-239.0,26.494,1,1778967662
2454,tw,1776643200,25.7,2.61,0.321,1900.0,-1.299,-0.0005,-1,0.0,-188.0,28.158,1,1778967662
2454,tw,1776729600,52.22,6.0,0.653,2090.0,10.0,0.0432,1,0.0,1020.0,25.12,1,1778967662
2454,tw,1776816000,51.78,5.94,0.647,2295.0,9.809,-0.0057,-1,0.0,643.0,12.2,1,1778967662
2454,tw,1776902400,23.55,1.95,0.294,2215.0,-3.486,0.0075,1,0.0,-711.0,17.833,1,1778967662
2454,tw,1776988800,51.97,5.98,0.65,2435.0,9.932,0.0083,2,0.0,394.0,17.864,1,1778967662
2454,tw,1777248000,42.01,3.0,0.525,2435.0,0.0,0.0014,3,0.0,67.0,29.569,1,1778967662
2454,tw,1777334400,49.45,5.22,0.618,2615.0,7.392,0.0119,4,0.0,612.0,31.166,1,1778967662
2454,tw,1777420800,25.37,2.54,0.317,2575.0,-1.53,-0.02,-1,0.0,-69.0,32.816,1,1778967662
2454,tw,1777507200,28.43,3.41,0.355,2610.0,1.359,0.0145,1,0.0,-431.0,39.08,1,1778967662
2454,tw,1777852800,51.92,5.99,0.649,2870.0,9.962,-0.0082,-1,0.0,896.0,35.192,1,1778967662
2454,tw,1777939200,37.03,5.98,0.463,3155.0,9.93,0.0202,1,0.0,-681.0,17.274,1,1778967662
2454,tw,1778025600,35.93,5.61,0.449,3430.0,8.716,0.0422,2,0.0,-1327.0,1.895,0,1778967662
2454,tw,1778112000,26.66,2.91,0.333,3420.0,-0.292,-0.0088,-1,0.0,-125.0,-0.439,0,1778967662
2454,tw,1778198400,48.12,4.84,0.601,3630.0,6.14,-0.005,-2,0.0,413.0,-10.193,-1,1778967662
2412,tw,1763424000,41.2,2.77,0.515,131.0,-0.758,-0.009,-1,0.0,37.0,0.0,0,1778967664
2412,tw,1763510400,41.62,2.89,0.52,130.5,-0.382,0.0001,1,0.0,197.0,0.383,0,1778967664
2412,tw,1763596800,35.73,18.34,0.447,132.0,1.149,0.0152,2,15.0,-85.0,-0.758,0,1778967664
2412,tw,1763683200,49.68,18.89,0.621,131.5,-0.379,0.0115,3,16.0,471.0,-0.76,0,1778967664
2412,tw,1763942400,34.05,16.44,0.426,132.0,0.38,0.0006,4,13.33,-8.0,-1.515,0,1778967664
2412,tw,1764028800,46.8,14.2,0.585,131.0,-0.758,-0.0309,-1,11.43,128.0,-0.763,0,1778967664
2412,tw,1764115200,46.93,13.0,0.587,131.0,0.0,-0.0135,-2,10.0,5.0,-0.763,0,1778967664
2412,tw,1764201600,46.43,11.89,0.58,131.0,0.0,-0.0025,-3,8.89,43.0,-1.145,0,1778967664
2412,tw,1764288000,45.53,10.89,0.569,130.5,-0.382,-0.018,-4,8.0,29.0,-0.383,0,1778967664
2412,tw,1764547200,44.96,10.16,0.562,130.0,-0.383,-0.0588,-5,7.27,94.0,-0.385,0,1778967664
2412,tw,1764633600,29.38,8.0,0.367,130.0,0.0,-0.0237,-6,5.0,-9.0,0.0,0,1778967664
2412,tw,1764720000,42.63,4.54,0.533,130.0,0.0,-0.0279,-7,1.54,95.0,-0.385,0,1778967664
2412,tw,1764806400,26.46,2.88,0.331,129.5,-0.385,-0.0312,-8,0.0,-26.0,0.386,0,1778967664
2412,tw,1764892800,28.05,4.45,0.351,130.0,0.386,-0.001,-9,1.33,-49.0,0.385,0,1778967664
2412,tw,1765152000,42.73,5.38,0.534,129.5,-0.385,-0.0264,-10,2.5,180.0,0.772,0,1778967664
2412,tw,1765238400,29.12,6.65,0.364,130.0,0.386,-0.007,-11,3.53,-98.0,0.385,0,1778967664
2412,tw,1765324800,43.2,6.21,0.54,129.5,-0.385,-0.0153,-12,3.33,63.0,0.0,0,1778967664
2412,tw,1765411200,30.01,8.38,0.375,130.0,0.386,-0.0015,-13,5.26,-25.0,0.0,0,1778967664
2412,tw,1765497600,31.39,11.12,0.392,130.5,0.385,0.0009,1,8.0,-74.0,0.383,0,1778967664
2412,tw,1765756800,32.68,14.43,0.409,130.5,0.0,-0.0061,-1,11.43,-122.0,0.0,0,1778967664
2412,tw,1765843200,48.28,15.73,0.604,130.5,0.0,-0.0166,-2,12.73,21.0,0.0,0,1778967664
2412,tw,1765929600,46.41,13.2,0.58,129.5,-0.766,-0.0085,-3,10.43,50.0,0.772,0,1778967664
2412,tw,1766016000,34.46,17.29,0.431,130.0,0.386,-0.0016,-4,14.17,-10.0,1.154,0,1778967664
2412,tw,1766102400,35.02,17.63,0.438,131.0,0.769,0.0095,1,14.4,-158.0,0.763,0,1778967664
2412,tw,1766361600,36.21,22.12,0.453,130.5,-0.382,-0.0041,-1,19.23,-9.0,0.383,0,1778967664
2412,tw,1766448000,36.61,22.26,0.458,130.5,0.0,-0.0032,-2,19.26,-289.0,0.0,0,1778967664
2412,tw,1766534400,36.65,22.29,0.458,130.5,0.0,0.0011,1,19.29,-333.0,1.149,0,1778967664
2412,tw,1766707200,36.77,21.16,0.46,131.5,0.766,0.008,2,17.93,-64.0,1.141,0,1778967664
2412,tw,1766966400,33.4,15.11,0.417,132.0,0.38,0.0039,3,12.0,-106.0,0.379,0,1778967664
2412,tw,1767052800,47.05,14.38,0.588,131.0,-0.758,0.0007,4,11.61,25.0,1.527,0,1778967664
2412,tw,1767139200,32.38,14.5,0.405,130.5,-0.382,-0.0083,-1,11.61,-3.0,2.299,0,1778967664
2412,tw,1767312000,32.06,11.08,0.401,132.0,1.149,0.0091,1,7.74,-78.0,1.136,0,1778967664
2412,tw,1767571200,28.39,4.52,0.355,133.0,0.758,-0.0033,-1,1.29,-58.0,0.376,0,1778967664
2412,tw,1767657600,41.42,2.89,0.518,132.5,-0.376,-0.0405,-2,0.0,14.0,0.755,0,1778967664
2412,tw,1767744000,27.07,3.11,0.338,133.0,0.377,-0.0616,-3,0.0,-71.0,0.0,0,1778967664
2412,tw,1767830400,27.3,3.11,0.341,133.5,0.376,-0.0143,-4,0.0,-21.0,0.0,0,1778967664
2412,tw,1767916800,41.86,3.0,0.523,133.5,0.0,-0.0281,-5,0.0,13.0,-0.375,0,1778967664
2412,tw,1768176000,26.91,3.0,0.336,133.5,0.0,-0.0184,-6,0.0,-7.0,0.375,0,1778967664
2412,tw,1768262400,26.86,3.0,0.336,133.5,0.0,-0.0279,-7,0.0,-3.0,-0.375,0,1778967664
2412,tw,1768348800,41.43,2.89,0.518,133.0,-0.375,-0.0388,-8,0.0,24.0,0.0,0,1778967664
2412,tw,1768435200,27.31,3.11,0.341,133.5,0.376,-0.013,-9,0.0,-43.0,-0.375,0,1778967664
2412,tw,1768521600,42.68,5.47,0.534,133.0,-0.375,-0.0462,-10,2.58,43.0,0.752,0,1778967664
2412,tw,1768780800,29.8,7.1,0.373,134.0,0.752,0.023,1,3.87,-68.0,0.0,0,1778967664
2412,tw,1768867200,43.5,7.3,0.544,133.0,-0.746,-0.0033,-1,4.52,80.0,0.0,0,1778967664
2412,tw,1768953600,29.84,8.81,0.373,133.0,0.0,-0.0136,-2,5.81,-27.0,0.376,0,1778967664
2412,tw,1769040000,30.52,10.1,0.382,133.0,0.0,-0.006,-3,7.1,-10.0,0.376,0,1778967664
2412,tw,1769126400,31.96,11.62,0.4,134.0,0.752,0.0029,1,8.39,-7.0,-0.373,0,1778967664
2412,tw,1769385600,31.61,12.03,0.395,134.0,0.0,0.0197,2,9.03,-20.0,-0.746,0,1778967664
2412,tw,1769472000,46.2,13.1,0.578,133.0,-0.746,-0.0426,-1,10.32,71.0,0.376,0,1778967664
2412,tw,1769558400,33.23,14.72,0.415,133.5,0.376,0.0093,1,11.61,-41.0,-0.375,0,1778967664
2412,tw,1769644800,51.43,21.71,0.643,133.5,0.0,0.0147,2,18.71,32.0,-0.749,0,1778967664
2412,tw,1769731200,36.67,22.35,0.458,133.5,0.0,-0.0004,-1,19.35,-23.0,-0.375,0,1778967664
2412,tw,1769990400,50.94,21.6,0.637,133.0,-0.375,-0.0085,-2,18.71,27.0,-0.752,0,1778967664
2412,tw,1770076800,37.01,22.46,0.463,133.5,0.376,-0.0075,-3,19.35,-16.0,-0.749,0,1778967664
2412,tw,1770163200,50.89,21.6,0.636,133.0,-0.375,-0.0181,-4,18.71,174.0,0.0,0,1778967664
2412,tw,1770249600,34.77,19.66,0.435,132.5,-0.376,-0.0477,-5,16.77,-135.0,1.887,0,1778967664
2412,tw,1770336000,35.25,19.24,0.441,133.0,0.377,-0.038,-6,16.13,-14.0,1.88,0,1778967664
2412,tw,1770595200,48.95,18.25,0.612,132.0,-0.752,-0.0067,-7,15.48,38.0,3.03,1,1778967664
2412,tw,1770681600,49.42,17.3,0.618,132.5,0.379,-0.0107,-8,14.19,10.0,1.132,0,1778967664
2412,tw,1770768000,34.3,16.66,0.429,133.0,0.377,0.0301,1,13.55,-7.0,3.759,1,1778967664
2412,tw,1771804800,35.36,16.35,0.442,135.0,1.504,0.0822,2,12.9,-22.0,2.222,0,1778967664
2412,tw,1771891200,33.0,14.08,0.413,135.5,0.37,0.0294,3,10.97,-21.0,0.0,0,1778967664
2412,tw,1771977600,31.71,11.5,0.396,136.0,0.369,0.0297,4,8.39,-17.0,0.735,0,1778967664
2412,tw,1772064000,55.12,11.59,0.689,134.0,-1.471,0.0145,5,9.03,214.0,1.866,0,1778967664
2412,tw,1772409600,40.81,3.9,0.51,138.0,2.985,0.1645,6,0.0,-208.0,-1.449,0,1778967664
2412,tw,1772496000,52.24,3.0,0.653,138.0,0.0,0.0475,7,0.0,59.0,-2.174,0,1778967664
2412,tw,1772582400,50.29,2.46,0.629,135.5,-1.812,0.0202,8,0.0,280.0,0.0,0,1778967664
2412,tw,1772668800,38.32,3.33,0.479,137.0,1.107,0.0418,9,0.0,-54.0,-0.73,0,1778967664
2412,tw,1772755200,36.82,2.89,0.46,136.5,-0.365,0.0378,10,0.0,-3.0,-0.366,0,1778967664
2412,tw,1773014400,52.01,2.89,0.65,136.0,-0.366,0.0747,11,0.0,135.0,0.368,0,1778967664
2412,tw,1773100800,36.62,3.43,0.458,135.0,-0.735,0.0058,12,0.65,-11.0,1.481,0,1778967664
2412,tw,1773187200,38.49,5.05,0.481,135.5,0.37,0.0299,13,1.94,-59.0,1.476,0,1778967664
2412,tw,1773273600,38.92,5.69,0.487,136.0,0.369,0.0522,14,2.58,-36.0,-0.368,0,1778967664
2412,tw,1773360000,39.01,6.87,0.488,136.0,0.0,0.0156,15,3.87,-48.0,-1.471,0,1778967664
2412,tw,1773619200,39.72,7.63,0.496,136.5,0.368,0.0176,16,4.52,-29.0,-1.832,0,1778967664
2412,tw,1773705600,40.44,8.92,0.505,137.0,0.366,0.0333,17,5.81,-27.0,-2.19,0,1778967664
2412,tw,1773792000,41.0,10.21,0.512,137.5,0.365,0.0168,18,7.1,-177.0,-1.818,0,1778967664
2412,tw,1773878400,54.43,10.3,0.68,135.5,-1.455,0.0026,19,7.74,75.0,-0.738,0,1778967664
2412,tw,1773964800,55.47,11.7,0.693,134.0,-1.107,0.0131,20,9.03,108.0,0.0,0,1778967664
2412,tw,1774224000,56.97,12.68,0.712,134.0,0.0,0.0255,20,9.68,39.0,0.0,0,1778967664
2412,tw,1774310400,56.93,12.68,0.712,134.0,0.0,0.0172,20,9.68,8.0,-0.746,0,1778967664
2412,tw,1774396800,42.67,12.9,0.533,135.0,0.746,0.0163,20,9.68,-130.0,-0.741,0,1778967664
2412,tw,1774483200,56.18,11.92,0.702,134.5,-0.37,0.0065,20,9.03,4.0,-0.372,0,1778967664
2412,tw,1774569600,46.13,11.92,0.577,134.0,-0.372,-0.0019,-1,9.03,1.0,0.0,0,1778967664
2412,tw,1774828800,48.06,15.26,0.601,134.0,0.0,-0.0132,-2,12.26,9.0,0.0,0,1778967664
2412,tw,1774915200,47.6,15.68,0.595,133.0,-0.746,-0.0209,-3,12.9,283.0,1.504,0,1778967664
2412,tw,1775001600,33.32,14.2,0.417,134.0,0.752,0.0176,1,10.97,-173.0,1.119,0,1778967664
2412,tw,1775088000,49.07,17.19,0.613,134.0,0.0,-0.0053,-1,14.19,4.0,0.373,0,1778967664
2412,tw,1775520000,34.37,17.84,0.43,134.0,0.0,-0.0102,-2,14.84,-8.0,0.746,0,1778967664
2412,tw,1775606400,34.72,18.48,0.434,134.0,0.0,-0.0048,-3,15.48,-29.0,1.119,0,1778967664
2412,tw,1775692800,35.47,18.7,0.443,135.0,0.746,-0.0039,-4,15.48,-45.0,1.111,0,1778967664
2412,tw,1775779200,35.14,18.59,0.439,135.5,0.37,0.0051,1,15.48,-29.0,1.476,0,1778967664
2412,tw,1776038400,50.29,20.84,0.629,134.5,-0.738,-0.0001,-1,18.06,15.0,1.859,0,1778967664
2412,tw,1776124800,36.83,21.82,0.46,135.0,0.372,0.02,1,18.71,-24.0,1.481,0,1778967664
2412,tw,1776211200,37.15,22.46,0.464,135.5,0.37,0.0213,2,19.35,-103.0,0.738,0,1778967664
2412,tw,1776297600,37.62,22.57,0.47,136.5,0.738,0.041,3,19.35,-101.0,-0.366,0,1778967664
2412,tw,1776384000,37.35,21.93,0.467,137.5,0.733,0.0532,4,18.71,-53.0,-1.455,0,1778967664
2412,tw,1776643200,45.21,19.66,0.565,137.0,-0.364,0.038,5,16.77,-1.0,0.0,0,1778967664
2412,tw,1776729600,57.89,14.61,0.724,137.0,0.0,0.0161,6,11.61,30.0,0.0,0,1778967664
2412,tw,1776816000,45.73,11.28,0.572,136.5,-0.365,-0.0202,-1,8.39,126.0,0.0,0,1778967664
2412,tw,1776902400,31.13,11.92,0.389,136.0,-0.366,-0.0045,-2,9.03,-84.0,0.0,0,1778967664
2412,tw,1776988800,45.77,11.28,0.572,135.5,-0.368,-0.0115,-3,8.39,22.0,0.0,0,1778967664
2412,tw,1777248000,44.87,7.2,0.561,137.0,1.107,-0.0334,-4,3.87,80.0,-0.73,0,1778967664
2412,tw,1777334400,28.1,6.23,0.351,137.0,0.0,-0.1032,-5,3.23,-128.0,-0.73,0,1778967664
2412,tw,1777420800,28.51,6.76,0.356,136.5,-0.365,-0.0123,-6,3.87,-9.0,-0.733,0,1778967664
2412,tw,1777507200,49.66,19.02,0.621,136.0,-0.366,-0.0082,-7,16.13,1.0,0.368,0,1778967664
2412,tw,1777852800,50.22,20.31,0.628,135.5,-0.368,-0.0253,-8,17.42,75.0,0.0,0,1778967664
2412,tw,1777939200,37.07,22.46,0.463,136.0,0.369,0.0049,1,19.35,-63.0,-0.368,0,1778967664
2412,tw,1778025600,51.58,22.35,0.645,136.0,0.0,-0.0197,-1,19.35,8.0,1.103,0,1778967664
2412,tw,1778112000,51.14,22.24,0.639,135.5,-0.368,-0.0342,-2,19.35,10.0,1.476,0,1778967664
2412,tw,1778198400,37.36,22.57,0.467,136.5,0.738,-0.0103,-3,19.35,-43.0,1.099,0,1778967664
2308,tw,1763424000,24.98,2.41,0.312,898.0,-1.965,-0.0101,-1,0.0,-63.0,1.336,0,1778967667
2308,tw,1763510400,26.53,2.87,0.332,894.0,-0.445,-0.0056,-2,0.0,-51.0,5.705,1,1778967667
2308,tw,1763596800,51.26,10.01,0.641,954.0,6.711,0.0101,1,5.0,16.0,-1.258,0,1778967667
2308,tw,1763683200,35.47,1.14,0.443,895.0,-6.184,-0.0685,-1,0.0,134.0,4.134,1,1778967667
2308,tw,1763942400,43.35,6.26,0.542,893.0,-0.223,-0.0188,-2,3.33,2.0,8.959,1,1778967667
2308,tw,1764028800,36.05,17.86,0.451,910.0,1.904,0.0006,1,14.29,-46.0,8.681,1,1778967667
2308,tw,1764115200,54.64,21.65,0.683,945.0,3.846,0.0082,2,17.5,120.0,5.503,1,1778967667
2308,tw,1764201600,50.57,20.68,0.632,942.0,-0.317,-0.0009,-1,17.78,56.0,6.051,1,1778967667
2308,tw,1764288000,49.89,20.68,0.624,932.0,-1.062,-0.0104,-2,18.0,97.0,5.043,1,1778967667
2308,tw,1764547200,55.52,22.5,0.694,973.0,4.399,0.0056,1,18.18,901.0,0.617,0,1778967667
2308,tw,1764633600,51.15,18.49,0.639,989.0,1.644,0.0017,2,15.0,302.0,-1.82,0,1778967667
2308,tw,1764720000,33.95,15.55,0.424,997.0,0.809,-0.0035,-1,12.31,-155.0,-2.909,0,1778967667
2308,tw,1764806400,32.97,14.49,0.412,999.0,0.201,0.0103,1,11.43,-157.0,-5.405,-1,1778967667
2308,tw,1764892800,30.27,13.07,0.378,979.0,-2.002,-0.0132,-1,10.67,-57.0,-4.188,-1,1778967667
2308,tw,1765152000,32.64,14.25,0.408,979.0,0.0,0.0031,1,11.25,-142.0,-5.822,-1,1778967667
2308,tw,1765238400,47.09,14.51,0.589,971.0,-0.817,0.0055,2,11.76,88.0,-7.209,-1,1778967667
2308,tw,1765324800,47.25,14.02,0.591,968.0,-0.309,0.0009,3,11.11,16.0,-8.058,-1,1778967667
2308,tw,1765411200,30.79,14.92,0.385,945.0,-2.376,-0.03,-1,12.63,-18.0,-5.714,-1,1778967667
2308,tw,1765497600,33.2,16.78,0.415,938.0,-0.741,-0.0114,-2,14.0,-24.0,-2.878,0,1778967667
2308,tw,1765756800,47.4,16.78,0.592,922.0,-1.706,-0.0088,-3,14.29,88.0,3.362,1,1778967667
2308,tw,1765843200,46.85,16.87,0.586,901.0,-2.278,-0.0295,-4,14.55,92.0,4.661,1,1778967667
2308,tw,1765929600,47.07,15.67,0.588,890.0,-1.221,-0.0468,-5,13.04,218.0,7.303,1,1778967667
2308,tw,1766016000,44.92,8.86,0.561,891.0,0.112,-0.0217,-6,5.83,244.0,7.295,1,1778967667
2308,tw,1766102400,47.8,10.87,0.598,911.0,2.245,-0.0087,-7,7.2,476.0,5.598,1,1778967667
2308,tw,1766361600,54.33,19.76,0.679,953.0,4.61,0.0059,1,15.38,189.0,0.839,0,1778967667
2308,tw,1766448000,49.43,19.73,0.618,943.0,-1.049,-0.0087,-1,17.04,50.0,2.121,0,1778967667
2308,tw,1766534400,51.49,19.81,0.644,955.0,1.273,0.0009,1,16.43,111.0,4.188,1,1778967667
2308,tw,1766707200,50.69,20.27,0.634,956.0,0.105,-0.0073,-1,17.24,8.0,5.649,1,1778967667
2308,tw,1766966400,36.3,20.52,0.454,962.0,0.628,0.0008,1,17.33,-219.0,9.148,1,1778967667
2308,tw,1767052800,35.6,20.39,0.445,961.0,-0.104,-0.0013,-1,17.42,-68.0,7.18,1,1778967667
2308,tw,1767139200,36.61,21.77,0.458,963.0,0.208,0.0101,1,18.71,-268.0,4.881,1,1778967667
2308,tw,1767312000,40.17,23.35,0.502,995.0,3.323,0.034,2,19.35,-56.0,2.01,0,1778967667
2308,tw,1767571200,51.79,19.58,0.647,1010.0,1.508,0.0438,3,16.13,364.0,4.455,1,1778967667
2308,tw,1767657600,32.2,6.13,0.403,1050.0,3.96,0.0543,4,1.94,-274.0,-1.905,0,1778967667
2308,tw,1767744000,25.65,3.72,0.321,1030.0,-1.905,-0.0189,-1,1.29,-386.0,2.913,0,1778967667
2308,tw,1767830400,25.48,3.07,0.318,1010.0,-1.942,0.0184,1,0.65,-790.0,3.465,1,1778967667
2308,tw,1767916800,42.52,3.15,0.531,1015.0,0.495,0.0049,2,0.0,168.0,10.837,1,1778967667
2308,tw,1768176000,46.09,4.18,0.576,1055.0,3.941,0.0288,3,0.0,251.0,6.161,1,1778967667
2308,tw,1768262400,24.6,2.29,0.308,1030.0,-2.37,-0.0053,-1,0.0,-351.0,9.709,1,1778967667
2308,tw,1768348800,44.99,3.87,0.562,1060.0,2.913,0.0148,1,0.0,319.0,7.075,1,1778967667
2308,tw,1768435200,40.86,3.23,0.511,1045.0,-1.415,-0.0102,-1,0.65,22.0,19.139,1,1778967667
2308,tw,1768521600,49.97,5.3,0.625,1125.0,7.656,0.0622,1,0.0,1182.0,12.0,1,1778967667
2308,tw,1768780800,41.49,2.87,0.519,1120.0,-0.444,-0.0133,-1,0.0,1.0,9.821,1,1778967667
2308,tw,1768867200,27.91,3.27,0.349,1130.0,0.893,0.003,1,0.0,-362.0,10.619,1,1778967667
2308,tw,1768953600,42.56,3.13,0.532,1135.0,0.442,0.0239,2,0.0,62.0,12.775,1,1778967667
2308,tw,1769040000,51.85,5.91,0.648,1245.0,9.692,0.032,3,0.0,577.0,0.803,0,1778967667
2308,tw,1769126400,43.13,3.36,0.539,1260.0,1.205,-0.0142,-1,0.0,61.0,-3.175,-1,1778967667
2308,tw,1769385600,24.49,2.29,0.306,1230.0,-2.381,-0.0254,-2,0.0,-422.0,-4.472,-1,1778967667
2308,tw,1769472000,28.62,3.49,0.358,1250.0,1.626,-0.0004,-3,0.0,-274.0,-2.8,0,1778967667
2308,tw,1769558400,29.46,3.72,0.368,1280.0,2.4,0.0117,1,0.0,-845.0,-5.469,-1,1778967667
2308,tw,1769644800,25.32,3.06,0.317,1255.0,-1.953,-0.0095,-1,0.65,-522.0,-8.367,-1,1778967667
2308,tw,1769731200,25.16,4.1,0.315,1220.0,-2.789,-0.0035,-2,1.94,-360.0,-4.918,-1,1778967667
2308,tw,1769990400,24.94,5.12,0.312,1175.0,-3.689,0.003,1,3.23,-248.0,0.426,0,1778967667
2308,tw,1770076800,47.28,7.89,0.591,1215.0,3.404,-0.0111,-1,3.87,147.0,-2.469,0,1778967667
2308,tw,1770163200,29.22,8.04,0.365,1210.0,-0.412,0.0111,1,5.16,-125.0,4.132,1,1778967667
2308,tw,1770249600,24.64,7.32,0.308,1150.0,-4.959,-0.0611,-1,5.81,-47.0,13.478,1,1778967667
2308,tw,1770336000,31.39,10.36,0.392,1160.0,0.87,-0.0051,-2,7.1,-169.0,19.397,1,1778967667
2308,tw,1770595200,47.57,11.26,0.595,1180.0,1.724,-0.0043,-3,7.74,162.0,21.61,1,1778967667
2308,tw,1770681600,47.86,14.1,0.598,1185.0,0.424,-0.0093,-4,10.97,178.0,20.675,1,1778967667
2308,tw,1770768000,55.5,19.09,0.694,1260.0,6.329,0.0145,1,14.19,327.0,13.095,1,1778967667
2308,tw,1771804800,53.4,19.55,0.667,1305.0,3.571,0.0171,2,15.48,138.0,2.682,0,1778967667
2308,tw,1771891200,54.36,17.1,0.679,1385.0,6.13,0.0195,3,12.26,115.0,-9.386,-1,1778967667
2308,tw,1771977600,34.52,11.82,0.431,1435.0,3.61,0.0071,4,7.74,-2.0,-6.969,-1,1778967667
2308,tw,1772064000,30.08,10.0,0.376,1430.0,-0.348,-0.0236,-1,7.1,-82.0,-7.692,-1,1778967667
2308,tw,1772409600,30.21,10.0,0.378,1425.0,-0.35,0.0021,1,7.1,-149.0,-14.386,-1,1778967667
2308,tw,1772496000,24.48,8.31,0.306,1340.0,-5.965,-0.0207,-1,7.1,-610.0,-3.731,-1,1778967667
2308,tw,1772582400,39.15,8.2,0.489,1255.0,-6.343,-0.0112,-2,7.1,175.0,11.554,1,1778967667
2308,tw,1772668800,36.85,12.01,0.461,1335.0,6.375,-0.0151,-3,7.1,-115.0,2.622,0,1778967667
2308,tw,1772755200,44.39,9.76,0.555,1320.0,-1.124,-0.0078,-4,7.1,45.0,4.924,1,1778967667
2308,tw,1773014400,37.68,7.18,0.471,1220.0,-7.576,0.0065,1,6.45,44.0,11.475,1,1778967667
2308,tw,1773100800,51.29,11.82,0.641,1290.0,5.738,0.0014,2,7.1,15.0,11.628,1,1778967667
2308,tw,1773187200,53.43,11.37,0.668,1400.0,8.527,-0.0011,-1,5.81,153.0,4.643,1,1778967667
2308,tw,1773273600,44.02,10.75,0.55,1370.0,-2.143,-0.0059,-2,8.39,18.0,6.204,1,1778967667
2308,tw,1773360000,32.95,13.01,0.412,1385.0,1.095,0.0027,1,9.68,-80.0,6.498,1,1778967667
2308,tw,1773619200,31.6,15.36,0.395,1360.0,-1.805,-0.0086,-1,12.9,-8.0,3.676,1,1778967667
2308,tw,1773705600,40.51,19.6,0.506,1440.0,5.882,0.0406,1,14.84,-223.0,-1.736,0,1778967667
2308,tw,1773792000,36.55,19.0,0.457,1465.0,1.736,0.0139,2,15.48,-109.0,5.802,1,1778967667
2308,tw,1773878400,34.76,19.57,0.435,1455.0,-0.683,0.0119,3,16.77,-207.0,4.124,1,1778967667
2308,tw,1773964800,52.2,20.83,0.652,1475.0,1.375,0.0224,4,17.42,84.0,2.373,0,1778967667
2308,tw,1774224000,46.5,19.74,0.581,1410.0,-4.407,-0.0251,-1,18.06,102.0,5.319,1,1778967667
2308,tw,1774310400,36.82,21.82,0.46,1415.0,0.355,0.0212,1,18.71,-105.0,-2.473,0,1778967667
2308,tw,1774396800,59.28,20.7,0.741,1550.0,9.541,0.0644,2,14.84,751.0,-4.839,-1,1778967667
2308,tw,1774483200,31.44,15.87,0.393,1515.0,-2.258,-0.0155,-1,13.55,-427.0,-5.611,-1,1778967667
2308,tw,1774569600,48.01,15.8,0.6,1510.0,-0.33,-0.0227,-2,12.9,169.0,0.331,0,1778967667
2308,tw,1774828800,30.79,13.47,0.385,1485.0,-1.656,-0.0084,-3,10.97,-169.0,12.121,1,1778967667
2308,tw,1774915200,25.45,12.49,0.318,1380.0,-7.071,-0.0563,-4,11.61,-196.0,19.203,1,1778967667
2308,tw,1775001600,41.0,19.26,0.513,1475.0,6.884,0.0044,1,14.19,-115.0,17.627,1,1778967667
2308,tw,1775088000,46.26,16.92,0.578,1430.0,-3.051,-0.0217,-1,14.84,77.0,21.678,1,1778967667
2308,tw,1775520000,40.54,19.62,0.507,1515.0,5.944,0.036,1,14.84,-352.0,15.512,1,1778967667
2308,tw,1775606400,59.84,21.45,0.748,1665.0,9.901,0.0391,2,15.48,640.0,7.207,1,1778967667
2308,tw,1775692800,33.27,17.48,0.416,1645.0,-1.201,0.0105,3,14.84,-711.0,12.158,1,1778967667
2308,tw,1775779200,36.37,12.38,0.455,1735.0,5.471,0.0058,4,7.74,-21.0,6.052,1,1778967667
2308,tw,1776038400,42.6,3.74,0.533,1740.0,0.288,-0.0025,-1,0.65,2.0,9.195,1,1778967667
2308,tw,1776124800,42.47,3.17,0.531,1750.0,0.575,-0.0218,-2,0.0,163.0,15.143,1,1778967667
2308,tw,1776211200,29.08,3.6,0.364,1785.0,2.0,0.0162,1,0.0,-86.0,12.885,1,1778967667
2308,tw,1776297600,30.46,4.01,0.381,1845.0,3.361,0.0205,2,0.0,-116.0,7.317,1,1778967667
2308,tw,1776384000,26.69,2.92,0.334,1840.0,-0.271,-0.0088,-1,0.0,-6.0,12.772,1,1778967667
2308,tw,1776643200,30.28,3.98,0.379,1900.0,3.261,0.0044,1,0.0,-137.0,6.316,1,1778967667
2308,tw,1776729600,48.05,4.82,0.601,2015.0,6.053,0.0,2,0.0,161.0,5.459,1,1778967667
2308,tw,1776816000,41.88,3.0,0.524,2015.0,0.0,-0.0239,-1,0.0,131.0,7.444,1,1778967667
2308,tw,1776902400,25.04,2.48,0.313,1980.0,-1.737,-0.0452,-2,0.0,-3.0,9.343,1,1778967667
2308,tw,1776988800,46.82,4.44,0.585,2075.0,4.798,0.0053,1,0.0,234.0,6.988,1,1778967667
2308,tw,1777248000,39.17,2.2,0.49,2020.0,-2.651,-0.0357,-1,0.0,173.0,7.178,1,1778967667
2308,tw,1777334400,32.38,4.56,0.405,2125.0,5.198,0.0373,1,0.0,-202.0,4.0,1,1778967667
2308,tw,1777420800,43.83,3.56,0.548,2165.0,1.882,-0.011,-1,0.0,548.0,5.312,1,1778967667
2308,tw,1777507200,43.26,5.58,0.541,2165.0,0.0,-0.0066,-2,2.58,13.0,1.617,0,1778967667
2308,tw,1777852800,31.78,8.28,0.397,2220.0,2.54,-0.0037,-3,4.52,-123.0,1.126,0,1778967667
2308,tw,1777939200,42.21,8.07,0.528,2165.0,-2.477,-0.0426,-4,5.81,194.0,1.386,0,1778967667
2308,tw,1778025600,32.76,10.72,0.41,2210.0,2.079,0.0268,1,7.1,-313.0,-2.036,0,1778967667
2308,tw,1778112000,49.48,12.34,0.618,2280.0,3.167,0.0235,2,8.39,191.0,-5.482,-1,1778967667
2308,tw,1778198400,28.11,11.63,0.351,2200.0,-3.509,-0.0446,-1,9.68,-76.0,-5.682,-1,1778967667
2881,tw,1763424000,28.35,12.25,0.354,89.5,-2.505,-0.2298,-3,10.0,-176.0,3.799,1,1778967669
2881,tw,1763510400,38.45,2.53,0.481,88.1,-1.564,-0.397,-4,0.0,28.0,5.789,1,1778967669
2881,tw,1763596800,26.9,3.41,0.336,89.3,1.362,-0.2917,-5,0.0,-13.0,5.151,1,1778967669
2881,tw,1763683200,24.83,2.8,0.31,88.7,-0.672,-0.299,-6,0.0,-41.0,4.397,1,1778967669
2881,tw,1763942400,31.06,7.45,0.388,92.0,3.72,-0.2655,-7,3.33,-38.0,-0.217,0,1778967669
2881,tw,1764028800,26.56,3.29,0.332,92.9,0.978,-0.2834,-8,0.0,-1035.0,-0.861,0,1778967669
2881,tw,1764115200,41.13,3.1,0.514,93.2,0.323,-0.2377,-9,0.0,55.0,-0.107,0,1778967669
2881,tw,1764201600,26.91,3.23,0.336,93.9,0.751,-0.1676,-10,0.0,-39.0,0.852,0,1778967669
2881,tw,1764288000,40.27,2.58,0.503,92.6,-1.384,-0.0689,-11,0.0,85.0,2.484,0,1778967669
2881,tw,1764547200,41.9,4.56,0.524,91.8,-0.864,-0.0294,-12,1.82,156.0,4.031,1,1778967669
2881,tw,1764633600,44.29,6.43,0.554,92.1,0.327,0.0597,1,3.33,140.0,4.56,1,1778967669
2881,tw,1764720000,28.39,3.33,0.355,93.1,1.086,0.0606,2,0.0,-210.0,2.256,0,1778967669
2881,tw,1764806400,29.46,3.52,0.368,94.7,1.719,0.1473,3,0.0,-186.0,0.422,0,1778967669
2881,tw,1764892800,42.31,3.06,0.529,94.9,0.211,0.0193,4,0.0,49.0,2.002,0,1778967669
2881,tw,1765152000,53.07,3.19,0.663,95.5,0.632,0.0884,5,0.0,36.0,0.105,0,1778967669
2881,tw,1765238400,38.26,3.25,0.478,96.3,0.838,0.0841,6,0.0,-64.0,-0.312,0,1778967669
2881,tw,1765324800,50.92,2.66,0.637,95.2,-1.142,0.0127,7,0.0,98.0,2.206,0,1778967669
2881,tw,1765411200,51.93,2.97,0.649,95.1,-0.105,0.0076,8,0.0,12.0,1.788,0,1778967669
2881,tw,1765497600,39.03,3.54,0.488,96.8,1.788,0.0491,9,0.0,-189.0,0.517,0,1778967669
2881,tw,1765756800,50.76,2.63,0.635,95.6,-1.24,0.0003,10,0.0,179.0,2.72,0,1778967669
2881,tw,1765843200,39.03,4.95,0.488,96.0,0.418,0.1394,11,1.82,-32.0,2.187,0,1778967669
2881,tw,1765929600,41.12,7.76,0.514,97.3,1.354,0.1179,12,4.35,-59.0,0.719,0,1778967669
2881,tw,1766016000,54.69,8.68,0.684,96.8,-0.514,0.0584,13,5.83,93.0,0.207,0,1778967669
2881,tw,1766102400,57.49,11.95,0.719,97.3,0.517,0.1137,14,8.8,29.0,0.925,0,1778967669
2881,tw,1766361600,57.89,11.74,0.724,98.2,0.925,0.1468,15,8.46,23.0,-1.222,0,1778967669
2881,tw,1766448000,40.89,10.38,0.511,98.1,-0.102,0.0569,16,7.41,-49.0,-2.039,0,1778967669
2881,tw,1766534400,40.78,10.11,0.51,98.0,-0.102,0.0622,17,7.14,-94.0,-2.449,0,1778967669
2881,tw,1766707200,55.05,10.28,0.688,97.0,-1.02,0.0553,18,7.59,111.0,0.206,0,1778967669
2881,tw,1766966400,43.09,12.7,0.539,98.2,1.237,0.0384,19,9.33,-185.0,-1.833,0,1778967669
2881,tw,1767052800,48.12,17.47,0.602,97.0,-1.222,-0.0148,-1,14.84,153.0,-0.928,0,1778967669
2881,tw,1767139200,50.26,20.78,0.628,96.1,-0.928,0.0318,1,18.06,155.0,0.937,0,1778967669
2881,tw,1767312000,51.42,22.19,0.643,95.6,-0.52,0.053,2,19.35,134.0,-0.105,0,1778967669
2881,tw,1767571200,38.58,22.85,0.482,97.2,1.674,0.0465,3,19.35,-218.0,-2.263,0,1778967669
2881,tw,1767657600,50.92,22.1,0.636,96.4,-0.823,0.0135,4,19.35,256.0,-2.282,0,1778967669
2881,tw,1767744000,61.56,22.26,0.77,96.1,-0.311,0.0402,5,19.35,79.0,-2.393,0,1778967669
2881,tw,1767830400,47.76,22.63,0.597,97.0,0.937,0.0298,6,19.35,-322.0,-2.99,0,1778967669
2881,tw,1767916800,49.98,21.89,0.625,95.5,-1.546,-0.0288,-1,19.35,20.0,-0.524,0,1778967669
2881,tw,1768176000,50.98,21.55,0.637,95.0,-0.524,0.0301,1,18.71,12.0,0.0,0,1778967669
2881,tw,1768262400,48.98,18.23,0.612,94.2,-0.842,0.017,2,15.48,313.0,-0.212,0,1778967669
2881,tw,1768348800,48.91,17.06,0.611,93.8,-0.425,0.0489,3,14.19,138.0,-0.853,0,1778967669
2881,tw,1768435200,49.08,16.0,0.614,94.1,0.32,0.0627,4,12.9,69.0,-1.169,0,1778967669
2881,tw,1768521600,44.54,15.55,0.557,95.0,0.956,0.0913,5,12.26,-74.0,-1.579,0,1778967669
2881,tw,1768780800,57.98,14.61,0.725,95.0,0.0,0.0348,6,11.61,201.0,-1.895,0,1778967669
2881,tw,1768867200,56.58,13.65,0.707,94.0,-1.053,0.029,7,10.97,76.0,-1.702,0,1778967669
2881,tw,1768953600,56.1,13.0,0.701,93.0,-1.064,0.0002,8,10.32,509.0,-0.538,0,1778967669
2881,tw,1769040000,46.79,12.68,0.585,93.0,0.0,-0.0097,-1,9.68,60.0,-0.753,0,1778967669
2881,tw,1769126400,47.7,13.48,0.596,93.5,0.538,0.0001,1,10.32,3.0,-2.781,0,1778967669
2881,tw,1769385600,46.36,11.93,0.58,93.2,-0.321,0.034,2,9.03,23.0,-2.897,0,1778967669
2881,tw,1769472000,46.47,13.06,0.581,92.4,-0.858,0.0342,3,10.32,192.0,-0.649,0,1778967669
2881,tw,1769558400,46.8,12.71,0.585,92.5,0.108,-0.0303,-1,9.68,206.0,0.216,0,1778967669
2881,tw,1769644800,30.95,10.68,0.387,92.3,-0.216,0.0595,1,7.74,-154.0,1.3,0,1778967669
2881,tw,1769731200,42.81,7.7,0.535,90.9,-1.517,-0.0505,-1,5.16,304.0,1.65,0,1778967669
2881,tw,1769990400,29.04,7.39,0.363,90.5,-0.44,0.0449,1,4.52,-8.0,3.646,1,1778967669
2881,tw,1770076800,31.29,8.59,0.391,91.8,1.436,0.0549,2,5.16,-91.0,2.941,0,1778967669
2881,tw,1770163200,46.15,9.1,0.577,92.7,0.98,0.0533,3,5.81,63.0,2.697,0,1778967669
2881,tw,1770249600,34.18,15.52,0.427,93.5,0.863,0.0368,4,12.26,-460.0,2.353,0,1778967669
2881,tw,1770336000,47.35,16.2,0.592,92.4,-1.176,-0.0494,-1,13.55,255.0,1.84,0,1778967669
2881,tw,1770595200,35.98,17.64,0.45,93.8,1.515,0.0732,1,14.19,-340.0,-0.959,0,1778967669
2881,tw,1770681600,34.82,16.77,0.435,94.5,0.746,0.0593,2,13.55,-379.0,-0.317,0,1778967669
2881,tw,1770768000,33.97,14.83,0.425,95.2,0.741,0.0858,3,11.61,-132.0,-2.311,0,1778967669
2881,tw,1771804800,32.0,10.9,0.4,95.7,0.525,0.1211,4,7.74,-156.0,-2.717,0,1778967669
2881,tw,1771891200,44.57,11.53,0.557,94.1,-1.672,-0.0555,-1,9.03,170.0,-4.57,-1,1778967669
2881,tw,1771977600,46.77,14.88,0.585,92.9,-1.275,-0.0166,-2,12.26,214.0,-2.583,0,1778967669
2881,tw,1772064000,34.48,15.03,0.431,94.2,1.399,0.0547,1,11.61,-419.0,-5.732,-1,1778967669
2881,tw,1772409600,46.37,14.23,0.58,93.0,-1.274,-0.0326,-1,11.61,375.0,-6.237,-1,1778967669
2881,tw,1772496000,33.62,15.93,0.42,93.1,0.108,0.0122,1,12.9,-128.0,-5.156,-1,1778967669
2881,tw,1772582400,40.62,7.75,0.508,89.8,-3.545,-0.1487,-1,5.81,421.0,-0.668,0,1778967669
2881,tw,1772668800,43.29,5.17,0.541,90.5,0.78,-0.0914,-2,1.94,25.0,-1.215,0,1778967669
2881,tw,1772755200,38.89,2.44,0.486,88.8,-1.878,-0.2455,-3,0.0,534.0,-0.788,0,1778967669
2881,tw,1773014400,24.82,2.46,0.31,87.2,-1.802,-0.0762,-4,0.0,-191.0,1.835,0,1778967669
2881,tw,1773100800,28.22,3.38,0.353,88.3,1.261,-0.0079,-5,0.0,-355.0,1.699,0,1778967669
2881,tw,1773187200,43.12,3.31,0.539,89.2,1.019,0.0211,1,0.0,162.0,0.336,0,1778967669
2881,tw,1773273600,41.89,3.07,0.524,89.4,0.224,-0.0673,-1,0.0,20.0,-1.342,0,1778967669
2881,tw,1773360000,39.95,2.56,0.499,88.1,-1.454,-0.119,-2,0.0,231.0,0.568,0,1778967669
2881,tw,1773619200,42.86,3.24,0.536,88.8,0.795,0.0133,1,0.0,35.0,-2.252,0,1778967669
2881,tw,1773705600,43.76,3.99,0.547,89.8,1.126,0.0615,2,0.65,22.0,-3.007,-1,1778967669
2881,tw,1773792000,41.55,2.9,0.519,89.5,-0.334,-0.0237,-1,0.0,352.0,-0.782,0,1778967669
2881,tw,1773878400,39.67,2.56,0.496,88.2,-1.453,-0.1761,-2,0.0,178.0,0.454,0,1778967669
2881,tw,1773964800,28.2,5.72,0.352,88.6,0.454,-0.1091,-3,2.58,-538.0,-1.016,0,1778967669
2881,tw,1774224000,41.19,6.26,0.515,86.8,-2.032,-0.1424,-4,3.87,168.0,-0.461,0,1778967669
2881,tw,1774310400,45.05,8.91,0.563,87.1,0.346,-0.0394,-5,5.81,29.0,-1.263,0,1778967669
2881,tw,1774396800,32.69,10.69,0.409,88.8,1.952,0.0375,1,7.1,-167.0,-1.126,0,1778967669
2881,tw,1774483200,45.91,11.32,0.574,88.6,-0.225,-0.0125,-1,8.39,22.0,-0.903,0,1778967669
2881,tw,1774569600,45.49,12.38,0.569,87.7,-1.016,-0.067,-2,9.68,208.0,0.0,0,1778967669
2881,tw,1774828800,46.09,14.17,0.576,86.4,-1.482,-0.0467,-3,11.61,28.0,3.241,1,1778967669
2881,tw,1774915200,35.11,20.28,0.439,86.0,-0.463,-0.0276,-4,17.42,-351.0,2.907,0,1778967669
2881,tw,1775001600,38.07,21.69,0.476,87.8,2.093,-0.0101,-5,18.06,-615.0,-0.228,0,1778967669
2881,tw,1775088000,36.63,22.35,0.458,87.8,0.0,-0.0095,-6,19.35,-37.0,-1.253,0,1778967669
2881,tw,1775520000,51.24,22.32,0.641,87.7,-0.114,-0.0637,-7,19.35,54.0,-0.114,0,1778967669
2881,tw,1775606400,38.0,22.22,0.475,89.2,1.71,-0.0131,-8,18.71,-116.0,-1.906,0,1778967669
2881,tw,1775692800,49.54,20.18,0.619,88.5,-0.785,-0.0763,-9,17.42,222.0,-0.678,0,1778967669
2881,tw,1775779200,50.15,22.04,0.627,87.6,-1.017,-0.1007,-10,19.35,320.0,0.457,0,1778967669
2881,tw,1776038400,35.07,21.4,0.438,86.7,-1.027,-0.0517,-11,18.71,-268.0,0.577,0,1778967669
2881,tw,1776124800,37.25,21.37,0.466,87.6,1.038,0.0365,1,18.06,-30.0,0.114,0,1778967669
2881,tw,1776211200,51.68,22.32,0.646,87.5,-0.114,0.0231,2,19.35,206.0,0.914,0,1778967669
2881,tw,1776297600,52.18,22.49,0.652,87.9,0.457,0.0097,3,19.35,240.0,0.455,0,1778967669
2881,tw,1776384000,51.56,22.38,0.645,88.0,0.114,-0.0456,-1,19.35,47.0,-0.227,0,1778967669
2881,tw,1776643200,50.48,21.44,0.631,87.2,-0.909,0.0069,1,18.71,99.0,0.803,0,1778967669
2881,tw,1776729600,37.34,22.52,0.467,87.7,0.573,0.0184,2,19.35,-60.0,1.026,0,1778967669
2881,tw,1776816000,37.94,22.56,0.474,88.3,0.684,0.1164,3,19.35,-277.0,3.398,1,1778967669
2881,tw,1776902400,36.98,22.35,0.462,88.3,0.0,0.0618,4,19.35,-164.0,1.925,0,1778967669
2881,tw,1776988800,50.77,22.18,0.635,87.8,-0.566,-0.067,-1,19.35,56.0,3.645,1,1778967669
2881,tw,1777248000,37.0,22.38,0.462,87.9,0.114,0.042,1,19.35,-75.0,4.892,1,1778967669
2881,tw,1777334400,36.99,21.3,0.462,88.6,0.796,0.032,2,18.06,-47.0,4.74,1,1778967669
2881,tw,1777420800,36.07,14.88,0.451,91.3,3.047,0.1082,3,10.97,-70.0,3.505,1,1778967669
2881,tw,1777507200,47.38,16.12,0.592,90.0,-1.424,0.0066,4,13.55,149.0,7.444,1,1778967669
2881,tw,1777852800,42.25,9.78,0.528,91.0,1.111,0.1824,5,6.45,-220.0,4.945,1,1778967669
2881,tw,1777939200,41.11,8.56,0.514,92.2,1.319,0.0418,6,5.16,-142.0,1.627,0,1778967669
2881,tw,1778025600,39.79,6.43,0.497,92.8,0.651,0.1043,7,3.23,-162.0,2.047,0,1778967669
2881,tw,1778112000,40.09,4.84,0.501,94.5,1.832,0.1224,8,1.29,-142.0,0.106,0,1778967669
2881,tw,1778198400,41.2,3.7,0.515,96.7,2.328,0.375,9,0.0,-563.0,-0.62,0,1778967669
2882,tw,1763424000,56.43,12.77,0.705,64.8,-0.766,0.0389,7,10.0,14.0,0.463,0,1778967671
2882,tw,1763510400,57.92,16.05,0.724,64.2,-0.926,0.0353,8,13.33,47.0,2.492,0,1778967671
2882,tw,1763596800,50.28,18.23,0.628,64.7,0.779,-0.0007,-1,15.0,36.0,1.7,0,1778967671
2882,tw,1763683200,46.06,14.49,0.576,63.6,-1.7,-0.0487,-2,12.0,157.0,0.943,0,1778967671
2882,tw,1763942400,38.83,20.57,0.485,65.5,2.987,0.1021,1,16.67,-355.0,-1.069,0,1778967671
2882,tw,1764028800,33.92,17.11,0.424,65.1,-0.611,0.0771,2,14.29,-232.0,2.304,0,1778967671
2882,tw,1764115200,29.83,5.82,0.373,65.8,1.075,0.1009,3,2.5,-264.0,2.736,0,1778967671
2882,tw,1764201600,27.12,3.0,0.339,65.8,0.0,0.0248,4,0.0,-457.0,4.863,1,1778967671
2882,tw,1764288000,39.59,4.27,0.495,64.2,-2.432,-0.1948,-1,2.0,888.0,7.009,1,1778967671
2882,tw,1764547200,31.04,8.73,0.388,64.8,0.935,0.0752,1,5.45,-213.0,6.481,1,1778967671
2882,tw,1764633600,31.28,3.83,0.391,66.6,2.778,0.3001,2,0.0,-1014.0,3.904,1,1778967671
2882,tw,1764720000,29.15,3.45,0.364,67.6,1.502,0.1298,3,0.0,-175.0,1.331,0,1778967671
2882,tw,1764806400,44.99,3.62,0.562,69.0,2.071,0.1837,4,0.0,719.0,0.29,0,1778967671
2882,tw,1764892800,41.51,2.87,0.519,68.7,-0.435,-0.0108,-1,0.0,53.0,2.038,0,1778967671
2882,tw,1765152000,27.51,3.13,0.344,69.0,0.437,0.0143,1,0.0,-473.0,1.594,0,1778967671
2882,tw,1765238400,27.59,3.09,0.345,69.2,0.29,0.0602,2,0.0,-183.0,1.445,0,1778967671
2882,tw,1765324800,40.97,2.7,0.512,68.5,-1.012,-0.0036,-1,0.0,198.0,6.861,1,1778967671
2882,tw,1765411200,28.3,3.31,0.354,69.2,1.022,0.0555,1,0.0,-4.0,7.514,1,1778967671
2882,tw,1765497600,43.95,3.39,0.549,70.1,1.301,0.1297,2,0.0,252.0,7.703,1,1778967671
2882,tw,1765756800,27.23,3.0,0.34,70.1,0.0,0.0452,3,0.0,-102.0,9.13,1,1778967671
2882,tw,1765843200,28.31,3.04,0.354,70.2,0.143,0.2338,4,0.0,-298.0,9.259,1,1778967671
2882,tw,1765929600,58.1,4.28,0.726,73.2,4.274,0.3656,5,0.0,243.0,3.689,1,1778967671
2882,tw,1766016000,54.6,3.49,0.683,74.4,1.639,0.1921,6,0.0,48.0,0.538,0,1778967671
2882,tw,1766102400,39.69,3.44,0.496,75.5,1.478,0.2425,7,0.0,-1153.0,0.662,0,1778967671
2882,tw,1766361600,39.76,3.4,0.497,76.5,1.325,0.2876,8,0.0,-46.0,-0.392,0,1778967671
2882,tw,1766448000,53.31,3.08,0.666,76.7,0.261,0.2095,9,0.0,150.0,-1.173,0,1778967671
2882,tw,1766534400,37.15,2.69,0.464,75.9,-1.043,0.2388,10,0.0,-32.0,-0.922,0,1778967671
2882,tw,1766707200,36.78,3.26,0.46,74.8,-1.449,0.1778,11,0.69,-42.0,2.273,0,1778967671
2882,tw,1766966400,40.03,5.48,0.5,76.0,1.604,0.0845,12,2.0,-222.0,0.0,0,1778967671
2882,tw,1767052800,28.56,6.31,0.357,76.2,0.263,-0.063,-1,3.23,-72.0,-0.787,0,1778967671
2882,tw,1767139200,42.23,6.71,0.528,75.8,-0.525,-0.2359,-2,3.87,221.0,0.792,0,1778967671
2882,tw,1767312000,28.39,7.92,0.355,75.2,-0.792,-0.0806,-3,5.16,-117.0,0.931,0,1778967671
2882,tw,1767571200,31.84,9.33,0.398,76.5,1.729,0.0411,1,5.81,-199.0,-0.523,0,1778967671
2882,tw,1767657600,44.68,9.25,0.558,76.0,-0.654,0.0212,2,6.45,80.0,1.842,0,1778967671
2882,tw,1767744000,45.45,10.58,0.568,75.6,-0.526,0.0207,3,7.74,42.0,-1.19,0,1778967671
2882,tw,1767830400,47.58,11.71,0.595,76.4,1.058,0.0647,4,8.39,29.0,-1.571,0,1778967671
2882,tw,1767916800,41.64,13.12,0.521,75.9,-0.654,0.0276,5,10.32,-34.0,0.395,0,1778967671
2882,tw,1768176000,43.66,15.34,0.546,76.1,0.264,0.0541,6,12.26,-58.0,1.708,0,1778967671
2882,tw,1768262400,46.88,18.35,0.586,77.4,1.708,0.1505,7,14.84,-236.0,-1.034,0,1778967671
2882,tw,1768348800,46.62,19.37,0.583,74.7,-3.488,-0.1208,-1,17.42,666.0,1.339,0,1778967671
2882,tw,1768435200,37.7,22.55,0.471,75.2,0.669,0.072,1,19.35,-259.0,0.532,0,1778967671
2882,tw,1768521600,38.69,22.75,0.484,76.2,1.33,0.1365,2,19.35,-206.0,0.525,0,1778967671
2882,tw,1768780800,38.99,22.82,0.487,77.4,1.575,0.1488,3,19.35,-231.0,-0.388,0,1778967671
2882,tw,1768867200,50.46,21.4,0.631,76.6,-1.034,0.028,4,18.71,121.0,-0.914,0,1778967671
2882,tw,1768953600,60.61,22.0,0.758,75.7,-1.175,0.0222,5,19.35,108.0,0.132,0,1778967671
2882,tw,1769040000,51.53,22.31,0.644,75.6,-0.132,-0.0021,-1,19.35,90.0,1.058,0,1778967671
2882,tw,1769126400,37.72,21.46,0.472,76.6,1.323,0.074,1,18.06,-93.0,-1.567,0,1778967671
2882,tw,1769385600,37.9,22.55,0.474,77.1,0.653,0.1142,2,19.35,-311.0,-3.632,-1,1778967671
2882,tw,1769472000,50.07,21.24,0.626,75.9,-1.556,0.0534,3,18.71,255.0,-1.581,0,1778967671
2882,tw,1769558400,35.94,21.02,0.449,75.8,-0.132,0.0081,4,18.06,-102.0,0.528,0,1778967671
2882,tw,1769644800,47.31,21.3,0.591,76.4,0.792,0.0985,5,18.06,-32.0,-0.524,0,1778967671
2882,tw,1769731200,60.39,21.96,0.755,75.4,-1.309,0.0041,6,19.35,78.0,0.398,0,1778967671
2882,tw,1769990400,57.09,14.82,0.714,74.3,-1.459,0.0843,7,12.26,38.0,3.903,1,1778967671
2882,tw,1770076800,43.68,14.77,0.546,74.7,0.538,0.0679,8,11.61,-39.0,4.284,1,1778967671
2882,tw,1770163200,45.04,15.21,0.563,76.2,2.008,0.0462,9,11.61,-219.0,3.412,1,1778967671
2882,tw,1770249600,57.66,14.53,0.721,76.0,-0.262,0.0244,10,11.61,86.0,4.737,1,1778967671
2882,tw,1770336000,31.99,13.85,0.4,75.7,-0.395,-0.0195,-1,10.97,-34.0,3.303,1,1778967671
2882,tw,1770595200,34.14,12.62,0.427,77.2,1.982,0.1291,1,9.03,-174.0,-0.389,0,1778967671
2882,tw,1770681600,32.17,11.01,0.402,77.9,0.907,0.0791,2,7.74,-51.0,2.311,0,1778967671
2882,tw,1770768000,32.57,10.45,0.407,78.8,1.155,0.1738,3,7.1,-40.0,-1.142,0,1778967671
2882,tw,1771804800,46.59,9.75,0.582,79.6,1.015,0.0697,4,6.45,88.0,-2.513,0,1778967671
2882,tw,1771891200,42.98,8.28,0.537,78.2,-1.759,-0.0326,-1,5.81,99.0,-6.394,-1,1778967671
2882,tw,1771977600,43.04,8.31,0.538,76.9,-1.662,-0.0401,-2,5.81,6.0,-4.291,-1,1778967671
2882,tw,1772064000,33.37,8.61,0.417,79.7,3.641,0.0942,1,4.52,-235.0,-8.407,-1,1778967671
2882,tw,1772409600,41.4,6.19,0.517,77.9,-2.258,-0.056,-1,3.87,578.0,-10.141,-1,1778967671
2882,tw,1772496000,44.02,7.4,0.55,77.6,-0.385,0.0291,1,4.52,275.0,-8.376,-1,1778967671
2882,tw,1772582400,36.65,3.24,0.458,73.2,-5.67,-0.1303,-1,1.94,374.0,-1.913,0,1778967671
2882,tw,1772668800,42.79,4.45,0.535,73.6,0.546,-0.0796,-2,1.29,479.0,-1.495,0,1778967671
2882,tw,1772755200,41.05,2.76,0.513,73.0,-0.815,-0.0268,-3,0.0,53.0,-1.781,0,1778967671
2882,tw,1773014400,37.64,1.77,0.47,70.0,-4.11,-0.051,-4,0.0,137.0,3.429,1,1778967671
2882,tw,1773100800,28.4,3.47,0.355,71.1,1.571,-0.0349,-5,0.0,-541.0,2.954,0,1778967671
2882,tw,1773187200,42.94,3.3,0.537,71.8,0.985,-0.0099,-6,0.0,24.0,2.228,0,1778967671
2882,tw,1773273600,42.77,3.29,0.535,72.5,0.975,-0.0408,-7,0.0,217.0,-1.241,0,1778967671
2882,tw,1773360000,40.42,2.67,0.505,71.7,-1.103,-0.0948,-8,0.0,207.0,0.418,0,1778967671
2882,tw,1773619200,42.86,3.29,0.536,72.4,0.976,-0.0231,-9,0.0,10.0,-0.967,0,1778967671
2882,tw,1773705600,43.1,3.33,0.539,73.2,1.105,-0.0005,-10,0.0,15.0,-3.279,-1,1778967671
2882,tw,1773792000,27.45,3.08,0.343,73.4,0.273,0.0361,1,0.0,-27.0,-2.725,0,1778967671
2882,tw,1773878400,38.91,2.26,0.486,71.6,-2.452,-0.1271,-1,0.0,216.0,-1.117,0,1778967671
2882,tw,1773964800,27.88,3.82,0.348,72.0,0.559,-0.0011,-2,0.65,-237.0,-1.944,0,1778967671
2882,tw,1774224000,27.85,6.11,0.348,71.7,-0.417,-0.0699,-3,3.23,-19.0,-1.813,0,1778967671
2882,tw,1774310400,42.97,7.78,0.537,70.8,-1.255,-0.0713,-4,5.16,85.0,-0.706,0,1778967671
2882,tw,1774396800,31.13,9.7,0.389,71.4,0.847,0.0109,1,6.45,-80.0,0.7,0,1778967671
2882,tw,1774483200,44.77,10.49,0.56,70.8,-0.84,-0.0513,-1,7.74,56.0,1.412,0,1778967671
2882,tw,1774569600,30.65,11.95,0.383,70.6,-0.282,-0.1175,-2,9.03,-129.0,1.841,0,1778967671
2882,tw,1774828800,47.26,13.89,0.591,70.4,-0.283,0.0109,1,10.97,12.0,4.83,1,1778967671
2882,tw,1774915200,34.81,19.09,0.435,70.3,-0.142,-0.0219,-1,16.13,-49.0,4.694,1,1778967671
2882,tw,1775001600,37.62,20.45,0.47,71.9,2.276,-0.0086,-2,16.77,-94.0,1.391,0,1778967671
2882,tw,1775088000,35.83,21.02,0.448,71.8,-0.139,-0.0119,-3,18.06,-86.0,0.279,0,1778967671
2882,tw,1775520000,51.27,21.75,0.641,71.9,0.139,-0.0439,-4,18.71,20.0,1.113,0,1778967671
2882,tw,1775606400,39.24,22.5,0.49,73.8,2.643,0.0485,1,18.71,-151.0,-1.22,0,1778967671
2882,tw,1775692800,35.36,20.34,0.442,73.6,-0.271,-0.0165,-1,17.42,-72.0,0.815,0,1778967671
2882,tw,1775779200,49.1,19.48,0.614,72.9,-0.951,-0.0676,-2,16.77,121.0,2.881,0,1778967671
2882,tw,1776038400,49.02,19.4,0.613,72.0,-1.235,-0.0262,-3,16.77,169.0,3.611,1,1778967671
2882,tw,1776124800,35.79,18.77,0.447,72.7,0.972,0.0163,1,15.48,-75.0,3.851,1,1778967671
2882,tw,1776211200,49.05,17.27,0.613,72.9,0.275,-0.0643,-1,14.19,258.0,4.115,1,1778967671
2882,tw,1776297600,35.55,16.43,0.444,74.2,1.783,0.0641,1,12.9,-232.0,0.809,0,1778967671
2882,tw,1776384000,34.09,15.58,0.426,75.0,1.078,-0.0236,-1,12.26,-109.0,-0.133,0,1778967671
2882,tw,1776643200,32.01,14.45,0.4,74.6,-0.533,-0.0532,-2,11.61,-18.0,-0.134,0,1778967671
2882,tw,1776729600,33.8,14.33,0.422,75.5,1.206,0.0207,1,10.97,-23.0,-1.06,0,1778967671
2882,tw,1776816000,32.17,12.84,0.402,75.9,0.53,-0.0402,-1,9.68,-107.0,3.557,1,1778967671
2882,tw,1776902400,44.66,11.6,0.558,74.8,-1.449,-0.0815,-2,9.03,49.0,3.209,1,1778967671
2882,tw,1776988800,30.6,11.43,0.382,74.9,0.134,-0.1465,-3,8.39,-100.0,1.736,0,1778967671
2882,tw,1777248000,46.02,12.52,0.575,74.5,-0.534,-0.0572,-4,9.68,17.0,3.624,1,1778967671
2882,tw,1777334400,47.56,13.4,0.594,74.7,0.268,0.0261,1,10.32,201.0,5.355,1,1778967671
2882,tw,1777420800,37.57,11.02,0.47,78.6,5.221,0.4258,2,6.45,-725.0,0.509,0,1778967671
2882,tw,1777507200,28.74,8.92,0.359,77.2,-1.781,0.0584,3,6.45,-14.0,3.627,1,1778967671
2882,tw,1777852800,44.92,11.0,0.562,76.2,-1.295,0.0043,4,8.39,102.0,2.887,0,1778967671
2882,tw,1777939200,43.0,11.78,0.538,77.2,1.312,0.0988,5,8.39,-104.0,-1.036,0,1778967671
2882,tw,1778025600,41.87,8.1,0.523,78.7,1.943,0.1326,6,4.52,-139.0,-1.779,0,1778967671
2882,tw,1778112000,43.7,6.34,0.546,79.0,0.381,-0.0585,-1,3.23,117.0,-2.911,0,1778967671
2882,tw,1778198400,30.05,5.32,0.376,80.0,1.266,0.1624,1,1.94,-362.0,-2.625,0,1778967671
2884,tw,1763424000,30.78,12.7,0.385,29.9,-0.993,-0.0451,-1,10.0,-94.0,0.669,0,1778967674
2884,tw,1763510400,34.09,16.43,0.426,30.0,0.334,0.0181,1,13.33,-54.0,1.667,0,1778967674
2884,tw,1763596800,35.55,18.2,0.444,30.2,0.667,0.0757,2,15.0,-120.0,0.662,0,1778967674
2884,tw,1763683200,34.8,18.85,0.435,30.05,-0.497,0.059,3,16.0,-117.0,0.998,0,1778967674
2884,tw,1763942400,37.44,17.08,0.468,30.8,2.496,0.255,4,13.33,-700.0,-0.812,0,1778967674
2884,tw,1764028800,29.81,13.75,0.373,30.1,-2.273,-0.1259,-1,11.43,-1119.0,2.492,0,1778967674
2884,tw,1764115200,33.82,13.4,0.423,30.5,1.329,0.0986,1,10.0,-276.0,-0.328,0,1778967674
2884,tw,1764201600,38.23,11.79,0.478,30.4,-0.328,0.0227,2,8.89,0.0,1.316,0,1778967674
2884,tw,1764288000,33.0,14.95,0.413,30.35,-0.164,0.033,3,12.0,-77.0,0.988,0,1778967674
2884,tw,1764547200,31.7,10.47,0.396,30.55,0.659,0.0803,4,7.27,-217.0,4.746,1,1778967674
2884,tw,1764633600,42.05,9.96,0.526,30.85,0.982,0.1464,5,6.67,-214.0,4.052,1,1778967674
2884,tw,1764720000,49.03,21.02,0.613,30.4,-1.459,-0.1478,-1,18.46,938.0,5.592,1,1778967674
2884,tw,1764806400,37.24,20.53,0.466,30.8,1.316,0.0716,1,17.14,-164.0,5.032,1,1778967674
2884,tw,1764892800,50.4,21.52,0.63,30.65,-0.487,-0.0899,-1,18.67,82.0,7.015,1,1778967674
2884,tw,1765152000,41.38,19.32,0.517,32.0,4.405,0.4944,1,15.0,-1297.0,3.125,1,1778967674
2884,tw,1765238400,34.69,17.21,0.434,32.1,0.313,0.063,2,14.12,-22.0,2.648,0,1778967674
2884,tw,1765324800,33.87,16.33,0.423,32.1,0.0,0.0401,3,13.33,-28.0,4.361,1,1778967674
2884,tw,1765411200,34.81,15.86,0.435,32.35,0.779,0.1425,4,12.63,-308.0,2.782,0,1778967674
2884,tw,1765497600,45.29,15.42,0.566,32.8,1.391,0.1789,5,12.0,-453.0,2.287,0,1778967674
2884,tw,1765756800,48.11,14.61,0.601,33.0,0.61,-0.0433,-1,11.43,1164.0,0.909,0,1778967674
2884,tw,1765843200,47.16,13.86,0.589,32.95,-0.152,-0.0289,-2,10.91,638.0,1.821,0,1778967674
2884,tw,1765929600,48.89,13.93,0.611,33.5,1.669,0.0018,1,10.43,1260.0,1.343,0,1778967674
2884,tw,1766016000,45.54,12.78,0.569,33.25,-0.746,-0.1436,-1,10.0,566.0,2.707,0,1778967674
2884,tw,1766102400,43.71,12.87,0.546,33.55,0.902,-0.7988,-2,9.6,132.0,0.298,0,1778967674
2884,tw,1766361600,41.38,12.01,0.517,33.3,-0.745,-0.8986,-3,9.23,479.0,1.652,0,1778967674
2884,tw,1766448000,28.97,12.86,0.362,33.55,0.751,-0.72,-4,9.63,-183.0,0.596,0,1778967674
2884,tw,1766534400,28.99,11.93,0.362,33.95,1.192,-0.6973,-5,8.57,-461.0,0.442,0,1778967674
2884,tw,1766707200,29.43,11.46,0.368,34.15,0.589,-0.4594,-6,8.28,-358.0,-0.878,0,1778967674
2884,tw,1766966400,30.39,13.89,0.38,33.65,-1.464,-0.1612,-7,11.33,-201.0,0.149,0,1778967674
2884,tw,1767052800,48.34,16.08,0.604,33.85,0.594,-0.1415,-8,12.9,393.0,-1.773,0,1778967674
2884,tw,1767139200,31.94,15.81,0.399,33.75,-0.295,-0.2434,-9,12.9,-165.0,-2.815,0,1778967674
2884,tw,1767312000,33.93,17.5,0.424,34.1,1.037,-0.2409,-10,14.19,-471.0,-3.666,-1,1778967674
2884,tw,1767571200,32.93,17.62,0.412,33.85,-0.733,-0.1507,-11,14.84,-1077.0,-3.988,-1,1778967674
2884,tw,1767657600,49.29,19.0,0.616,33.7,-0.443,-0.0664,-12,16.13,223.0,-3.858,-1,1778967674
2884,tw,1767744000,32.88,19.37,0.411,33.25,-1.335,-0.2333,-13,16.77,-260.0,-2.857,0,1778967674
2884,tw,1767830400,33.5,19.36,0.419,32.8,-1.353,-0.1063,-14,16.77,-299.0,-1.067,0,1778967674
2884,tw,1767916800,35.65,20.47,0.446,32.85,0.152,-0.0421,-15,17.42,-192.0,-0.609,0,1778967674
2884,tw,1768176000,33.96,20.1,0.424,32.5,-1.065,-0.137,-16,17.42,-496.0,1.538,0,1778967674
2884,tw,1768262400,34.54,19.04,0.432,32.4,-0.308,-0.044,-17,16.13,-103.0,2.16,0,1778967674
2884,tw,1768348800,48.63,17.75,0.608,32.3,-0.309,-0.0955,-18,14.84,49.0,3.251,1,1778967674
2884,tw,1768435200,34.36,16.69,0.429,32.45,0.464,0.024,1,13.55,-43.0,3.236,1,1778967674
2884,tw,1768521600,48.9,16.08,0.611,32.65,0.616,-0.0324,-1,12.9,21.0,1.838,0,1778967674
2884,tw,1768780800,35.26,16.22,0.441,33.0,1.072,0.1469,1,12.9,-252.0,1.97,0,1778967674
2884,tw,1768867200,34.18,16.64,0.427,33.1,0.303,0.0199,2,13.55,-228.0,1.511,0,1778967674
2884,tw,1768953600,35.09,16.78,0.439,33.35,0.755,0.1112,3,13.55,-54.0,0.45,0,1778967674
2884,tw,1769040000,35.24,17.97,0.441,33.5,0.45,0.0746,4,14.84,-143.0,0.597,0,1778967674
2884,tw,1769126400,34.17,18.91,0.427,33.25,-0.746,-0.0292,-1,16.13,-39.0,0.451,0,1778967674
2884,tw,1769385600,37.45,20.78,0.468,33.65,1.203,0.1073,1,17.42,-169.0,-1.04,0,1778967674
2884,tw,1769472000,35.89,20.38,0.449,33.6,-0.149,0.0651,2,17.42,-145.0,-0.595,0,1778967674
2884,tw,1769558400,50.47,20.33,0.631,33.5,-0.298,0.0116,3,17.42,88.0,0.597,0,1778967674
2884,tw,1769644800,37.05,20.6,0.463,33.7,0.597,0.1481,4,17.42,-264.0,0.742,0,1778967674
2884,tw,1769731200,49.96,20.79,0.625,33.4,-0.89,-0.0359,-1,18.06,193.0,1.796,0,1778967674
2884,tw,1769990400,36.23,22.26,0.453,33.3,-0.299,-0.0281,-2,19.35,-78.0,1.201,0,1778967674
2884,tw,1770076800,37.19,22.44,0.465,33.4,0.3,0.0436,1,19.35,-439.0,1.198,0,1778967674
2884,tw,1770163200,37.43,21.33,0.468,33.7,0.898,0.1013,2,18.06,-202.0,1.335,0,1778967674
2884,tw,1770249600,36.02,18.7,0.45,33.95,0.742,0.1072,3,15.48,-421.0,2.651,0,1778967674
2884,tw,1770336000,34.15,17.23,0.427,34.0,0.147,-0.0192,-1,14.19,-1.0,2.059,0,1778967674
2884,tw,1770595200,48.4,17.58,0.605,33.7,-0.882,-0.0278,-2,14.84,81.0,3.709,1,1778967674
2884,tw,1770681600,36.85,21.8,0.461,33.8,0.297,0.0392,1,18.71,-241.0,3.846,1,1778967674
2884,tw,1770768000,38.73,22.66,0.484,34.15,1.036,0.2045,2,19.35,-432.0,2.196,0,1778967674
2884,tw,1771804800,39.57,21.67,0.495,34.85,2.05,0.2972,3,18.06,-38.0,0.143,0,1778967674
2884,tw,1771891200,49.24,19.0,0.615,34.7,-0.43,-0.079,-1,16.13,40.0,-3.026,-1,1778967674
2884,tw,1771977600,33.89,14.19,0.424,34.95,0.72,0.1365,1,10.97,-439.0,-2.575,0,1778967674
2884,tw,1772064000,31.25,8.94,0.391,35.1,0.429,0.1836,2,5.81,-51.0,-3.134,-1,1778967674
2884,tw,1772409600,28.34,6.7,0.354,34.9,-0.57,-0.0042,-1,3.87,-123.0,-4.441,-1,1778967674
2884,tw,1772496000,27.47,3.0,0.343,34.9,0.0,0.0936,1,0.0,-49.0,-4.298,-1,1778967674
2884,tw,1772582400,39.6,5.8,0.495,33.65,-3.582,-0.1498,-1,3.87,203.0,-1.04,0,1778967674
2884,tw,1772668800,45.54,8.52,0.569,34.05,1.189,-0.0462,-2,5.16,60.0,-2.937,0,1778967674
2884,tw,1772755200,45.04,10.06,0.563,34.0,-0.147,-0.0735,-3,7.1,4.0,-2.794,0,1778967674
2884,tw,1773014400,42.88,8.88,0.536,33.35,-1.912,-0.086,-4,6.45,81.0,-3.448,-1,1778967674
2884,tw,1773100800,43.78,6.91,0.547,33.4,0.15,-0.0612,-5,3.87,35.0,-3.443,-1,1778967674
2884,tw,1773187200,43.33,6.78,0.542,33.3,-0.299,-0.0613,-6,3.87,85.0,-3.153,-1,1778967674
2884,tw,1773273600,40.52,2.77,0.506,33.05,-0.751,-0.1466,-7,0.0,400.0,-4.085,-1,1778967674
2884,tw,1773360000,27.24,3.0,0.34,33.05,0.0,0.0477,1,0.0,-74.0,-3.782,-1,1778967674
2884,tw,1773619200,37.65,2.23,0.471,32.2,-2.572,-0.3559,-1,0.0,509.0,-3.261,-1,1778967674
2884,tw,1773705600,42.49,3.05,0.531,32.25,0.155,0.0668,1,0.0,110.0,-2.171,0,1778967674
2884,tw,1773792000,41.96,3.0,0.524,32.25,0.0,-0.0081,-1,0.0,109.0,-0.465,0,1778967674
2884,tw,1773878400,39.33,2.49,0.492,31.7,-1.705,-0.1936,-2,0.0,172.0,2.05,0,1778967674
2884,tw,1773964800,27.63,3.09,0.345,31.8,0.315,0.0622,1,0.0,-33.0,1.258,0,1778967674
2884,tw,1774224000,39.27,2.39,0.491,31.15,-2.044,-0.1367,-1,0.0,176.0,2.729,0,1778967674
2884,tw,1774310400,28.53,3.39,0.357,31.55,1.284,0.0494,1,0.0,-62.0,0.634,0,1778967674
2884,tw,1774396800,29.38,4.17,0.367,32.1,1.743,0.0618,2,0.65,-23.0,0.623,0,1778967674
2884,tw,1774483200,29.13,5.17,0.364,32.35,0.779,0.0764,3,1.94,-93.0,-0.618,0,1778967674
2884,tw,1774569600,28.39,6.09,0.355,32.2,-0.464,0.0474,4,3.23,-35.0,0.621,0,1778967674
2884,tw,1774828800,38.85,7.33,0.486,32.0,-0.621,0.0428,5,4.52,-22.0,1.406,0,1778967674
2884,tw,1774915200,43.84,8.58,0.548,31.75,-0.781,-0.0576,-1,5.81,49.0,2.677,0,1778967674
2884,tw,1775001600,32.44,10.62,0.406,32.3,1.732,0.0318,1,7.1,-32.0,-0.155,0,1778967674
2884,tw,1775088000,30.73,11.25,0.384,32.15,-0.464,-0.0006,-1,8.39,-64.0,-0.311,0,1778967674
2884,tw,1775520000,32.64,12.91,0.408,32.4,0.778,0.0047,1,9.68,-29.0,0.926,0,1778967674
2884,tw,1775606400,48.83,16.6,0.61,32.45,0.154,-0.0208,-1,13.55,12.0,1.541,0,1778967674
2884,tw,1775692800,36.39,20.56,0.455,32.6,0.462,0.0437,1,17.42,-10.0,1.227,0,1778967674
2884,tw,1775779200,49.99,21.39,0.625,32.25,-1.074,-0.0578,-1,18.71,248.0,1.55,0,1778967674
2884,tw,1776038400,51.08,22.16,0.638,32.05,-0.62,0.0046,1,19.35,22.0,2.496,0,1778967674
2884,tw,1776124800,39.32,22.96,0.492,32.7,2.028,0.1243,2,19.35,-82.0,0.765,0,1778967674
2884,tw,1776211200,37.29,21.29,0.466,32.95,0.765,0.099,3,18.06,-294.0,0.303,0,1778967674
2884,tw,1776297600,50.65,19.82,0.633,33.0,0.152,0.0225,4,16.77,730.0,-1.667,0,1778967674
2884,tw,1776384000,59.31,18.9,0.741,32.75,-0.758,0.0008,5,16.13,274.0,-0.611,0,1778967674
2884,tw,1776643200,60.88,18.57,0.761,32.85,0.305,0.1666,6,15.48,46.0,-0.913,0,1778967674
2884,tw,1776729600,60.63,17.93,0.758,32.95,0.304,0.1805,7,14.84,68.0,-1.517,0,1778967674
2884,tw,1776816000,62.03,20.51,0.775,33.05,0.303,0.2042,8,17.42,27.0,-1.967,0,1778967674
2884,tw,1776902400,59.59,21.17,0.745,32.45,-1.815,0.0105,9,18.71,530.0,-1.849,0,1778967674
2884,tw,1776988800,62.56,22.44,0.782,32.55,0.308,0.1158,10,19.35,12.0,-3.84,-1,1778967674
2884,tw,1777248000,62.27,22.35,0.778,32.55,0.0,0.1187,11,19.35,137.0,-3.072,-1,1778967674
2884,tw,1777334400,51.17,22.26,0.64,32.45,-0.307,-0.0393,-1,19.35,139.0,-1.849,0,1778967674
2884,tw,1777420800,51.39,22.3,0.642,32.4,-0.154,-0.026,-2,19.35,88.0,-0.926,0,1778967674
2884,tw,1777507200,49.8,21.84,0.623,31.85,-1.698,-0.0353,-3,19.35,402.0,2.041,0,1778967674
2884,tw,1777852800,45.79,16.03,0.572,31.3,-1.727,-0.2514,-4,13.55,773.0,3.195,1,1778967674
2884,tw,1777939200,48.42,14.21,0.605,31.55,0.799,0.0269,1,10.97,317.0,0.792,0,1778967674
2884,tw,1778025600,47.54,11.68,0.594,31.85,0.951,0.0792,2,8.39,18.0,0.157,0,1778967674
2884,tw,1778112000,32.48,10.98,0.406,32.1,0.785,0.1659,3,7.74,-21.0,-0.779,0,1778967674
2884,tw,1778198400,47.91,11.11,0.599,32.5,1.246,0.1579,4,7.74,7.0,-1.692,0,1778967674
2886,tw,1763424000,26.81,2.89,0.335,39.4,-0.379,0.0379,1,0.0,-16.0,0.381,0,1778967676
2886,tw,1763510400,40.57,2.66,0.507,38.95,-1.142,-0.0585,-1,0.0,32.0,3.466,1,1778967676
2886,tw,1763596800,36.6,18.54,0.458,39.65,1.797,0.0614,1,15.0,-21.0,2.27,0,1778967676
2886,tw,1763683200,34.8,18.89,0.435,39.5,-0.378,0.0365,2,16.0,-34.0,1.519,0,1778967676
2886,tw,1763942400,37.92,20.32,0.474,40.35,2.152,0.0869,3,16.67,-28.0,-0.124,0,1778967676
2886,tw,1764028800,48.69,19.55,0.609,39.55,-1.983,0.0214,4,17.14,121.0,1.643,0,1778967676
2886,tw,1764115200,48.21,21.07,0.603,40.3,1.896,0.1129,5,17.5,-34.0,-0.496,0,1778967676
2886,tw,1764201600,46.91,20.97,0.586,40.55,0.62,0.0807,6,17.78,-6.0,0.0,0,1778967676
2886,tw,1764288000,49.87,20.67,0.623,40.1,-1.11,-0.0049,-1,18.0,37.0,1.87,0,1778967676
2886,tw,1764547200,51.56,21.33,0.644,40.3,0.499,-0.0059,-2,18.18,1846.0,0.62,0,1778967676
2886,tw,1764633600,51.42,21.26,0.643,40.2,-0.248,0.1009,1,18.33,45.0,1.244,0,1778967676
2886,tw,1764720000,50.85,21.39,0.636,40.1,-0.249,-0.026,-1,18.46,30.0,1.372,0,1778967676
2886,tw,1764806400,37.3,20.48,0.466,40.55,1.122,0.1215,1,17.14,-33.0,0.863,0,1778967676
2886,tw,1764892800,35.22,17.89,0.44,40.85,0.74,0.0285,2,14.67,-97.0,0.734,0,1778967676
2886,tw,1765152000,48.09,16.53,0.601,40.55,-0.734,-0.0108,-1,13.75,22.0,2.219,0,1778967676
2886,tw,1765238400,32.11,12.52,0.401,40.7,0.37,0.0061,1,9.41,-36.0,-0.86,0,1778967676
2886,tw,1765324800,46.3,11.85,0.579,40.65,-0.123,-0.0037,-1,8.89,9.0,-0.738,0,1778967676
2886,tw,1765411200,30.91,9.5,0.386,40.9,0.615,0.0266,1,6.32,-31.0,-1.222,0,1778967676
2886,tw,1765497600,30.49,8.18,0.381,41.15,0.611,0.0748,2,5.0,-239.0,-1.337,0,1778967676
2886,tw,1765756800,29.69,7.03,0.371,41.45,0.729,0.0118,3,3.81,-10.0,-0.603,0,1778967676
2886,tw,1765843200,41.33,7.65,0.517,40.35,-2.654,-0.1481,-1,5.45,175.0,1.487,0,1778967676
2886,tw,1765929600,47.84,16.04,0.598,40.35,0.0,-0.1369,-2,13.04,22.0,0.867,0,1778967676
2886,tw,1766016000,35.16,20.54,0.44,40.4,0.124,-0.1423,-3,17.5,-72.0,0.495,0,1778967676
2886,tw,1766102400,36.91,22.35,0.461,40.6,0.495,-0.0362,-4,19.2,-66.0,-0.616,0,1778967676
2886,tw,1766361600,37.45,21.9,0.468,41.2,1.478,-0.052,-5,18.46,-35.0,-2.549,0,1778967676
2886,tw,1766448000,50.78,22.08,0.635,40.95,-0.607,-0.0477,-6,19.26,1.0,-2.32,0,1778967676
2886,tw,1766534400,50.84,22.11,0.635,40.7,-0.611,-0.039,-7,19.29,14.0,-0.983,0,1778967676
2886,tw,1766707200,51.19,22.24,0.64,40.6,-0.246,-0.0439,-8,19.31,16.0,-0.739,0,1778967676
2886,tw,1766966400,50.93,22.15,0.637,40.35,-0.616,-0.0243,-9,19.33,115.0,0.496,0,1778967676
2886,tw,1767052800,50.73,21.56,0.634,40.15,-0.496,-0.0257,-10,18.71,16.0,0.498,0,1778967676
2886,tw,1767139200,49.42,19.02,0.618,40.0,-0.374,-0.0536,-11,16.13,20.0,1.125,0,1778967676
2886,tw,1767312000,36.55,21.28,0.457,40.3,0.75,-0.0454,-12,18.06,-16.0,0.868,0,1778967676
2886,tw,1767571200,35.03,19.13,0.438,40.3,0.0,-0.006,-13,16.13,-27.0,0.0,0,1778967676
2886,tw,1767657600,35.71,19.32,0.446,40.55,0.62,0.0043,1,16.13,-55.0,-0.37,0,1778967676
2886,tw,1767744000,48.67,17.69,0.608,40.35,-0.493,-0.0507,-1,14.84,28.0,0.372,0,1778967676
2886,tw,1767830400,49.27,17.26,0.616,40.45,0.248,-0.0149,-2,14.19,75.0,0.494,0,1778967676
2886,tw,1767916800,49.34,16.7,0.617,40.65,0.494,0.0139,1,13.55,7.0,0.615,0,1778967676
2886,tw,1768176000,48.62,18.22,0.608,40.3,-0.861,-0.0519,-1,15.48,20.0,0.62,0,1778967676
2886,tw,1768262400,36.82,22.42,0.46,40.4,0.248,-0.0204,-2,19.35,-28.0,-0.99,0,1778967676
2886,tw,1768348800,51.85,22.42,0.648,40.5,0.248,-0.0137,-3,19.35,23.0,-1.728,0,1778967676
2886,tw,1768435200,36.86,21.82,0.461,40.65,0.37,0.0262,1,18.71,-85.0,-2.214,0,1778967676
2886,tw,1768521600,36.93,21.24,0.462,40.9,0.615,0.0578,2,18.06,-57.0,-2.934,0,1778967676
2886,tw,1768780800,35.14,20.8,0.439,40.55,-0.856,-0.0074,-1,18.06,-17.0,-2.466,0,1778967676
2886,tw,1768867200,48.52,19.36,0.607,40.0,-1.356,-0.1016,-2,16.77,57.0,-1.375,0,1778967676
2886,tw,1768953600,49.56,19.62,0.62,39.8,-0.5,-0.0641,-3,16.77,8.0,-1.005,0,1778967676
2886,tw,1769040000,49.57,19.09,0.62,39.75,-0.126,-0.073,-4,16.13,4.0,-1.006,0,1778967676
2886,tw,1769126400,49.08,17.8,0.613,39.7,-0.126,-0.0434,-5,14.84,101.0,-2.267,0,1778967676
2886,tw,1769385600,33.1,15.79,0.414,39.55,-0.378,0.0051,1,12.9,-53.0,-1.896,0,1778967676
2886,tw,1769472000,43.97,7.44,0.55,39.45,-0.253,-0.0065,-1,4.52,11.0,-1.394,0,1778967676
2886,tw,1769558400,43.0,5.54,0.537,39.4,-0.127,-0.0333,-2,2.58,116.0,-0.635,0,1778967676
2886,tw,1769644800,35.04,4.25,0.438,39.35,-0.127,0.104,1,1.29,0.0,0.889,0,1778967676
2886,tw,1769731200,39.61,2.58,0.495,38.8,-1.398,-0.1988,-1,0.0,73.0,2.577,0,1778967676
2886,tw,1769990400,26.89,3.0,0.336,38.8,0.0,-0.0211,-2,0.0,-8.0,2.577,0,1778967676
2886,tw,1770076800,27.23,3.08,0.34,38.9,0.258,-0.0052,-3,0.0,-1.0,2.314,0,1778967676
2886,tw,1770163200,27.75,3.19,0.347,39.15,0.643,0.0213,1,0.0,-18.0,2.299,0,1778967676
2886,tw,1770249600,29.37,4.71,0.367,39.7,1.405,0.0642,2,1.29,-15.0,3.149,1,1778967676
2886,tw,1770336000,28.34,5.02,0.354,39.8,0.252,0.0233,3,1.94,-14.0,2.513,0,1778967676
2886,tw,1770595200,43.84,6.23,0.548,39.8,0.0,0.0445,4,3.23,93.0,1.884,0,1778967676
2886,tw,1770681600,39.06,6.87,0.488,39.8,0.0,0.0255,5,3.87,-35.0,1.884,0,1778967676
2886,tw,1770768000,40.52,7.71,0.507,40.05,0.628,0.1266,6,4.52,-21.0,0.375,0,1778967676
2886,tw,1771804800,42.19,7.54,0.527,40.95,2.247,0.2006,7,3.87,-134.0,-1.343,0,1778967676
2886,tw,1771891200,39.35,8.05,0.492,40.8,-0.366,0.0281,8,5.16,-111.0,-4.657,-1,1778967676
2886,tw,1771977600,39.2,7.98,0.49,40.55,-0.613,0.0475,9,5.16,-7.0,-3.083,-1,1778967676
2886,tw,1772064000,38.68,6.23,0.483,40.55,0.0,0.0123,10,3.23,-16.0,-3.083,-1,1778967676
2886,tw,1772409600,37.33,4.68,0.467,40.2,-0.863,0.0437,11,1.94,-24.0,-2.488,0,1778967676
2886,tw,1772496000,38.91,5.09,0.486,40.4,0.498,0.0888,12,1.94,-8.0,-3.342,-1,1778967676
2886,tw,1772582400,37.87,1.89,0.473,38.9,-3.713,-0.0834,-1,0.0,56.0,1.028,0,1778967676
2886,tw,1772668800,42.96,3.31,0.537,39.3,1.028,-0.0141,-2,0.0,26.0,-1.272,0,1778967676
2886,tw,1772755200,42.2,3.0,0.528,39.3,0.0,0.0403,1,0.0,5.0,-1.399,0,1778967676
2886,tw,1773014400,26.26,2.92,0.328,39.2,-0.254,-0.0968,-1,0.0,-51.0,-0.51,0,1778967676
2886,tw,1773100800,26.53,2.89,0.332,39.05,-0.383,-0.0168,-2,0.0,-7.0,0.768,0,1778967676
2886,tw,1773187200,43.88,5.77,0.548,39.3,0.64,-0.0104,-3,2.58,25.0,0.0,0,1778967676
2886,tw,1773273600,26.62,5.2,0.333,38.8,-1.272,-0.0786,-4,2.58,-3.0,0.387,0,1778967676
2886,tw,1773360000,27.48,4.25,0.344,38.75,-0.129,-0.0067,-5,1.29,-5.0,0.0,0,1778967676
2886,tw,1773619200,27.97,3.84,0.35,39.0,0.645,-0.0003,-6,0.65,-3.0,-1.667,0,1778967676
2886,tw,1773705600,28.37,3.92,0.355,39.35,0.897,0.0305,1,0.65,-7.0,-1.271,0,1778967676
2886,tw,1773792000,41.91,2.96,0.524,39.3,-0.127,0.0074,2,0.0,5.0,-0.382,0,1778967676
2886,tw,1773878400,25.72,2.73,0.322,38.95,-0.891,-0.0775,-1,0.0,-3.0,0.385,0,1778967676
2886,tw,1773964800,41.24,2.85,0.515,38.75,-0.513,-0.05,-2,0.0,18.0,0.903,0,1778967676
2886,tw,1774224000,40.93,2.69,0.512,38.35,-1.032,-0.0074,-3,0.0,10.0,0.782,0,1778967676
2886,tw,1774310400,29.74,5.33,0.372,38.85,1.304,0.094,1,1.94,-20.0,-1.03,0,1778967676
2886,tw,1774396800,34.25,15.49,0.428,39.15,0.772,0.069,2,12.26,-17.0,-0.511,0,1778967676
2886,tw,1774483200,52.0,22.31,0.65,39.1,-0.128,0.0897,3,19.35,2.0,0.384,0,1778967676
2886,tw,1774569600,36.85,22.35,0.461,39.1,0.0,0.0358,4,19.35,-5.0,0.767,0,1778967676
2886,tw,1774828800,60.81,22.0,0.76,38.65,-1.151,0.0581,5,19.35,24.0,1.811,0,1778967676
2886,tw,1774915200,61.75,22.19,0.772,38.45,-0.517,0.1176,6,19.35,28.0,3.381,1,1778967676
2886,tw,1775001600,48.35,22.74,0.604,38.95,1.3,0.0745,7,19.35,-38.0,2.311,0,1778967676
2886,tw,1775088000,47.81,22.58,0.598,39.25,0.77,0.072,8,19.35,-28.0,0.127,0,1778967676
2886,tw,1775520000,46.5,20.53,0.581,39.4,0.382,0.0823,9,17.42,-27.0,-0.127,0,1778967676
2886,tw,1775606400,60.34,19.73,0.754,39.35,-0.127,0.0173,10,16.77,192.0,0.381,0,1778967676
2886,tw,1775692800,47.01,19.43,0.588,39.75,1.017,0.1856,11,16.13,-90.0,0.503,0,1778967676
2886,tw,1775779200,34.95,18.56,0.437,39.85,0.252,-0.0091,-1,15.48,-2.0,-0.878,0,1778967676
2886,tw,1776038400,48.07,18.07,0.601,39.3,-1.38,-0.0585,-2,15.48,39.0,1.145,0,1778967676
2886,tw,1776124800,49.92,18.52,0.624,39.35,0.127,0.0112,1,15.48,30.0,0.254,0,1778967676
2886,tw,1776211200,34.39,16.66,0.43,39.5,0.381,0.046,2,13.55,-60.0,0.0,0,1778967676
2886,tw,1776297600,34.48,15.6,0.431,39.95,1.139,0.0429,3,12.26,-89.0,-0.375,0,1778967676
2886,tw,1776384000,46.66,14.27,0.583,39.5,-1.126,-0.0043,-1,11.61,122.0,0.127,0,1778967676
2886,tw,1776643200,33.46,14.16,0.418,39.75,0.633,0.0686,1,10.97,-21.0,0.126,0,1778967676
2886,tw,1776729600,46.98,13.74,0.587,39.45,-0.755,0.05,2,10.97,13.0,1.774,0,1778967676
2886,tw,1776816000,49.73,17.88,0.622,39.5,0.127,0.0363,3,14.84,41.0,1.519,0,1778967676
2886,tw,1776902400,35.64,18.07,0.445,39.8,0.759,0.0916,4,14.84,-36.0,-1.759,0,1778967676
2886,tw,1776988800,48.73,17.65,0.609,39.55,-0.628,-0.0123,-1,14.84,10.0,-1.391,0,1778967676
2886,tw,1777248000,48.8,14.8,0.61,39.8,0.632,0.0719,1,11.61,2366.0,-1.759,0,1778967676
2886,tw,1777334400,40.33,12.94,0.504,40.15,0.879,0.1214,2,9.68,0.0,-1.494,0,1778967676
2886,tw,1777420800,47.39,13.93,0.592,40.1,-0.125,0.0067,3,10.97,38.0,-1.122,0,1778967676
2886,tw,1777507200,47.11,18.38,0.589,39.1,-2.494,-0.0913,-1,16.13,100.0,2.813,0,1778967676
2886,tw,1777852800,49.52,19.05,0.619,39.0,-0.256,-0.0569,-2,16.13,3.0,2.821,0,1778967676
2886,tw,1777939200,34.62,17.92,0.433,39.1,0.256,-0.0117,-3,14.84,-4.0,0.256,0,1778967676
2886,tw,1778025600,35.78,18.19,0.447,39.55,1.151,0.0427,1,14.84,-31.0,0.0,0,1778967676
2886,tw,1778112000,35.21,18.56,0.44,39.65,0.253,0.0432,2,15.48,-52.0,-0.883,0,1778967676
2886,tw,1778198400,35.42,16.32,0.443,40.2,1.387,0.1172,3,12.9,-28.0,-1.99,0,1778967676
2891,tw,1763424000,28.61,3.28,0.358,42.6,0.948,0.1325,1,0.0,-168.0,1.643,0,1778967678
2891,tw,1763510400,28.55,3.21,0.357,42.9,0.704,0.1687,2,0.0,-106.0,1.166,0,1778967678
2891,tw,1763596800,28.53,3.28,0.357,43.3,0.932,0.1195,3,0.0,-7.0,1.617,0,1778967678
2891,tw,1763683200,27.73,3.07,0.347,43.4,0.231,0.0999,4,0.0,-167.0,0.115,0,1778967678
2891,tw,1763942400,39.56,3.48,0.494,44.1,1.613,0.1887,5,0.0,-289.0,-1.587,0,1778967678
2891,tw,1764028800,41.52,5.32,0.519,43.3,-1.814,-0.0184,-1,2.86,34.0,1.848,0,1778967678
2891,tw,1764115200,45.13,8.07,0.564,43.4,0.231,0.0794,1,5.0,277.0,0.691,0,1778967678
2891,tw,1764201600,29.35,3.41,0.367,44.0,1.382,0.1931,2,0.0,-331.0,0.795,0,1778967678
2891,tw,1764288000,42.09,6.63,0.526,43.45,-1.25,-0.1317,-1,4.0,58.0,2.532,0,1778967678
2891,tw,1764547200,31.12,12.06,0.389,43.4,-0.115,-0.0617,-2,9.09,-29.0,2.65,0,1778967678
2891,tw,1764633600,30.28,5.15,0.379,44.1,1.613,0.1671,1,1.67,-158.0,1.927,0,1778967678
2891,tw,1764720000,45.07,11.96,0.563,43.7,-0.907,-0.1278,-1,9.23,310.0,2.517,0,1778967678
2891,tw,1764806400,29.53,4.88,0.369,44.35,1.487,0.0648,1,1.43,-209.0,1.578,0,1778967678
2891,tw,1764892800,43.89,5.81,0.549,44.55,0.451,0.0199,2,2.67,222.0,4.377,1,1778967678
2891,tw,1765152000,27.84,5.5,0.348,44.55,0.0,-0.0829,-1,2.5,-27.0,4.938,1,1778967678
2891,tw,1765238400,43.42,3.27,0.543,44.95,0.898,0.1041,1,0.0,26.0,3.782,1,1778967678
2891,tw,1765324800,26.89,2.9,0.336,44.8,-0.334,0.0456,2,0.0,-161.0,9.263,1,1778967678
2891,tw,1765411200,42.87,3.17,0.536,45.05,0.558,0.0623,3,0.0,269.0,9.545,1,1778967678
2891,tw,1765497600,46.1,3.97,0.576,46.5,3.219,0.1765,4,0.0,528.0,6.452,1,1778967678
2891,tw,1765756800,52.58,3.16,0.657,46.75,0.538,0.0077,5,0.0,239.0,7.807,1,1778967678
2891,tw,1765843200,53.26,2.94,0.666,46.65,-0.214,0.2946,6,0.0,37.0,8.039,1,1778967678
2891,tw,1765929600,58.69,4.48,0.734,48.95,4.93,0.3513,7,0.0,134.0,2.758,0,1778967678
2891,tw,1766016000,38.83,3.25,0.485,49.35,0.817,0.2027,8,0.0,-448.0,0.912,0,1778967678
2891,tw,1766102400,38.75,3.09,0.484,49.5,0.304,0.2883,9,0.0,-376.0,1.818,0,1778967678
2891,tw,1766361600,55.68,3.55,0.696,50.4,1.818,0.3716,10,0.0,50.0,-0.397,0,1778967678
2891,tw,1766448000,37.98,3.0,0.475,50.4,0.0,0.1968,11,0.0,-433.0,-0.397,0,1778967678
2891,tw,1766534400,38.34,2.94,0.479,50.3,-0.198,0.3069,12,0.0,-64.0,0.994,0,1778967678
2891,tw,1766707200,37.32,2.7,0.467,49.8,-0.994,0.2635,13,0.0,-433.0,0.201,0,1778967678
2891,tw,1766966400,38.77,3.36,0.485,50.4,1.205,0.1123,14,0.0,-103.0,-1.091,0,1778967678
2891,tw,1767052800,38.04,4.82,0.476,50.2,-0.397,0.0936,15,1.94,-161.0,-1.693,0,1778967678
2891,tw,1767139200,28.18,5.58,0.352,50.2,0.0,-0.0211,-1,2.58,-181.0,-1.693,0,1778967678
2891,tw,1767312000,29.8,7.23,0.373,50.8,1.195,-0.0652,-2,3.87,-155.0,-2.165,0,1778967678
2891,tw,1767571200,42.82,7.63,0.535,49.9,-1.772,0.0022,1,5.16,121.0,0.2,0,1778967678
2891,tw,1767657600,44.77,8.78,0.56,49.85,-0.1,-0.0061,-1,5.81,25.0,-0.401,0,1778967678
2891,tw,1767744000,29.52,9.8,0.369,49.35,-1.003,-0.0056,-2,7.1,-72.0,-0.101,0,1778967678
2891,tw,1767830400,46.41,11.39,0.58,49.35,0.0,0.0423,1,8.39,32.0,2.128,0,1778967678
2891,tw,1767916800,32.82,12.89,0.41,49.7,0.709,0.0541,2,9.68,-21.0,1.61,0,1778967678
2891,tw,1768176000,48.6,14.15,0.607,50.0,0.604,0.1018,3,10.97,21.0,2.4,0,1778967678
2891,tw,1768262400,47.98,15.69,0.6,49.65,-0.7,0.0458,4,12.9,19.0,2.719,0,1778967678
2891,tw,1768348800,58.85,17.63,0.736,49.3,-0.705,0.0276,5,14.84,42.0,2.637,0,1778967678
2891,tw,1768435200,49.91,23.02,0.624,50.4,2.231,0.2001,6,19.35,-146.0,0.794,0,1778967678
2891,tw,1768521600,47.08,22.41,0.588,50.5,0.198,0.0411,7,19.35,-87.0,0.0,0,1778967678
2891,tw,1768780800,62.54,21.48,0.782,51.2,1.386,0.0253,8,18.06,219.0,-0.391,0,1778967678
2891,tw,1768867200,50.05,20.3,0.626,51.0,-0.391,-0.0547,-1,17.42,15.0,-0.392,0,1778967678
2891,tw,1768953600,49.44,19.53,0.618,50.6,-0.784,-0.0312,-2,16.77,90.0,1.186,0,1778967678
2891,tw,1769040000,50.3,19.25,0.629,50.8,0.395,-0.0319,-3,16.13,66.0,2.362,0,1778967678
2891,tw,1769126400,48.91,18.3,0.611,50.5,-0.591,-0.0472,-4,15.48,180.0,0.792,0,1778967678
2891,tw,1769385600,35.92,18.14,0.449,51.0,0.99,0.1015,1,14.84,-94.0,-0.196,0,1778967678
2891,tw,1769472000,34.24,17.07,0.428,50.8,-0.392,0.1068,2,14.19,-204.0,0.591,0,1778967678
2891,tw,1769558400,49.62,16.79,0.62,51.2,0.787,0.012,3,13.55,38.0,0.0,0,1778967678
2891,tw,1769644800,35.82,16.37,0.448,52.0,1.562,0.1606,4,12.9,-9.0,-0.577,0,1778967678
2891,tw,1769731200,30.85,14.63,0.386,50.9,-2.115,-0.0321,-1,12.26,-33.0,1.375,0,1778967678
2891,tw,1769990400,48.15,15.26,0.602,50.9,0.0,0.0032,1,12.26,88.0,2.161,0,1778967678
2891,tw,1770076800,33.9,16.02,0.424,51.1,0.393,0.0106,2,12.9,-19.0,1.174,0,1778967678
2891,tw,1770163200,33.64,15.96,0.42,51.2,0.196,-0.0018,-1,12.9,-146.0,1.953,0,1778967678
2891,tw,1770249600,34.66,16.19,0.433,51.7,0.977,0.0475,1,12.9,-215.0,4.255,1,1778967678
2891,tw,1770336000,33.04,15.84,0.413,51.6,-0.193,-0.0425,-1,12.9,-111.0,4.264,1,1778967678
2891,tw,1770595200,33.95,14.84,0.424,52.0,0.775,0.0733,1,11.61,-182.0,2.885,0,1778967678
2891,tw,1770681600,48.04,16.38,0.601,51.7,-0.577,-0.031,-1,13.55,160.0,8.124,1,1778967678
2891,tw,1770768000,36.96,20.71,0.462,52.2,0.967,0.0558,1,17.42,-618.0,3.065,1,1778967678
2891,tw,1771804800,49.44,10.43,0.618,53.9,3.257,0.1922,2,6.45,92.0,-0.742,0,1778967678
2891,tw,1771891200,29.36,8.1,0.367,53.8,-0.186,-0.0073,-1,5.16,-85.0,-6.134,-1,1778967678
2891,tw,1771977600,44.23,7.35,0.553,53.5,-0.558,0.1052,1,4.52,25.0,-3.738,-1,1778967678
2891,tw,1772064000,48.39,6.93,0.605,55.9,4.486,0.1233,2,2.58,273.0,-8.05,-1,1778967678
2891,tw,1772409600,37.93,3.81,0.474,53.8,-3.757,-0.256,-1,1.94,421.0,-5.204,-1,1778967678
2891,tw,1772496000,27.0,4.12,0.338,53.5,-0.558,-0.017,-2,1.29,-57.0,-4.299,-1,1778967678
2891,tw,1772582400,34.97,1.97,0.437,50.5,-5.607,-0.3504,-3,0.65,92.0,1.386,0,1778967678
2891,tw,1772668800,44.45,5.53,0.556,51.5,1.98,-0.0993,-4,1.94,40.0,-0.388,0,1778967678
2891,tw,1772755200,27.94,6.17,0.349,51.4,-0.194,-0.097,-5,3.23,-4.0,-0.195,0,1778967678
2891,tw,1773014400,27.51,6.0,0.344,51.0,-0.778,-0.0647,-6,3.23,-174.0,1.765,0,1778967678
2891,tw,1773100800,41.88,5.06,0.524,51.2,0.392,-0.2958,-7,1.94,174.0,3.32,1,1778967678
2891,tw,1773187200,43.58,6.87,0.545,51.2,0.0,-0.0715,-8,3.87,210.0,4.102,1,1778967678
2891,tw,1773273600,28.26,8.87,0.353,51.3,0.195,-0.3673,-9,5.81,-108.0,0.585,0,1778967678
2891,tw,1773360000,44.68,9.45,0.559,51.3,0.0,-0.1082,-10,6.45,5.0,1.559,0,1778967678
2891,tw,1773619200,31.89,10.45,0.399,51.9,1.17,0.0334,1,7.1,-133.0,-0.771,0,1778967678
2891,tw,1773705600,32.99,11.32,0.412,52.9,1.927,0.0396,2,7.74,-301.0,-1.701,0,1778967678
2891,tw,1773792000,31.07,10.33,0.388,53.3,0.756,-0.0475,-1,7.1,-73.0,-0.938,0,1778967678
2891,tw,1773878400,41.32,9.14,0.516,51.6,-3.189,-0.2082,-2,7.1,98.0,2.713,0,1778967678
2891,tw,1773964800,31.53,11.03,0.394,52.1,0.969,-0.0611,-3,7.74,-20.0,1.727,0,1778967678
2891,tw,1774224000,43.55,9.1,0.544,51.5,-1.152,-0.1054,-4,6.45,32.0,0.777,0,1778967678
2891,tw,1774310400,33.42,14.26,0.418,52.0,0.971,-0.0075,-5,10.97,-66.0,-1.346,0,1778967678
2891,tw,1774396800,49.51,15.07,0.619,52.8,1.538,0.0327,1,11.61,10.0,1.705,0,1778967678
2891,tw,1774483200,48.52,15.37,0.607,53.0,0.379,0.0024,2,12.26,39.0,2.83,0,1778967678
2891,tw,1774569600,48.54,16.55,0.607,53.0,0.0,-0.0477,-1,13.55,8.0,5.283,1,1778967678
2891,tw,1774828800,47.0,17.22,0.587,51.9,-2.075,-0.0693,-2,14.84,43.0,8.863,1,1778967678
2891,tw,1774915200,48.61,18.78,0.608,51.3,-1.156,-0.0597,-3,16.13,22.0,6.823,1,1778967678
2891,tw,1775001600,39.96,19.88,0.5,53.7,4.678,0.1089,1,15.48,-239.0,0.559,0,1778967678
2891,tw,1775088000,35.67,17.0,0.446,54.5,1.49,0.0804,2,13.55,-178.0,-2.202,0,1778967678
2891,tw,1775520000,50.45,16.62,0.631,55.8,2.385,-0.0775,-1,12.9,41.0,-4.839,-1,1778967678
2891,tw,1775606400,28.97,3.38,0.362,56.5,1.254,0.1441,1,0.0,-5.0,-6.549,-1,1778967678
2891,tw,1775692800,38.03,2.1,0.475,54.8,-3.009,-0.1915,-1,0.0,444.0,-2.555,0,1778967678
2891,tw,1775779200,40.13,3.85,0.502,54.0,-1.46,-0.2114,-2,1.29,301.0,-1.667,0,1778967678
2891,tw,1776038400,41.33,4.55,0.517,53.3,-1.296,-0.0685,-3,1.94,211.0,-0.375,0,1778967678
2891,tw,1776124800,45.11,10.63,0.564,53.1,-0.375,-0.0778,-4,7.74,339.0,-0.188,0,1778967678
2891,tw,1776211200,46.26,13.8,0.578,52.8,-0.565,-0.1315,-5,10.97,339.0,1.326,0,1778967678
2891,tw,1776297600,34.54,15.6,0.432,53.4,1.136,0.0546,1,12.26,-90.0,-1.311,0,1778967678
2891,tw,1776384000,46.29,13.8,0.579,53.1,-0.562,-0.1275,-1,10.97,184.0,-0.377,0,1778967678
2891,tw,1776643200,34.93,17.19,0.437,53.1,0.0,0.1666,1,14.19,-224.0,-0.753,0,1778967678
2891,tw,1776729600,49.35,17.78,0.617,53.0,-0.188,0.0245,2,14.84,74.0,0.566,0,1778967678
2891,tw,1776816000,36.37,19.41,0.455,53.5,0.943,0.0726,3,16.13,-119.0,-0.748,0,1778967678
2891,tw,1776902400,33.13,18.68,0.414,52.7,-1.495,-0.0884,-1,16.13,-63.0,-0.759,0,1778967678
2891,tw,1776988800,35.93,19.24,0.449,52.9,0.38,0.0976,1,16.13,-84.0,0.0,0,1778967678
2891,tw,1777248000,49.2,17.73,0.615,52.7,-0.378,0.0317,2,14.84,191.0,1.518,0,1778967678
2891,tw,1777334400,36.55,18.18,0.457,53.3,1.139,0.1983,3,14.84,-78.0,2.627,0,1778967678
2891,tw,1777420800,49.42,19.02,0.618,53.1,-0.375,-0.0536,-1,16.13,90.0,5.838,1,1778967678
2891,tw,1777507200,48.29,18.68,0.604,52.3,-1.507,-0.0535,-2,16.13,145.0,7.839,1,1778967678
2891,tw,1777852800,36.89,18.82,0.461,52.9,1.147,0.2005,1,15.48,-149.0,4.537,1,1778967678
2891,tw,1777939200,38.12,19.47,0.476,53.5,1.134,0.3833,2,16.13,-217.0,0.0,0,1778967678
2891,tw,1778025600,54.09,21.09,0.676,54.7,2.243,0.2265,3,17.42,49.0,0.366,0,1778967678
2891,tw,1778112000,39.56,21.24,0.495,56.2,2.742,0.222,4,17.42,-456.0,-2.491,0,1778967678
2891,tw,1778198400,44.24,16.01,0.553,56.4,0.356,0.0876,5,12.9,-209.0,-2.837,0,1778967678
2303,tw,1763424000,27.99,3.24,0.35,44.2,0.798,0.0389,1,0.0,-464.0,2.036,0,1778967680
2303,tw,1763510400,27.67,3.1,0.346,44.35,0.339,0.0653,2,0.0,-152.0,2.48,0,1778967680
2303,tw,1763596800,27.85,3.2,0.348,44.65,0.676,0.0351,3,0.0,-101.0,2.912,0,1778967680
2303,tw,1763683200,28.18,3.24,0.352,45.0,0.784,0.0782,4,0.0,-549.0,1.778,0,1778967680
2303,tw,1763942400,41.2,4.03,0.515,46.55,3.444,0.151,5,0.0,-221.0,-0.107,0,1778967680
2303,tw,1764028800,39.94,4.93,0.499,45.1,-3.115,-0.0743,-1,2.86,1786.0,4.656,1,1778967680
2303,tw,1764115200,30.72,8.23,0.384,45.45,0.776,0.0891,1,5.0,-116.0,4.51,1,1778967680
2303,tw,1764201600,30.08,5.55,0.376,45.95,1.1,0.1744,2,2.22,-953.0,4.461,1,1778967680
2303,tw,1764288000,45.82,10.9,0.573,45.8,-0.326,0.0291,3,8.0,139.0,6.769,1,1778967680
2303,tw,1764547200,37.79,19.82,0.472,46.5,1.528,0.2173,4,16.36,-1246.0,6.022,1,1778967680
2303,tw,1764633600,48.74,21.78,0.609,47.2,1.505,0.2139,5,18.33,-784.0,5.085,1,1778967680
2303,tw,1764720000,45.62,17.04,0.57,47.5,0.636,0.2111,6,13.85,-220.0,3.895,1,1778967680
2303,tw,1764806400,39.55,3.32,0.494,48.0,1.053,0.299,7,0.0,-646.0,1.354,0,1778967680
2303,tw,1764892800,41.6,3.56,0.52,48.9,1.875,0.5456,8,0.0,-1208.0,-0.204,0,1778967680
2303,tw,1765152000,54.22,3.25,0.678,49.3,0.818,0.2803,9,0.0,550.0,-0.913,0,1778967680
2303,tw,1765238400,38.79,3.18,0.485,49.6,0.609,0.2371,10,0.0,-531.0,-0.806,0,1778967680
2303,tw,1765324800,37.3,2.85,0.466,49.35,-0.504,0.1616,11,0.0,-25.0,2.128,0,1778967680
2303,tw,1765411200,36.06,2.57,0.451,48.65,-1.418,0.0966,12,0.0,-1094.0,3.392,1,1778967680
2303,tw,1765497600,39.52,5.09,0.494,48.8,0.308,0.2427,13,2.0,-17.0,3.893,1,1778967680
2303,tw,1765756800,39.79,5.89,0.497,48.85,0.102,0.2516,14,2.86,-33.0,4.197,1,1778967680
2303,tw,1765843200,42.19,7.76,0.527,49.2,0.716,0.4393,15,4.55,-155.0,1.626,0,1778967680
2303,tw,1765929600,60.7,8.95,0.759,50.4,2.439,0.73,16,5.22,1378.0,-1.488,0,1778967680
2303,tw,1766016000,40.86,8.77,0.511,50.3,-0.198,0.2286,17,5.83,-429.0,-0.696,0,1778967680
2303,tw,1766102400,42.58,9.64,0.532,50.7,0.795,0.3177,18,6.4,-605.0,-2.071,0,1778967680
2303,tw,1766361600,41.8,8.5,0.523,50.9,0.394,0.3433,19,5.38,-36.0,-2.75,0,1778967680
2303,tw,1766448000,54.48,10.62,0.681,50.0,-1.768,0.0346,20,8.15,379.0,-1.5,0,1778967680
2303,tw,1766534400,41.52,11.36,0.519,49.65,-0.7,0.1866,20,8.57,-1345.0,-1.913,0,1778967680
2303,tw,1766707200,43.52,12.84,0.544,49.95,0.604,0.2178,20,9.66,-307.0,-2.903,0,1778967680
2303,tw,1766966400,43.63,16.82,0.545,49.65,-0.601,0.0467,20,14.0,-344.0,-0.906,0,1778967680
2303,tw,1767052800,61.88,22.26,0.774,49.5,-0.302,0.1015,20,19.35,257.0,9.293,1,1778967680
2303,tw,1767139200,46.62,22.2,0.583,49.25,-0.505,0.0894,20,19.35,-451.0,7.208,1,1778967680
2303,tw,1767312000,60.81,22.01,0.76,48.7,-1.117,0.0496,20,19.35,280.0,13.142,1,1778967680
2303,tw,1767571200,62.0,22.23,0.775,48.5,-0.411,0.1477,20,19.35,225.0,14.021,1,1778967680
2303,tw,1767657600,64.35,22.78,0.804,49.2,1.443,0.2465,20,19.35,324.0,11.585,1,1778967680
2303,tw,1767744000,69.75,16.31,0.872,54.1,9.959,0.5255,20,10.32,27918.0,-0.185,0,1778967680
2303,tw,1767830400,57.39,11.96,0.717,52.8,-2.403,0.59,20,9.68,13347.0,3.598,1,1778967680
2303,tw,1767916800,61.49,10.76,0.769,55.1,4.356,0.3826,20,6.45,132.0,6.171,1,1778967680
2303,tw,1768176000,42.28,4.4,0.529,55.3,0.363,-0.1448,-1,1.29,7091.0,13.02,1,1778967680
2303,tw,1768262400,28.07,2.78,0.351,54.9,-0.723,0.3591,1,0.0,-7345.0,23.497,1,1778967680
2303,tw,1768348800,24.59,2.51,0.307,54.0,-1.639,-0.1545,-1,0.0,-2579.0,26.667,1,1778967680
2303,tw,1768435200,30.13,3.39,0.377,54.7,1.296,0.3674,1,0.0,-4839.0,23.583,1,1778967680
2303,tw,1768521600,52.81,5.08,0.66,58.5,6.947,0.7728,2,0.0,5317.0,10.769,1,1778967680
2303,tw,1768780800,49.47,5.05,0.618,62.5,6.838,0.1257,3,0.0,9443.0,10.88,1,1778967680
2303,tw,1768867200,54.16,5.54,0.677,67.8,8.48,0.7366,4,0.0,19426.0,12.389,1,1778967680
2303,tw,1768953600,40.23,3.27,0.503,68.4,0.885,-0.5304,-1,0.0,3857.0,10.965,1,1778967680
2303,tw,1769040000,40.83,2.65,0.51,67.6,-1.17,0.0004,1,0.0,242.0,1.183,0,1778967680
2303,tw,1769126400,25.95,1.76,0.324,64.8,-4.142,0.6188,2,0.0,-10658.0,-3.704,-1,1778967680
2303,tw,1769385600,50.9,5.08,0.636,69.3,6.944,0.391,3,0.0,10166.0,-12.41,-1,1778967680
2303,tw,1769472000,55.07,5.99,0.688,76.2,9.957,0.6219,4,0.0,23220.0,-20.21,-1,1778967680
2303,tw,1769558400,24.06,2.88,0.301,75.9,-0.394,-0.5097,-1,0.0,-5397.0,-18.577,-1,1778967680
2303,tw,1769644800,16.11,0.69,0.201,68.4,-9.881,-0.2662,-2,0.65,-11055.0,-10.088,-1,1778967680
2303,tw,1769731200,21.79,2.31,0.272,62.4,-8.772,0.519,1,1.94,-3139.0,-0.801,0,1778967680
2303,tw,1769990400,26.25,5.41,0.328,60.7,-2.724,0.0721,2,3.23,-3460.0,2.801,0,1778967680
2303,tw,1770076800,29.3,8.21,0.366,60.8,0.165,-0.0891,-1,5.16,-1337.0,2.632,0,1778967680
2303,tw,1770163200,32.35,9.3,0.404,61.8,1.645,0.1596,1,5.81,-3977.0,1.618,0,1778967680
2303,tw,1770249600,30.54,9.95,0.382,61.5,-0.485,0.0944,2,7.1,-1207.0,3.902,1,1778967680
2303,tw,1770336000,31.94,10.94,0.399,61.9,0.65,0.084,3,7.74,-151.0,9.047,1,1778967680
2303,tw,1770595200,46.53,11.63,0.582,62.4,0.808,-0.0954,-1,8.39,4073.0,4.968,1,1778967680
2303,tw,1770681600,32.69,12.68,0.409,62.4,0.0,0.1699,1,9.68,-1666.0,4.808,1,1778967680
2303,tw,1770768000,34.82,13.51,0.435,62.8,0.641,0.4032,2,10.32,-4608.0,2.707,0,1778967680
2303,tw,1771804800,49.72,14.5,0.621,63.9,1.752,0.0966,3,10.97,2164.0,-2.034,0,1778967680
2303,tw,1771891200,42.0,16.95,0.525,67.5,5.634,0.6479,4,12.26,-536.0,-11.111,-1,1778967680
2303,tw,1771977600,30.17,15.01,0.377,65.5,-2.963,-0.0641,-1,12.9,-1282.0,-5.191,-1,1778967680
2303,tw,1772064000,49.75,16.5,0.622,65.4,-0.153,0.2259,1,13.55,2100.0,-5.199,-1,1778967680
2303,tw,1772409600,33.81,16.78,0.423,64.5,-1.376,0.2178,2,14.19,-1560.0,-7.442,-1,1778967680
2303,tw,1772496000,31.28,16.31,0.391,62.6,-2.946,0.027,3,14.19,-3640.0,-3.514,-1,1778967680
2303,tw,1772582400,28.27,13.36,0.353,60.0,-4.153,-0.076,-1,11.61,-1785.0,3.667,1,1778967680
2303,tw,1772668800,38.15,17.6,0.477,62.1,3.5,0.1743,1,13.55,-2200.0,-2.415,0,1778967680
2303,tw,1772755200,35.35,19.72,0.442,62.0,-0.161,0.0252,2,16.77,-499.0,-4.032,-1,1778967680
2303,tw,1773014400,32.37,21.24,0.405,59.7,-3.71,-0.1197,-1,19.35,-1118.0,1.34,0,1778967680
2303,tw,1773100800,52.82,22.7,0.66,60.4,1.173,-0.0064,-2,19.35,1002.0,0.497,0,1778967680
2303,tw,1773187200,40.34,22.6,0.504,62.2,2.98,0.2011,1,18.71,-2218.0,-1.768,0,1778967680
2303,tw,1773273600,47.74,20.29,0.597,60.6,-2.572,-0.1436,-1,18.06,202.0,-3.135,-1,1778967680
2303,tw,1773360000,47.63,19.88,0.595,59.5,-1.815,-0.2532,-2,17.42,1981.0,-2.857,0,1778967680
2303,tw,1773619200,37.33,20.27,0.467,60.5,1.681,0.053,1,16.77,-1555.0,-6.281,-1,1778967680
2303,tw,1773705600,35.24,19.23,0.441,60.7,0.331,-0.0304,-1,16.13,-577.0,-6.919,-1,1778967680
2303,tw,1773792000,35.9,18.68,0.449,61.1,0.659,0.1001,1,15.48,-678.0,-3.273,-1,1778967680
2303,tw,1773878400,43.64,16.01,0.546,58.7,-3.928,-0.305,-1,14.19,1143.0,-0.852,0,1778967680
2303,tw,1773964800,47.45,16.09,0.593,57.8,-1.533,0.0407,1,13.55,663.0,0.0,0,1778967680
2303,tw,1774224000,31.19,15.33,0.39,56.7,-1.903,-0.072,-1,12.9,-939.0,0.529,0,1778967680
2303,tw,1774310400,32.57,15.15,0.407,56.5,-0.353,-0.0421,-2,12.26,-458.0,0.0,0,1778967680
2303,tw,1774396800,38.22,17.28,0.478,59.1,4.602,0.034,1,12.9,-1048.0,-2.876,0,1778967680
2303,tw,1774483200,32.07,16.09,0.401,58.2,-1.523,-0.0355,-1,13.55,-375.0,-7.904,-1,1778967680
2303,tw,1774569600,33.6,18.27,0.42,57.8,-0.687,-0.0905,-2,15.48,-2057.0,0.865,0,1778967680
2303,tw,1774828800,49.28,21.93,0.616,57.0,-1.384,-0.2013,-3,19.35,16.0,5.789,1,1778967680
2303,tw,1774915200,35.43,21.45,0.443,56.5,-0.877,-0.0094,-4,18.71,-683.0,6.195,1,1778967680
2303,tw,1775001600,36.08,19.61,0.451,57.4,1.593,-0.1163,-5,16.13,-301.0,8.014,1,1778967680
2303,tw,1775088000,40.68,11.98,0.508,53.6,-6.62,-0.0379,-6,10.97,1404.0,12.127,1,1778967680
2303,tw,1775520000,59.36,17.89,0.742,58.3,8.769,0.4914,1,12.26,9118.0,2.401,0,1778967680
2303,tw,1775606400,51.04,15.64,0.638,60.3,3.431,-0.0393,-1,11.61,1004.0,2.985,0,1778967680
2303,tw,1775692800,32.14,14.46,0.402,60.0,-0.498,-0.0334,-2,11.61,-4229.0,13.833,1,1778967680
2303,tw,1775779200,52.65,16.26,0.658,62.0,3.333,0.2368,1,12.26,5825.0,17.742,1,1778967680
2303,tw,1776038400,28.5,16.27,0.356,60.1,-3.065,-0.5056,-1,14.19,-4108.0,27.953,1,1778967680
2303,tw,1776124800,32.15,15.7,0.402,59.7,-0.666,-0.1275,-2,12.9,-1169.0,27.638,1,1778967680
2303,tw,1776211200,52.39,12.6,0.655,62.1,4.02,0.4356,1,8.39,2552.0,26.57,1,1778967680
2303,tw,1776297600,54.97,8.58,0.687,68.3,9.984,0.3387,2,2.58,52466.0,7.76,1,1778967680
2303,tw,1776384000,51.76,5.06,0.647,73.0,6.881,0.5766,3,0.0,12818.0,2.055,0,1778967680
2303,tw,1776643200,34.81,4.6,0.435,76.9,5.342,0.493,4,0.0,-34256.0,-5.462,-1,1778967680
2303,tw,1776729600,25.28,2.73,0.316,76.2,-0.91,-0.1616,-1,0.0,-8715.0,-1.444,0,1778967680
2303,tw,1776816000,47.54,3.94,0.594,78.6,3.15,0.4782,1,0.0,271.0,-5.216,-1,1778967680
2303,tw,1776902400,21.36,1.09,0.267,73.6,-6.361,0.1434,2,0.0,-27332.0,5.027,1,1778967680
2303,tw,1776988800,43.02,3.37,0.538,74.5,1.223,-0.0408,-1,0.0,5098.0,8.993,1,1778967680
2303,tw,1777248000,38.94,2.93,0.487,72.7,-2.416,-0.1929,-2,0.65,6414.0,14.305,1,1778967680
2303,tw,1777334400,46.81,4.64,0.585,75.1,3.301,0.2369,1,0.65,2342.0,21.704,1,1778967680
2303,tw,1777420800,40.85,4.7,0.511,74.5,-0.799,-0.2635,-1,1.94,3127.0,29.53,1,1778967680
2303,tw,1777507200,34.33,7.36,0.429,77.3,3.758,0.3919,1,3.23,-7577.0,18.111,1,1778967680
2303,tw,1777852800,50.59,7.74,0.632,81.2,5.045,0.3861,2,3.23,4792.0,16.995,1,1778967680
2303,tw,1777939200,31.88,8.86,0.399,83.1,2.34,-0.0077,-1,5.16,-2491.0,25.752,1,1778967680
2303,tw,1778025600,55.67,8.58,0.696,91.4,9.988,0.4783,1,2.58,9004.0,7.659,1,1778967680
2303,tw,1778112000,46.32,4.67,0.579,96.5,5.58,-0.2521,-1,0.0,8677.0,11.917,1,1778967680
2303,tw,1778198400,21.37,2.03,0.267,91.3,-5.389,-0.1133,-2,0.65,-11365.0,20.482,1,1778967680
2357,tw,1763424000,34.11,0.69,0.426,563.0,-7.705,-0.0365,-8,0.0,190.0,4.796,1,1778967682
2357,tw,1763510400,42.49,3.16,0.531,566.0,0.533,-0.0079,-9,0.0,27.0,8.127,1,1778967682
2357,tw,1763596800,43.21,3.37,0.54,573.0,1.237,-0.0052,-10,0.0,24.0,6.632,1,1778967682
2357,tw,1763683200,42.0,3.0,0.525,573.0,0.0,0.0006,1,0.0,17.0,4.887,1,1778967682
2357,tw,1763942400,29.06,3.63,0.363,585.0,2.094,-0.0068,-1,0.0,-36.0,3.077,1,1778967682
2357,tw,1764028800,29.21,6.12,0.365,590.0,0.855,-0.0154,-2,2.86,-25.0,2.881,0,1778967682
2357,tw,1764115200,34.43,11.62,0.43,612.0,3.729,-0.0105,-3,7.5,-17.0,0.654,0,1778967682
2357,tw,1764201600,47.33,14.06,0.592,611.0,-0.163,-0.0116,-4,11.11,126.0,-0.655,0,1778967682
2357,tw,1764288000,31.33,14.51,0.392,601.0,-1.637,-0.0067,-5,12.0,-28.0,1.331,0,1778967682
2357,tw,1764547200,34.62,17.65,0.433,603.0,0.333,0.0028,1,14.55,-15.0,-0.166,0,1778967682
2357,tw,1764633600,42.16,18.2,0.527,607.0,0.663,-0.0014,-1,15.0,0.0,-1.812,0,1778967682
2357,tw,1764720000,36.96,20.36,0.462,616.0,1.483,0.0037,1,16.92,-61.0,-3.409,-1,1778967682
2357,tw,1764806400,49.08,19.7,0.613,607.0,-1.461,-0.0065,-1,17.14,24.0,-2.471,0,1778967682
2357,tw,1764892800,35.98,20.43,0.45,609.0,0.329,-0.0029,-2,17.33,-5.0,-3.448,-1,1778967682
2357,tw,1765152000,35.2,21.41,0.44,602.0,-1.149,-0.0047,-3,18.75,-9.0,-2.99,0,1778967682
2357,tw,1765238400,50.37,21.52,0.63,596.0,-0.997,-0.0079,-4,18.82,16.0,-1.678,0,1778967682
2357,tw,1765324800,51.26,21.84,0.641,595.0,-0.168,-0.0044,-5,18.89,33.0,-3.025,-1,1778967682
2357,tw,1765411200,50.94,21.8,0.637,592.0,-0.504,-0.0063,-6,18.95,106.0,-6.419,-1,1778967682
2357,tw,1765497600,50.8,21.8,0.635,588.0,-0.676,-0.0045,-7,19.0,2.0,-6.463,-1,1778967682
2357,tw,1765756800,50.86,21.85,0.636,584.0,-0.68,0.0031,1,19.05,18.0,-5.822,-1,1778967682
2357,tw,1765843200,36.64,22.19,0.458,586.0,0.342,-0.0493,-1,19.09,-108.0,-6.826,-1,1778967682
2357,tw,1765929600,49.75,21.67,0.622,577.0,-1.536,-0.0562,-2,19.13,115.0,-5.719,-1,1778967682
2357,tw,1766016000,46.4,19.3,0.58,554.0,-3.986,-0.0731,-3,17.5,75.0,-0.542,0,1778967682
2357,tw,1766102400,48.59,17.98,0.607,550.0,-0.722,-0.0569,-4,15.2,69.0,-1.273,0,1778967682
2357,tw,1766361600,48.27,16.08,0.603,550.0,0.0,-0.0536,-5,13.08,111.0,-1.818,0,1778967682
2357,tw,1766448000,46.92,14.63,0.587,546.0,-0.727,-0.0549,-6,11.85,100.0,0.366,0,1778967682
2357,tw,1766534400,32.12,14.32,0.401,544.0,-0.366,-0.0462,-7,11.43,-7.0,2.022,0,1778967682
2357,tw,1766707200,33.58,14.42,0.42,551.0,1.287,-0.0445,-8,11.03,-31.0,-0.907,0,1778967682
2357,tw,1766966400,45.12,11.89,0.564,543.0,-1.452,-0.0186,-9,9.33,92.0,-0.737,0,1778967682
2357,tw,1767052800,45.89,11.86,0.574,540.0,-0.552,-0.0142,-10,9.03,13.0,0.556,0,1778967682
2357,tw,1767139200,33.28,13.12,0.416,548.0,1.481,-0.0075,-11,9.68,-54.0,-3.285,-1,1778967682
2357,tw,1767312000,40.42,13.7,0.505,555.0,1.277,-0.0025,-12,10.32,0.0,-4.685,-1,1778967682
2357,tw,1767571200,31.11,14.12,0.389,546.0,-1.622,-0.0144,-13,11.61,-14.0,0.0,0,1778967682
2357,tw,1767657600,46.78,14.88,0.585,539.0,-1.282,-0.0131,-14,12.26,56.0,-3.896,-1,1778967682
2357,tw,1767744000,49.13,16.12,0.614,543.0,0.742,-0.0116,-15,12.9,53.0,-2.762,0,1778967682
2357,tw,1767830400,46.21,15.83,0.578,530.0,-2.394,-0.0334,-16,13.55,189.0,-1.698,0,1778967682
2357,tw,1767916800,48.47,16.49,0.606,529.0,-0.189,-0.0225,-17,13.55,67.0,-3.592,-1,1778967682
2357,tw,1768176000,37.6,18.8,0.47,546.0,3.214,-0.006,-18,14.84,-14.0,-6.593,-1,1778967682
2357,tw,1768262400,44.03,16.3,0.55,518.0,-5.128,-0.052,-19,14.84,284.0,-1.544,0,1778967682
2357,tw,1768348800,36.99,19.71,0.462,528.0,1.931,-0.0004,-20,16.13,-8.0,-5.114,-1,1778967682
2357,tw,1768435200,49.64,20.66,0.621,521.0,-1.326,-0.0122,-20,18.06,121.0,-1.919,0,1778967682
2357,tw,1768521600,49.12,21.08,0.614,510.0,-2.111,-0.0256,-20,18.71,158.0,0.98,0,1778967682
2357,tw,1768780800,35.39,19.77,0.442,510.0,0.0,0.0017,1,16.77,-4.0,-0.98,0,1778967682
2357,tw,1768867200,49.03,17.19,0.613,510.0,0.0,-0.0127,-1,14.19,82.0,-1.176,0,1778967682
2357,tw,1768953600,45.96,14.08,0.575,501.0,-1.765,-0.0153,-2,11.61,117.0,1.796,0,1778967682
2357,tw,1769040000,34.18,13.92,0.427,511.0,1.996,0.0044,1,10.32,-90.0,-0.783,0,1778967682
2357,tw,1769126400,47.6,12.91,0.595,515.0,0.783,-0.0052,-1,9.68,23.0,-3.689,-1,1778967682
2357,tw,1769385600,44.22,10.81,0.553,505.0,-1.942,-0.0061,-2,8.39,101.0,-1.089,0,1778967682
2357,tw,1769472000,30.99,11.33,0.387,504.0,-0.198,-0.002,-3,8.39,-20.0,-0.595,0,1778967682
2357,tw,1769558400,47.38,11.75,0.592,510.0,1.19,-0.0007,-4,8.39,3.0,-1.569,0,1778967682
2357,tw,1769644800,46.91,13.79,0.586,507.0,-0.588,0.0033,1,10.97,31.0,-0.986,0,1778967682
2357,tw,1769731200,47.16,17.19,0.589,496.0,-2.17,-0.0184,-1,14.84,60.0,2.419,0,1778967682
2357,tw,1769990400,50.41,18.69,0.63,499.5,0.706,-0.0066,-2,15.48,27.0,0.701,0,1778967682
2357,tw,1770076800,51.01,20.51,0.638,501.0,0.3,0.0005,1,17.42,4.0,4.99,1,1778967682
2357,tw,1770163200,36.22,21.12,0.453,502.0,0.2,-0.0014,-1,18.06,-39.0,4.183,1,1778967682
2357,tw,1770249600,43.36,21.71,0.542,502.0,0.0,0.0012,1,18.71,0.0,1.394,0,1778967682
2357,tw,1770336000,37.89,22.71,0.474,508.0,1.195,0.0046,2,19.35,-59.0,1.378,0,1778967682
2357,tw,1770595200,50.63,22.05,0.633,503.0,-0.984,-0.0129,-1,19.35,67.0,4.374,1,1778967682
2357,tw,1770681600,40.98,23.08,0.512,526.0,4.573,0.0101,1,18.71,-137.0,1.141,0,1778967682
2357,tw,1770768000,50.76,21.54,0.634,523.0,-0.57,-0.0054,-1,18.71,79.0,1.338,0,1778967682
2357,tw,1771804800,48.92,21.55,0.612,509.0,-2.677,-0.015,-2,19.35,87.0,2.358,0,1778967682
2357,tw,1771891200,37.52,22.06,0.469,515.0,1.179,-0.0032,-3,18.71,-61.0,-2.913,0,1778967682
2357,tw,1771977600,37.36,20.35,0.467,525.0,1.942,0.0075,1,16.77,-6.0,-1.333,0,1778967682
2357,tw,1772064000,36.06,18.88,0.451,532.0,1.333,-0.0036,-1,15.48,-18.0,-0.94,0,1778967682
2357,tw,1772409600,34.02,17.73,0.425,530.0,-0.376,-0.0058,-2,14.84,-25.0,-2.453,0,1778967682
2357,tw,1772496000,32.33,16.68,0.404,521.0,-1.698,-0.014,-3,14.19,-113.0,1.919,0,1778967682
2357,tw,1772582400,44.66,15.34,0.558,500.0,-4.031,-0.0164,-4,13.55,17.0,16.8,1,1778967682
2357,tw,1772668800,37.07,16.98,0.463,518.0,3.6,0.0047,1,12.9,-46.0,12.162,1,1778967682
2357,tw,1772755200,34.57,15.13,0.432,527.0,1.737,0.0052,2,11.61,-72.0,11.765,1,1778967682
2357,tw,1773014400,30.59,13.4,0.382,517.0,-1.898,0.0007,3,10.97,-73.0,13.926,1,1778967682
2357,tw,1773100800,34.56,13.49,0.432,531.0,2.708,0.0033,4,9.68,-8.0,11.676,1,1778967682
2357,tw,1773187200,62.1,5.99,0.776,584.0,9.981,0.0231,5,0.0,660.0,1.712,0,1778967682
2357,tw,1773273600,26.44,2.85,0.331,581.0,-0.514,-0.0084,-1,0.0,-243.0,-0.516,0,1778967682
2357,tw,1773360000,43.31,3.41,0.541,589.0,1.377,-0.0132,-2,0.0,216.0,-1.188,0,1778967682
2357,tw,1773619200,26.98,3.0,0.337,589.0,0.0,-0.0048,-3,0.0,-32.0,-4.414,-1,1778967682
2357,tw,1773705600,27.68,3.2,0.346,593.0,0.679,-0.0004,-4,0.0,-50.0,-4.722,-1,1778967682
2357,tw,1773792000,42.17,3.05,0.527,594.0,0.169,0.001,1,0.0,41.0,-4.882,-1,1778967682
2357,tw,1773878400,24.62,2.84,0.308,578.0,-2.694,-0.0017,-1,0.65,-109.0,-0.692,0,1778967682
2357,tw,1773964800,27.67,3.21,0.346,582.0,0.692,-0.0045,-2,0.0,-46.0,-0.859,0,1778967682
2357,tw,1774224000,24.33,3.31,0.304,563.0,-3.265,-0.0104,-3,1.29,-110.0,-0.178,0,1778967682
2357,tw,1774310400,28.95,6.34,0.362,565.0,0.355,-0.0032,-4,3.23,-57.0,-2.832,0,1778967682
2357,tw,1774396800,43.87,6.87,0.548,565.0,0.0,-0.0121,-5,3.87,87.0,0.354,0,1778967682
2357,tw,1774483200,30.91,8.0,0.386,574.0,1.593,0.0106,1,4.52,-207.0,-3.31,-1,1778967682
2357,tw,1774569600,30.43,8.97,0.38,577.0,0.523,-0.0004,-1,5.81,-42.0,-4.679,-1,1778967682
2357,tw,1774828800,42.59,8.67,0.532,562.0,-2.6,-0.0073,-2,6.45,22.0,0.0,0,1778967682
2357,tw,1774915200,28.54,10.05,0.357,549.0,-2.313,-0.003,-3,7.74,-39.0,3.461,1,1778967682
2357,tw,1775001600,49.78,13.01,0.622,567.0,3.279,-0.0027,-4,9.03,6.0,1.94,0,1778967682
2357,tw,1775088000,29.66,12.05,0.371,555.0,-2.116,-0.0125,-5,9.68,-14.0,4.144,1,1778967682
2357,tw,1775520000,31.54,13.7,0.394,550.0,-0.901,-0.0096,-6,10.97,-1.0,5.455,1,1778967682
2357,tw,1775606400,35.0,15.26,0.438,562.0,2.182,0.0033,1,11.61,-17.0,3.915,1,1778967682
2357,tw,1775692800,49.19,15.58,0.615,568.0,1.068,-0.001,-1,12.26,9.0,3.697,1,1778967682
2357,tw,1775779200,35.19,16.43,0.44,578.0,1.761,-0.0032,-2,12.9,-10.0,3.633,1,1778967682
2357,tw,1776038400,34.08,17.19,0.426,578.0,0.0,-0.0033,-3,14.19,-2.0,4.671,1,1778967682
2357,tw,1776124800,34.73,17.94,0.434,580.0,0.346,-0.0073,-4,14.84,-38.0,3.276,1,1778967682
2357,tw,1776211200,36.03,19.98,0.45,584.0,0.69,-0.0082,-5,16.77,-100.0,4.281,1,1778967682
2357,tw,1776297600,37.19,21.97,0.465,589.0,0.856,-0.0049,-6,18.71,-69.0,1.528,0,1778967682
2357,tw,1776384000,37.16,20.28,0.464,599.0,1.698,0.0147,1,16.77,-60.0,-2.337,0,1778967682
2357,tw,1776643200,34.12,15.56,0.426,605.0,1.002,-0.0028,-1,12.26,-56.0,-2.81,0,1778967682
2357,tw,1776729600,47.05,14.96,0.588,599.0,-0.992,-0.0173,-2,12.26,79.0,-1.836,0,1778967682
2357,tw,1776816000,34.5,15.11,0.431,609.0,1.669,0.0044,1,11.61,-247.0,-3.448,-1,1778967682
2357,tw,1776902400,45.91,14.07,0.574,598.0,-1.806,-0.0168,-1,11.61,44.0,-2.843,0,1778967682
2357,tw,1776988800,45.84,14.61,0.573,585.0,-2.174,-0.0234,-2,12.26,204.0,1.026,0,1778967682
2357,tw,1777248000,33.33,14.76,0.417,588.0,0.513,0.0025,1,11.61,-101.0,0.34,0,1778967682
2357,tw,1777334400,47.44,13.97,0.593,588.0,0.0,-0.0081,-1,10.97,50.0,6.973,1,1778967682
2357,tw,1777420800,48.43,15.9,0.605,588.0,0.0,-0.0046,-2,12.9,112.0,8.673,1,1778967682
2357,tw,1777507200,47.84,16.83,0.598,581.0,-1.19,-0.0139,-3,14.19,32.0,11.876,1,1778967682
2357,tw,1777852800,35.81,17.71,0.448,591.0,1.721,-0.0011,-4,14.19,-72.0,16.074,1,1778967682
2357,tw,1777939200,34.25,17.79,0.428,590.0,-0.169,-0.0011,-5,14.84,-19.0,14.068,1,1778967682
2357,tw,1778025600,55.79,19.17,0.697,629.0,6.61,0.016,1,14.19,102.0,5.405,1,1778967682
2357,tw,1778112000,49.01,14.45,0.613,639.0,1.59,-0.0123,-1,10.97,34.0,6.26,1,1778967682
2357,tw,1778198400,46.79,9.33,0.585,650.0,1.721,0.0322,1,5.81,67.0,-1.385,0,1778967682
2382,tw,1763424000,24.75,2.35,0.309,270.0,-2.174,-0.0149,-1,0.0,-321.0,1.852,0,1778967684
2382,tw,1763510400,40.78,2.67,0.51,267.0,-1.111,-0.022,-2,0.0,85.0,4.682,1,1778967684
2382,tw,1763596800,44.71,3.79,0.559,274.0,2.622,0.0187,1,0.0,68.0,2.737,0,1778967684
2382,tw,1763683200,25.49,2.56,0.319,270.0,-1.46,-0.01,-1,0.0,-150.0,4.444,1,1778967684
2382,tw,1763942400,29.44,6.55,0.368,272.0,0.741,0.006,1,3.33,-199.0,5.515,1,1778967684
2382,tw,1764028800,31.02,9.04,0.388,275.0,1.103,0.0119,2,5.71,-93.0,4.909,1,1778967684
2382,tw,1764115200,34.89,15.99,0.436,279.5,1.636,0.0013,3,12.5,-164.0,4.651,1,1778967684
2382,tw,1764201600,35.6,18.77,0.445,281.5,0.716,0.0201,4,15.56,-363.0,4.618,1,1778967684
2382,tw,1764288000,50.05,19.05,0.626,282.0,0.178,-0.0249,-1,16.0,1231.0,5.496,1,1778967684
2382,tw,1764547200,38.13,21.71,0.477,287.0,1.773,0.0532,1,18.18,-163.0,3.659,1,1778967684
2382,tw,1764633600,36.13,19.83,0.452,288.5,0.523,0.0538,2,16.67,-256.0,2.6,0,1778967684
2382,tw,1764720000,51.44,18.8,0.643,292.5,1.386,0.072,3,15.38,342.0,0.0,0,1778967684
2382,tw,1764806400,35.1,17.5,0.439,294.5,0.684,0.0539,4,14.29,-180.0,-2.207,0,1778967684
2382,tw,1764892800,43.99,13.98,0.55,297.5,1.019,0.1266,5,10.67,-1157.0,-3.697,-1,1778967684
2382,tw,1765152000,42.18,13.0,0.527,297.5,0.0,0.0367,6,10.0,-262.0,-4.202,-1,1778967684
2382,tw,1765238400,40.75,11.09,0.509,296.0,-0.504,0.0265,7,8.24,-209.0,-7.77,-1,1778967684
2382,tw,1765324800,54.82,10.43,0.685,292.5,-1.182,0.0234,8,7.78,1.0,-9.402,-1,1778967684
2382,tw,1765411200,38.68,8.86,0.483,288.0,-1.538,0.0111,9,6.32,-101.0,-9.722,-1,1778967684
2382,tw,1765497600,40.54,10.84,0.507,286.5,-0.521,0.0117,10,8.0,-57.0,-7.504,-1,1778967684
2382,tw,1765756800,56.27,12.36,0.703,285.0,-0.524,0.0076,11,9.52,100.0,-6.316,-1,1778967684
2382,tw,1765843200,42.97,13.56,0.537,273.0,-4.211,-0.145,-1,11.82,676.0,-3.114,-1,1778967684
2382,tw,1765929600,42.05,11.69,0.526,265.0,-2.93,-0.3604,-2,9.57,1994.0,-0.377,0,1778967684
2382,tw,1766016000,41.5,6.6,0.519,260.0,-1.887,-0.1388,-3,4.17,885.0,1.154,0,1778967684
2382,tw,1766102400,45.45,7.58,0.568,265.0,1.923,-0.0945,-4,4.0,69.0,-0.755,0,1778967684
2382,tw,1766361600,43.81,6.31,0.548,267.0,0.755,-0.0966,-5,3.08,520.0,-1.498,0,1778967684
2382,tw,1766448000,41.46,4.2,0.518,264.5,-0.936,-0.0682,-6,1.48,361.0,2.836,0,1778967684
2382,tw,1766534400,41.54,2.94,0.519,264.0,-0.189,-0.0549,-7,0.0,211.0,4.924,1,1778967684
2382,tw,1766707200,41.35,2.89,0.517,263.0,-0.379,-0.0542,-8,0.0,292.0,5.703,1,1778967684
2382,tw,1766966400,26.74,3.0,0.334,263.0,0.0,-0.0528,-9,0.0,-53.0,7.224,1,1778967684
2382,tw,1767052800,41.79,3.0,0.522,263.0,0.0,-0.042,-10,0.0,338.0,7.224,1,1778967684
2382,tw,1767139200,30.81,4.68,0.385,272.0,3.422,0.0135,1,0.65,-109.0,0.368,0,1778967684
2382,tw,1767312000,30.08,5.49,0.376,277.0,1.838,0.054,2,1.94,-710.0,2.166,0,1778967684
2382,tw,1767571200,28.77,6.34,0.36,278.0,0.361,-0.0415,-1,3.23,-213.0,0.899,0,1778967684
2382,tw,1767657600,46.19,8.59,0.577,282.0,1.439,0.0348,1,5.16,142.0,-1.064,0,1778967684
2382,tw,1767744000,30.82,10.74,0.385,282.0,0.0,-0.0092,-1,7.74,-429.0,1.418,0,1778967684
2382,tw,1767830400,43.33,11.72,0.542,273.0,-3.191,-0.064,-2,9.68,235.0,3.663,1,1778967684
2382,tw,1767916800,38.94,18.29,0.487,283.0,3.663,0.2371,1,14.19,-1168.0,2.297,0,1778967684
2382,tw,1768176000,48.92,18.86,0.612,280.5,-0.883,-0.0515,-1,16.13,122.0,0.535,0,1778967684
2382,tw,1768262400,34.95,19.61,0.437,279.0,-0.535,0.02,1,16.77,-194.0,-0.538,0,1778967684
2382,tw,1768348800,38.1,19.88,0.476,286.0,2.509,0.1057,2,16.13,-263.0,-3.846,-1,1778967684
2382,tw,1768435200,48.88,18.82,0.611,283.0,-1.049,-0.0268,-1,16.13,48.0,0.0,0,1778967684
2382,tw,1768521600,36.98,17.88,0.462,289.5,2.297,0.118,1,14.19,-850.0,-3.282,-1,1778967684
2382,tw,1768780800,46.87,17.7,0.586,282.0,-2.591,-0.0564,-1,15.48,229.0,1.773,0,1778967684
2382,tw,1768867200,49.3,20.58,0.616,277.5,-1.596,-0.0272,-2,18.06,112.0,3.604,1,1778967684
2382,tw,1768953600,50.74,22.08,0.634,275.0,-0.901,-0.0068,-3,19.35,189.0,4.364,1,1778967684
2382,tw,1769040000,39.93,23.22,0.499,283.0,2.909,0.0699,1,19.35,-427.0,0.0,0,1778967684
2382,tw,1769126400,50.64,22.03,0.633,280.0,-1.06,0.0044,2,19.35,64.0,0.0,0,1778967684
2382,tw,1769385600,54.76,23.1,0.684,287.0,2.5,0.1163,3,19.35,328.0,-4.878,-1,1778967684
2382,tw,1769472000,37.1,22.4,0.464,287.5,0.174,0.0511,4,19.35,-300.0,-3.826,-1,1778967684
2382,tw,1769558400,61.62,22.3,0.77,287.0,-0.174,0.023,5,19.35,59.0,-3.136,-1,1778967684
2382,tw,1769644800,45.32,21.93,0.566,283.0,-1.394,0.0075,6,19.35,-340.0,-3.534,-1,1778967684
2382,tw,1769731200,45.74,22.03,0.572,280.0,-1.06,0.025,7,19.35,-38.0,-0.179,0,1778967684
2382,tw,1769990400,33.4,20.31,0.417,273.0,-2.5,-0.0266,-1,18.06,-223.0,4.029,1,1778967684
2382,tw,1770076800,37.17,20.8,0.465,276.5,1.282,0.0352,1,17.42,-30.0,3.074,1,1778967684
2382,tw,1770163200,50.96,19.93,0.637,278.0,0.542,0.0064,2,16.77,39.0,2.878,0,1778967684
2382,tw,1770249600,48.22,18.59,0.603,273.0,-1.799,-0.0097,-1,16.13,151.0,3.846,1,1778967684
2382,tw,1770336000,38.02,20.48,0.475,279.5,2.381,0.0502,1,16.77,-407.0,1.61,0,1778967684
2382,tw,1770595200,36.32,18.32,0.454,284.0,1.61,0.0589,2,14.84,-284.0,4.754,1,1778967684
2382,tw,1770681600,34.46,16.66,0.431,285.0,0.352,0.067,3,13.55,-184.0,2.281,0,1778967684
2382,tw,1770768000,34.07,16.01,0.426,286.0,0.351,0.0535,4,12.9,-201.0,5.245,1,1778967684
2382,tw,1771804800,57.36,15.0,0.717,283.5,-0.874,0.0218,5,12.26,105.0,3.88,1,1778967684
2382,tw,1771891200,46.3,21.11,0.579,284.0,0.176,0.0183,6,18.06,-1.0,-1.056,0,1778967684
2382,tw,1771977600,63.31,15.4,0.791,297.5,4.754,0.2152,7,10.97,830.0,-2.689,0,1778967684
2382,tw,1772064000,45.02,12.71,0.563,291.5,-2.017,-0.0256,-1,10.32,479.0,-0.858,0,1778967684
2382,tw,1772409600,36.13,13.01,0.452,301.0,3.259,0.2714,1,9.03,-1233.0,-6.312,-1,1778967684
2382,tw,1772496000,28.85,10.09,0.361,294.5,-2.159,0.0288,2,7.74,-520.0,-4.075,-1,1778967684
2382,tw,1772582400,40.8,9.36,0.51,281.0,-4.584,-0.0979,-1,7.74,320.0,2.847,0,1778967684
2382,tw,1772668800,33.17,10.36,0.415,289.5,3.025,-0.0163,-2,6.45,-255.0,-0.345,0,1778967684
2382,tw,1772755200,44.61,8.76,0.558,289.0,-0.173,-0.0237,-3,5.81,8.0,0.0,0,1778967684
2382,tw,1773014400,41.91,7.43,0.524,282.0,-2.422,-0.0504,-4,5.16,142.0,2.482,0,1778967684
2382,tw,1773100800,44.33,7.57,0.554,282.5,0.177,-0.0216,-5,4.52,284.0,2.301,0,1778967684
2382,tw,1773187200,32.5,9.5,0.406,289.0,2.301,0.058,1,5.81,-399.0,1.384,0,1778967684
2382,tw,1773273600,31.25,11.98,0.391,288.5,-0.173,-0.0175,-1,9.03,-8.0,-0.693,0,1778967684
2382,tw,1773360000,31.68,12.08,0.396,289.0,0.173,-0.0025,-2,9.03,-45.0,-1.903,0,1778967684
2382,tw,1773619200,46.57,12.03,0.582,289.0,0.0,0.0115,1,9.03,415.0,-3.114,-1,1778967684
2382,tw,1773705600,32.51,13.97,0.406,289.0,0.0,0.0044,2,10.97,-159.0,-2.595,0,1778967684
2382,tw,1773792000,34.12,14.39,0.426,293.0,1.384,0.05,3,10.97,-210.0,-2.73,0,1778967684
2382,tw,1773878400,45.12,13.3,0.564,286.5,-2.218,-0.0297,-1,10.97,129.0,0.175,0,1778967684
2382,tw,1773964800,46.14,13.01,0.577,283.5,-1.047,0.0046,1,10.32,67.0,1.94,0,1778967684
2382,tw,1774224000,29.92,11.02,0.374,280.0,-1.235,-0.0087,-1,8.39,-1146.0,0.357,0,1778967684
2382,tw,1774310400,31.84,11.55,0.398,281.5,0.536,0.022,1,8.39,-99.0,-1.066,0,1778967684
2382,tw,1774396800,32.79,12.4,0.41,285.0,1.243,0.0071,2,9.03,-138.0,1.93,0,1778967684
2382,tw,1774483200,34.05,15.47,0.426,287.0,0.702,0.043,3,12.26,-314.0,-0.871,0,1778967684
2382,tw,1774569600,49.49,16.76,0.619,289.0,0.697,0.0031,4,13.55,140.0,0.0,0,1778967684
2382,tw,1774828800,48.64,21.52,0.608,281.0,-2.768,-0.0528,-1,19.35,505.0,9.431,1,1778967684
2382,tw,1774915200,35.69,22.08,0.446,278.5,-0.89,-0.02,-2,19.35,-23.0,12.388,1,1778967684
2382,tw,1775001600,41.23,23.64,0.515,290.5,4.309,0.0486,1,19.35,-690.0,10.671,1,1778967684
2382,tw,1775088000,49.38,21.73,0.617,284.5,-2.065,-0.0465,-1,19.35,111.0,12.127,1,1778967684
2382,tw,1775520000,37.96,22.18,0.475,289.0,1.582,0.0047,1,18.71,-187.0,11.765,1,1778967684
2382,tw,1775606400,38.95,12.66,0.487,307.5,6.401,0.3361,2,7.74,-206.0,0.325,0,1778967684
2382,tw,1775692800,29.53,3.54,0.369,313.0,1.789,0.1489,3,0.0,-443.0,1.757,0,1778967684
2382,tw,1775779200,30.27,3.81,0.378,321.5,2.716,0.1103,4,0.0,-688.0,0.467,0,1778967684
2382,tw,1776038400,41.21,2.77,0.515,319.0,-0.778,-0.0024,-1,0.0,271.0,3.135,1,1778967684
2382,tw,1776124800,28.4,3.38,0.355,323.0,1.254,0.0285,1,0.0,-621.0,5.263,1,1778967684
2382,tw,1776211200,37.06,1.65,0.463,308.5,-4.489,-0.0894,-1,0.0,761.0,8.59,1,1778967684
2382,tw,1776297600,30.62,3.97,0.383,318.5,3.241,0.0764,1,0.0,-371.0,1.099,0,1778967684
2382,tw,1776384000,28.89,3.42,0.361,323.0,1.413,0.0963,2,0.0,-244.0,0.0,0,1778967684
2382,tw,1776643200,29.2,3.56,0.365,329.0,1.858,0.0695,3,0.0,-145.0,-1.064,0,1778967684
2382,tw,1776729600,45.67,4.0,0.571,340.0,3.343,0.0644,4,0.0,122.0,-5.588,-1,1778967684
2382,tw,1776816000,25.45,2.56,0.318,335.0,-1.471,-0.016,-1,0.0,-97.0,-3.881,-1,1778967684
2382,tw,1776902400,38.63,3.13,0.483,322.0,-3.881,-0.0263,-2,1.29,5.0,-2.95,0,1778967684
2382,tw,1776988800,43.58,5.03,0.545,323.0,0.311,0.0591,1,1.94,427.0,-1.548,0,1778967684
2382,tw,1777248000,44.08,5.81,0.551,325.5,0.774,0.0026,2,2.58,228.0,-1.382,0,1778967684
2382,tw,1777334400,42.26,6.46,0.528,321.0,-1.382,-0.058,-1,3.87,215.0,7.944,1,1778967684
2382,tw,1777420800,29.98,8.25,0.375,322.0,0.312,0.0183,1,5.16,-187.0,6.832,1,1778967684
2382,tw,1777507200,42.51,9.85,0.531,312.5,-2.95,-0.0816,-1,7.74,187.0,8.96,1,1778967684
2382,tw,1777852800,33.38,12.56,0.417,318.0,1.76,0.0203,1,9.03,-1021.0,8.019,1,1778967684
2382,tw,1777939200,48.15,13.6,0.602,321.0,0.943,0.0099,2,10.32,792.0,5.919,1,1778967684
2382,tw,1778025600,56.3,16.35,0.704,346.5,7.944,0.1746,3,10.97,33.0,-1.732,0,1778967684
2382,tw,1778112000,31.67,13.75,0.396,344.0,-0.722,-0.0182,-1,10.97,-180.0,-2.762,0,1778967684
2382,tw,1778198400,31.54,13.66,0.394,340.5,-1.017,0.0138,1,10.97,-205.0,-10.132,-1,1778967684
2395,tw,1763424000,22.82,1.77,0.285,281.0,-4.096,-0.0159,-1,0.0,-6.0,1.423,0,1778967687
2395,tw,1763510400,25.39,2.52,0.317,276.5,-1.601,-0.0023,-2,0.0,-49.0,4.702,1,1778967687
2395,tw,1763596800,43.3,3.38,0.541,280.0,1.266,0.0064,1,0.0,35.0,2.857,0,1778967687
2395,tw,1763683200,27.53,3.16,0.344,281.5,0.536,-0.0002,-1,0.0,-17.0,2.309,0,1778967687
2395,tw,1763942400,30.61,6.92,0.383,287.0,1.954,-0.0014,-2,3.33,-6.0,0.348,0,1778967687
2395,tw,1764028800,47.0,14.22,0.587,285.0,-0.697,-0.0045,-3,11.43,84.0,0.702,0,1778967687
2395,tw,1764115200,36.08,18.47,0.451,289.5,1.579,-0.0007,-4,15.0,-2.0,-0.691,0,1778967687
2395,tw,1764201600,50.39,20.62,0.63,288.0,-0.518,0.0045,1,17.78,17.0,0.694,0,1778967687
2395,tw,1764288000,50.98,21.0,0.637,288.0,0.0,-0.0049,-1,18.0,19.0,-0.347,0,1778967687
2395,tw,1764547200,51.07,21.18,0.638,288.0,0.0,-0.0037,-2,18.18,32.0,-0.694,0,1778967687
2395,tw,1764633600,50.79,21.23,0.635,287.0,-0.347,-0.0061,-3,18.33,10.0,-0.871,0,1778967687
2395,tw,1764720000,51.39,21.51,0.642,287.5,0.174,-0.0036,-4,18.46,3.0,-1.739,0,1778967687
2395,tw,1764806400,52.15,21.83,0.652,290.0,0.87,-0.0012,-5,18.57,18.0,-2.931,0,1778967687
2395,tw,1764892800,50.27,21.36,0.628,287.0,-1.034,-0.0053,-6,18.67,19.0,-2.439,0,1778967687
2395,tw,1765152000,36.03,21.65,0.45,286.0,-0.348,0.0005,1,18.75,-27.0,-3.322,-1,1778967687
2395,tw,1765238400,50.88,21.66,0.636,284.5,-0.524,-0.0006,-1,18.82,29.0,-3.691,-1,1778967687
2395,tw,1765324800,35.75,21.68,0.447,282.5,-0.703,0.0014,1,18.89,-7.0,-3.186,-1,1778967687
2395,tw,1765411200,51.11,21.84,0.639,281.5,-0.354,-0.0024,-1,18.95,9.0,-2.309,0,1778967687
2395,tw,1765497600,35.43,20.84,0.443,280.0,-0.533,-0.0069,-2,18.0,-13.0,0.893,0,1778967687
2395,tw,1765756800,34.3,19.77,0.429,276.5,-1.25,-0.0048,-3,17.14,-6.0,2.351,0,1778967687
2395,tw,1765843200,48.77,18.18,0.61,274.0,-0.904,-0.0094,-4,15.45,19.0,3.832,1,1778967687
2395,tw,1765929600,49.19,17.73,0.615,273.5,-0.182,-0.0031,-5,14.78,2.0,4.57,1,1778967687
2395,tw,1766016000,34.19,16.49,0.427,275.0,0.548,-0.0052,-6,13.33,-9.0,3.455,1,1778967687
2395,tw,1766102400,36.53,17.42,0.457,282.5,2.727,-0.0001,-7,13.6,-25.0,1.416,0,1778967687
2395,tw,1766361600,49.1,16.9,0.614,283.0,0.177,-0.0008,-8,13.85,1.0,1.413,0,1778967687
2395,tw,1766448000,49.55,17.23,0.619,284.5,0.53,-0.004,-9,14.07,22.0,1.23,0,1778967687
2395,tw,1766534400,34.67,17.45,0.433,286.0,0.527,-0.0006,-10,14.29,-18.0,0.175,0,1778967687
2395,tw,1766707200,34.4,18.7,0.43,284.5,-0.524,-0.0018,-11,15.86,-13.0,1.757,0,1778967687
2395,tw,1766966400,35.7,19.21,0.446,286.5,0.703,0.0001,1,16.0,-9.0,0.524,0,1778967687
2395,tw,1767052800,35.25,19.18,0.441,287.0,0.175,0.0012,2,16.13,-11.0,0.523,0,1778967687
2395,tw,1767139200,49.76,17.94,0.622,288.0,0.348,-0.0019,-1,14.84,2.0,-0.868,0,1778967687
2395,tw,1767312000,49.22,18.32,0.615,286.5,-0.521,0.0009,1,15.48,11.0,0.698,0,1778967687
2395,tw,1767571200,36.13,19.44,0.452,289.5,1.047,0.0045,2,16.13,-11.0,-0.518,0,1778967687
2395,tw,1767657600,48.56,17.03,0.607,288.0,-0.518,-0.0032,-1,14.19,77.0,-0.347,0,1778967687
2395,tw,1767744000,32.99,14.66,0.412,288.5,0.174,0.0027,1,11.61,-2.0,1.386,0,1778967687
2395,tw,1767830400,46.12,13.01,0.576,285.5,-1.04,-0.0001,-1,10.32,28.0,0.701,0,1778967687
2395,tw,1767916800,47.27,11.71,0.591,288.5,1.051,0.0047,1,8.39,16.0,-0.347,0,1778967687
2395,tw,1768176000,45.7,10.69,0.571,288.0,-0.173,-0.0002,-1,7.74,18.0,-0.347,0,1778967687
2395,tw,1768262400,45.51,10.64,0.569,287.0,-0.347,-0.0027,-2,7.74,51.0,-2.439,0,1778967687
2395,tw,1768348800,32.81,11.31,0.41,292.5,1.916,0.0047,1,7.74,-9.0,-5.983,-1,1778967687
2395,tw,1768435200,48.64,19.26,0.608,287.5,-1.709,-0.0072,-1,16.77,30.0,-0.696,0,1778967687
2395,tw,1768521600,51.68,22.35,0.646,287.5,0.0,0.002,1,19.35,38.0,0.174,0,1778967687
2395,tw,1768780800,36.51,22.3,0.456,287.0,-0.174,0.0018,2,19.35,-7.0,0.523,0,1778967687
2395,tw,1768867200,48.83,20.98,0.61,280.0,-2.439,-0.0168,-1,18.71,123.0,3.75,1,1778967687
2395,tw,1768953600,33.9,19.88,0.424,275.0,-1.786,-0.0046,-2,17.42,-1.0,8.545,1,1778967687
2395,tw,1769040000,39.54,21.57,0.494,285.5,3.818,0.0029,1,17.42,-49.0,6.83,1,1778967687
2395,tw,1769126400,36.25,20.03,0.453,288.0,0.876,-0.0019,-1,16.77,-8.0,3.993,1,1778967687
2395,tw,1769385600,35.56,19.82,0.445,288.5,0.174,0.0009,1,16.77,-22.0,1.04,0,1778967687
2395,tw,1769472000,35.12,18.05,0.439,290.5,0.693,0.0018,2,14.84,-23.0,-0.172,0,1778967687
2395,tw,1769558400,51.52,17.38,0.644,298.5,2.754,-0.0016,-1,13.55,47.0,-3.685,-1,1778967687
2395,tw,1769644800,44.07,3.65,0.551,305.0,2.178,-0.0214,-2,0.0,208.0,-5.738,-1,1778967687
2395,tw,1769731200,40.13,2.46,0.502,299.5,-1.803,-0.013,-3,0.0,65.0,-4.007,-1,1778967687
2395,tw,1769990400,24.28,2.2,0.303,291.5,-2.671,-0.01,-4,0.0,-1.0,-0.172,0,1778967687
2395,tw,1770076800,41.78,3.5,0.522,290.0,-0.515,-0.0069,-5,0.65,30.0,2.586,0,1778967687
2395,tw,1770163200,26.12,2.74,0.327,287.5,-0.862,-0.0035,-6,0.0,-16.0,6.087,1,1778967687
2395,tw,1770249600,28.29,5.58,0.354,287.5,0.0,0.0004,1,2.58,-42.0,9.565,1,1778967687
2395,tw,1770336000,43.28,5.58,0.541,287.5,0.0,-0.0026,-1,2.58,55.0,12.696,1,1778967687
2395,tw,1770595200,44.49,5.95,0.556,291.0,1.217,-0.0033,-2,2.58,106.0,14.433,1,1778967687
2395,tw,1770681600,29.25,3.67,0.366,297.5,2.234,0.0028,1,0.0,-34.0,13.109,1,1778967687
2395,tw,1770768000,29.56,3.76,0.37,305.0,2.521,0.0082,2,0.0,-11.0,10.328,1,1778967687
2395,tw,1771804800,45.32,3.98,0.566,315.0,3.279,0.008,3,0.0,23.0,4.762,1,1778967687
2395,tw,1771891200,44.89,3.86,0.561,324.0,2.857,0.0074,4,0.0,62.0,-3.858,-1,1778967687
2395,tw,1771977600,54.8,3.83,0.685,333.0,2.778,0.0038,5,0.0,265.0,2.853,0,1778967687
2395,tw,1772064000,53.07,3.32,0.663,336.5,1.051,0.0041,6,0.0,204.0,11.441,1,1778967687
2395,tw,1772409600,37.04,3.0,0.463,336.5,0.0,0.0082,7,0.0,-293.0,3.12,1,1778967687
2395,tw,1772496000,25.04,2.42,0.313,330.0,-1.932,-0.0057,-1,0.0,-208.0,4.697,1,1778967687
2395,tw,1772582400,21.72,1.97,0.271,311.5,-5.606,0.0,1,0.65,-50.0,11.075,1,1778967687
2395,tw,1772668800,52.07,5.99,0.651,342.5,9.952,0.0231,2,0.0,162.0,0.73,0,1778967687
2395,tw,1772755200,36.76,5.85,0.459,375.0,9.489,0.0538,3,0.0,-637.0,-8.667,-1,1778967687
2395,tw,1773014400,19.56,0.76,0.245,347.0,-7.467,0.0055,4,0.0,-201.0,-2.017,0,1778967687
2395,tw,1773100800,41.53,2.87,0.519,345.5,-0.432,-0.0081,-1,0.0,209.0,0.724,0,1778967687
2395,tw,1773187200,27.14,3.04,0.339,346.0,0.145,-0.0008,-2,0.0,-133.0,0.867,0,1778967687
2395,tw,1773273600,42.36,4.2,0.529,345.0,-0.289,0.0005,1,1.29,6.0,-0.87,0,1778967687
2395,tw,1773360000,42.58,5.36,0.532,342.5,-0.725,0.0024,2,2.58,98.0,0.438,0,1778967687
2395,tw,1773619200,43.21,6.65,0.54,340.0,-0.73,0.0008,3,3.87,4.0,-2.941,0,1778967687
2395,tw,1773705600,31.63,8.23,0.395,348.0,2.353,0.0038,4,4.52,-87.0,-5.172,-1,1778967687
2395,tw,1773792000,45.19,8.9,0.565,349.0,0.287,-0.0002,-1,5.81,48.0,-4.441,-1,1778967687
2395,tw,1773878400,29.5,11.43,0.369,342.0,-2.006,-0.0013,-2,9.03,-134.0,-0.877,0,1778967687
2395,tw,1773964800,32.78,13.5,0.41,344.0,0.585,0.0079,1,10.32,-13.0,-3.343,-1,1778967687
2395,tw,1774224000,28.43,12.75,0.355,330.0,-4.07,0.0029,2,10.97,-77.0,-2.576,0,1778967687
2395,tw,1774310400,33.14,15.26,0.414,330.0,0.0,0.0019,3,12.26,-31.0,-3.485,-1,1778967687
2395,tw,1774396800,49.52,16.22,0.619,333.5,1.061,0.0025,4,12.9,32.0,-0.75,0,1778967687
2395,tw,1774483200,45.44,17.04,0.568,339.0,1.649,0.0024,5,13.55,-11.0,-4.572,-1,1778967687
2395,tw,1774569600,46.84,15.97,0.586,332.5,-1.917,-0.0026,-1,13.55,44.0,-3.008,-1,1778967687
2395,tw,1774828800,36.84,14.27,0.461,321.5,-3.308,0.0039,1,12.26,0.0,8.398,1,1778967687
2395,tw,1774915200,31.84,14.33,0.398,318.5,-0.933,-0.0057,-1,11.61,-28.0,9.262,1,1778967687
2395,tw,1775001600,38.66,19.66,0.483,331.0,3.925,-0.0009,-2,15.48,-24.0,4.532,1,1778967687
2395,tw,1775088000,31.5,15.87,0.394,323.5,-2.266,-0.0013,-3,13.55,-21.0,5.873,1,1778967687
2395,tw,1775520000,50.74,20.97,0.634,322.5,-0.309,0.0035,1,18.06,13.0,6.667,1,1778967687
2395,tw,1775606400,59.15,23.48,0.739,348.5,8.062,0.0108,2,18.06,2.0,-0.143,0,1778967687
2395,tw,1775692800,50.94,21.02,0.637,348.0,-0.143,0.0097,3,18.06,33.0,2.011,0,1778967687
2395,tw,1775779200,50.16,20.25,0.627,346.0,-0.575,0.0041,4,17.42,48.0,5.78,1,1778967687
2395,tw,1776038400,60.06,20.76,0.751,342.5,-1.012,0.0085,5,18.06,9.0,6.131,1,1778967687
2395,tw,1776124800,61.19,20.55,0.765,344.0,0.438,0.0084,6,17.42,27.0,5.959,1,1778967687
2395,tw,1776211200,45.95,18.83,0.574,348.0,1.163,0.0104,7,15.48,-53.0,3.736,1,1778967687
2395,tw,1776297600,46.51,18.44,0.581,355.0,2.011,0.0165,8,14.84,-5.0,0.423,0,1778967687
2395,tw,1776384000,46.0,15.54,0.575,366.0,3.099,0.0192,9,11.61,-168.0,-3.279,-1,1778967687
2395,tw,1776643200,55.54,11.19,0.694,363.5,-0.683,0.0054,10,8.39,232.0,-0.138,0,1778967687
2395,tw,1776729600,40.86,10.18,0.511,364.5,0.275,0.0074,11,7.1,-167.0,0.686,0,1778967687
2395,tw,1776816000,39.3,9.16,0.491,361.0,-0.96,0.0078,12,6.45,-43.0,1.385,0,1778967687
2395,tw,1776902400,38.69,8.44,0.484,356.5,-1.247,0.0058,13,5.81,-90.0,0.842,0,1778967687
2395,tw,1776988800,54.53,9.24,0.682,354.0,-0.701,0.0014,14,6.45,66.0,11.582,1,1778967687
2395,tw,1777248000,56.88,8.28,0.711,363.0,2.542,0.0154,15,4.52,47.0,9.229,1,1778967687
2395,tw,1777334400,54.75,6.56,0.684,367.0,1.102,0.0073,16,3.23,34.0,11.58,1,1778967687
2395,tw,1777420800,54.98,9.37,0.687,366.0,-0.272,0.0046,17,6.45,4.0,21.311,1,1778967687
2395,tw,1777507200,54.75,11.5,0.684,359.5,-1.776,0.0019,18,9.03,17.0,32.545,1,1778967687
2395,tw,1777852800,63.65,9.19,0.796,395.0,9.875,0.0329,19,3.23,154.0,21.139,1,1778967687
2395,tw,1777939200,37.74,3.76,0.472,396.5,0.38,0.0066,20,0.65,-42.0,24.716,1,1778967687
2395,tw,1778025600,55.35,3.98,0.692,409.5,3.279,0.0133,20,0.0,227.0,13.431,1,1778967687
2395,tw,1778112000,60.5,5.53,0.756,444.0,8.425,0.0146,20,0.0,366.0,4.73,1,1778967687
2395,tw,1778198400,44.46,5.2,0.556,476.5,7.32,0.0277,20,0.0,-375.0,-3.568,-1,1778967687
2409,tw,1763424000,37.62,1.96,0.47,11.15,-3.463,-0.1829,-3,0.0,1198.0,-0.897,0,1778967689
2409,tw,1763510400,39.69,2.6,0.496,11.0,-1.345,-0.1927,-4,0.0,1291.0,2.727,0,1778967689
2409,tw,1763596800,30.89,8.41,0.386,11.15,1.364,0.0053,1,5.0,-281.0,3.139,1,1778967689
2409,tw,1763683200,39.73,6.06,0.497,10.8,-3.139,-0.2259,-1,4.0,2038.0,7.407,1,1778967689
2409,tw,1763942400,46.45,13.14,0.581,10.85,0.463,-0.2019,-2,10.0,1108.0,4.608,1,1778967689
2409,tw,1764028800,36.85,20.69,0.461,11.05,1.843,-0.1136,-3,17.14,-1202.0,2.715,0,1778967689
2409,tw,1764115200,52.74,21.18,0.659,11.3,2.262,-0.0544,-4,17.5,884.0,3.097,1,1778967689
2409,tw,1764201600,37.52,21.31,0.469,11.5,1.77,-0.029,-5,17.78,-767.0,3.043,1,1778967689
2409,tw,1764288000,51.97,21.26,0.65,11.6,0.87,0.021,1,18.0,52.0,0.431,0,1778967689
2409,tw,1764547200,32.93,20.53,0.412,11.35,-2.155,-0.2006,-1,18.18,-172.0,2.203,0,1778967689
2409,tw,1764633600,50.93,21.33,0.637,11.35,0.0,-0.0466,-2,18.33,612.0,-0.441,0,1778967689
2409,tw,1764720000,39.43,22.25,0.493,11.65,2.643,0.1104,1,18.46,-837.0,-0.429,0,1778967689
2409,tw,1764806400,37.54,20.66,0.469,11.85,1.717,0.051,2,17.14,-2177.0,-3.797,-1,1778967689
2409,tw,1764892800,48.65,21.16,0.608,11.65,-1.688,-0.1994,-1,18.67,4505.0,-2.575,0,1778967689
2409,tw,1765152000,50.93,21.62,0.637,11.6,-0.429,-0.0038,-2,18.75,1203.0,-1.293,0,1778967689
2409,tw,1765238400,48.15,21.04,0.602,11.3,-2.586,-0.1342,-3,18.82,1843.0,0.0,0,1778967689
2409,tw,1765324800,54.13,22.69,0.677,11.6,2.655,0.0065,1,18.89,42.0,-2.586,0,1778967689
2409,tw,1765411200,49.36,21.43,0.617,11.4,-1.724,-0.0791,-1,18.95,796.0,-2.193,0,1778967689
2409,tw,1765497600,50.52,21.87,0.632,11.35,-0.439,-0.108,-2,19.0,191.0,-0.881,0,1778967689
2409,tw,1765756800,37.24,22.31,0.466,11.45,0.881,-0.0323,-3,19.05,-326.0,-1.747,0,1778967689
2409,tw,1765843200,49.67,21.7,0.621,11.3,-1.31,-0.1133,-4,19.09,567.0,0.0,0,1778967689
2409,tw,1765929600,51.28,22.13,0.641,11.3,0.0,-0.0573,-5,19.13,843.0,1.327,0,1778967689
2409,tw,1766016000,49.61,21.77,0.62,11.15,-1.327,-0.1297,-6,19.17,793.0,2.242,0,1778967689
2409,tw,1766102400,52.09,22.47,0.651,11.25,0.897,-0.0821,-7,19.2,384.0,4.889,1,1778967689
2409,tw,1766361600,51.57,22.23,0.645,11.25,0.0,-0.0097,-8,19.23,388.0,7.111,1,1778967689
2409,tw,1766448000,51.26,22.39,0.641,11.3,0.444,-0.1635,-9,19.26,1555.0,8.407,1,1778967689
2409,tw,1766534400,52.42,22.69,0.655,11.45,1.327,-0.1106,-10,19.29,3382.0,10.044,1,1778967689
2409,tw,1766707200,50.72,22.18,0.634,11.4,-0.437,-0.0998,-11,19.31,59.0,21.491,1,1778967689
2409,tw,1766966400,52.5,21.38,0.656,11.8,3.509,-0.334,-12,17.33,6969.0,28.814,1,1778967689
2409,tw,1767052800,50.21,19.12,0.628,12.05,2.119,-0.3287,-13,15.48,7575.0,38.589,1,1778967689
2409,tw,1767139200,48.68,15.11,0.608,12.25,1.66,-0.1573,-14,11.61,4853.0,27.755,1,1778967689
2409,tw,1767312000,35.57,11.6,0.445,12.6,2.857,0.3692,1,7.74,-7015.0,15.079,1,1778967689
2409,tw,1767571200,53.53,7.92,0.669,13.85,9.921,0.1277,2,1.94,15151.0,10.469,1,1778967689
2409,tw,1767657600,49.29,5.92,0.616,15.2,9.747,-0.4907,-1,0.0,16775.0,-0.329,0,1778967689
2409,tw,1767744000,38.99,5.96,0.487,16.7,9.868,0.4243,1,0.0,-13680.0,-9.281,-1,1778967689
2409,tw,1767830400,31.46,1.11,0.393,15.65,-6.287,-0.851,-1,0.0,10049.0,-2.556,0,1778967689
2409,tw,1767916800,18.66,0.8,0.233,14.5,-7.348,-0.1987,-2,0.0,-1000.0,8.276,1,1778967689
2409,tw,1768176000,41.74,4.66,0.522,15.3,5.517,-1.156,-3,0.0,14682.0,12.745,1,1778967689
2409,tw,1768262400,23.49,2.71,0.294,15.15,-0.98,-0.5068,-4,0.0,-351.0,9.571,1,1778967689
2409,tw,1768348800,39.56,3.0,0.494,15.15,0.0,-0.4887,-5,0.0,4805.0,4.95,1,1778967689
2409,tw,1768435200,26.84,4.49,0.335,15.25,0.66,-0.2933,-6,1.29,-135.0,0.656,0,1778967689
2409,tw,1768521600,48.03,5.83,0.6,15.7,2.951,0.4221,1,1.94,1756.0,-4.14,-1,1778967689
2409,tw,1768780800,52.58,5.96,0.657,17.25,9.873,0.1412,2,0.0,29468.0,-11.594,-1,1778967689
2409,tw,1768867200,20.36,3.16,0.255,16.6,-3.768,-0.7027,-1,1.29,-20174.0,-12.952,-1,1778967689
2409,tw,1768953600,21.98,6.25,0.275,15.9,-4.217,-0.6133,-2,4.52,-622.0,-11.321,-1,1778967689
2409,tw,1769040000,37.96,8.41,0.475,15.35,-3.459,-0.7606,-3,6.45,4044.0,-10.098,-1,1778967689
2409,tw,1769126400,30.0,10.15,0.375,15.05,-1.954,0.2175,1,7.74,-1266.0,-8.638,-1,1778967689
2409,tw,1769385600,32.24,11.79,0.403,15.25,1.329,-0.0572,-1,8.39,-534.0,-12.459,-1,1778967689
2409,tw,1769472000,39.93,10.46,0.499,14.45,-5.246,-0.2676,-2,9.03,1830.0,-4.498,-1,1778967689
2409,tw,1769558400,44.53,12.59,0.557,14.1,-2.422,-0.0412,-3,10.32,859.0,7.447,1,1778967689
2409,tw,1769644800,32.34,13.33,0.404,13.8,-2.128,0.3957,1,10.97,-1144.0,13.043,1,1778967689
2409,tw,1769731200,45.5,14.5,0.569,13.75,-0.362,-0.3892,-1,11.61,1970.0,10.545,1,1778967689
2409,tw,1769990400,44.78,13.74,0.56,13.35,-2.909,-0.023,-2,11.61,924.0,12.36,1,1778967689
2409,tw,1770076800,36.25,15.62,0.453,13.8,3.371,0.0151,1,11.61,-1931.0,6.884,1,1778967689
2409,tw,1770163200,57.33,18.83,0.717,15.15,9.783,-0.1807,-1,12.9,36011.0,6.601,1,1778967689
2409,tw,1770249600,33.85,17.44,0.423,15.6,2.97,-0.5797,-2,13.55,-17985.0,2.244,0,1778967689
2409,tw,1770336000,31.49,16.42,0.394,15.2,-2.564,-0.0076,-3,14.19,-2241.0,7.566,1,1778967689
2409,tw,1770595200,46.57,17.45,0.582,15.0,-1.316,-0.3069,-4,14.84,1287.0,7.333,1,1778967689
2409,tw,1770681600,33.1,16.69,0.414,14.75,-1.667,0.1339,1,14.19,-4725.0,12.542,1,1778967689
2409,tw,1770768000,63.82,18.11,0.798,16.15,9.492,1.2394,2,12.26,4284.0,4.334,1,1778967689
2409,tw,1771804800,29.29,14.89,0.366,15.95,-1.238,-0.5203,-1,12.26,-3925.0,-1.254,0,1778967689
2409,tw,1771891200,38.43,16.01,0.48,16.35,2.508,0.5593,1,12.26,-7622.0,-8.563,-1,1778967689
2409,tw,1771977600,48.4,20.6,0.605,16.1,-1.529,-0.2211,-1,18.06,5254.0,-4.969,-1,1778967689
2409,tw,1772064000,57.53,21.99,0.719,16.6,3.106,0.6794,1,18.06,4169.0,-4.518,-1,1778967689
2409,tw,1772409600,39.43,16.35,0.493,16.85,1.506,0.8958,2,12.9,-10818.0,-7.418,-1,1778967689
2409,tw,1772496000,21.69,12.65,0.271,15.75,-6.528,-0.9177,-1,11.61,-1380.0,-0.317,0,1778967689
2409,tw,1772582400,27.45,12.45,0.343,14.95,-5.079,0.0098,1,10.97,-5823.0,11.371,1,1778967689
2409,tw,1772668800,48.59,14.02,0.607,15.3,2.341,-0.1821,-1,10.32,1171.0,12.745,1,1778967689
2409,tw,1772755200,53.56,16.34,0.669,15.85,3.595,0.3662,1,12.26,435.0,4.416,1,1778967689
2409,tw,1773014400,33.23,17.37,0.415,15.6,-1.577,0.0785,2,14.84,-6560.0,0.641,0,1778967689
2409,tw,1773100800,51.33,22.54,0.642,15.7,0.641,-0.1969,-1,19.35,264.0,1.274,0,1778967689
2409,tw,1773187200,63.42,24.17,0.793,16.65,6.051,1.1385,1,19.35,6535.0,-2.703,0,1778967689
2409,tw,1773273600,45.43,23.43,0.568,17.25,3.604,1.0312,2,19.35,-7040.0,-8.696,-1,1778967689
2409,tw,1773360000,44.66,21.13,0.558,16.55,-4.058,-0.5908,-1,19.35,6569.0,-5.74,-1,1778967689
2409,tw,1773619200,41.86,20.81,0.523,15.7,-5.136,-0.9355,-2,19.35,5539.0,-5.414,-1,1778967689
2409,tw,1773705600,39.16,22.73,0.489,15.9,1.274,0.2418,1,19.35,-3740.0,-7.862,-1,1778967689
2409,tw,1773792000,52.21,22.92,0.653,16.2,1.887,-0.2695,-1,19.35,1197.0,-7.407,-1,1778967689
2409,tw,1773878400,47.5,21.52,0.594,15.75,-2.778,-0.2801,-2,19.35,1641.0,-6.032,-1,1778967689
2409,tw,1773964800,35.52,22.06,0.444,15.6,-0.952,-0.0399,-3,19.35,-912.0,-7.692,-1,1778967689
2409,tw,1774224000,44.96,20.27,0.562,14.85,-4.808,-0.3172,-4,18.71,3.0,-3.704,-1,1778967689
2409,tw,1774310400,47.13,18.08,0.589,14.65,-1.347,-0.2518,-5,15.48,946.0,-1.024,0,1778967689
2409,tw,1774396800,50.86,17.91,0.636,15.0,2.389,-0.1252,-6,14.19,1806.0,6.333,1,1778967689
2409,tw,1774483200,46.9,16.15,0.586,14.8,-1.333,-0.1089,-7,13.55,70.0,13.851,1,1778967689
2409,tw,1774569600,44.15,15.09,0.552,14.4,-2.703,-0.3202,-8,12.9,1039.0,12.847,1,1778967689
2409,tw,1774828800,32.6,15.05,0.408,14.3,-0.694,0.0336,1,12.26,-863.0,19.231,1,1778967689
2409,tw,1774915200,34.06,14.39,0.426,14.5,1.399,0.0346,2,10.97,-1347.0,29.31,1,1778967689
2409,tw,1775001600,59.49,17.61,0.744,15.95,10.0,0.3379,3,11.61,5355.0,13.793,1,1778967689
2409,tw,1775088000,46.6,14.37,0.583,16.85,5.643,1.8239,4,9.68,-9741.0,6.825,1,1778967689
2409,tw,1775520000,38.78,10.96,0.485,16.25,-3.561,-0.8347,-1,9.03,2327.0,21.846,1,1778967689
2409,tw,1775606400,54.63,12.22,0.683,17.05,4.923,0.7669,1,7.74,2022.0,17.595,1,1778967689
2409,tw,1775692800,58.52,5.99,0.731,18.75,9.971,1.3091,2,0.0,43050.0,10.4,1,1778967689
2409,tw,1775779200,19.67,2.04,0.246,18.15,-3.2,-0.8254,-1,0.0,-37649.0,9.366,1,1778967689
2409,tw,1776038400,25.6,2.75,0.32,18.0,-0.826,-0.1141,-2,0.0,-215.0,6.944,1,1778967689
2409,tw,1776124800,57.57,6.0,0.72,19.8,10.0,1.1149,1,0.0,20426.0,-4.545,-1,1778967689
2409,tw,1776211200,29.31,3.38,0.366,20.05,1.263,0.2104,2,0.0,-21379.0,-7.481,-1,1778967689
2409,tw,1776297600,44.46,3.97,0.556,20.7,3.242,-0.1563,-1,0.0,780.0,-14.251,-1,1778967689
2409,tw,1776384000,32.82,1.77,0.41,19.85,-4.106,-1.0146,-2,0.0,8328.0,-13.35,-1,1778967689
2409,tw,1776643200,36.98,2.09,0.462,19.25,-3.023,-0.3986,-3,0.0,3401.0,-9.87,-1,1778967689
2409,tw,1776729600,23.9,3.1,0.299,18.9,-1.818,-0.321,-4,0.65,-2702.0,-8.995,-1,1778967689
2409,tw,1776816000,41.62,4.38,0.52,18.55,-1.852,0.1012,1,1.94,478.0,-6.739,-1,1778967689
2409,tw,1776902400,22.83,4.94,0.285,17.75,-4.313,-0.2943,-1,3.23,-3794.0,-3.099,-1,1778967689
2409,tw,1776988800,24.95,5.94,0.312,17.2,-3.099,-0.1779,-2,3.87,-1914.0,-1.453,0,1778967689
2409,tw,1777248000,43.58,8.42,0.545,17.35,0.872,-0.3748,-3,5.16,5051.0,2.882,0,1778967689
2409,tw,1777334400,27.97,8.55,0.35,17.2,-0.865,-0.2145,-4,5.81,-14.0,4.942,1,1778967689
2409,tw,1777420800,44.74,10.27,0.559,17.3,0.581,-0.2789,-5,7.1,3832.0,6.069,1,1778967689
2409,tw,1777507200,44.98,11.86,0.562,17.2,-0.578,-0.1919,-6,9.03,2304.0,3.779,1,1778967689
2409,tw,1777852800,30.25,12.88,0.378,16.95,-1.453,-0.0923,-7,10.32,-3602.0,11.209,1,1778967689
2409,tw,1777939200,50.62,15.56,0.633,17.85,5.31,-0.4356,-8,10.97,7031.0,15.966,1,1778967689
2409,tw,1778025600,34.65,14.95,0.433,18.05,1.12,0.1442,1,11.61,-7018.0,11.911,1,1778967689
2409,tw,1778112000,50.68,15.76,0.634,18.35,1.662,0.1781,2,12.26,2.0,6.54,1,1778967689
2409,tw,1778198400,45.08,14.44,0.564,17.85,-2.725,-0.0643,-1,12.26,4471.0,6.723,1,1778967689
3711,tw,1763424000,40.29,12.32,0.504,215.0,-2.273,0.1134,20,10.0,-183.0,-1.395,0,1778967691
3711,tw,1763510400,56.84,15.56,0.71,209.5,-2.558,0.1464,20,13.33,198.0,3.819,1,1778967691
3711,tw,1763596800,66.24,19.86,0.828,222.5,6.205,0.1072,20,15.0,202.0,3.596,1,1778967691
3711,tw,1763683200,54.14,17.18,0.677,209.0,-6.067,0.0405,20,16.0,153.0,9.809,1,1778967691
3711,tw,1763942400,46.39,19.89,0.58,210.5,0.718,0.0675,20,16.67,-24.0,6.651,1,1778967691
3711,tw,1764028800,61.74,20.35,0.772,212.0,0.713,0.092,20,17.14,379.0,7.783,1,1778967691
3711,tw,1764115200,62.12,18.78,0.777,217.5,2.594,0.006,20,15.0,223.0,5.287,1,1778967691
3711,tw,1764201600,54.53,18.12,0.682,230.5,5.977,-0.0231,-1,13.33,655.0,-1.085,0,1778967691
3711,tw,1764288000,50.28,20.87,0.628,229.5,-0.434,-0.058,-2,18.0,624.0,0.654,0,1778967691
3711,tw,1764547200,34.07,20.53,0.426,224.5,-2.179,0.0325,1,18.18,-819.0,5.791,1,1778967691
3711,tw,1764633600,52.95,21.86,0.662,228.5,1.782,0.0011,2,18.33,221.0,5.033,1,1778967691
3711,tw,1764720000,36.52,21.53,0.457,229.0,0.219,0.0151,3,18.46,-132.0,6.769,1,1778967691
3711,tw,1764806400,36.11,21.44,0.451,228.0,-0.437,0.0517,4,18.57,-244.0,7.237,1,1778967691
3711,tw,1764892800,62.21,20.72,0.778,231.0,1.316,0.0455,5,17.33,166.0,5.411,1,1778967691
3711,tw,1765152000,61.8,17.59,0.772,237.5,2.814,0.0222,6,13.75,283.0,-1.474,0,1778967691
3711,tw,1765238400,48.89,15.08,0.611,240.0,1.053,-0.0092,-1,11.76,872.0,-4.583,-1,1778967691
3711,tw,1765324800,34.68,14.67,0.434,244.5,1.875,0.0509,1,11.11,-487.0,-6.544,-1,1778967691
3711,tw,1765411200,31.87,12.47,0.398,244.5,0.0,0.0273,2,9.47,-151.0,-9.202,-1,1778967691
3711,tw,1765497600,29.68,8.88,0.371,243.5,-0.409,0.0178,3,6.0,-526.0,-5.749,-1,1778967691
3711,tw,1765756800,41.32,8.5,0.517,234.0,-3.901,-0.0217,-1,6.67,26.0,-0.855,0,1778967691
3711,tw,1765843200,29.64,11.45,0.371,229.0,-2.137,0.0465,1,9.09,-254.0,2.402,0,1778967691
3711,tw,1765929600,32.28,14.23,0.404,228.5,-0.218,-0.0294,-1,11.3,-102.0,2.626,0,1778967691
3711,tw,1766016000,44.54,12.98,0.557,222.0,-2.845,-0.0057,-2,10.83,74.0,8.333,1,1778967691
3711,tw,1766102400,37.71,17.61,0.471,229.5,3.378,0.1066,1,13.6,-197.0,9.368,1,1778967691
3711,tw,1766361600,51.96,20.25,0.65,232.0,1.089,0.0823,2,16.92,136.0,7.328,1,1778967691
3711,tw,1766448000,38.09,22.58,0.476,234.5,1.078,0.077,3,19.26,-187.0,6.823,1,1778967691
3711,tw,1766534400,36.96,22.29,0.462,234.5,0.0,0.0638,4,19.29,-132.0,10.021,1,1778967691
3711,tw,1766707200,49.31,22.39,0.616,240.5,2.559,0.088,5,18.62,-148.0,9.563,1,1778967691
3711,tw,1766966400,65.08,21.64,0.814,251.0,4.366,0.0102,6,17.33,2087.0,8.167,1,1778967691
3711,tw,1767052800,49.48,19.53,0.618,249.0,-0.797,-0.022,-1,16.77,615.0,10.442,1,1778967691
3711,tw,1767139200,49.85,18.02,0.623,250.5,0.602,-0.035,-2,14.84,890.0,9.182,1,1778967691
3711,tw,1767312000,50.62,15.51,0.633,258.0,2.994,-0.0366,-3,11.61,677.0,5.426,1,1778967691
3711,tw,1767571200,33.72,12.67,0.422,263.5,2.132,0.0152,1,9.03,-707.0,7.4,1,1778967691
3711,tw,1767657600,30.74,5.2,0.384,271.5,3.036,0.0116,2,1.29,-374.0,6.63,1,1778967691
3711,tw,1767744000,28.31,3.39,0.354,275.0,1.289,0.0033,3,0.0,-1404.0,7.091,1,1778967691
3711,tw,1767830400,26.5,2.84,0.331,273.5,-0.545,0.009,4,0.0,-507.0,9.141,1,1778967691
3711,tw,1767916800,36.47,2.84,0.456,272.0,-0.548,0.0045,5,0.0,-1493.0,11.581,1,1778967691
3711,tw,1768176000,41.22,4.21,0.515,283.0,4.044,0.0358,6,0.0,-262.0,5.654,1,1778967691
3711,tw,1768262400,39.39,3.69,0.492,289.5,2.297,0.0185,7,0.0,-293.0,2.245,0,1778967691
3711,tw,1768348800,38.9,3.52,0.486,294.5,1.727,0.0348,8,0.0,-89.0,-1.188,0,1778967691
3711,tw,1768435200,38.56,3.41,0.482,298.5,1.358,0.0411,9,0.0,-147.0,-0.168,0,1778967691
3711,tw,1768521600,38.74,3.5,0.484,303.5,1.675,0.014,10,0.0,-107.0,1.318,0,1778967691
3711,tw,1768780800,26.12,3.85,0.326,299.0,-1.483,-0.0091,-1,1.29,-114.0,4.348,1,1778967691
3711,tw,1768867200,27.01,4.64,0.338,296.0,-1.003,0.0079,1,1.94,-235.0,3.547,1,1778967691
3711,tw,1768953600,26.92,5.72,0.336,291.0,-1.689,-0.0018,-1,3.23,-155.0,7.904,1,1778967691
3711,tw,1769040000,46.86,8.24,0.586,298.0,2.405,0.0391,1,4.52,36.0,4.027,1,1778967691
3711,tw,1769126400,48.5,9.77,0.606,307.5,3.188,0.0808,2,5.81,12.0,-3.415,-1,1778967691
3711,tw,1769385600,31.71,9.89,0.396,312.0,1.463,0.0035,3,6.45,-376.0,-6.41,-1,1778967691
3711,tw,1769472000,43.98,10.21,0.55,306.5,-1.763,-0.0247,-1,7.74,241.0,-1.468,0,1778967691
3711,tw,1769558400,34.14,12.76,0.427,314.0,2.447,0.0348,1,9.03,-90.0,-3.662,-1,1778967691
3711,tw,1769644800,30.98,12.94,0.387,310.0,-1.274,0.0192,2,10.32,-49.0,-8.387,-1,1778967691
3711,tw,1769731200,43.51,13.35,0.544,297.0,-4.194,-0.021,-1,11.61,190.0,2.525,0,1778967691
3711,tw,1769990400,46.8,15.39,0.585,292.0,-1.684,0.0059,1,12.9,7.0,11.986,1,1778967691
3711,tw,1770076800,52.25,17.58,0.653,302.0,3.425,0.0096,2,13.55,1363.0,13.907,1,1778967691
3711,tw,1770163200,34.68,17.89,0.433,302.5,0.166,0.0188,3,14.84,-44.0,17.19,1,1778967691
3711,tw,1770249600,43.42,17.3,0.543,284.0,-6.116,-0.1049,-1,16.13,108.0,22.887,1,1778967691
3711,tw,1770336000,44.03,23.23,0.55,304.5,7.218,0.1566,1,18.06,-1014.0,25.287,1,1778967691
3711,tw,1770595200,43.46,22.64,0.543,327.0,7.389,0.0717,2,17.42,-151.0,18.96,1,1778967691
3711,tw,1770681600,39.2,18.11,0.49,344.0,5.199,0.045,3,13.55,-228.0,12.645,1,1778967691
3711,tw,1770768000,35.73,14.89,0.447,354.5,3.052,0.0388,4,10.97,-240.0,4.513,1,1778967691
3711,tw,1771804800,45.03,12.21,0.563,349.0,-1.551,-0.0508,-1,9.68,141.0,3.009,1,1778967691
3711,tw,1771891200,38.88,10.31,0.486,381.5,9.312,0.0617,1,4.52,-156.0,-14.155,-1,1778967691
3711,tw,1771977600,29.46,4.24,0.368,389.0,1.966,0.0341,2,0.65,-158.0,-9.126,-1,1778967691
3711,tw,1772064000,27.0,2.88,0.338,387.5,-0.386,0.0776,3,0.0,-35.0,-11.742,-1,1778967691
3711,tw,1772409600,37.31,1.68,0.466,370.5,-4.387,-0.0613,-1,0.0,96.0,-13.63,-1,1778967691
3711,tw,1772496000,39.76,2.76,0.497,359.5,-2.969,0.0808,1,0.65,11.0,-6.676,-1,1778967691
3711,tw,1772582400,34.12,2.27,0.427,327.5,-8.901,0.0105,2,1.94,221.0,5.496,1,1778967691
3711,tw,1772668800,36.22,7.96,0.453,353.5,7.939,-0.0026,-1,2.58,-40.0,-5.233,-1,1778967691
3711,tw,1772755200,40.26,5.25,0.503,342.0,-3.253,-0.0197,-2,3.23,250.0,-0.146,0,1778967691
3711,tw,1773014400,22.47,4.94,0.281,320.0,-6.433,-0.0058,-3,3.87,-62.0,5.469,1,1778967691
3711,tw,1773100800,48.9,8.97,0.611,335.5,4.844,-0.0403,-4,4.52,80.0,1.937,0,1778967691
3711,tw,1773187200,48.3,10.99,0.604,345.5,2.981,-0.0457,-5,7.1,379.0,3.473,1,1778967691
3711,tw,1773273600,27.61,9.83,0.345,335.0,-3.039,-0.0433,-6,7.74,-16.0,3.582,1,1778967691
3711,tw,1773360000,48.16,11.97,0.602,341.5,1.94,0.0054,1,8.39,20.0,0.732,0,1778967691
3711,tw,1773619200,45.5,12.33,0.569,337.5,-1.171,-0.0332,-1,9.68,225.0,-2.37,0,1778967691
3711,tw,1773705600,34.47,15.66,0.431,342.0,1.333,0.0008,1,12.26,-125.0,-2.778,0,1778967691
3711,tw,1773792000,53.12,17.91,0.664,357.5,4.532,-0.0374,-1,13.55,1181.0,-1.538,0,1778967691
3711,tw,1773878400,30.88,16.31,0.386,347.0,-2.937,-0.0553,-2,14.19,-682.0,3.458,1,1778967691
3711,tw,1773964800,32.76,16.29,0.41,344.0,-0.865,-0.03,-3,13.55,-22.0,2.762,0,1778967691
3711,tw,1774224000,29.19,14.64,0.365,329.5,-4.215,-0.0091,-4,12.9,-135.0,7.284,1,1778967691
3711,tw,1774310400,33.48,14.24,0.419,332.5,0.91,0.0179,1,10.97,-184.0,-1.203,0,1778967691
3711,tw,1774396800,40.09,18.95,0.501,352.0,5.865,0.0268,2,14.19,-105.0,2.557,0,1778967691
3711,tw,1774483200,36.52,18.44,0.457,359.0,1.989,0.0229,3,14.84,-432.0,0.557,0,1778967691
3711,tw,1774569600,48.98,19.96,0.612,353.5,-1.532,-0.0389,-1,17.42,164.0,-0.424,0,1778967691
3711,tw,1774828800,36.34,21.71,0.454,353.5,0.0,-0.003,-2,18.71,-156.0,8.345,1,1778967691
3711,tw,1774915200,43.99,19.59,0.55,328.5,-7.072,-0.0595,-3,18.71,568.0,19.33,1,1778967691
3711,tw,1775001600,45.6,22.74,0.57,361.0,9.893,0.0639,1,16.77,-609.0,8.864,1,1778967691
3711,tw,1775088000,35.36,19.77,0.442,361.0,0.0,-0.0048,-1,16.77,-118.0,15.651,1,1778967691
3711,tw,1775520000,47.68,19.02,0.596,352.0,-2.493,-0.0419,-2,16.77,685.0,20.455,1,1778967691
3711,tw,1775606400,43.99,21.12,0.55,383.0,8.807,0.0888,1,15.48,-704.0,16.58,1,1778967691
3711,tw,1775692800,36.58,17.89,0.457,392.0,2.35,0.028,2,14.19,-252.0,14.923,1,1778967691
3711,tw,1775779200,48.61,15.98,0.608,393.0,0.255,-0.0181,-1,12.9,280.0,12.468,1,1778967691
3711,tw,1776038400,52.4,13.26,0.655,417.5,6.234,-0.0057,-2,8.39,917.0,10.539,1,1778967691
3711,tw,1776124800,32.3,11.21,0.404,424.0,1.557,-0.0253,-3,7.74,-397.0,11.321,1,1778967691
3711,tw,1776211200,34.95,9.75,0.437,446.5,5.307,0.0135,1,5.16,-33.0,4.143,1,1778967691
3711,tw,1776297600,28.82,5.21,0.36,450.5,0.896,-0.0095,-1,1.94,-193.0,3.108,1,1778967691
3711,tw,1776384000,40.05,2.43,0.501,442.0,-1.887,-0.0131,-2,0.0,122.0,12.217,1,1778967691
3711,tw,1776643200,31.43,4.32,0.393,461.5,4.412,0.0037,1,0.0,-118.0,7.367,1,1778967691
3711,tw,1776729600,29.38,3.68,0.367,472.0,2.275,0.0206,2,0.0,-40.0,4.979,1,1778967691
3711,tw,1776816000,40.46,2.56,0.506,465.0,-1.483,-0.0113,-1,0.0,26.0,5.054,1,1778967691
3711,tw,1776902400,42.44,4.26,0.531,464.5,-0.108,-0.0194,-2,1.29,193.0,2.906,0,1778967691
3711,tw,1776988800,48.78,5.03,0.61,496.0,6.781,0.0004,1,0.0,649.0,5.847,1,1778967691
3711,tw,1777248000,41.65,2.97,0.521,495.5,-0.101,-0.05,-1,0.0,573.0,4.945,1,1778967691
3711,tw,1777334400,27.4,3.65,0.342,495.5,0.0,0.014,1,0.65,-249.0,5.752,1,1778967691
3711,tw,1777420800,41.3,4.52,0.516,488.5,-1.413,-0.0514,-1,1.94,519.0,10.542,1,1778967691
3711,tw,1777507200,42.16,7.52,0.527,478.0,-2.149,-0.0539,-2,5.16,277.0,7.95,1,1778967691
3711,tw,1777852800,55.05,11.76,0.688,525.0,9.833,0.0617,1,5.81,1051.0,2.286,0,1778967691
3711,tw,1777939200,29.31,9.81,0.366,520.0,-0.952,-0.058,-1,7.1,-777.0,6.731,1,1778967691
3711,tw,1778025600,31.92,11.62,0.399,524.0,0.769,-0.0094,-2,8.39,-177.0,4.58,1,1778967691
3711,tw,1778112000,34.51,12.95,0.431,540.0,3.053,-0.0121,-3,9.03,-380.0,1.481,0,1778967691
3711,tw,1778198400,42.33,11.99,0.529,516.0,-4.444,-0.0778,-4,10.32,299.0,6.008,1,1778967691
3008,tw,1763424000,39.17,2.15,0.49,2070.0,-2.817,-0.0021,-3,0.0,61.0,4.589,1,1778967694
3008,tw,1763510400,27.24,3.07,0.341,2075.0,0.242,0.0002,1,0.0,-4.0,6.747,1,1778967694
3008,tw,1763596800,32.88,9.01,0.411,2145.0,3.373,0.0008,2,5.0,-3.0,2.797,0,1778967694
3008,tw,1763683200,26.91,6.37,0.336,2100.0,-2.098,0.0011,3,4.0,-111.0,5.0,1,1778967694
3008,tw,1763942400,32.24,10.24,0.403,2140.0,1.905,-0.0003,-1,6.67,-2.0,1.869,0,1778967694
3008,tw,1764028800,47.46,11.92,0.593,2165.0,1.168,0.0004,1,8.57,1.0,0.462,0,1778967694
3008,tw,1764115200,34.32,13.69,0.429,2215.0,2.309,0.0012,2,10.0,-12.0,-2.483,0,1778967694
3008,tw,1764201600,47.1,13.97,0.589,2205.0,-0.451,0.0,3,11.11,2.0,-2.041,0,1778967694
3008,tw,1764288000,48.0,15.0,0.6,2205.0,0.0,-0.0,-1,12.0,6.0,-2.948,0,1778967694
3008,tw,1764547200,48.14,17.21,0.602,2180.0,-1.134,-0.0002,-2,14.55,1.0,-3.67,-1,1778967694
3008,tw,1764633600,49.27,17.93,0.616,2175.0,-0.229,-0.0001,-3,15.0,4.0,-4.828,-1,1778967694
3008,tw,1764720000,49.0,18.17,0.612,2160.0,-0.69,-0.0009,-4,15.38,8.0,-3.472,-1,1778967694
3008,tw,1764806400,49.85,18.71,0.623,2160.0,0.0,-0.0003,-5,15.71,1.0,-3.704,-1,1778967694
3008,tw,1764892800,48.41,17.39,0.605,2140.0,-0.926,-0.0005,-6,14.67,6.0,-3.738,-1,1778967694
3008,tw,1765152000,48.25,18.69,0.603,2100.0,-1.869,-0.0012,-7,16.25,20.0,-2.381,0,1778967694
3008,tw,1765238400,45.27,11.98,0.566,2070.0,-1.429,-0.0014,-8,9.41,13.0,-2.174,0,1778967694
3008,tw,1765324800,48.28,14.33,0.603,2085.0,0.725,-0.0007,-9,11.11,10.0,-2.158,0,1778967694
3008,tw,1765411200,50.17,19.77,0.627,2080.0,-0.24,-0.0018,-10,16.84,10.0,-2.404,0,1778967694
3008,tw,1765497600,48.54,17.71,0.607,2060.0,-0.962,-0.0002,-11,15.0,4.0,0.0,0,1778967694
3008,tw,1765756800,44.37,8.56,0.555,2050.0,-0.485,-0.0004,-12,5.71,1.0,9.268,1,1778967694
3008,tw,1765843200,40.78,2.63,0.51,2025.0,-1.22,-0.001,-13,0.0,14.0,10.864,1,1778967694
3008,tw,1765929600,42.74,3.22,0.534,2040.0,0.741,-0.0011,-14,0.0,16.0,10.294,1,1778967694
3008,tw,1766016000,41.5,2.85,0.519,2030.0,-0.49,-0.001,-15,0.0,3.0,17.488,1,1778967694
3008,tw,1766102400,28.48,3.44,0.356,2060.0,1.478,-0.0003,-16,0.0,-2.0,21.359,1,1778967694
3008,tw,1766361600,50.73,5.62,0.634,2240.0,8.738,-0.0015,-17,0.0,95.0,10.268,1,1778967694
3008,tw,1766448000,42.22,3.07,0.528,2245.0,0.223,-0.001,-18,0.0,17.0,11.136,1,1778967694
3008,tw,1766534400,42.21,3.07,0.528,2250.0,0.223,-0.0021,-19,0.0,26.0,14.889,1,1778967694
3008,tw,1766707200,48.0,4.8,0.6,2385.0,6.0,0.0007,1,0.0,162.0,6.289,1,1778967694
3008,tw,1766966400,46.83,4.45,0.585,2500.0,4.822,0.0019,2,0.0,65.0,3.0,0,1778967694
3008,tw,1767052800,25.78,2.64,0.322,2470.0,-1.2,-0.0041,-1,0.0,-60.0,3.239,1,1778967694
3008,tw,1767139200,42.99,3.3,0.537,2495.0,1.012,-0.0036,-2,0.0,106.0,-0.802,0,1778967694
3008,tw,1767312000,45.59,4.08,0.57,2585.0,3.607,-0.0028,-3,0.0,162.0,-2.128,0,1778967694
3008,tw,1767571200,25.04,2.42,0.313,2535.0,-1.934,-0.0054,-4,0.0,-110.0,-1.775,0,1778967694
3008,tw,1767657600,43.56,3.47,0.545,2575.0,1.578,-0.0027,-5,0.0,39.0,-5.631,-1,1778967694
3008,tw,1767744000,41.03,2.71,0.513,2550.0,-0.971,-0.0002,-6,0.0,30.0,-4.902,-1,1778967694
3008,tw,1767830400,39.37,2.77,0.492,2475.0,-2.941,-0.0032,-7,0.65,23.0,-2.828,0,1778967694
3008,tw,1767916800,44.86,4.96,0.561,2530.0,2.222,-0.001,-8,1.29,152.0,-3.953,-1,1778967694
3008,tw,1768176000,41.7,5.11,0.521,2490.0,-1.581,-0.0017,-9,2.58,67.0,-1.606,0,1778967694
3008,tw,1768262400,26.52,6.15,0.331,2430.0,-2.41,-0.0019,-10,3.87,-166.0,0.0,0,1778967694
3008,tw,1768348800,44.36,8.1,0.555,2425.0,-0.206,-0.0019,-11,5.16,12.0,0.619,0,1778967694
3008,tw,1768435200,29.07,8.56,0.363,2405.0,-0.825,-0.0012,-12,5.81,-59.0,1.247,0,1778967694
3008,tw,1768521600,31.59,10.41,0.395,2430.0,1.04,-0.0002,-13,7.1,-28.0,1.235,0,1778967694
3008,tw,1768780800,32.35,12.28,0.404,2450.0,0.823,0.0017,1,9.03,-21.0,0.0,0,1778967694
3008,tw,1768867200,46.34,13.08,0.579,2430.0,-0.816,-0.001,-1,10.32,15.0,0.206,0,1778967694
3008,tw,1768953600,32.91,14.09,0.411,2440.0,0.412,0.002,1,10.97,-7.0,0.0,0,1778967694
3008,tw,1769040000,33.56,16.49,0.419,2435.0,-0.205,-0.0025,-1,13.55,-17.0,-0.411,0,1778967694
3008,tw,1769126400,37.7,22.66,0.471,2460.0,1.027,0.0,1,19.35,-21.0,-2.033,0,1778967694
3008,tw,1769385600,36.27,22.23,0.453,2450.0,-0.407,0.0001,2,19.35,-2.0,-3.878,-1,1778967694
3008,tw,1769472000,35.74,21.53,0.447,2435.0,-0.612,-0.001,-1,18.71,-51.0,-3.491,-1,1778967694
3008,tw,1769558400,36.24,21.12,0.453,2440.0,0.205,0.0003,1,18.06,-28.0,-3.074,-1,1778967694
3008,tw,1769644800,35.1,20.24,0.439,2425.0,-0.615,0.0002,2,17.42,-46.0,-5.155,-1,1778967694
3008,tw,1769731200,36.05,22.16,0.451,2410.0,-0.619,-0.0016,-1,19.35,-92.0,-3.32,-1,1778967694
3008,tw,1769990400,34.07,21.03,0.426,2355.0,-2.282,-0.0014,-2,18.71,-28.0,-2.76,0,1778967694
3008,tw,1770076800,36.46,22.29,0.456,2350.0,-0.212,-0.0008,-3,19.35,-1.0,-1.064,0,1778967694
3008,tw,1770163200,37.32,22.54,0.466,2365.0,0.638,0.001,1,19.35,-13.0,-3.171,-1,1778967694
3008,tw,1770249600,32.96,19.6,0.412,2300.0,-2.748,-0.0011,-1,17.42,-1.0,3.043,1,1778967694
3008,tw,1770336000,37.34,21.45,0.467,2330.0,1.304,0.0003,1,18.06,-15.0,4.292,1,1778967694
3008,tw,1770595200,32.7,17.32,0.409,2290.0,-1.717,-0.0001,-1,14.84,-16.0,5.459,1,1778967694
3008,tw,1770681600,49.66,15.72,0.621,2325.0,1.528,0.0008,1,12.26,31.0,8.387,1,1778967694
3008,tw,1770768000,30.98,13.52,0.387,2290.0,-1.505,-0.0002,-1,10.97,-6.0,7.205,1,1778967694
3008,tw,1771804800,35.66,14.37,0.446,2370.0,3.493,0.0009,1,10.32,-63.0,3.376,1,1778967694
3008,tw,1771891200,34.38,13.44,0.43,2430.0,2.532,0.0017,2,9.68,-15.0,-5.144,-1,1778967694
3008,tw,1771977600,31.89,13.78,0.399,2415.0,-0.617,0.004,3,10.97,-8.0,-2.277,0,1778967694
3008,tw,1772064000,35.57,12.69,0.445,2520.0,4.348,0.005,4,8.39,-77.0,-5.556,-1,1778967694
3008,tw,1772409600,43.28,9.97,0.541,2455.0,-2.579,-0.0031,-1,7.74,12.0,-6.925,-1,1778967694
3008,tw,1772496000,30.34,10.04,0.379,2450.0,-0.204,-0.0018,-2,7.1,-31.0,-6.122,-1,1778967694
3008,tw,1772582400,24.29,7.67,0.304,2305.0,-5.918,-0.0035,-3,6.45,-3.0,3.688,1,1778967694
3008,tw,1772668800,47.94,10.82,0.599,2360.0,2.386,0.0013,1,7.1,5.0,-0.212,0,1778967694
3008,tw,1772755200,32.04,11.64,0.401,2380.0,0.847,0.0003,2,8.39,-25.0,-1.471,0,1778967694
3008,tw,1773014400,32.57,6.96,0.407,2285.0,-3.992,-0.0034,-1,5.16,0.0,0.875,0,1778967694
3008,tw,1773100800,44.92,7.72,0.561,2300.0,0.656,0.0002,1,4.52,7.0,4.348,1,1778967694
3008,tw,1773187200,33.2,8.69,0.415,2390.0,3.913,0.0057,2,4.52,-35.0,2.092,0,1778967694
3008,tw,1773273600,27.48,6.43,0.343,2355.0,-1.464,0.0015,3,3.87,-5.0,-1.486,0,1778967694
3008,tw,1773360000,43.18,6.1,0.54,2345.0,-0.425,-0.0014,-1,3.23,14.0,0.426,0,1778967694
3008,tw,1773619200,40.93,3.78,0.512,2305.0,-1.706,-0.0009,-2,1.29,10.0,-3.037,-1,1778967694
3008,tw,1773705600,32.41,6.82,0.405,2400.0,4.121,-0.0005,-3,2.58,-19.0,-6.667,-1,1778967694
3008,tw,1773792000,28.66,3.5,0.358,2440.0,1.667,-0.0016,-4,0.0,-8.0,-9.016,-1,1778967694
3008,tw,1773878400,39.01,5.39,0.488,2320.0,-4.918,-0.001,-5,3.87,29.0,-4.741,-1,1778967694
3008,tw,1773964800,32.38,11.19,0.405,2355.0,1.509,0.0011,1,7.74,-2.0,-5.732,-1,1778967694
3008,tw,1774224000,36.89,1.47,0.461,2235.0,-5.096,-0.0022,-1,0.0,34.0,-2.461,0,1778967694
3008,tw,1774310400,27.23,3.07,0.34,2240.0,0.224,0.0014,1,0.0,-1.0,-3.795,-1,1778967694
3008,tw,1774396800,41.11,2.73,0.514,2220.0,-0.893,-0.0001,-1,0.0,2.0,-1.351,0,1778967694
3008,tw,1774483200,26.55,2.86,0.332,2210.0,-0.45,0.001,1,0.0,-3.0,-3.167,-1,1778967694
3008,tw,1774569600,43.1,4.43,0.539,2220.0,0.452,0.0005,2,1.29,5.0,-2.252,0,1778967694
3008,tw,1774828800,40.52,3.11,0.507,2180.0,-1.802,-0.0001,-1,0.65,2.0,4.587,1,1778967694
3008,tw,1774915200,41.18,3.31,0.515,2155.0,-1.147,-0.0002,-2,0.65,14.0,5.8,1,1778967694
3008,tw,1775001600,43.63,3.49,0.545,2190.0,1.624,0.0005,1,0.0,1.0,5.479,1,1778967694
3008,tw,1775088000,39.71,2.32,0.496,2140.0,-2.283,-0.0013,-1,0.0,12.0,13.551,1,1778967694
3008,tw,1775520000,28.41,3.42,0.355,2170.0,1.402,0.0011,1,0.0,-3.0,23.041,1,1778967694
3008,tw,1775606400,47.42,5.17,0.593,2280.0,5.069,0.0053,2,0.65,1.0,23.684,1,1778967694
3008,tw,1775692800,27.66,4.29,0.346,2280.0,0.0,0.0036,3,1.29,-1.0,23.684,1,1778967694
3008,tw,1775779200,29.61,5.97,0.37,2310.0,1.316,0.0014,4,2.58,-22.0,12.771,1,1778967694
3008,tw,1776038400,57.22,4.56,0.715,2430.0,5.195,0.0042,5,0.0,87.0,11.523,1,1778967694
3008,tw,1776124800,61.91,5.96,0.774,2670.0,9.877,0.0074,6,0.0,206.0,-0.936,0,1778967694
3008,tw,1776211200,47.61,4.69,0.595,2820.0,5.618,-0.0019,-1,0.0,151.0,-8.333,-1,1778967694
3008,tw,1776297600,42.02,3.0,0.525,2820.0,0.0,0.0048,1,0.0,33.0,-11.879,-1,1778967694
3008,tw,1776384000,19.39,0.71,0.242,2605.0,-7.624,0.0019,2,0.0,-76.0,-3.263,-1,1778967694
3008,tw,1776643200,31.07,4.21,0.388,2710.0,4.031,0.0084,3,0.0,-22.0,-3.506,-1,1778967694
3008,tw,1776729600,24.6,2.28,0.308,2645.0,-2.399,0.0004,4,0.0,-110.0,-2.457,0,1778967694
3008,tw,1776816000,49.74,2.32,0.622,2585.0,-2.268,0.0016,5,0.0,48.0,0.387,0,1778967694
3008,tw,1776902400,38.77,3.13,0.485,2485.0,-3.868,-0.0012,-1,1.29,29.0,1.207,0,1778967694
3008,tw,1776988800,44.71,6.0,0.559,2520.0,1.408,0.0016,1,2.58,4.0,2.183,0,1778967694
3008,tw,1777248000,47.39,7.36,0.592,2615.0,3.77,0.0019,2,3.23,52.0,-2.677,0,1778967694
3008,tw,1777334400,42.59,6.47,0.532,2580.0,-1.338,-0.0021,-1,3.87,8.0,-2.326,0,1778967694
3008,tw,1777420800,30.17,8.33,0.377,2595.0,0.581,0.0022,1,5.16,-6.0,-0.771,0,1778967694
3008,tw,1777507200,42.13,8.53,0.527,2515.0,-3.083,-0.0033,-1,6.45,19.0,2.187,0,1778967694
3008,tw,1777852800,47.96,10.82,0.599,2575.0,2.386,0.0041,1,7.1,31.0,-1.165,0,1778967694
3008,tw,1777939200,45.03,11.04,0.563,2545.0,-1.165,-0.0006,-1,8.39,22.0,9.823,1,1778967694
3008,tw,1778025600,45.53,11.74,0.569,2520.0,-0.982,0.0001,1,9.03,20.0,13.095,1,1778967694
3008,tw,1778112000,34.35,13.97,0.429,2575.0,2.183,0.0023,2,10.32,-24.0,21.748,1,1778967694
3008,tw,1778198400,47.29,13.91,0.591,2570.0,-0.194,-0.0006,-1,10.97,3.0,34.047,1,1778967694
2379,tw,1763424000,46.19,12.76,0.577,493.5,-0.804,-0.0011,-1,10.0,10.0,3.546,1,1778967697
2379,tw,1763510400,47.66,16.03,0.596,488.5,-1.013,0.0022,1,13.33,13.0,6.653,1,1778967697
2379,tw,1763596800,36.16,18.49,0.452,496.5,1.638,0.0046,2,15.0,-21.0,4.935,1,1778967697
2379,tw,1763683200,35.31,19.09,0.441,498.0,0.302,0.0016,3,16.0,-27.0,4.618,1,1778967697
2379,tw,1763942400,52.4,20.27,0.655,508.0,2.008,0.0114,4,16.67,37.0,4.921,1,1778967697
2379,tw,1764028800,46.19,20.32,0.577,511.0,0.591,0.0068,5,17.14,-23.0,6.067,1,1778967697
2379,tw,1764115200,45.26,16.09,0.566,521.0,1.957,0.0098,6,12.5,-101.0,3.263,1,1778967697
2379,tw,1764201600,57.58,14.11,0.72,521.0,0.0,0.0059,7,11.11,14.0,2.303,0,1778967697
2379,tw,1764288000,42.01,13.0,0.525,521.0,0.0,0.0013,8,10.0,-10.0,2.303,0,1778967697
2379,tw,1764547200,32.02,9.14,0.4,533.0,2.303,-0.0015,-1,5.45,-28.0,0.0,0,1778967697
2379,tw,1764633600,30.36,6.84,0.38,542.0,1.689,0.0013,1,3.33,-78.0,-1.476,0,1778967697
2379,tw,1764720000,26.26,2.78,0.328,538.0,-0.738,-0.0012,-1,0.0,-2.0,0.186,0,1778967697
2379,tw,1764806400,26.08,2.72,0.326,533.0,-0.929,0.0012,1,0.0,-26.0,-0.188,0,1778967697
2379,tw,1764892800,41.99,3.0,0.525,533.0,0.0,-0.0013,-1,0.0,20.0,-0.938,0,1778967697
2379,tw,1765152000,42.01,3.0,0.525,533.0,0.0,0.0013,1,0.0,2.0,-1.126,0,1778967697
2379,tw,1765238400,27.2,3.06,0.34,534.0,0.188,0.0019,2,0.0,-16.0,-3.745,-1,1778967697
2379,tw,1765324800,27.97,3.28,0.35,539.0,0.936,0.0063,3,0.0,-4.0,-4.638,-1,1778967697
2379,tw,1765411200,42.27,5.77,0.528,532.0,-1.299,-0.0026,-1,3.16,19.0,-4.699,-1,1778967697
2379,tw,1765497600,43.24,6.77,0.541,528.0,-0.752,-0.0013,-2,4.0,2.0,-5.871,-1,1778967697
2379,tw,1765756800,45.12,9.61,0.564,527.0,-0.189,-0.0046,-3,6.67,3.0,-6.641,-1,1778967697
2379,tw,1765843200,43.57,10.44,0.545,514.0,-2.467,-0.0112,-4,8.18,26.0,-5.058,-1,1778967697
2379,tw,1765929600,48.05,15.17,0.601,514.0,0.0,-0.0071,-5,12.17,3.0,-4.572,-1,1778967697
2379,tw,1766016000,46.85,15.09,0.586,507.0,-1.362,-0.0076,-6,12.5,9.0,-4.241,-1,1778967697
2379,tw,1766102400,45.96,14.41,0.575,497.0,-1.972,-0.0134,-7,12.0,80.0,-2.616,0,1778967697
2379,tw,1766361600,45.95,12.7,0.574,492.0,-1.006,-0.0079,-8,10.0,57.0,-2.236,0,1778967697
2379,tw,1766448000,44.13,8.69,0.552,488.0,-0.813,-0.0038,-9,5.93,20.0,0.205,0,1778967697
2379,tw,1766534400,43.92,6.01,0.549,490.5,0.512,-0.0046,-10,2.86,23.0,-0.612,0,1778967697
2379,tw,1766707200,40.95,2.69,0.512,485.5,-1.019,-0.0069,-11,0.0,64.0,1.648,0,1778967697
2379,tw,1766966400,41.66,2.91,0.521,484.0,-0.309,-0.0066,-12,0.0,62.0,5.785,1,1778967697
2379,tw,1767052800,41.37,2.81,0.517,481.0,-0.62,-0.0014,-13,0.0,51.0,10.187,1,1778967697
2379,tw,1767139200,28.97,4.15,0.362,489.0,1.663,-0.0035,-14,0.65,-18.0,8.18,1,1778967697
2379,tw,1767312000,42.4,4.2,0.53,487.5,-0.307,0.0131,1,1.29,12.0,4.615,1,1778967697
2379,tw,1767571200,29.23,5.31,0.365,493.5,1.231,0.0064,2,1.94,-83.0,9.22,1,1778967697
2379,tw,1767657600,32.38,7.35,0.405,512.0,3.749,0.0038,3,3.23,-134.0,12.5,1,1778967697
2379,tw,1767744000,32.49,7.92,0.406,530.0,3.516,0.0081,4,3.87,-33.0,0.377,0,1778967697
2379,tw,1767830400,39.13,7.46,0.489,529.0,-0.189,0.0116,5,4.52,-12.0,-3.025,-1,1778967697
2379,tw,1767916800,51.31,7.73,0.641,510.0,-3.592,0.0,6,5.81,33.0,-0.196,0,1778967697
2379,tw,1768176000,60.62,10.52,0.758,539.0,5.686,0.0051,7,5.81,1035.0,-4.453,-1,1778967697
2379,tw,1768262400,58.91,5.06,0.736,576.0,6.865,0.0081,8,0.0,1063.0,-10.243,-1,1778967697
2379,tw,1768348800,19.26,0.71,0.241,532.0,-7.639,-0.0202,-1,0.0,-200.0,-5.639,-1,1778967697
2379,tw,1768435200,23.7,2.58,0.296,513.0,-3.571,-0.0099,-2,0.65,-300.0,0.0,0,1778967697
2379,tw,1768521600,41.86,4.06,0.523,509.0,-0.78,-0.0018,-3,1.29,34.0,-0.393,0,1778967697
2379,tw,1768780800,43.55,4.0,0.544,515.0,1.179,0.0095,1,0.65,289.0,0.388,0,1778967697
2379,tw,1768867200,28.69,5.7,0.359,517.0,0.388,0.0014,2,2.58,-219.0,2.515,0,1778967697
2379,tw,1768953600,26.0,6.0,0.325,502.0,-2.901,-0.007,-1,3.87,-63.0,4.582,1,1778967697
2379,tw,1769040000,31.48,8.18,0.393,513.0,2.191,0.0051,1,4.52,-49.0,-0.39,0,1778967697
2379,tw,1769126400,28.43,7.81,0.355,507.0,-1.17,0.0031,2,5.16,-96.0,-4.635,-1,1778967697
2379,tw,1769385600,31.92,9.4,0.399,517.0,1.972,0.0086,3,5.81,-108.0,-8.124,-1,1778967697
2379,tw,1769472000,33.77,12.14,0.422,530.0,2.515,0.0111,4,8.39,-36.0,-8.113,-1,1778967697
2379,tw,1769558400,31.83,14.33,0.398,525.0,-0.943,-0.0055,-1,11.61,-35.0,-9.333,-1,1778967697
2379,tw,1769644800,31.35,16.39,0.392,511.0,-2.667,-0.0159,-2,14.19,-190.0,-9.393,-1,1778967697
2379,tw,1769731200,42.9,14.29,0.536,483.5,-5.382,-0.0338,-3,12.9,278.0,-2.275,0,1778967697
2379,tw,1769990400,30.04,12.15,0.375,475.0,-1.758,-0.0088,-4,9.68,-42.0,-0.947,0,1778967697
2379,tw,1770076800,33.04,10.86,0.413,487.0,2.526,-0.0066,-5,7.1,-20.0,-1.745,0,1778967697
2379,tw,1770163200,42.25,7.48,0.528,476.0,-2.259,-0.0138,-6,5.16,68.0,0.0,0,1778967697
2379,tw,1770249600,39.2,2.18,0.49,463.0,-2.731,-0.0131,-7,0.0,82.0,2.808,0,1778967697
2379,tw,1770336000,29.03,3.62,0.363,472.5,2.052,-0.0042,-8,0.0,-46.0,0.529,0,1778967697
2379,tw,1770595200,41.56,2.87,0.519,470.5,-0.423,-0.0039,-9,0.0,11.0,0.85,0,1778967697
2379,tw,1770681600,32.91,11.9,0.411,478.5,1.7,0.0027,1,8.39,-42.0,0.627,0,1778967697
2379,tw,1770768000,31.31,12.52,0.391,476.0,-0.522,-0.0008,-1,9.68,-11.0,0.315,0,1778967697
2379,tw,1771804800,46.81,12.68,0.585,476.0,0.0,-0.0066,-2,9.68,14.0,-2.731,0,1778967697
2379,tw,1771891200,31.28,11.97,0.391,475.0,-0.21,-0.0058,-3,9.03,-2.0,-6.316,-1,1778967697
2379,tw,1771977600,46.7,12.65,0.584,474.5,-0.105,-0.0078,-4,9.68,17.0,-3.899,-1,1778967697
2379,tw,1772064000,49.95,16.34,0.624,481.5,1.475,0.0053,1,12.9,18.0,-3.842,-1,1778967697
2379,tw,1772409600,47.58,15.65,0.595,477.5,-0.831,-0.0077,-1,12.9,11.0,1.361,0,1778967697
2379,tw,1772496000,45.33,14.99,0.567,463.0,-3.037,-0.0169,-2,12.9,20.0,-0.648,0,1778967697
2379,tw,1772582400,42.24,10.22,0.528,445.0,-3.888,-0.0139,-3,8.39,54.0,6.517,1,1778967697
2379,tw,1772668800,34.62,14.06,0.433,456.0,2.472,-0.0014,-4,10.32,-61.0,3.728,1,1778967697
2379,tw,1772755200,37.87,22.17,0.473,463.0,1.535,-0.004,-5,18.71,-9.0,1.512,0,1778967697
2379,tw,1773014400,41.27,23.71,0.516,484.0,4.536,0.0119,1,19.35,-74.0,-0.826,0,1778967697
2379,tw,1773100800,46.62,20.86,0.583,460.0,-4.959,-0.0194,-1,19.35,151.0,4.348,1,1778967697
2379,tw,1773187200,39.75,23.26,0.497,474.0,3.043,0.007,1,19.35,-89.0,1.688,0,1778967697
2379,tw,1773273600,36.46,22.29,0.456,473.0,-0.211,-0.0003,-1,19.35,-6.0,0.74,0,1778967697
2379,tw,1773360000,51.04,22.16,0.638,470.0,-0.634,-0.001,-2,19.35,2.0,2.021,0,1778967697
2379,tw,1773619200,38.52,22.35,0.481,480.0,2.128,0.0069,1,18.71,-50.0,-2.188,0,1778967697
2379,tw,1773705600,51.04,21.06,0.638,480.0,0.0,0.0013,2,18.06,10.0,0.104,0,1778967697
2379,tw,1773792000,36.13,20.55,0.452,482.0,0.417,0.0016,3,17.42,-39.0,1.452,0,1778967697
2379,tw,1773878400,41.24,19.43,0.515,476.5,-1.141,-0.0017,-1,16.77,0.0,2.623,0,1778967697
2379,tw,1773964800,36.26,19.32,0.453,479.5,0.63,0.1129,1,16.13,-56.0,3.128,1,1778967697
2379,tw,1774224000,32.96,18.5,0.412,469.5,-2.086,-0.004,-1,16.13,-50.0,3.94,1,1778967697
2379,tw,1774310400,36.79,18.54,0.46,480.5,2.343,0.0055,1,14.84,-70.0,-0.52,0,1778967697
2379,tw,1774396800,34.9,15.79,0.436,489.0,1.769,0.0011,2,12.26,-12.0,-0.92,0,1778967697
2379,tw,1774483200,32.82,14.61,0.41,489.0,0.0,0.0028,3,11.61,-26.0,-0.204,0,1778967697
2379,tw,1774569600,33.65,14.31,0.421,494.5,1.125,0.0082,4,10.97,-26.0,0.91,0,1778967697
2379,tw,1774828800,40.85,12.93,0.511,488.0,-1.314,0.0016,5,10.32,-16.0,3.484,1,1778967697
2379,tw,1774915200,30.1,12.71,0.376,478.0,-2.049,-0.0024,-1,10.32,-80.0,7.113,1,1778967697
2379,tw,1775001600,51.75,20.18,0.647,484.5,1.36,0.0013,1,16.77,1.0,4.85,1,1778967697
2379,tw,1775088000,37.4,22.57,0.467,488.0,0.722,0.0004,2,19.35,-29.0,7.582,1,1778967697
2379,tw,1775520000,38.62,22.39,0.483,499.0,2.254,0.0032,3,18.71,-21.0,5.01,1,1778967697
2379,tw,1775606400,48.68,14.33,0.608,505.0,1.202,-0.0015,-1,10.97,20.0,3.96,1,1778967697
2379,tw,1775692800,32.94,12.45,0.412,512.0,1.386,0.0068,1,9.03,-19.0,5.469,1,1778967697
2379,tw,1775779200,45.09,10.51,0.564,508.0,-0.781,0.0,2,7.74,9.0,4.528,1,1778967697
2379,tw,1776038400,32.67,8.52,0.408,525.0,3.346,0.0132,3,4.52,-29.0,2.476,0,1778967697
2379,tw,1776124800,43.77,6.81,0.547,524.0,-0.19,0.005,4,3.87,37.0,5.153,1,1778967697
2379,tw,1776211200,38.92,6.29,0.486,525.0,0.191,0.0222,5,3.23,-15.0,8.0,1,1778967697
2379,tw,1776297600,41.03,5.8,0.513,540.0,2.857,0.0398,6,1.94,-169.0,0.37,0,1778967697
2379,tw,1776384000,51.03,3.79,0.638,531.0,-1.667,0.0108,7,1.29,80.0,1.507,0,1778967697
2379,tw,1776643200,38.77,4.05,0.485,538.0,1.318,0.0256,8,0.65,-49.0,3.16,1,1778967697
2379,tw,1776729600,39.54,3.72,0.494,551.0,2.416,0.0251,9,0.0,-123.0,1.815,0,1778967697
2379,tw,1776816000,40.03,3.87,0.5,567.0,2.904,0.0254,10,0.0,-89.0,-2.822,0,1778967697
2379,tw,1776902400,32.95,2.33,0.412,542.0,-4.409,0.0068,11,0.65,-16.0,-0.923,0,1778967697
2379,tw,1776988800,52.11,4.12,0.651,539.0,-0.554,0.0032,12,1.29,82.0,-2.041,0,1778967697
2379,tw,1777248000,40.35,4.54,0.504,555.0,2.968,0.0109,13,0.65,-7.0,-3.964,-1,1778967697
2379,tw,1777334400,38.1,3.32,0.476,561.0,1.081,0.0041,14,0.0,-33.0,-3.03,-1,1778967697
2379,tw,1777420800,26.18,4.41,0.327,551.0,-1.783,-0.0006,-1,1.94,-5.0,-2.178,0,1778967697
2379,tw,1777507200,26.72,6.76,0.334,537.0,-2.541,0.001,1,4.52,-105.0,10.242,1,1778967697
2379,tw,1777852800,43.48,8.95,0.544,528.0,-1.676,-0.0134,-1,6.45,184.0,10.606,1,1778967697
2379,tw,1777939200,32.15,11.67,0.402,533.0,0.947,0.0011,1,8.39,-98.0,4.128,1,1778967697
2379,tw,1778025600,33.92,13.3,0.424,544.0,2.064,0.0023,2,9.68,-23.0,1.471,0,1778967697
2379,tw,1778112000,46.54,13.69,0.582,539.0,-0.919,-0.0056,-1,10.97,40.0,6.494,1,1778967697
2379,tw,1778198400,41.44,14.98,0.518,592.0,9.833,0.0188,1,9.03,-199.0,-9.459,-1,1778967697
2337,tw,1763424000,30.34,12.15,0.379,37.65,-2.839,0.2352,1,10.0,-8254.0,-8.367,-1,1778967700
2337,tw,1763510400,44.95,15.33,0.562,36.4,-3.32,-0.0787,-1,13.33,357.0,-9.753,-1,1778967700
2337,tw,1763596800,52.5,18.95,0.656,37.55,3.159,-0.0325,-2,15.0,907.0,-10.253,-1,1778967700
2337,tw,1763683200,27.5,16.56,0.344,34.5,-8.123,0.1249,1,16.0,-6351.0,-1.159,0,1778967700
2337,tw,1763942400,47.72,19.1,0.597,33.85,-1.884,-0.1454,-1,16.67,1748.0,0.0,0,1778967700
2337,tw,1764028800,50.84,17.87,0.636,34.5,1.92,-0.0449,-2,14.29,1787.0,-2.899,0,1778967700
2337,tw,1764115200,27.21,11.57,0.34,32.85,-4.783,-0.0019,-3,10.0,-4706.0,-0.152,0,1778967700
2337,tw,1764201600,48.85,12.67,0.611,33.7,2.588,-0.0375,-4,8.89,224.0,-2.374,0,1778967700
2337,tw,1764288000,52.0,21.36,0.65,34.1,1.187,-0.0371,-5,18.0,2477.0,-0.587,0,1778967700
2337,tw,1764547200,50.15,20.96,0.627,33.85,-0.733,-0.0423,-6,18.18,547.0,10.044,1,1778967700
2337,tw,1764633600,48.29,21.02,0.604,33.5,-1.034,-0.3675,-7,18.33,5704.0,15.672,1,1778967700
2337,tw,1764720000,33.6,20.83,0.42,32.8,-2.09,-0.109,-8,18.46,-350.0,12.805,1,1778967700
2337,tw,1764806400,36.01,20.23,0.45,32.9,0.305,0.0273,1,17.14,-1599.0,10.638,1,1778967700
2337,tw,1764892800,53.02,19.91,0.663,33.9,3.04,-0.0034,-1,16.0,850.0,12.389,1,1778967700
2337,tw,1765152000,45.2,22.21,0.565,37.25,9.882,0.0395,1,16.25,-187.0,1.879,0,1778967700
2337,tw,1765238400,42.15,23.03,0.527,38.75,4.027,0.3421,2,18.82,-449.0,-4.129,-1,1778967700
2337,tw,1765324800,31.24,20.54,0.39,37.0,-4.516,-0.1382,-1,18.89,-1108.0,1.757,0,1778967700
2337,tw,1765411200,34.49,21.46,0.431,36.4,-1.622,-0.0726,-2,18.95,-2744.0,4.258,1,1778967700
2337,tw,1765497600,56.32,22.4,0.704,38.1,4.67,0.1292,1,18.0,3551.0,-2.493,0,1778967700
2337,tw,1765756800,36.2,21.93,0.452,37.95,-0.394,0.0128,2,19.05,-2731.0,2.635,0,1778967700
2337,tw,1765843200,48.61,21.46,0.608,37.15,-2.108,-0.1662,-1,19.09,1007.0,3.634,1,1778967700
2337,tw,1765929600,52.46,20.79,0.656,37.65,1.346,0.0829,1,17.39,431.0,3.453,1,1778967700
2337,tw,1766016000,36.56,19.91,0.457,37.95,0.797,0.0864,2,16.67,-994.0,3.294,1,1778967700
2337,tw,1766102400,46.11,16.77,0.576,37.15,-2.108,-0.1957,-1,14.4,38.0,2.692,0,1778967700
2337,tw,1766361600,55.54,18.3,0.694,38.95,4.845,0.3535,1,13.85,7739.0,-0.513,0,1778967700
2337,tw,1766448000,47.01,15.98,0.588,38.5,-1.155,-0.1008,-1,13.33,1806.0,2.468,0,1778967700
2337,tw,1766534400,35.62,17.64,0.445,38.95,1.169,0.0619,1,14.29,-1167.0,11.297,1,1778967700
2337,tw,1766707200,49.58,17.67,0.62,39.2,0.642,-0.0605,-1,14.48,3904.0,21.556,1,1778967700
2337,tw,1766966400,32.14,19.53,0.402,38.15,-2.679,-0.1684,-2,17.33,-2492.0,37.353,1,1778967700
2337,tw,1767052800,54.12,22.82,0.677,38.75,1.573,0.1754,1,19.35,879.0,48.645,1,1778967700
2337,tw,1767139200,54.27,22.89,0.678,39.45,1.806,0.1573,2,19.35,12405.0,60.456,1,1778967700
2337,tw,1767312000,62.61,24.68,0.783,43.35,9.886,0.2741,3,18.71,7525.0,34.487,1,1778967700
2337,tw,1767571200,55.73,13.72,0.697,47.65,9.919,-0.0123,-1,7.74,3725.0,28.437,1,1778967700
2337,tw,1767657600,51.89,5.99,0.649,52.4,9.969,-0.0166,-2,0.0,15119.0,16.221,1,1778967700
2337,tw,1767744000,52.15,5.98,0.652,57.6,9.924,0.0462,1,0.0,7599.0,4.34,1,1778967700
2337,tw,1767830400,36.71,5.97,0.459,63.3,9.896,-0.0366,-1,0.0,-2365.0,-2.212,0,1778967700
2337,tw,1767916800,20.31,0.63,0.254,58.3,-7.899,0.2417,1,0.0,-7695.0,14.923,1,1778967700
2337,tw,1768176000,47.33,4.49,0.592,61.2,4.974,0.0718,2,0.0,5234.0,20.425,1,1778967700
2337,tw,1768262400,41.6,2.85,0.52,60.9,-0.49,0.0185,3,0.0,32.0,26.108,1,1778967700
2337,tw,1768348800,25.9,2.61,0.324,60.1,-1.314,0.0433,4,0.0,-1528.0,21.963,1,1778967700
2337,tw,1768435200,55.14,3.9,0.689,61.9,2.995,0.0281,5,0.0,4638.0,18.578,1,1778967700
2337,tw,1768521600,60.42,5.47,0.755,67.0,8.239,0.0367,6,0.0,6484.0,3.433,1,1778967700
2337,tw,1768780800,51.92,6.0,0.649,73.7,10.0,-0.0153,-1,0.0,3122.0,3.392,1,1778967700
2337,tw,1768867200,31.47,4.26,0.393,76.8,4.206,0.0531,1,0.0,-7000.0,-0.781,0,1778967700
2337,tw,1768953600,22.89,2.28,0.286,73.3,-4.557,0.0239,2,0.65,-6544.0,14.325,1,1778967700
2337,tw,1769040000,42.98,4.33,0.537,73.4,0.136,0.0399,3,1.29,7221.0,25.477,1,1778967700
2337,tw,1769126400,23.33,4.55,0.292,69.3,-5.586,0.0601,4,3.23,-4845.0,33.911,1,1778967700
2337,tw,1769385600,53.31,11.8,0.666,76.2,9.957,-0.3113,-1,5.81,11651.0,11.286,1,1778967700
2337,tw,1769472000,43.87,10.1,0.548,76.2,0.0,-0.3365,-2,7.1,12140.0,10.892,1,1778967700
2337,tw,1769558400,58.24,14.38,0.728,83.8,9.974,0.4152,1,8.39,8469.0,7.041,1,1778967700
2337,tw,1769644800,44.39,15.0,0.555,92.1,9.905,0.5938,2,9.03,-5375.0,-4.56,-1,1778967700
2337,tw,1769731200,46.58,13.55,0.582,92.8,0.76,-0.2673,-1,10.32,2292.0,-12.931,-1,1778967700
2337,tw,1769990400,24.47,11.38,0.306,84.8,-8.621,0.1214,1,10.97,-8521.0,4.717,1,1778967700
2337,tw,1770076800,31.8,14.5,0.398,84.5,-0.354,-0.1299,-1,11.61,-2985.0,6.036,1,1778967700
2337,tw,1770163200,55.89,17.11,0.699,89.7,6.154,0.3219,1,12.26,1869.0,9.81,1,1778967700
2337,tw,1770249600,46.0,15.3,0.575,87.9,-2.007,-0.0894,-1,12.9,1011.0,17.747,1,1778967700
2337,tw,1770336000,25.72,14.13,0.321,80.8,-8.077,0.0043,1,13.55,-10093.0,40.47,1,1778967700
2337,tw,1770595200,60.96,20.81,0.762,88.8,9.901,0.3283,2,14.84,8968.0,21.622,1,1778967700
2337,tw,1770681600,49.81,18.75,0.623,89.6,0.901,-0.1664,-1,15.48,9479.0,22.768,1,1778967700
2337,tw,1770768000,62.85,22.11,0.786,98.5,9.933,0.5708,1,16.13,7830.0,17.766,1,1778967700
2337,tw,1771804800,53.77,21.29,0.672,103.5,5.076,-0.3389,-1,16.77,12088.0,0.966,0,1778967700
2337,tw,1771891200,59.89,21.38,0.749,113.5,9.662,0.0979,1,15.48,1230.0,-13.656,-1,1778967700
2337,tw,1771977600,41.98,16.39,0.525,108.0,-4.846,-0.5179,-1,14.84,6397.0,-0.463,0,1778967700
2337,tw,1772064000,50.5,17.11,0.631,110.0,1.852,-0.026,-2,13.55,5059.0,-6.818,-1,1778967700
2337,tw,1772409600,54.81,18.19,0.685,116.0,5.455,0.1154,1,13.55,2776.0,-20.431,-1,1778967700
2337,tw,1772496000,22.05,14.87,0.276,104.5,-9.914,-0.4904,-1,14.84,-12625.0,-13.206,-1,1778967700
2337,tw,1772582400,31.49,18.55,0.394,98.0,-6.22,0.3992,1,17.42,-15019.0,1.735,0,1778967700
2337,tw,1772668800,60.65,23.97,0.758,107.5,9.694,-0.0156,-1,18.06,8777.0,-7.907,-1,1778967700
2337,tw,1772755200,46.24,20.95,0.578,102.5,-4.651,-0.1571,-2,19.35,8583.0,5.854,1,1778967700
2337,tw,1773014400,26.74,19.36,0.334,92.3,-9.951,0.0037,1,19.35,-11786.0,28.927,1,1778967700
2337,tw,1773100800,33.18,21.19,0.415,90.7,-1.733,-0.2881,-1,18.71,-17130.0,43.881,1,1778967700
2337,tw,1773187200,62.03,25.33,0.775,99.7,9.923,0.0861,1,19.35,9264.0,43.932,1,1778967700
2337,tw,1773273600,50.72,22.14,0.634,99.0,-0.702,-0.0511,-1,19.35,10224.0,58.586,1,1778967700
2337,tw,1773360000,62.99,25.23,0.787,108.5,9.596,0.3443,1,19.35,15439.0,47.465,1,1778967700
2337,tw,1773619200,60.69,23.96,0.759,119.0,9.677,-0.0033,-1,18.06,6070.0,24.79,1,1778967700
2337,tw,1773705600,58.82,20.74,0.735,130.5,9.664,-0.053,-2,14.84,3812.0,4.598,1,1778967700
2337,tw,1773792000,44.63,16.96,0.558,143.5,9.962,0.4372,1,10.97,-1815.0,-1.045,0,1778967700
2337,tw,1773878400,38.5,9.69,0.481,157.0,9.408,0.0312,2,3.87,-8883.0,-18.471,-1,1778967700
2337,tw,1773964800,30.08,6.15,0.376,160.0,1.911,-0.0251,-1,2.58,-3989.0,-21.875,-1,1778967700
2337,tw,1774224000,19.94,1.49,0.249,148.5,-7.187,-0.04,-2,0.65,-587.0,-13.805,-1,1778967700
2337,tw,1774310400,19.75,1.23,0.247,136.5,-8.081,0.1021,1,0.65,-13169.0,-15.385,-1,1778967700
2337,tw,1774396800,31.14,4.21,0.389,142.0,4.029,0.0223,2,0.0,-4448.0,-10.563,-1,1778967700
2337,tw,1774483200,17.74,0.69,0.222,128.0,-9.859,0.0539,3,0.65,-11062.0,0.781,0,1778967700
2337,tw,1774569600,41.44,4.88,0.518,125.0,-2.344,0.0996,4,2.58,33.0,9.2,1,1778967700
2337,tw,1774828800,41.18,6.95,0.515,128.0,2.4,0.0322,5,3.23,-2775.0,17.188,1,1778967700
2337,tw,1774915200,29.34,3.94,0.367,115.5,-9.766,0.0332,6,3.87,-5935.0,22.944,1,1778967700
2337,tw,1775001600,54.41,11.15,0.68,127.0,9.957,-0.0253,-1,5.16,1324.0,14.961,1,1778967700
2337,tw,1775088000,31.56,9.28,0.395,129.0,1.575,0.017,1,5.81,-4514.0,14.341,1,1778967700
2337,tw,1775520000,36.18,11.19,0.452,136.5,5.814,0.0278,2,6.45,-573.0,13.919,1,1778967700
2337,tw,1775606400,40.72,13.71,0.509,150.0,9.89,-0.0077,-1,7.74,-1567.0,-5.333,-1,1778967700
2337,tw,1775692800,41.07,13.01,0.513,142.0,-5.333,-0.2799,-2,11.61,7749.0,-2.113,0,1778967700
2337,tw,1775779200,51.47,18.04,0.643,146.0,2.817,-0.0892,-3,14.19,5882.0,-10.274,-1,1778967700
2337,tw,1776038400,51.83,22.02,0.648,147.5,1.027,-0.1098,-4,18.71,3560.0,-18.305,-1,1778967700
2337,tw,1776124800,43.43,23.98,0.543,155.5,5.424,0.2666,1,19.35,-1122.0,-14.791,-1,1778967700
2337,tw,1776211200,25.87,19.75,0.323,142.0,-8.682,-0.4243,-1,19.35,-13776.0,-5.282,-1,1778967700
2337,tw,1776297600,34.73,21.72,0.434,139.0,-2.113,0.0329,1,19.35,-5419.0,-9.353,-1,1778967700
2337,tw,1776384000,44.83,19.98,0.56,131.0,-5.755,-0.1532,-1,18.71,2783.0,0.763,0,1778967700
2337,tw,1776643200,27.76,18.02,0.347,120.5,-8.015,0.0125,1,17.42,-6514.0,20.332,1,1778967700
2337,tw,1776729600,61.52,25.34,0.769,132.5,9.959,-0.0224,-1,19.35,14126.0,20.377,1,1778967700
2337,tw,1776816000,37.71,22.8,0.471,134.5,1.509,-0.0955,-2,19.35,-2446.0,24.164,1,1778967700
2337,tw,1776902400,45.39,19.81,0.567,126.0,-6.32,0.0707,1,18.71,161.0,22.222,1,1778967700
2337,tw,1776988800,56.45,23.14,0.706,132.0,4.762,0.0663,2,18.71,4110.0,17.045,1,1778967700
2337,tw,1777248000,62.36,24.01,0.78,145.0,9.848,0.2969,3,18.06,14648.0,10.69,1,1778967700
2337,tw,1777334400,46.06,22.13,0.576,159.5,10.0,0.1988,4,16.13,-4663.0,7.837,1,1778967700
2337,tw,1777420800,50.34,16.67,0.629,167.0,4.702,0.501,5,12.26,-2089.0,-1.497,0,1778967700
2337,tw,1777507200,24.77,13.56,0.31,154.0,-7.784,-0.1782,-1,12.9,-22703.0,-0.649,0,1778967700
2337,tw,1777852800,48.03,17.29,0.6,154.5,0.325,-0.2786,-2,14.19,6218.0,3.236,1,1778967700
2337,tw,1777939200,52.6,16.43,0.658,160.5,3.883,0.1178,1,12.26,4258.0,-4.673,-1,1778967700
2337,tw,1778025600,54.68,14.83,0.683,172.0,7.165,0.1342,2,9.68,7246.0,-2.326,0,1778967700
2337,tw,1778112000,25.47,10.72,0.318,164.5,-4.36,-0.3366,-1,9.03,-5562.0,2.736,0,1778967700
2337,tw,1778198400,24.58,9.93,0.307,153.0,-6.991,0.011,1,9.03,-16888.0,6.209,1,1778967700
3481,tw,1763424000,21.71,1.61,0.271,12.35,-4.633,-0.1323,-3,0.0,-973.0,0.405,0,1778967702
3481,tw,1763510400,26.98,3.0,0.337,12.35,0.0,-0.0045,-4,0.0,-1480.0,4.858,1,1778967702
3481,tw,1763596800,27.76,3.24,0.347,12.45,0.81,-0.0105,-5,0.0,-998.0,8.835,1,1778967702
3481,tw,1763683200,39.01,2.16,0.488,12.1,-2.811,-0.0349,-6,0.0,158.0,11.983,1,1778967702
3481,tw,1763942400,28.77,3.5,0.36,12.3,1.653,0.0227,1,0.0,-1178.0,10.569,1,1778967702
3481,tw,1764028800,27.87,3.24,0.348,12.4,0.813,0.0107,2,0.0,-899.0,12.903,1,1778967702
3481,tw,1764115200,33.9,9.33,0.424,12.95,4.435,-0.0071,-1,5.0,-288.0,9.653,1,1778967702
3481,tw,1764201600,36.43,13.28,0.455,13.55,4.633,0.0701,1,8.89,-900.0,5.904,1,1778967702
3481,tw,1764288000,44.17,7.0,0.552,13.55,0.0,0.0348,2,4.0,1869.0,6.273,1,1778967702
3481,tw,1764547200,29.49,6.75,0.369,13.6,0.369,0.0601,3,3.64,-867.0,4.412,1,1778967702
3481,tw,1764633600,31.47,3.88,0.393,14.0,2.941,0.3056,4,0.0,-939.0,-0.357,0,1778967702
3481,tw,1764720000,39.66,3.43,0.496,14.2,1.429,0.2455,5,0.0,-512.0,-2.465,0,1778967702
3481,tw,1764806400,39.28,3.32,0.491,14.35,1.056,0.2453,6,0.0,-3084.0,-5.923,-1,1778967702
3481,tw,1764892800,38.26,3.1,0.478,14.4,0.348,0.182,7,0.0,-1240.0,-7.292,-1,1778967702
3481,tw,1765152000,50.84,2.58,0.635,14.2,-1.389,0.0455,8,0.0,1145.0,-6.338,-1,1778967702
3481,tw,1765238400,35.34,2.47,0.442,13.95,-1.761,0.0192,9,0.0,-753.0,-7.527,-1,1778967702
3481,tw,1765324800,41.16,2.78,0.515,13.85,-0.717,-0.0242,-1,0.0,1724.0,-8.664,-1,1778967702
3481,tw,1765411200,38.88,2.24,0.486,13.5,-2.527,-0.1185,-2,0.0,653.0,-8.148,-1,1778967702
3481,tw,1765497600,41.66,4.67,0.521,13.35,-1.111,-0.0462,-3,2.0,2205.0,-4.869,-1,1778967702
3481,tw,1765756800,28.27,6.7,0.353,13.3,-0.375,-0.0525,-4,3.81,-288.0,-4.887,-1,1778967702
3481,tw,1765843200,40.6,7.55,0.508,12.9,-3.008,-0.2232,-5,5.45,2512.0,1.163,0,1778967702
3481,tw,1765929600,41.71,9.38,0.521,12.65,-1.938,-0.3659,-6,6.96,2198.0,4.743,1,1778967702
3481,tw,1766016000,42.25,9.08,0.528,12.4,-1.976,-0.2214,-7,6.67,1307.0,8.871,1,1778967702
3481,tw,1766102400,47.51,12.53,0.594,12.7,2.419,-0.2609,-8,8.8,1941.0,16.929,1,1778967702
3481,tw,1766361600,45.56,12.88,0.569,12.65,-0.394,-0.2094,-9,10.0,421.0,28.854,1,1778967702
3481,tw,1766448000,49.68,15.06,0.621,13.05,3.162,-0.2081,-10,11.11,11810.0,30.651,1,1778967702
3481,tw,1766534400,47.46,14.89,0.593,13.25,1.533,-0.3571,-11,11.43,875.0,36.604,1,1778967702
3481,tw,1766707200,48.58,15.29,0.607,13.5,1.887,-0.2332,-12,11.72,7911.0,47.407,1,1778967702
3481,tw,1766966400,57.46,14.0,0.718,14.85,10.0,0.2922,1,8.0,6815.0,47.138,1,1778967702
3481,tw,1767052800,40.92,5.93,0.512,16.3,9.764,0.8315,2,0.0,-3939.0,35.89,1,1778967702
3481,tw,1767139200,40.89,4.38,0.511,17.05,4.601,-1.1425,-1,0.0,23291.0,21.701,1,1778967702
3481,tw,1767312000,50.94,4.85,0.637,18.1,6.158,0.5562,1,0.0,4222.0,10.497,1,1778967702
3481,tw,1767571200,49.68,5.98,0.621,19.9,9.945,-0.4525,-1,0.0,16929.0,10.553,1,1778967702
3481,tw,1767657600,36.28,5.94,0.453,21.85,9.799,-0.1043,-2,0.0,-18259.0,3.661,1,1778967702
3481,tw,1767744000,27.4,3.41,0.343,22.15,1.373,-0.1938,-3,0.0,-5162.0,10.158,1,1778967702
3481,tw,1767830400,36.68,1.1,0.458,20.75,-6.321,0.2001,1,0.0,4304.0,20.241,1,1778967702
3481,tw,1767916800,38.93,1.92,0.487,20.0,-3.614,0.1083,2,0.0,9236.0,33.0,1,1778967702
3481,tw,1768176000,51.12,6.0,0.639,22.0,10.0,-0.1756,-1,0.0,33065.0,30.909,1,1778967702
3481,tw,1768262400,29.04,3.89,0.363,22.65,2.955,-0.1838,-2,0.0,-35498.0,19.868,1,1778967702
3481,tw,1768348800,49.71,5.32,0.621,24.4,7.726,-0.0034,-3,0.0,23501.0,11.27,1,1778967702
3481,tw,1768435200,43.82,3.68,0.548,24.95,2.254,-0.0861,-4,0.0,5218.0,1.804,0,1778967702
3481,tw,1768521600,48.49,4.98,0.606,26.6,6.613,-0.0251,-5,0.0,21623.0,-9.774,-1,1778967702
3481,tw,1768780800,33.38,5.48,0.417,28.8,8.271,-0.3788,-6,0.0,-18425.0,-14.757,-1,1778967702
3481,tw,1768867200,20.32,2.57,0.254,27.15,-5.729,-0.32,-7,1.29,-14149.0,-15.101,-1,1778967702
3481,tw,1768953600,40.62,6.23,0.508,27.15,0.0,-0.5981,-8,3.23,6732.0,-17.864,-1,1778967702
3481,tw,1769040000,32.34,6.88,0.404,25.4,-6.446,-1.2241,-9,5.81,19841.0,-16.142,-1,1778967702
3481,tw,1769126400,30.15,9.09,0.377,24.0,-5.512,0.9588,1,7.74,-942.0,-9.167,-1,1778967702
3481,tw,1769385600,44.68,12.72,0.559,24.55,2.292,-0.8244,-1,9.03,18727.0,-13.849,-1,1778967702
3481,tw,1769472000,28.69,10.85,0.359,23.05,-6.11,0.5911,1,9.68,-28604.0,-9.111,-1,1778967702
3481,tw,1769558400,29.52,12.99,0.369,22.3,-3.254,0.0579,2,10.97,-5130.0,3.139,1,1778967702
3481,tw,1769644800,33.19,13.26,0.415,21.3,-4.484,0.9748,3,11.61,-561.0,2.347,0,1778967702
3481,tw,1769731200,42.97,16.6,0.537,21.8,2.347,-1.5652,-1,12.9,27218.0,0.0,0,1778967702
3481,tw,1769990400,30.01,15.66,0.375,21.15,-2.982,-0.156,-2,13.55,-3299.0,-0.236,0,1778967702
3481,tw,1770076800,46.76,16.27,0.584,20.95,-0.946,-0.2144,-3,13.55,2100.0,0.477,0,1778967702
3481,tw,1770163200,62.59,20.13,0.782,23.0,9.785,0.7422,1,14.19,16284.0,-4.565,-1,1778967702
3481,tw,1770249600,23.5,16.91,0.294,21.8,-5.217,-1.2047,-1,15.48,-12980.0,7.11,1,1778967702
3481,tw,1770336000,35.97,19.13,0.45,21.8,0.0,0.1812,1,16.13,-7403.0,13.991,1,1778967702
3481,tw,1770595200,43.94,18.17,0.549,21.1,-3.211,-0.5823,-1,16.13,1390.0,16.588,1,1778967702
3481,tw,1770681600,36.03,19.06,0.45,21.05,-0.237,0.2405,1,16.13,-1784.0,27.316,1,1778967702
3481,tw,1770768000,41.54,19.76,0.519,21.95,4.276,0.505,2,15.48,-4833.0,30.068,1,1778967702
3481,tw,1771804800,47.45,21.04,0.593,23.35,6.378,1.2012,3,16.13,-15245.0,11.135,1,1778967702
3481,tw,1771891200,60.4,22.99,0.755,24.85,6.424,0.5888,4,18.06,8753.0,-0.402,0,1778967702
3481,tw,1771977600,64.18,22.05,0.802,24.6,-1.006,0.7022,5,19.35,20577.0,5.691,1,1778967702
3481,tw,1772064000,76.73,25.03,0.959,26.8,8.943,1.2221,6,19.35,30923.0,2.612,0,1778967702
3481,tw,1772409600,73.96,23.02,0.925,28.55,6.53,1.2804,7,18.06,20108.0,-2.627,0,1778967702
3481,tw,1772496000,29.36,17.69,0.367,25.95,-9.107,-2.4492,-1,17.42,16621.0,6.166,1,1778967702
3481,tw,1772582400,33.93,18.38,0.424,24.75,-4.624,0.6342,1,16.77,-23340.0,22.424,1,1778967702
3481,tw,1772668800,49.57,20.65,0.62,26.0,5.051,-1.1087,-1,16.13,13873.0,26.731,1,1778967702
3481,tw,1772755200,59.99,16.99,0.75,27.5,5.769,1.2185,1,12.26,24844.0,8.0,1,1778967702
3481,tw,1773014400,46.83,11.07,0.585,27.8,1.091,-0.0255,-1,7.74,15904.0,-1.799,0,1778967702
3481,tw,1773100800,31.05,9.83,0.388,27.55,-0.899,0.2792,1,7.1,-9054.0,0.544,0,1778967702
3481,tw,1773187200,70.84,12.44,0.886,30.3,9.982,3.1271,2,6.45,46073.0,-7.756,-1,1778967702
3481,tw,1773273600,55.52,10.78,0.694,32.95,8.746,0.4394,3,5.16,16279.0,-17.147,-1,1778967702
3481,tw,1773360000,5.99,5.2,0.075,29.7,-9.863,-2.7462,-1,5.16,-47787.0,-11.616,-1,1778967702
3481,tw,1773619200,20.04,5.74,0.25,27.3,-8.081,-0.2928,-2,5.16,-14381.0,-8.425,-1,1778967702
3481,tw,1773705600,28.09,8.6,0.351,27.7,1.465,-0.5903,-3,5.16,-6202.0,-11.552,-1,1778967702
3481,tw,1773792000,30.7,9.72,0.384,27.95,0.903,-0.0849,-4,6.45,-5363.0,-8.229,-1,1778967702
3481,tw,1773878400,27.89,11.98,0.349,27.3,-2.326,-0.3243,-5,9.68,-4600.0,-8.425,-1,1778967702
3481,tw,1773964800,31.12,19.27,0.389,26.25,-3.846,-0.1497,-6,17.42,-18198.0,-5.524,-1,1778967702
3481,tw,1774224000,32.34,20.92,0.404,25.0,-4.762,0.0852,1,19.35,-9279.0,-1.6,0,1778967702
3481,tw,1774310400,47.55,21.75,0.594,24.5,-2.0,-0.4249,-1,19.35,1834.0,-2.653,0,1778967702
3481,tw,1774396800,56.17,23.76,0.702,25.65,4.694,-0.0393,-2,19.35,3298.0,-2.339,0,1778967702
3481,tw,1774483200,47.17,21.59,0.59,25.0,-2.534,-0.3944,-3,19.35,476.0,-1.4,0,1778967702
3481,tw,1774569600,34.4,20.18,0.43,24.8,-0.8,-0.1029,-4,17.42,-324.0,-3.024,-1,1778967702
3481,tw,1774828800,34.7,19.53,0.434,24.6,-0.806,0.0252,1,16.77,-3490.0,6.504,1,1778967702
3481,tw,1774915200,30.02,16.28,0.375,23.85,-3.049,-0.2043,-1,14.19,-6669.0,12.998,1,1778967702
3481,tw,1775001600,53.76,19.35,0.672,25.05,5.031,-0.1393,-2,14.84,6519.0,3.792,1,1778967702
3481,tw,1775088000,32.09,15.42,0.401,24.65,-1.597,0.0477,1,12.9,-3635.0,6.694,1,1778967702
3481,tw,1775520000,43.11,14.53,0.539,24.05,-2.434,-0.5162,-1,12.26,945.0,13.306,1,1778967702
3481,tw,1775606400,48.67,17.94,0.608,26.2,8.94,1.3197,1,12.26,-2439.0,5.344,1,1778967702
3481,tw,1775692800,50.27,16.12,0.628,26.95,2.863,-0.1444,-1,12.26,4276.0,1.113,0,1778967702
3481,tw,1775779200,41.57,17.42,0.52,26.0,-3.525,-0.9293,-2,15.48,9772.0,-0.385,0,1778967702
3481,tw,1776038400,53.93,22.7,0.674,26.3,1.154,0.2201,1,19.35,3904.0,-0.57,0,1778967702
3481,tw,1776124800,44.25,23.43,0.553,27.25,3.612,0.7924,2,19.35,-2003.0,-4.587,-1,1778967702
3481,tw,1776211200,42.45,22.1,0.531,27.6,1.284,0.9618,3,18.71,-9773.0,-7.246,-1,1778967702
3481,tw,1776297600,47.96,21.97,0.6,27.25,-1.268,-0.4886,-1,19.35,9227.0,-11.56,-1,1778967702
3481,tw,1776384000,41.17,20.86,0.515,25.9,-4.954,-1.1111,-2,19.35,3231.0,-9.653,-1,1778967702
3481,tw,1776643200,38.97,22.64,0.487,26.15,0.965,0.2664,1,19.35,-4441.0,-7.075,-1,1778967702
3481,tw,1776729600,49.77,22.18,0.622,26.0,-0.574,-0.2658,-1,19.35,4273.0,-6.346,-1,1778967702
3481,tw,1776816000,49.96,21.89,0.625,25.6,-1.538,-0.0353,-2,19.35,289.0,-6.445,-1,1778967702
3481,tw,1776902400,28.18,18.66,0.352,24.1,-5.859,-0.3345,-3,17.42,-2793.0,-0.622,0,1778967702
3481,tw,1776988800,31.39,18.26,0.392,23.4,-2.905,-0.1539,-4,16.13,-9312.0,5.983,1,1778967702
3481,tw,1777248000,54.14,19.63,0.677,24.3,3.846,0.1098,1,15.48,4239.0,12.14,1,1778967702
3481,tw,1777334400,34.29,16.61,0.429,24.35,0.206,0.0625,2,13.55,-359.0,15.4,1,1778967702
3481,tw,1777420800,44.75,14.77,0.559,23.95,-1.643,-0.348,-1,12.26,2398.0,24.217,1,1778967702
3481,tw,1777507200,33.69,15.26,0.421,23.95,0.0,0.1128,1,12.26,-2299.0,22.756,1,1778967702
3481,tw,1777852800,38.38,15.67,0.48,24.8,3.549,0.405,2,11.61,-3193.0,30.242,1,1778967702
3481,tw,1777939200,62.86,16.28,0.786,27.25,9.879,1.1641,3,10.32,50032.0,30.275,1,1778967702
3481,tw,1778025600,38.87,13.62,0.486,28.1,3.119,0.7831,4,9.68,-21558.0,33.452,1,1778967702
3481,tw,1778112000,70.07,13.15,0.876,29.75,5.872,1.8676,5,8.39,29221.0,18.992,1,1778967702
3481,tw,1778198400,44.52,10.39,0.557,29.4,-1.176,0.9657,6,7.74,-20547.0,22.789,1,1778967702
6505,tw,1763424000,35.67,2.56,0.446,54.1,-1.457,0.0251,12,0.0,-148.0,-3.697,-1,1778967705
6505,tw,1763510400,42.72,16.0,0.534,53.5,-1.109,0.0322,13,13.33,-112.0,-6.168,-1,1778967705
6505,tw,1763596800,57.2,4.51,0.715,56.2,5.047,0.0303,14,0.0,192.0,-7.473,-1,1778967705
6505,tw,1763683200,50.34,9.29,0.629,53.0,-5.694,0.0076,15,8.0,19.0,-1.321,0,1778967705
6505,tw,1763942400,58.44,7.75,0.731,55.5,4.717,0.0117,16,3.33,16.0,-5.586,-1,1778967705
6505,tw,1764028800,29.37,18.3,0.367,52.1,-6.126,-0.0149,-1,17.14,-443.0,3.455,1,1778967705
6505,tw,1764115200,47.23,19.41,0.59,50.2,-3.647,0.0249,1,17.5,72.0,6.175,1,1778967705
6505,tw,1764201600,54.42,21.86,0.68,52.0,3.586,-0.0107,-1,17.78,240.0,2.692,0,1778967705
6505,tw,1764288000,36.57,21.17,0.457,52.3,0.577,-0.0017,-2,18.0,-129.0,-1.53,0,1778967705
6505,tw,1764547200,36.28,21.24,0.453,52.4,0.191,-0.0007,-3,18.18,-22.0,-1.718,0,1778967705
6505,tw,1764633600,54.07,22.19,0.676,53.9,2.863,0.0088,1,18.33,216.0,-5.009,-1,1778967705
6505,tw,1764720000,50.06,21.13,0.626,53.3,-1.113,-0.0113,-1,18.46,64.0,-6.473,-1,1778967705
6505,tw,1764806400,36.53,21.63,0.457,53.4,0.188,0.011,1,18.57,-24.0,-8.895,-1,1778967705
6505,tw,1764892800,32.77,20.6,0.41,51.5,-3.558,-0.0011,-1,18.67,-444.0,-5.243,-1,1778967705
6505,tw,1765152000,35.79,20.5,0.447,51.5,0.0,0.0088,1,17.5,-13.0,-2.524,0,1778967705
6505,tw,1765238400,49.67,19.3,0.621,51.2,-0.583,0.004,2,16.47,23.0,-3.809,-1,1778967705
6505,tw,1765324800,31.59,16.65,0.395,49.85,-2.637,0.001,3,14.44,-145.0,-3.21,-1,1778967705
6505,tw,1765411200,46.47,15.96,0.581,48.65,-2.407,0.0067,4,13.68,5.0,-1.644,0,1778967705
6505,tw,1765497600,48.28,15.09,0.603,48.8,0.308,-0.0063,-1,12.0,58.0,-0.41,0,1778967705
6505,tw,1765756800,35.98,16.24,0.45,50.2,2.869,-0.0156,-2,12.38,-89.0,-3.386,-1,1778967705
6505,tw,1765843200,30.47,13.34,0.381,49.25,-1.892,-0.0181,-3,10.91,-17.0,0.102,0,1778967705
6505,tw,1765929600,45.1,12.82,0.564,48.25,-2.03,-0.0167,-4,10.43,111.0,0.829,0,1778967705
6505,tw,1766016000,46.54,13.58,0.582,47.85,-0.829,-0.0093,-5,10.83,2.0,1.776,0,1778967705
6505,tw,1766102400,33.82,13.87,0.423,48.6,1.567,0.0111,1,10.4,-16.0,0.823,0,1778967705
6505,tw,1766361600,49.14,17.56,0.614,48.5,-0.206,0.0064,2,14.62,20.0,1.031,0,1778967705
6505,tw,1766448000,36.03,18.3,0.45,49.3,1.649,-0.0046,-1,14.81,-4.0,-3.043,-1,1778967705
6505,tw,1766534400,47.07,15.46,0.588,48.65,-1.318,-0.0091,-2,12.86,9.0,-4.214,-1,1778967705
6505,tw,1766707200,33.31,15.44,0.416,48.7,0.103,-0.0003,-3,12.41,-67.0,-3.285,-1,1778967705
6505,tw,1766966400,34.62,17.18,0.433,49.0,0.616,0.0007,1,14.0,-45.0,-4.286,-1,1778967705
6505,tw,1767052800,34.75,18.48,0.434,49.0,0.0,0.0015,2,15.48,-21.0,-2.653,0,1778967705
6505,tw,1767139200,47.6,18.4,0.595,47.8,-2.449,-0.0041,-1,16.13,42.0,-0.418,0,1778967705
6505,tw,1767312000,47.88,19.02,0.598,46.6,-2.51,0.0005,1,16.77,177.0,2.146,0,1778967705
6505,tw,1767571200,37.88,22.67,0.474,47.1,1.073,0.0272,2,19.35,-35.0,3.079,1,1778967705
6505,tw,1767657600,36.24,22.22,0.453,46.9,-0.425,-0.0027,-1,19.35,-36.0,0.853,0,1778967705
6505,tw,1767744000,53.47,22.86,0.668,47.7,1.706,0.0174,1,19.35,188.0,0.419,0,1778967705
6505,tw,1767830400,36.42,22.29,0.455,47.6,-0.21,-0.0101,-1,19.35,-83.0,5.042,1,1778967705
6505,tw,1767916800,51.68,22.35,0.646,47.6,0.0,0.0008,1,19.35,112.0,1.471,0,1778967705
6505,tw,1768176000,38.69,22.95,0.484,48.55,1.996,0.0029,2,19.35,-73.0,-0.618,0,1778967705
6505,tw,1768262400,48.34,20.29,0.604,47.3,-2.575,-0.0238,-1,18.06,63.0,-2.008,0,1778967705
6505,tw,1768348800,53.01,22.73,0.663,47.9,1.268,0.0136,1,19.35,1.0,-4.384,-1,1778967705
6505,tw,1768435200,55.93,23.03,0.699,50.0,4.384,0.0385,2,18.71,33.0,-5.7,-1,1778967705
6505,tw,1768521600,47.54,20.04,0.594,48.3,-3.4,-0.0188,-1,18.06,407.0,-1.656,0,1778967705
6505,tw,1768780800,51.37,21.68,0.642,48.25,-0.104,0.024,1,18.71,290.0,8.187,1,1778967705
6505,tw,1768867200,45.02,16.01,0.563,46.35,-3.938,-0.0277,-1,14.19,456.0,11.327,1,1778967705
6505,tw,1768953600,47.54,16.19,0.594,45.8,-1.187,-0.0092,-2,13.55,78.0,15.066,1,1778967705
6505,tw,1769040000,36.91,17.43,0.461,47.15,2.948,0.0377,1,13.55,-131.0,11.135,1,1778967705
6505,tw,1769126400,34.56,16.77,0.432,47.5,0.742,0.0079,2,13.55,-59.0,12.421,1,1778967705
6505,tw,1769385600,56.95,15.65,0.712,52.2,9.895,0.0432,3,9.68,760.0,-6.609,-1,1778967705
6505,tw,1769472000,29.63,10.4,0.37,51.6,-1.149,-0.0174,-1,7.74,-736.0,-5.523,-1,1778967705
6505,tw,1769558400,30.6,6.22,0.383,52.7,2.132,0.0365,1,2.58,-305.0,-5.503,-1,1778967705
6505,tw,1769644800,26.47,2.83,0.331,52.4,-0.569,0.0083,2,0.0,-54.0,-5.248,-1,1778967705
6505,tw,1769731200,29.03,3.57,0.363,53.4,1.908,0.0247,3,0.0,-22.0,-8.989,-1,1778967705
6505,tw,1769990400,18.61,1.04,0.233,48.75,-8.708,-0.0012,-1,0.65,-242.0,2.564,0,1778967705
6505,tw,1770076800,27.67,4.29,0.346,48.75,0.0,0.0046,1,1.29,-264.0,0.513,0,1778967705
6505,tw,1770163200,45.19,5.59,0.565,49.8,2.154,0.014,2,1.94,6.0,-0.1,0,1778967705
6505,tw,1770249600,43.02,5.49,0.538,49.65,-0.301,0.0054,3,2.58,172.0,4.129,1,1778967705
6505,tw,1770336000,26.46,5.6,0.331,48.6,-2.115,-0.0073,-1,3.23,-87.0,7.819,1,1778967705
6505,tw,1770595200,31.97,7.73,0.4,50.0,2.881,0.0314,1,3.87,-89.0,12.0,1,1778967705
6505,tw,1770681600,42.51,7.56,0.531,49.0,-2.0,-0.0135,-1,5.16,188.0,11.224,1,1778967705
6505,tw,1770768000,31.54,9.27,0.394,49.75,1.531,0.0213,1,5.81,-352.0,13.568,1,1778967705
6505,tw,1771804800,48.77,9.34,0.61,51.7,3.92,0.0544,2,5.16,97.0,13.733,1,1778967705
6505,tw,1771891200,45.07,6.64,0.563,52.4,1.354,0.0201,3,3.23,396.0,15.076,1,1778967705
6505,tw,1771977600,49.15,5.06,0.614,56.0,6.87,0.0553,4,0.0,36.0,0.714,0,1778967705
6505,tw,1772064000,24.58,2.85,0.307,54.5,-2.679,-0.0128,-1,0.65,-418.0,13.761,1,1778967705
6505,tw,1772409600,45.27,4.1,0.566,56.5,3.67,-0.0793,-2,0.0,1386.0,20.708,1,1778967705
6505,tw,1772496000,45.77,4.22,0.572,58.8,4.071,-0.0593,-3,0.0,715.0,4.422,1,1778967705
6505,tw,1772582400,44.14,3.77,0.552,60.3,2.551,-0.0825,-4,0.0,2468.0,-4.312,-1,1778967705
6505,tw,1772668800,35.08,1.06,0.438,56.4,-6.468,-0.0908,-5,0.0,311.0,4.433,1,1778967705
6505,tw,1772755200,52.81,5.98,0.66,62.0,9.929,0.1762,1,0.0,4373.0,-6.613,-1,1778967705
6505,tw,1773014400,36.85,6.0,0.461,68.2,10.0,-0.0302,-1,0.0,-3796.0,-14.956,-1,1778967705
6505,tw,1773100800,31.77,0.01,0.397,61.4,-9.971,-0.052,-2,0.0,514.0,-7.655,-1,1778967705
6505,tw,1773187200,35.45,1.19,0.443,57.7,-6.026,-0.1045,-3,0.0,1193.0,-1.213,0,1778967705
6505,tw,1773273600,43.96,4.91,0.55,58.9,2.08,-0.1529,-4,1.29,2450.0,-2.547,0,1778967705
6505,tw,1773360000,26.01,5.07,0.325,57.9,-1.698,-0.1166,-5,2.58,-603.0,-2.936,0,1778967705
6505,tw,1773619200,28.75,6.28,0.359,58.0,0.173,-0.0069,-6,3.23,-517.0,-5.69,-1,1778967705
6505,tw,1773705600,41.62,6.2,0.52,56.7,-2.241,-0.0144,-7,3.87,132.0,-2.822,0,1778967705
6505,tw,1773792000,29.86,7.68,0.373,57.0,0.529,0.0146,1,4.52,-357.0,-4.386,-1,1778967705
6505,tw,1773878400,45.32,9.02,0.567,57.4,0.702,-0.0569,-1,5.81,863.0,-2.962,0,1778967705
6505,tw,1773964800,28.06,8.82,0.351,56.2,-2.091,-0.0155,-2,6.45,-235.0,0.178,0,1778967705
6505,tw,1774224000,43.15,10.59,0.539,54.7,-2.669,-0.0762,-3,8.39,2578.0,3.108,1,1778967705
6505,tw,1774310400,32.5,12.25,0.406,55.1,0.731,0.0517,1,9.03,-207.0,0.0,0,1778967705
6505,tw,1774396800,31.18,12.99,0.39,54.5,-1.089,0.0222,2,10.32,-1783.0,2.202,0,1778967705
6505,tw,1774483200,34.63,13.98,0.433,55.7,2.202,0.0546,3,10.32,-223.0,-1.795,0,1778967705
6505,tw,1774569600,48.91,14.93,0.611,56.3,1.077,0.0063,4,11.61,636.0,0.888,0,1778967705
6505,tw,1774828800,47.65,14.66,0.596,56.4,0.178,-0.0657,-1,11.61,1144.0,-3.723,-1,1778967705
6505,tw,1774915200,30.26,13.28,0.378,55.1,-2.305,0.0152,1,10.97,-350.0,-4.356,-1,1778967705
6505,tw,1775001600,49.54,15.59,0.619,55.7,1.089,0.064,2,12.26,236.0,-6.643,-1,1778967705
6505,tw,1775088000,45.39,12.78,0.567,54.7,-1.795,0.0051,3,10.32,181.0,0.731,0,1778967705
6505,tw,1775520000,53.65,18.99,0.671,56.8,3.839,0.0775,4,14.84,323.0,-1.056,0,1778967705
6505,tw,1775606400,31.96,21.03,0.399,54.3,-4.401,-0.0629,-1,19.35,-937.0,0.184,0,1778967705
6505,tw,1775692800,33.52,21.47,0.419,52.7,-2.947,-0.0426,-2,19.35,-22.0,4.554,1,1778967705
6505,tw,1775779200,34.73,20.66,0.434,52.0,-1.328,0.0053,1,18.06,-567.0,5.577,1,1778967705
6505,tw,1776038400,42.66,23.5,0.533,55.1,5.962,0.0685,2,18.71,-645.0,-1.996,0,1778967705
6505,tw,1776124800,38.98,22.95,0.487,56.2,1.996,0.0612,3,19.35,-628.0,-5.694,-1,1778967705
6505,tw,1776211200,33.5,21.39,0.419,54.4,-3.203,0.0065,4,19.35,-190.0,-3.125,-1,1778967705
6505,tw,1776297600,48.2,22.74,0.602,55.1,1.287,0.0476,5,19.35,-218.0,-6.171,-1,1778967705
6505,tw,1776384000,61.34,22.24,0.767,54.9,-0.363,0.0055,6,19.35,56.0,-6.011,-1,1778967705
6505,tw,1776643200,49.91,21.86,0.624,54.0,-1.639,-0.0242,-1,19.35,232.0,-4.074,-1,1778967705
6505,tw,1776729600,49.43,21.15,0.618,53.0,-1.852,-0.0138,-2,18.71,130.0,-0.189,0,1778967705
6505,tw,1776816000,50.12,20.25,0.626,52.7,-0.566,-0.0053,-3,17.42,186.0,2.467,0,1778967705
6505,tw,1776902400,32.17,16.62,0.402,51.7,-1.898,-0.0061,-4,14.19,-28.0,9.091,1,1778967705
6505,tw,1776988800,48.29,15.84,0.604,51.6,-0.193,0.0068,1,12.9,278.0,4.651,1,1778967705
6505,tw,1777248000,32.92,14.09,0.412,51.8,0.388,0.0101,2,10.97,-90.0,6.95,1,1778967705
6505,tw,1777334400,35.4,15.9,0.443,52.9,2.124,0.0299,3,12.26,-151.0,3.592,1,1778967705
6505,tw,1777420800,35.68,16.52,0.446,54.0,2.079,0.03,4,12.9,-67.0,-3.148,-1,1778967705
6505,tw,1777507200,47.75,15.94,0.597,56.4,4.444,0.1009,5,11.61,-308.0,-6.028,-1,1778967705
6505,tw,1777852800,28.73,13.98,0.359,54.0,-4.255,-0.0292,-1,12.26,-338.0,0.0,0,1778967705
6505,tw,1777939200,35.61,15.39,0.445,55.4,2.593,0.0435,1,11.61,-129.0,-4.152,-1,1778967705
6505,tw,1778025600,32.8,16.23,0.41,54.8,-1.083,0.0207,2,13.55,-291.0,-3.467,-1,1778967705
6505,tw,1778112000,43.69,14.53,0.546,52.3,-4.562,-0.0405,-1,12.9,196.0,0.191,0,1778967705
6505,tw,1778198400,34.84,16.3,0.436,53.0,1.338,0.0107,1,12.9,-46.0,-3.208,-1,1778967705
1301,tw,1763424000,33.52,1.89,0.419,41.5,-3.712,0.0458,9,0.0,-1047.0,-6.265,-1,1778967708
1301,tw,1763510400,36.96,8.62,0.462,40.05,-3.494,0.0232,10,6.67,-557.0,-1.373,0,1778967708
1301,tw,1763596800,42.81,8.94,0.535,41.3,3.121,0.0378,11,5.0,-340.0,0.605,0,1778967708
1301,tw,1763683200,42.62,10.06,0.533,40.0,-3.148,-0.0468,-1,8.0,116.0,4.125,1,1778967708
1301,tw,1763942400,28.15,3.38,0.352,40.5,1.25,-0.0197,-2,0.0,-43.0,3.457,1,1778967708
1301,tw,1764028800,37.21,1.81,0.465,38.9,-3.951,-0.1674,-3,0.0,838.0,11.697,1,1778967708
1301,tw,1764115200,29.9,5.96,0.374,39.5,1.542,0.0215,1,2.5,-678.0,11.013,1,1778967708
1301,tw,1764201600,47.55,4.56,0.594,41.55,5.19,0.0718,2,0.0,24.0,3.008,1,1778967708
1301,tw,1764288000,28.32,5.07,0.354,41.65,0.241,0.0155,3,2.0,-232.0,1.2,0,1778967708
1301,tw,1764547200,35.94,19.54,0.449,41.9,0.6,0.0314,4,16.36,-510.0,0.0,0,1778967708
1301,tw,1764633600,63.77,19.11,0.797,43.45,3.699,0.114,5,15.0,829.0,-7.25,-1,1778967708
1301,tw,1764720000,62.48,21.74,0.781,43.85,0.921,0.0665,6,18.46,446.0,-9.236,-1,1778967708
1301,tw,1764806400,33.51,20.85,0.419,42.8,-2.395,-0.0766,-1,18.57,-1076.0,-6.893,-1,1778967708
1301,tw,1764892800,49.58,21.21,0.62,42.15,-1.519,-0.0475,-2,18.67,215.0,-5.338,-1,1778967708
1301,tw,1765152000,50.63,21.57,0.633,41.9,-0.593,-0.0299,-3,18.75,195.0,-2.387,0,1778967708
1301,tw,1765238400,46.86,20.67,0.586,40.3,-3.819,-0.1472,-4,18.82,514.0,-0.372,0,1778967708
1301,tw,1765324800,48.63,19.3,0.608,39.8,-1.241,-0.0932,-5,16.67,1291.0,0.251,0,1778967708
1301,tw,1765411200,49.66,18.83,0.621,39.85,0.126,-0.0712,-6,15.79,480.0,-0.502,0,1778967708
1301,tw,1765497600,49.35,18.04,0.617,39.9,0.125,-0.0558,-7,15.0,244.0,0.251,0,1778967708
1301,tw,1765756800,38.47,21.85,0.481,40.9,2.506,-0.0174,-8,18.1,-160.0,-1.834,0,1778967708
1301,tw,1765843200,33.1,18.81,0.414,40.15,-1.834,-0.0492,-9,16.36,-15.0,-0.125,0,1778967708
1301,tw,1765929600,48.84,18.46,0.611,39.9,-0.623,-0.0716,-10,15.65,243.0,-0.376,0,1778967708
1301,tw,1766016000,48.19,16.98,0.602,39.65,-0.627,-0.0546,-11,14.17,258.0,0.252,0,1778967708
1301,tw,1766102400,34.67,16.86,0.433,40.0,0.883,-0.0035,-12,13.6,-67.0,-1.25,0,1778967708
1301,tw,1766361600,33.53,15.42,0.419,40.15,0.375,0.0005,1,12.31,-91.0,-2.615,0,1778967708
1301,tw,1766448000,36.08,21.48,0.451,40.1,-0.125,-0.0116,-1,18.52,-212.0,-2.743,0,1778967708
1301,tw,1766534400,35.69,22.03,0.446,39.75,-0.873,-0.0173,-2,19.29,-687.0,-3.27,-1,1778967708
1301,tw,1766707200,50.19,19.55,0.627,39.75,0.0,-0.0166,-3,16.55,9.0,-4.403,-1,1778967708
1301,tw,1766966400,33.18,16.81,0.415,39.5,-0.629,-0.0383,-4,14.0,-872.0,-3.291,-1,1778967708
1301,tw,1767052800,31.46,14.31,0.393,39.1,-1.013,-0.0665,-5,11.61,-224.0,3.964,1,1778967708
1301,tw,1767139200,51.22,22.27,0.64,39.0,-0.256,-0.0396,-6,19.35,31.0,6.923,1,1778967708
1301,tw,1767312000,49.88,21.93,0.623,38.45,-1.41,-0.0773,-7,19.35,848.0,6.632,1,1778967708
1301,tw,1767571200,35.43,22.0,0.443,38.0,-1.17,-0.0158,-8,19.35,-746.0,9.211,1,1778967708
1301,tw,1767657600,52.21,22.51,0.653,38.2,0.526,0.0016,1,19.35,602.0,5.236,1,1778967708
1301,tw,1767744000,44.34,24.27,0.554,40.65,6.414,0.2498,2,19.35,-494.0,0.984,0,1778967708
1301,tw,1767830400,39.92,22.48,0.499,41.7,2.583,0.1961,3,18.71,-1799.0,2.158,0,1778967708
1301,tw,1767916800,34.45,19.92,0.431,41.0,-1.679,0.0839,4,17.42,-487.0,4.878,1,1778967708
1301,tw,1768176000,46.57,19.5,0.582,41.5,1.22,0.0564,5,16.13,-35.0,5.301,1,1778967708
1301,tw,1768262400,46.17,17.54,0.577,40.2,-3.133,-0.0877,-1,15.48,1442.0,5.473,1,1778967708
1301,tw,1768348800,37.19,18.47,0.465,41.05,2.114,0.132,1,14.84,-518.0,1.949,0,1778967708
1301,tw,1768435200,39.37,17.68,0.492,42.6,3.776,0.3642,2,13.55,-3299.0,2.347,0,1778967708
1301,tw,1768521600,32.16,9.73,0.402,43.0,0.939,0.1989,3,6.45,-543.0,3.256,1,1778967708
1301,tw,1768780800,29.16,3.49,0.364,43.7,1.628,0.1058,4,0.0,-49.0,11.67,1,1778967708
1301,tw,1768867200,23.86,2.11,0.298,42.4,-2.975,-0.0335,-1,0.0,-562.0,20.283,1,1778967708
1301,tw,1768953600,25.75,2.61,0.322,41.85,-1.297,0.0096,1,0.0,-65.0,22.581,1,1778967708
1301,tw,1769040000,32.21,4.25,0.403,43.6,4.182,0.2054,2,0.0,-257.0,13.073,1,1778967708
1301,tw,1769126400,44.35,3.55,0.554,44.4,1.835,0.1028,3,0.0,202.0,6.532,1,1778967708
1301,tw,1769385600,52.52,5.97,0.657,48.8,9.91,0.1225,4,0.0,11110.0,-9.221,-1,1778967708
1301,tw,1769472000,42.08,4.35,0.526,51.0,4.508,0.1148,5,0.0,-7543.0,-11.863,-1,1778967708
1301,tw,1769558400,52.76,3.18,0.66,51.3,0.588,0.0353,6,0.0,708.0,-8.674,-1,1778967708
1301,tw,1769644800,22.99,1.83,0.287,49.3,-3.899,-0.0224,-1,0.0,-1749.0,-4.26,-1,1778967708
1301,tw,1769731200,37.94,2.43,0.474,47.3,-4.057,-0.0656,-2,0.65,884.0,-3.277,-1,1778967708
1301,tw,1769990400,35.95,3.04,0.449,44.3,-6.342,-0.1363,-3,1.94,548.0,5.305,1,1778967708
1301,tw,1770076800,29.96,6.67,0.374,44.95,1.467,-0.0245,-4,3.23,-1411.0,1.001,0,1778967708
1301,tw,1770163200,48.27,8.14,0.603,46.85,4.227,0.0209,1,3.87,204.0,-0.747,0,1778967708
1301,tw,1770249600,30.17,7.74,0.377,47.2,0.747,0.0332,2,4.52,-419.0,-0.318,0,1778967708
1301,tw,1770336000,41.37,7.24,0.517,45.75,-3.072,-0.0286,-1,5.16,100.0,6.23,1,1778967708
1301,tw,1770595200,46.95,9.4,0.587,46.65,1.967,0.0147,1,5.81,15.0,14.469,1,1778967708
1301,tw,1770681600,27.08,8.65,0.339,45.4,-2.68,-0.0929,-1,6.45,-160.0,13.656,1,1778967708
1301,tw,1770768000,33.78,11.47,0.422,46.5,2.423,0.0974,1,7.74,-726.0,9.032,1,1778967708
1301,tw,1771804800,32.43,11.74,0.405,47.05,1.183,0.0101,2,8.39,-124.0,6.164,1,1778967708
1301,tw,1771891200,50.39,13.02,0.63,48.6,3.294,0.1157,3,9.03,245.0,-3.395,-1,1778967708
1301,tw,1771977600,57.22,13.06,0.715,53.4,9.877,0.359,4,7.1,6977.0,-11.236,-1,1778967708
1301,tw,1772064000,27.32,9.73,0.342,51.6,-3.371,-0.0351,-1,7.74,-8168.0,-2.713,0,1778967708
1301,tw,1772409600,44.69,12.16,0.559,50.7,-1.744,-0.0804,-2,9.68,1429.0,-6.607,-1,1778967708
1301,tw,1772496000,31.35,14.17,0.392,49.95,-1.479,0.0058,1,11.61,-38.0,-6.907,-1,1778967708
1301,tw,1772582400,26.87,13.46,0.336,46.95,-6.006,-0.0517,-1,12.26,-1883.0,0.426,0,1778967708
1301,tw,1772668800,48.78,15.55,0.61,47.4,0.958,-0.0608,-2,12.26,272.0,-2.426,0,1778967708
1301,tw,1772755200,54.86,18.32,0.686,50.2,5.907,0.0353,1,13.55,911.0,-9.363,-1,1778967708
1301,tw,1773014400,41.78,15.49,0.522,47.35,-5.677,-0.3282,-1,14.19,1048.0,-1.056,0,1778967708
1301,tw,1773100800,32.12,16.65,0.401,46.5,-1.795,-0.0365,-2,14.19,-20.0,-0.108,0,1778967708
1301,tw,1773187200,35.5,17.61,0.444,47.15,1.398,0.0023,1,14.19,-24.0,0.318,0,1778967708
1301,tw,1773273600,47.97,19.2,0.6,46.25,-1.909,-0.1017,-1,16.77,976.0,5.081,1,1778967708
1301,tw,1773360000,48.92,19.93,0.612,45.5,-1.622,-0.0332,-2,17.42,451.0,4.615,1,1778967708
1301,tw,1773619200,38.92,21.31,0.487,46.85,2.967,0.049,1,17.42,-166.0,-4.482,-1,1778967708
1301,tw,1773705600,49.83,20.16,0.623,46.45,-0.854,-0.0057,-1,17.42,9.0,-3.014,-1,1778967708
1301,tw,1773792000,38.76,22.9,0.485,47.3,1.83,0.052,1,19.35,-399.0,-3.488,-1,1778967708
1301,tw,1773878400,54.27,23.17,0.678,48.6,2.748,-0.0307,-1,19.35,1192.0,-2.366,0,1778967708
1301,tw,1773964800,49.14,21.73,0.614,47.6,-2.058,-0.0946,-2,19.35,182.0,-1.471,0,1778967708
1301,tw,1774224000,43.78,18.62,0.547,44.75,-5.987,-0.1893,-3,17.42,476.0,7.821,1,1778967708
1301,tw,1774310400,34.72,17.39,0.434,45.05,0.67,-0.009,-4,14.19,-363.0,1.887,0,1778967708
1301,tw,1774396800,35.24,16.95,0.44,45.65,1.332,0.0264,1,13.55,-184.0,2.191,0,1778967708
1301,tw,1774483200,41.43,23.53,0.518,47.45,3.943,0.1627,2,19.35,-610.0,-3.267,-1,1778967708
1301,tw,1774569600,50.25,22.0,0.628,46.9,-1.159,-0.0539,-1,19.35,155.0,1.279,0,1778967708
1301,tw,1774828800,54.39,23.21,0.68,48.25,2.878,-0.0326,-2,19.35,852.0,-2.176,0,1778967708
1301,tw,1774915200,46.24,20.89,0.578,45.9,-4.87,-0.1135,-3,19.35,273.0,3.268,1,1778967708
1301,tw,1775001600,38.41,22.2,0.48,46.65,1.634,0.0845,1,18.71,-440.0,0.643,0,1778967708
1301,tw,1775088000,49.43,20.58,0.618,45.9,-1.608,0.0014,2,18.06,284.0,11.983,1,1778967708
1301,tw,1775520000,40.8,23.4,0.51,47.5,3.486,0.1279,3,19.35,-27.0,14.316,1,1778967708
1301,tw,1775606400,36.16,22.16,0.452,47.2,-0.632,0.0234,4,19.35,-362.0,10.805,1,1778967708
1301,tw,1775692800,61.62,21.19,0.77,47.4,0.424,0.0333,5,18.06,531.0,14.979,1,1778967708
1301,tw,1775779200,34.97,20.78,0.437,46.95,-0.949,-0.0226,-1,18.06,-469.0,13.738,1,1778967708
1301,tw,1776038400,46.47,20.03,0.581,51.4,9.478,0.58,1,14.19,-2469.0,2.335,0,1778967708
1301,tw,1776124800,40.62,14.37,0.508,54.3,5.642,0.6267,2,9.68,-2441.0,-4.604,-1,1778967708
1301,tw,1776211200,25.25,5.13,0.316,52.3,-3.683,0.0638,3,3.23,-10.0,-0.765,0,1778967708
1301,tw,1776297600,47.2,4.26,0.59,54.5,4.207,0.1997,4,0.0,486.0,-6.422,-1,1778967708
1301,tw,1776384000,50.01,2.39,0.625,53.4,-2.018,0.0066,5,0.0,4.0,-5.993,-1,1778967708
1301,tw,1776643200,40.42,2.55,0.505,52.6,-1.498,-0.0154,-1,0.0,226.0,-4.373,-1,1778967708
1301,tw,1776729600,40.43,2.54,0.505,51.8,-1.521,-0.0101,-2,0.0,11.0,-1.351,0,1778967708
1301,tw,1776816000,27.94,4.35,0.349,51.9,0.193,0.0209,1,1.29,-760.0,-1.734,0,1778967708
1301,tw,1776902400,26.68,5.06,0.333,51.0,-1.734,0.0248,2,2.58,-297.0,0.98,0,1778967708
1301,tw,1776988800,26.98,5.76,0.337,50.2,-1.569,-0.0131,-1,3.23,-80.0,1.195,0,1778967708
1301,tw,1777248000,44.62,7.58,0.558,50.3,0.199,0.0312,1,4.52,235.0,1.988,0,1778967708
1301,tw,1777334400,31.48,8.64,0.394,51.1,1.59,0.0626,2,5.16,-58.0,-0.783,0,1778967708
1301,tw,1777420800,29.97,8.75,0.375,51.0,-0.196,0.0523,3,5.81,-391.0,-2.843,0,1778967708
1301,tw,1777507200,31.48,9.74,0.393,51.5,0.98,0.0545,4,6.45,-151.0,-5.728,-1,1778967708
1301,tw,1777852800,44.44,10.33,0.556,50.8,-1.359,-0.0133,-1,7.74,144.0,-3.051,-1,1778967708
1301,tw,1777939200,34.11,14.91,0.426,51.3,0.984,0.0646,1,11.61,-643.0,-7.115,-1,1778967708
1301,tw,1778025600,47.04,14.91,0.588,50.7,-1.17,0.0156,2,12.26,146.0,-7.495,-1,1778967708
1301,tw,1778112000,45.92,15.22,0.574,49.55,-2.268,-0.0519,-1,12.9,433.0,-6.963,-1,1778967708
1301,tw,1778198400,46.04,15.29,0.575,48.55,-2.018,-0.0792,-2,12.9,325.0,-5.87,-1,1778967708
1303,tw,1763424000,54.38,3.42,0.68,57.3,1.416,0.192,8,0.0,1540.0,-8.551,-1,1778967711
1303,tw,1763510400,31.39,1.17,0.392,53.8,-6.108,0.099,9,0.0,-613.0,-5.019,-1,1778967711
1303,tw,1763596800,57.48,4.56,0.718,56.6,5.204,0.0542,10,0.0,3791.0,-0.707,0,1778967711
1303,tw,1763683200,30.19,0.83,0.377,52.5,-7.244,0.0871,11,0.0,-4921.0,12.381,1,1778967711
1303,tw,1763942400,46.29,4.31,0.579,54.8,4.381,-0.0174,-1,0.0,1026.0,11.496,1,1778967711
1303,tw,1764028800,40.52,10.26,0.507,52.4,-4.38,-0.2763,-2,8.57,2818.0,22.901,1,1778967711
1303,tw,1764115200,29.86,12.26,0.373,51.1,-2.481,0.0681,1,10.0,-2740.0,32.485,1,1778967711
1303,tw,1764201600,60.7,19.32,0.759,56.2,9.98,0.4117,2,13.33,4048.0,12.811,1,1778967711
1303,tw,1764288000,53.25,18.49,0.666,59.0,4.982,-0.1471,-1,14.0,7045.0,7.458,1,1778967711
1303,tw,1764547200,52.27,18.62,0.653,61.1,3.559,-0.1137,-2,14.55,244.0,3.764,1,1778967711
1303,tw,1764633600,40.06,17.95,0.501,64.4,5.401,0.1994,1,13.33,-4336.0,-3.571,-1,1778967711
1303,tw,1764720000,53.22,13.77,0.665,67.7,5.124,0.2962,2,9.23,2772.0,-9.306,-1,1778967711
1303,tw,1764806400,27.73,18.23,0.347,63.4,-6.352,-0.2972,-1,17.14,-2140.0,-5.521,-1,1778967711
1303,tw,1764892800,36.43,21.67,0.455,63.4,0.0,0.0187,1,18.67,-1157.0,-3.628,-1,1778967711
1303,tw,1765152000,50.63,21.75,0.633,63.4,0.0,-0.1484,-1,18.75,2873.0,-4.574,-1,1778967711
1303,tw,1765238400,34.74,21.2,0.434,62.1,-2.05,0.0768,1,18.82,-1232.0,-6.28,-1,1778967711
1303,tw,1765324800,49.9,21.55,0.624,61.4,-1.127,-0.0837,-1,18.89,1463.0,-6.515,-1,1778967711
1303,tw,1765411200,49.04,21.22,0.613,59.9,-2.443,0.0024,1,18.95,705.0,-4.174,-1,1778967711
1303,tw,1765497600,53.59,22.6,0.67,61.1,2.003,0.0181,2,19.0,213.0,-1.964,0,1778967711
1303,tw,1765756800,35.45,21.76,0.443,60.5,-0.982,-0.0179,-1,19.05,-184.0,-0.165,0,1778967711
1303,tw,1765843200,32.95,20.95,0.412,58.2,-3.802,0.0416,1,19.09,-2956.0,1.031,0,1778967711
1303,tw,1765929600,35.41,21.72,0.443,57.4,-1.375,0.0434,2,19.13,-786.0,1.22,0,1778967711
1303,tw,1766016000,51.29,22.17,0.641,57.4,0.0,-0.0587,-1,19.17,597.0,0.174,0,1778967711
1303,tw,1766102400,55.12,23.51,0.689,59.9,4.355,-0.1673,-2,19.2,4985.0,-2.003,0,1778967711
1303,tw,1766361600,36.77,22.48,0.46,60.4,0.835,-0.1369,-3,19.23,-1193.0,-3.477,-1,1778967711
1303,tw,1766448000,34.05,21.47,0.426,58.8,-2.649,0.0132,1,19.26,-1235.0,2.381,0,1778967711
1303,tw,1766534400,50.13,21.93,0.627,58.1,-1.19,-0.0658,-1,19.29,814.0,-1.893,0,1778967711
1303,tw,1766707200,50.81,22.0,0.635,57.5,-1.033,0.0378,1,19.31,132.0,-3.304,-1,1778967711
1303,tw,1766966400,38.62,22.3,0.483,58.7,2.087,0.0396,2,18.67,-83.0,0.341,0,1778967711
1303,tw,1767052800,35.25,20.86,0.441,58.3,-0.681,-0.0194,-1,18.06,-83.0,10.978,1,1778967711
1303,tw,1767139200,54.8,23.33,0.685,60.2,3.259,-0.0273,-2,19.35,10465.0,11.296,1,1778967711
1303,tw,1767312000,29.2,20.76,0.365,57.0,-5.316,-0.4326,-3,19.35,-2224.0,8.596,1,1778967711
1303,tw,1767571200,34.72,20.97,0.434,55.6,-2.456,0.1642,1,18.71,-3672.0,16.367,1,1778967711
1303,tw,1767657600,43.65,24.13,0.546,58.9,5.935,0.2076,2,19.35,-262.0,5.603,1,1778967711
1303,tw,1767744000,63.72,24.01,0.797,64.7,9.847,0.5694,3,18.06,6412.0,-2.009,0,1778967711
1303,tw,1767830400,41.09,20.2,0.514,67.0,3.555,0.4934,4,16.13,-10156.0,4.03,1,1778967711
1303,tw,1767916800,25.87,15.56,0.323,61.9,-7.612,-0.1884,-1,14.84,-712.0,19.225,1,1778967711
1303,tw,1768176000,53.37,16.62,0.667,64.7,4.523,0.1442,1,12.26,1935.0,22.72,1,1778967711
1303,tw,1768262400,43.69,13.45,0.546,62.2,-3.864,-0.0511,-1,11.61,443.0,22.83,1,1778967711
1303,tw,1768348800,34.78,14.55,0.435,63.4,1.929,0.0735,1,10.97,-758.0,16.246,1,1778967711
1303,tw,1768435200,60.25,15.66,0.753,69.7,9.937,0.6956,2,9.68,2987.0,11.621,1,1778967711
1303,tw,1768521600,52.99,11.21,0.662,73.8,5.882,0.3775,3,6.45,3186.0,4.472,1,1778967711
1303,tw,1768780800,49.32,7.22,0.617,79.4,7.588,-0.2471,-1,1.94,4902.0,2.897,0,1778967711
1303,tw,1768867200,23.28,2.52,0.291,76.4,-3.778,-0.0538,-2,0.65,-860.0,4.188,1,1778967711
1303,tw,1768953600,23.87,1.94,0.298,73.7,-3.534,0.0811,1,0.0,-3248.0,9.227,1,1778967711
1303,tw,1769040000,49.05,4.67,0.613,77.8,5.563,0.2973,2,0.0,301.0,-0.9,0,1778967711
1303,tw,1769126400,26.89,2.73,0.336,77.1,-0.9,0.1588,3,0.0,-3816.0,-1.556,0,1778967711
1303,tw,1769385600,48.79,4.79,0.61,81.7,5.966,0.1656,4,0.0,2440.0,-13.586,-1,1778967711
1303,tw,1769472000,24.06,2.23,0.301,79.6,-2.57,-0.0736,-1,0.0,-1396.0,-8.291,-1,1778967711
1303,tw,1769558400,29.63,3.99,0.37,80.5,1.131,0.2347,1,0.65,-3602.0,-3.602,-1,1778967711
1303,tw,1769644800,23.8,3.67,0.297,77.1,-4.224,0.0099,2,1.94,-2218.0,-3.372,-1,1778967711
1303,tw,1769731200,42.72,6.4,0.534,75.9,-1.556,0.0681,3,3.87,361.0,-3.162,-1,1778967711
1303,tw,1769990400,22.89,6.72,0.286,70.6,-6.983,-0.0067,-1,5.81,-2533.0,10.482,1,1778967711
1303,tw,1770076800,34.14,11.12,0.427,73.0,3.399,0.0391,1,7.1,-1233.0,-0.274,0,1778967711
1303,tw,1770163200,52.22,12.63,0.653,77.6,6.301,0.0104,2,7.74,3630.0,1.546,0,1778967711
1303,tw,1770249600,41.66,10.19,0.521,74.5,-3.995,-0.1084,-1,8.39,1019.0,12.215,1,1778967711
1303,tw,1770336000,45.62,12.28,0.57,73.5,-1.342,0.0239,1,9.68,1213.0,23.537,1,1778967711
1303,tw,1770595200,54.52,15.16,0.682,78.0,6.122,0.2478,2,10.32,1457.0,21.667,1,1778967711
1303,tw,1770681600,24.25,12.61,0.303,72.8,-6.667,-0.3768,-1,11.61,-1788.0,26.099,1,1778967711
1303,tw,1770768000,46.67,22.24,0.583,78.8,8.242,0.6094,1,16.77,-5362.0,13.579,1,1778967711
1303,tw,1771804800,57.09,20.96,0.714,83.6,6.091,0.1867,2,16.13,3304.0,1.675,0,1778967711
1303,tw,1771891200,57.93,17.19,0.724,90.8,8.612,0.3029,3,11.61,1098.0,-12.665,-1,1778967711
1303,tw,1771977600,38.1,14.03,0.476,94.9,4.515,0.3496,4,9.68,-2633.0,-13.172,-1,1778967711
1303,tw,1772064000,27.91,11.05,0.349,91.8,-3.267,-0.0685,-1,9.03,-1703.0,-10.349,-1,1778967711
1303,tw,1772409600,43.78,10.64,0.547,89.5,-2.505,0.018,1,8.39,216.0,-17.207,-1,1778967711
1303,tw,1772496000,40.14,9.88,0.502,85.0,-5.028,-0.2063,-1,8.39,3002.0,-8.588,-1,1778967711
1303,tw,1772582400,25.81,10.67,0.323,79.3,-6.706,0.1353,1,9.68,-5145.0,3.909,1,1778967711
1303,tw,1772668800,49.4,13.85,0.618,82.4,3.909,-0.2698,-1,9.68,3049.0,-5.947,-1,1778967711
1303,tw,1772755200,46.55,13.28,0.582,82.3,-0.121,-0.0968,-2,10.32,1502.0,1.458,0,1778967711
1303,tw,1773014400,20.47,7.75,0.256,74.1,-9.964,-0.0872,-3,7.74,-1769.0,20.378,1,1778967711
1303,tw,1773100800,36.58,12.85,0.457,77.7,4.858,0.1046,1,8.39,-1820.0,10.039,1,1778967711
1303,tw,1773187200,51.88,14.49,0.648,82.4,6.049,-0.2022,-1,9.68,12411.0,4.612,1,1778967711
1303,tw,1773273600,41.88,16.06,0.524,77.5,-5.947,-0.3186,-2,14.84,1612.0,8.645,1,1778967711
1303,tw,1773360000,43.53,20.16,0.544,83.5,7.742,0.2742,1,14.84,-2159.0,-6.108,-1,1778967711
1303,tw,1773619200,55.54,19.24,0.694,89.2,6.826,-0.0756,-1,14.19,6425.0,-17.265,-1,1778967711
1303,tw,1773705600,29.0,16.6,0.363,85.5,-4.148,-0.2542,-2,14.84,-2255.0,-15.439,-1,1778967711
1303,tw,1773792000,35.73,19.38,0.447,86.2,0.819,-0.0308,-3,16.13,-815.0,-11.833,-1,1778967711
1303,tw,1773878400,32.41,18.43,0.405,84.2,-2.32,-0.0675,-4,16.13,-866.0,-11.164,-1,1778967711
1303,tw,1773964800,42.33,17.7,0.529,78.4,-6.888,-0.2325,-5,16.77,783.0,-5.357,-1,1778967711
1303,tw,1774224000,43.78,16.72,0.547,73.8,-5.867,-0.0182,-6,15.48,780.0,10.298,1,1778967711
1303,tw,1774310400,31.61,14.65,0.395,72.3,-2.033,0.1031,1,12.26,-909.0,2.213,0,1778967711
1303,tw,1774396800,38.99,17.44,0.487,76.0,5.118,0.0839,2,12.9,-842.0,3.553,1,1778967711
1303,tw,1774483200,47.54,17.37,0.594,74.8,-1.579,-0.0605,-1,14.84,1498.0,3.075,1,1778967711
1303,tw,1774569600,49.4,18.89,0.618,74.2,-0.802,0.028,1,16.13,254.0,8.491,1,1778967711
1303,tw,1774828800,46.46,22.68,0.581,81.4,9.704,0.2741,2,16.77,-5888.0,4.545,1,1778967711
1303,tw,1774915200,39.31,16.37,0.491,73.9,-9.214,-0.3084,-1,16.13,1086.0,15.291,1,1778967711
1303,tw,1775001600,57.06,20.43,0.713,78.7,6.495,0.1645,1,15.48,2052.0,3.685,1,1778967711
1303,tw,1775088000,32.71,18.52,0.409,77.1,-2.033,-0.0644,-1,16.13,-676.0,11.154,1,1778967711
1303,tw,1775520000,54.73,20.45,0.684,80.5,4.41,0.0504,1,16.13,530.0,10.559,1,1778967711
1303,tw,1775606400,56.63,21.48,0.708,85.1,5.714,0.1065,2,16.77,967.0,3.995,1,1778967711
1303,tw,1775692800,49.94,17.23,0.624,85.2,0.118,0.1446,3,14.19,3794.0,6.221,1,1778967711
1303,tw,1775779200,43.95,16.57,0.549,81.6,-4.225,-0.2496,-1,14.84,1149.0,7.475,1,1778967711
1303,tw,1776038400,40.54,18.7,0.507,85.7,5.025,0.2849,1,14.19,-2317.0,0.0,0,1778967711
1303,tw,1776124800,38.78,16.42,0.485,89.0,3.851,0.3589,2,12.26,-3386.0,-0.674,0,1778967711
1303,tw,1776211200,34.44,15.09,0.43,88.5,-0.562,0.3737,3,12.26,-7210.0,1.017,0,1778967711
1303,tw,1776297600,49.79,12.71,0.622,90.5,2.26,0.2029,4,9.03,901.0,-5.856,-1,1778967711
1303,tw,1776384000,42.61,10.46,0.533,87.7,-3.094,-0.0977,-1,8.39,1011.0,-2.052,0,1778967711
1303,tw,1776643200,28.15,9.42,0.352,85.7,-2.281,-0.0241,-2,7.1,-1359.0,2.45,0,1778967711
1303,tw,1776729600,34.45,10.4,0.431,88.4,3.151,0.214,1,6.45,-1735.0,1.244,0,1778967711
1303,tw,1776816000,47.07,9.79,0.588,89.4,1.131,0.142,2,6.45,340.0,2.461,0,1778967711
1303,tw,1776902400,27.84,13.2,0.348,85.2,-4.698,-0.0525,-1,11.61,-1702.0,5.164,1,1778967711
1303,tw,1776988800,49.71,16.8,0.621,85.9,0.822,0.023,1,13.55,1306.0,2.91,0,1778967711
1303,tw,1777248000,39.47,23.01,0.493,87.8,2.212,0.1176,2,19.35,-1853.0,7.062,1,1778967711
1303,tw,1777334400,39.46,22.93,0.493,89.5,1.936,0.1691,3,19.35,-3186.0,4.804,1,1778967711
1303,tw,1777420800,39.67,22.41,0.496,91.6,2.346,0.1938,4,18.71,-552.0,-1.419,0,1778967711
1303,tw,1777507200,48.6,21.69,0.608,89.6,-2.183,-0.1781,-1,19.35,2022.0,-1.116,0,1778967711
1303,tw,1777852800,34.91,21.95,0.436,88.4,-1.339,-0.0859,-2,19.35,-1206.0,3.507,1,1778967711
1303,tw,1777939200,60.78,24.25,0.76,94.0,6.335,0.5541,1,19.35,5093.0,-5.213,-1,1778967711
1303,tw,1778025600,51.29,22.29,0.641,93.8,-0.213,-0.034,-1,19.35,5401.0,-7.783,-1,1778967711
1303,tw,1778112000,46.93,21.23,0.587,90.3,-3.731,-0.2026,-2,19.35,986.0,-5.537,-1,1778967711
1303,tw,1778198400,49.24,21.79,0.616,88.6,-1.883,-0.1104,-3,19.35,221.0,-3.725,-1,1778967711
2002,tw,1763424000,25.24,2.67,0.316,17.75,-1.114,-0.1284,-15,0.0,-79.0,0.282,0,1778967713
2002,tw,1763510400,26.12,2.92,0.326,17.7,-0.282,-0.1199,-16,0.0,-27.0,2.542,0,1778967713
2002,tw,1763596800,42.1,3.08,0.526,17.75,0.282,-0.037,-17,0.0,191.0,2.535,0,1778967713
2002,tw,1763683200,43.06,6.83,0.538,17.65,-0.563,-0.0755,-18,4.0,32.0,3.399,1,1778967713
2002,tw,1763942400,50.93,17.01,0.637,18.05,2.266,-0.0008,-19,13.33,209.0,3.047,1,1778967713
2002,tw,1764028800,48.85,19.72,0.611,17.8,-1.385,-0.0679,-20,17.14,409.0,5.899,1,1778967713
2002,tw,1764115200,52.62,21.09,0.658,18.15,1.966,-0.0187,-20,17.5,711.0,4.959,1,1778967713
2002,tw,1764201600,36.07,20.86,0.451,18.2,0.275,-0.0201,-20,17.78,-54.0,3.846,1,1778967713
2002,tw,1764288000,36.41,21.08,0.455,18.25,0.275,0.0279,1,18.0,-31.0,2.466,0,1778967713
2002,tw,1764547200,37.48,19.94,0.468,18.6,1.918,0.0762,2,16.36,-221.0,0.0,0,1778967713
2002,tw,1764633600,34.5,15.07,0.431,18.85,1.344,0.0645,3,11.67,-183.0,-2.122,0,1778967713
2002,tw,1764720000,31.4,9.47,0.393,19.05,1.061,0.0528,4,6.15,-617.0,-3.937,-1,1778967713
2002,tw,1764806400,26.01,2.76,0.325,18.9,-0.787,-0.0412,-1,0.0,-269.0,-2.91,0,1778967713
2002,tw,1764892800,25.83,2.68,0.323,18.7,-1.058,-0.0224,-2,0.0,-46.0,0.267,0,1778967713
2002,tw,1765152000,26.52,2.84,0.332,18.6,-0.535,0.0115,1,0.0,-16.0,1.882,0,1778967713
2002,tw,1765238400,41.09,2.76,0.514,18.45,-0.806,-0.0198,-1,0.0,132.0,0.542,0,1778967713
2002,tw,1765324800,41.57,3.87,0.52,18.3,-0.813,-0.0342,-2,1.11,238.0,0.546,0,1778967713
2002,tw,1765411200,43.34,5.19,0.542,18.35,0.273,0.0022,1,2.11,581.0,-0.545,0,1778967713
2002,tw,1765497600,44.49,3.65,0.556,18.75,2.18,0.0613,2,0.0,359.0,0.533,0,1778967713
2002,tw,1765756800,27.56,3.32,0.344,18.95,1.067,-0.1018,-1,0.0,-121.0,-0.792,0,1778967713
2002,tw,1765843200,24.85,4.19,0.311,18.55,-2.111,-0.1895,-2,1.82,-133.0,0.27,0,1778967713
2002,tw,1765929600,44.76,11.46,0.559,18.4,-0.809,-0.1564,-3,8.7,287.0,0.815,0,1778967713
2002,tw,1766016000,46.67,14.43,0.583,18.25,-0.815,-0.0708,-4,11.67,39.0,3.288,1,1778967713
2002,tw,1766102400,38.06,18.39,0.476,18.85,3.288,0.1137,1,14.4,-79.0,1.326,0,1778967713
2002,tw,1766361600,49.01,18.3,0.613,18.8,-0.265,-0.0831,-1,15.38,766.0,2.394,0,1778967713
2002,tw,1766448000,49.08,19.72,0.614,18.6,-1.064,-0.0743,-2,17.04,364.0,2.151,0,1778967713
2002,tw,1766534400,50.2,20.06,0.628,18.55,-0.269,-0.0199,-3,17.14,241.0,1.078,0,1778967713
2002,tw,1766707200,37.99,21.42,0.475,18.85,1.617,0.0806,1,17.93,-382.0,-1.326,0,1778967713
2002,tw,1766966400,52.81,20.07,0.66,19.1,1.326,0.2294,2,16.67,1361.0,-3.141,-1,1778967713
2002,tw,1767052800,50.44,18.08,0.63,19.25,0.785,0.046,3,14.84,392.0,1.039,0,1778967713
2002,tw,1767139200,47.28,16.8,0.591,19.0,-1.299,-0.1039,-1,14.19,1417.0,0.789,0,1778967713
2002,tw,1767312000,48.14,18.09,0.602,18.75,-1.316,-0.0569,-2,15.48,300.0,1.333,0,1778967713
2002,tw,1767571200,48.72,18.24,0.609,18.6,-0.8,-0.0447,-3,15.48,707.0,5.108,1,1778967713
2002,tw,1767657600,33.54,17.68,0.419,18.5,-0.538,-0.068,-4,14.84,-1647.0,5.135,1,1778967713
2002,tw,1767744000,54.92,14.86,0.687,19.45,5.135,0.5254,1,10.32,192.0,-0.257,0,1778967713
2002,tw,1767830400,43.47,10.93,0.543,19.15,-1.542,-0.2366,-1,8.39,3159.0,1.567,0,1778967713
2002,tw,1767916800,45.43,13.09,0.568,19.0,-0.783,-0.1885,-2,10.32,1886.0,1.316,0,1778967713
2002,tw,1768176000,35.31,11.61,0.441,19.55,2.895,0.3092,1,7.74,-1529.0,0.512,0,1778967713
2002,tw,1768262400,29.85,10.59,0.373,19.45,-0.512,-0.101,-1,7.74,-33.0,-1.542,0,1778967713
2002,tw,1768348800,29.6,9.37,0.37,19.4,-0.257,-0.0733,-2,6.45,-635.0,-2.32,0,1778967713
2002,tw,1768435200,45.58,9.53,0.57,19.45,0.258,0.02,1,6.45,486.0,-2.314,0,1778967713
2002,tw,1768521600,45.1,11.72,0.564,19.25,-1.028,-0.0766,-1,9.03,510.0,-0.519,0,1778967713
2002,tw,1768780800,35.0,13.3,0.438,19.65,2.078,0.217,1,9.68,-924.0,0.0,0,1778967713
2002,tw,1768867200,42.84,11.92,0.536,19.15,-2.545,-0.2909,-1,9.68,1401.0,1.044,0,1778967713
2002,tw,1768953600,44.78,12.37,0.56,18.95,-1.044,-0.2022,-2,9.68,726.0,3.43,1,1778967713
2002,tw,1769040000,47.56,14.05,0.595,19.0,0.264,-0.0368,-3,10.97,140.0,8.947,1,1778967713
2002,tw,1769126400,50.33,16.79,0.629,19.15,0.789,0.1532,1,13.55,138.0,8.355,1,1778967713
2002,tw,1769385600,38.43,16.04,0.48,19.65,2.611,0.5379,2,12.26,-2887.0,7.379,1,1778967713
2002,tw,1769472000,45.39,14.15,0.567,19.35,-1.527,-0.1772,-1,11.61,783.0,6.718,1,1778967713
2002,tw,1769558400,48.56,12.42,0.607,19.6,1.292,0.1506,1,9.03,425.0,6.888,1,1778967713
2002,tw,1769644800,49.08,4.68,0.614,20.7,5.612,0.2945,2,0.0,6290.0,1.208,0,1778967713
2002,tw,1769731200,27.73,3.07,0.347,20.75,0.242,0.0971,3,0.0,-252.0,-1.687,0,1778967713
2002,tw,1769990400,30.66,3.51,0.383,21.1,1.687,0.3944,4,0.0,-2056.0,-3.555,-1,1778967713
2002,tw,1770076800,24.83,3.01,0.31,20.65,-2.133,-0.0732,-1,0.65,-923.0,-0.726,0,1778967713
2002,tw,1770163200,30.24,3.44,0.378,20.95,1.453,0.3569,1,0.0,-1314.0,-0.239,0,1778967713
2002,tw,1770249600,27.48,3.0,0.343,20.95,0.0,0.0958,2,0.0,-445.0,-2.387,0,1778967713
2002,tw,1770336000,24.45,2.86,0.306,20.4,-2.625,-0.0507,-1,0.65,-1828.0,1.471,0,1778967713
2002,tw,1770595200,27.55,3.58,0.344,20.35,-0.245,0.0937,1,0.65,-2224.0,4.423,1,1778967713
2002,tw,1770681600,28.63,3.87,0.358,20.5,0.737,0.1129,2,0.65,-783.0,1.22,0,1778967713
2002,tw,1770768000,30.81,3.59,0.385,20.9,1.951,0.372,3,0.0,-363.0,-3.11,-1,1778967713
2002,tw,1771804800,40.21,3.64,0.503,20.45,-2.153,-0.0562,-1,1.29,1127.0,-1.956,0,1778967713
2002,tw,1771891200,31.4,7.24,0.392,20.7,1.222,0.2484,1,3.87,-538.0,-7.246,-1,1778967713
2002,tw,1771977600,33.07,3.8,0.413,21.25,2.657,0.6816,2,0.0,-118.0,-9.176,-1,1778967713
2002,tw,1772064000,41.1,7.45,0.514,20.75,-2.353,-0.2259,-1,5.16,1212.0,-4.096,-1,1778967713
2002,tw,1772409600,42.36,10.02,0.53,20.25,-2.41,-0.2197,-2,7.74,515.0,-5.432,-1,1778967713
2002,tw,1772496000,30.57,11.09,0.382,20.05,-0.988,0.0719,1,8.39,-979.0,-4.239,-1,1778967713
2002,tw,1772582400,41.33,11.41,0.517,19.2,-4.239,-0.2548,-1,9.68,609.0,1.563,0,1778967713
2002,tw,1772668800,45.99,11.55,0.575,19.3,0.521,-0.1451,-2,8.39,677.0,0.259,0,1778967713
2002,tw,1772755200,36.22,14.9,0.453,19.9,3.109,0.1253,1,10.97,-229.0,-4.02,-1,1778967713
2002,tw,1773014400,25.89,10.26,0.324,19.15,-3.769,-0.3064,-1,8.39,-386.0,0.0,0,1778967713
2002,tw,1773100800,45.67,10.82,0.571,19.2,0.261,-0.093,-2,7.74,613.0,0.26,0,1778967713
2002,tw,1773187200,32.24,9.92,0.403,19.5,1.563,0.0897,1,6.45,-212.0,-1.026,0,1778967713
2002,tw,1773273600,44.56,9.22,0.557,19.35,-0.769,0.02,2,6.45,113.0,-2.842,0,1778967713
2002,tw,1773360000,42.67,9.06,0.533,19.1,-1.292,-0.2534,-1,6.45,1041.0,1.832,0,1778967713
2002,tw,1773619200,29.91,9.53,0.374,19.15,0.262,-0.1148,-2,6.45,-44.0,-0.522,0,1778967713
2002,tw,1773705600,46.37,10.9,0.58,19.25,0.522,-0.0049,-3,7.74,60.0,-0.26,0,1778967713
2002,tw,1773792000,45.92,10.82,0.574,19.3,0.26,-0.041,-4,7.74,1914.0,0.0,0,1778967713
2002,tw,1773878400,36.81,5.45,0.46,18.8,-2.591,-0.8419,-5,3.23,1117.0,5.053,1,1778967713
2002,tw,1773964800,35.04,9.85,0.438,19.45,3.457,0.3359,1,5.81,-688.0,0.771,0,1778967713
2002,tw,1774224000,42.76,12.7,0.535,19.05,-2.057,-0.4686,-1,10.32,819.0,0.525,0,1778967713
2002,tw,1774310400,33.46,14.21,0.418,19.2,0.787,0.0373,1,10.97,-525.0,-1.563,0,1778967713
2002,tw,1774396800,35.57,18.64,0.445,19.3,0.521,0.0623,2,15.48,-214.0,1.036,0,1778967713
2002,tw,1774483200,40.6,23.05,0.507,19.75,2.332,0.3178,3,19.35,-1708.0,-1.266,0,1778967713
2002,tw,1774569600,50.93,22.12,0.637,19.6,-0.759,0.0029,4,19.35,6.0,-0.51,0,1778967713
2002,tw,1774828800,48.27,21.66,0.603,19.15,-2.296,-0.2222,-1,19.35,2442.0,4.178,1,1778967713
2002,tw,1774915200,50.41,21.96,0.63,18.9,-1.305,0.0088,1,19.35,1276.0,6.878,1,1778967713
2002,tw,1775001600,40.47,22.66,0.506,19.5,3.175,0.1882,2,18.71,-1388.0,2.821,0,1778967713
2002,tw,1775088000,36.89,21.06,0.461,19.5,0.0,0.1717,3,18.06,-219.0,3.59,1,1778967713
2002,tw,1775520000,51.96,22.35,0.649,19.5,0.0,0.0564,4,19.35,313.0,5.128,1,1778967713
2002,tw,1775606400,49.33,20.46,0.617,19.95,2.308,0.328,5,16.77,-900.0,0.752,0,1778967713
2002,tw,1775692800,47.9,18.86,0.599,20.2,1.253,0.3814,6,15.48,-170.0,-1.238,0,1778967713
2002,tw,1775779200,58.78,16.97,0.735,20.05,-0.743,0.0848,7,14.19,122.0,0.249,0,1778967713
2002,tw,1776038400,60.36,16.77,0.754,20.2,0.748,0.1665,8,13.55,1228.0,-1.733,0,1778967713
2002,tw,1776124800,46.68,16.35,0.584,20.5,1.485,0.3492,9,12.9,-567.0,-3.659,-1,1778967713
2002,tw,1776211200,30.75,14.02,0.384,20.1,-1.951,-0.0199,-1,11.61,-1579.0,-2.736,0,1778967713
2002,tw,1776297600,47.39,13.75,0.592,19.95,-0.746,0.1308,1,10.97,770.0,-4.01,-1,1778967713
2002,tw,1776384000,48.33,13.55,0.604,20.1,0.752,0.083,2,10.32,71.0,-5.473,-1,1778967713
2002,tw,1776643200,47.21,15.53,0.59,19.85,-1.244,0.0015,3,12.9,46.0,-5.542,-1,1778967713
2002,tw,1776729600,47.95,15.75,0.599,19.75,-0.504,0.0014,4,12.9,222.0,-5.063,-1,1778967713
2002,tw,1776816000,47.38,16.25,0.592,19.55,-1.013,-0.0758,-1,13.55,485.0,-2.813,0,1778967713
2002,tw,1776902400,44.53,15.29,0.557,19.15,-2.046,-0.3745,-2,12.9,2043.0,-2.089,0,1778967713
2002,tw,1776988800,45.59,14.38,0.57,19.0,-0.783,-0.2857,-3,11.61,2253.0,-2.105,0,1778967713
2002,tw,1777248000,42.01,9.06,0.525,18.75,-1.316,-0.3795,-4,6.45,1099.0,-0.8,0,1778967713
2002,tw,1777334400,43.38,8.81,0.542,18.75,0.0,-0.3055,-5,5.81,824.0,0.267,0,1778967713
2002,tw,1777420800,44.82,8.56,0.56,19.0,1.333,-0.2191,-6,5.16,115.0,-0.789,0,1778967713
2002,tw,1777507200,41.67,7.13,0.521,18.75,-1.316,-0.2551,-7,4.52,618.0,0.0,0,1778967713
2002,tw,1777852800,42.18,6.63,0.527,18.6,-0.8,-0.1905,-8,3.87,999.0,0.0,0,1778967713
2002,tw,1777939200,42.56,5.58,0.532,18.6,0.0,-0.1459,-9,2.58,929.0,-0.538,0,1778967713
2002,tw,1778025600,43.77,5.26,0.547,18.8,1.075,-0.0552,-10,1.94,827.0,-2.128,0,1778967713
2002,tw,1778112000,43.04,4.37,0.538,18.85,0.266,0.0264,1,1.29,793.0,-2.918,0,1778967713
2002,tw,1778198400,41.78,4.78,0.522,18.75,-0.531,-0.1311,-1,1.94,566.0,-3.2,-1,1778967713
2207,tw,1763424000,40.67,2.6,0.508,593.0,-1.331,0.0001,3,0.0,2.0,1.518,0,1778967716
2207,tw,1763510400,43.18,3.35,0.54,600.0,1.18,0.0003,4,0.0,1.0,0.833,0,1778967716
2207,tw,1763596800,38.17,3.35,0.477,607.0,1.167,0.0016,5,0.0,-9.0,-0.824,0,1778967716
2207,tw,1763683200,39.32,3.69,0.491,621.0,2.306,0.0022,6,0.0,-3.0,-1.771,0,1778967716
2207,tw,1763942400,51.52,2.86,0.644,618.0,-0.483,0.0007,7,0.0,3.0,-4.693,-1,1778967716
2207,tw,1764028800,39.41,2.22,0.493,602.0,-2.589,-0.0004,-1,0.0,6.0,-2.159,0,1778967716
2207,tw,1764115200,27.5,3.15,0.344,605.0,0.498,0.0002,1,0.0,-6.0,-3.14,-1,1778967716
2207,tw,1764201600,44.84,9.52,0.56,602.0,-0.496,0.0001,2,6.67,1.0,-2.326,0,1778967716
2207,tw,1764288000,32.33,11.4,0.404,610.0,1.329,0.0003,3,8.0,-1.0,-3.607,-1,1778967716
2207,tw,1764547200,43.09,11.06,0.539,589.0,-3.443,-0.0016,-1,9.09,4.0,0.849,0,1778967716
2207,tw,1764633600,39.83,14.67,0.498,589.0,0.0,-0.0005,-2,11.67,0.0,0.34,0,1778967716
2207,tw,1764720000,47.64,15.16,0.596,586.0,-0.509,-0.0005,-3,12.31,3.0,2.048,0,1778967716
2207,tw,1764806400,33.77,15.96,0.422,588.0,0.341,-0.0002,-4,12.86,-2.0,0.68,0,1778967716
2207,tw,1764892800,48.66,16.33,0.608,588.0,0.0,-0.0002,-5,13.33,1.0,1.19,0,1778967716
2207,tw,1765152000,34.9,17.06,0.436,594.0,1.02,0.0001,1,13.75,-1.0,1.347,0,1778967716
2207,tw,1765238400,40.55,16.97,0.507,591.0,-0.505,-0.0001,-1,14.12,0.0,1.015,0,1778967716
2207,tw,1765324800,35.41,17.8,0.443,598.0,1.184,0.0003,1,14.44,-4.0,-2.174,0,1778967716
2207,tw,1765411200,40.89,18.49,0.511,592.0,-1.003,0.0005,2,15.79,0.0,-100.0,-1,1778967716
2207,tw,1765497600,35.51,19.15,0.444,595.0,0.507,0.0008,3,16.0,-1.0,-2.353,0,1778967716
2207,tw,1765756800,42.8,18.59,0.535,602.0,1.176,0.0001,4,15.24,0.0,-5.482,-1,1778967716
2207,tw,1765843200,41.34,19.11,0.517,597.0,-0.831,-0.0018,-1,16.36,0.0,-5.528,-1,1778967716
2207,tw,1765929600,46.49,15.44,0.581,585.0,-2.01,-0.0046,-2,13.04,23.0,-3.932,-1,1778967716
2207,tw,1766016000,24.0,0.0,0.3,0.0,-100.0,0.0,-3,0.0,0.0,0,0,1778967716
2207,tw,1766102400,42.37,3.8,0.53,581.0,0,-0.0052,-4,0.8,9.0,-3.27,-1,1778967716
2207,tw,1766361600,40.29,3.15,0.504,569.0,-2.065,-0.0056,-5,0.77,13.0,-2.285,0,1778967716
2207,tw,1766448000,41.1,2.74,0.514,564.0,-0.879,-0.0043,-6,0.0,2.0,-2.482,0,1778967716
2207,tw,1766534400,41.62,2.89,0.52,562.0,-0.355,-0.0059,-7,0.0,14.0,-2.847,0,1778967716
2207,tw,1766707200,26.81,2.95,0.335,561.0,-0.178,-0.0029,-8,0.0,-1.0,-2.139,0,1778967716
2207,tw,1766966400,27.5,3.72,0.344,562.0,0.178,-0.0018,-9,0.67,-2.0,-2.669,0,1778967716
2207,tw,1767052800,40.93,2.68,0.512,556.0,-1.068,-0.0004,-10,0.0,2.0,-2.158,0,1778967716
2207,tw,1767139200,40.91,2.68,0.511,550.0,-1.079,-0.002,-11,0.0,4.0,-2.0,0,1778967716
2207,tw,1767312000,41.26,2.78,0.516,546.0,-0.727,-0.0019,-12,0.0,5.0,-0.366,0,1778967716
2207,tw,1767571200,34.55,3.16,0.432,549.0,0.549,-0.0003,-13,0.0,0.0,-1.639,0,1778967716
2207,tw,1767657600,41.63,2.89,0.52,547.0,-0.364,-0.0013,-14,0.0,2.0,-1.097,0,1778967716
2207,tw,1767744000,41.44,2.84,0.518,544.0,-0.548,-0.0015,-15,0.0,6.0,2.39,0,1778967716
2207,tw,1767830400,41.08,2.72,0.513,539.0,-0.919,-0.0004,-16,0.0,3.0,2.412,0,1778967716
2207,tw,1767916800,43.25,3.93,0.541,544.0,0.928,-0.0008,-17,0.65,3.0,0.735,0,1778967716
2207,tw,1768176000,33.91,4.07,0.424,540.0,-0.735,-0.0007,-18,1.29,0.0,0.37,0,1778967716
2207,tw,1768262400,28.8,6.29,0.36,541.0,0.185,-0.001,-19,3.23,-3.0,-0.37,0,1778967716
2207,tw,1768348800,32.54,9.05,0.407,557.0,2.957,-0.0002,-20,5.16,-14.0,-4.847,-1,1778967716
2207,tw,1768435200,44.65,9.83,0.558,552.0,-0.898,-0.0007,-20,7.1,3.0,-5.072,-1,1778967716
2207,tw,1768521600,46.11,12.46,0.576,548.0,-0.725,-0.0011,-20,9.68,5.0,-3.832,-1,1778967716
2207,tw,1768780800,48.64,18.15,0.608,542.0,-1.095,-0.0004,-20,15.48,1.0,-1.476,0,1778967716
2207,tw,1768867200,42.15,20.25,0.527,539.0,-0.554,-0.0008,-20,17.42,0.0,0.557,0,1778967716
2207,tw,1768953600,48.71,19.27,0.609,530.0,-1.67,-0.0016,-20,16.77,5.0,2.453,0,1778967716
2207,tw,1769040000,48.29,17.5,0.604,524.0,-1.132,-0.0001,-20,14.84,6.0,3.244,1,1778967716
2207,tw,1769126400,49.66,17.36,0.621,527.0,0.573,-0.0005,-20,14.19,2.0,3.226,1,1778967716
2207,tw,1769385600,50.75,18.24,0.634,534.0,1.328,0.001,1,14.84,1.0,-0.936,0,1778967716
2207,tw,1769472000,38.18,22.8,0.477,542.0,1.498,0.0007,2,19.35,-2.0,-2.952,0,1778967716
2207,tw,1769558400,51.86,22.41,0.648,543.0,0.185,-0.0002,-1,19.35,3.0,-3.499,-1,1778967716
2207,tw,1769644800,36.31,22.24,0.454,541.0,-0.368,0.0006,1,19.35,-3.0,-3.697,-1,1778967716
2207,tw,1769731200,37.23,22.52,0.465,544.0,0.555,-0.0004,-1,19.35,-3.0,-3.676,-1,1778967716
2207,tw,1769990400,48.27,20.23,0.603,529.0,-2.757,-0.0014,-2,18.06,7.0,0.189,0,1778967716
2207,tw,1770076800,41.82,19.6,0.523,526.0,-0.567,-0.0003,-3,16.77,0.0,1.331,0,1778967716
2207,tw,1770163200,48.71,17.08,0.609,524.0,-0.38,-0.0005,-4,14.19,1.0,4.771,1,1778967716
2207,tw,1770249600,39.56,15.09,0.494,521.0,-0.573,-0.0003,-5,12.26,0.0,5.374,1,1778967716
2207,tw,1770336000,33.06,14.14,0.413,524.0,0.576,-0.0004,-6,10.97,-1.0,6.679,1,1778967716
2207,tw,1770595200,33.31,13.66,0.416,530.0,1.145,0.0003,1,10.32,-1.0,5.094,1,1778967716
2207,tw,1770681600,32.73,13.49,0.409,533.0,0.566,0.0003,2,10.32,-1.0,9.756,1,1778967716
2207,tw,1770768000,36.79,17.45,0.46,549.0,3.002,0.0019,3,13.55,-3.0,4.736,1,1778967716
2207,tw,1771804800,33.78,16.55,0.422,549.0,0.0,0.0014,4,13.55,-1.0,0.182,0,1778967716
2207,tw,1771891200,42.7,11.29,0.534,559.0,1.821,0.0026,5,7.74,-15.0,-6.261,-1,1778967716
2207,tw,1771977600,39.87,9.34,0.498,557.0,-0.358,0.0014,6,6.45,-6.0,-7.181,-1,1778967716
2207,tw,1772064000,44.94,10.32,0.562,585.0,5.027,0.0024,7,5.81,-5.0,-12.479,-1,1778967716
2207,tw,1772409600,42.87,7.65,0.536,575.0,-1.709,-0.0002,-1,5.16,1.0,-12.174,-1,1778967716
2207,tw,1772496000,40.23,6.86,0.503,550.0,-4.348,-0.0009,-2,5.16,4.0,-8.909,-1,1778967716
2207,tw,1772582400,39.52,6.1,0.494,524.0,-4.727,-0.0018,-3,4.52,3.0,-2.863,0,1778967716
2207,tw,1772668800,42.27,5.83,0.528,517.0,-1.336,-0.0024,-4,3.23,11.0,-4.255,-1,1778967716
2207,tw,1772755200,42.31,5.29,0.529,512.0,-0.967,-0.003,-5,2.58,9.0,-4.59,-1,1778967716
2207,tw,1773014400,26.6,4.53,0.332,505.0,-1.367,-0.0007,-6,1.94,-10.0,-4.752,-1,1778967716
2207,tw,1773100800,33.85,4.05,0.423,501.0,-0.792,-0.0015,-7,1.29,0.0,5.389,1,1778967716
2207,tw,1773187200,28.91,4.13,0.361,509.0,1.597,-0.0015,-8,0.65,-1.0,-1.572,0,1778967716
2207,tw,1773273600,39.23,2.17,0.49,495.0,-2.75,-0.0041,-9,0.0,3.0,-1.919,0,1778967716
2207,tw,1773360000,40.67,2.61,0.508,488.5,-1.313,-0.0029,-10,0.0,6.0,1.535,0,1778967716
2207,tw,1773619200,40.46,2.54,0.506,481.0,-1.535,-0.0011,-11,0.0,6.0,0.0,0,1778967716
2207,tw,1773705600,37.09,6.58,0.464,528.0,9.771,-0.0015,-12,0.65,-23.0,-8.428,-1,1778967716
2207,tw,1773792000,36.88,1.47,0.461,501.0,-5.114,-0.0008,-13,0.0,9.0,-0.399,0,1778967716
2207,tw,1773878400,38.9,2.07,0.486,485.5,-3.094,-0.0018,-14,0.0,3.0,4.428,1,1778967716
2207,tw,1773964800,29.16,3.65,0.365,496.0,2.163,0.0004,1,0.0,-2.0,0.302,0,1778967716
2207,tw,1774224000,38.97,2.09,0.487,481.0,-3.024,-0.0016,-1,0.0,4.0,3.742,1,1778967716
2207,tw,1774310400,42.52,3.16,0.531,483.5,0.52,-0.0004,-2,0.0,4.0,0.0,0,1778967716
2207,tw,1774396800,30.86,5.25,0.386,499.0,3.206,0.0011,1,1.29,-1.0,-1.503,0,1778967716
2207,tw,1774483200,30.23,6.71,0.378,507.0,1.603,0.0016,2,3.23,-12.0,-4.241,-1,1778967716
2207,tw,1774569600,43.35,8.89,0.542,497.5,-1.874,0.0,3,6.45,4.0,-2.814,0,1778967716
2207,tw,1774828800,32.46,13.41,0.406,499.0,0.302,0.0,4,10.32,-1.0,-0.701,0,1778967716
2207,tw,1774915200,30.98,16.26,0.387,483.5,-3.106,-0.0019,-1,14.19,-4.0,2.896,0,1778967716
2207,tw,1775001600,36.08,18.34,0.451,491.5,1.655,0.0006,1,14.84,-7.0,3.357,1,1778967716
2207,tw,1775088000,48.52,18.11,0.606,485.5,-1.221,-0.0001,-1,15.48,3.0,2.575,0,1778967716
2207,tw,1775520000,49.65,19.01,0.621,483.5,-0.412,-0.0005,-2,16.13,4.0,5.688,1,1778967716
2207,tw,1775606400,37.87,20.51,0.473,495.5,2.482,0.0003,1,16.77,-3.0,3.33,1,1778967716
2207,tw,1775692800,36.12,20.54,0.451,497.5,0.404,0.0005,2,17.42,-6.0,3.719,1,1778967716
2207,tw,1775779200,38.15,21.69,0.477,508.0,2.111,0.0018,3,18.06,-6.0,1.378,0,1778967716
2207,tw,1776038400,41.06,20.47,0.513,498.0,-1.969,0.0,4,18.06,0.0,1.807,0,1778967716
2207,tw,1776124800,47.68,19.91,0.596,511.0,2.61,0.0011,5,16.13,-5.0,1.37,0,1778967716
2207,tw,1776211200,45.26,19.19,0.566,512.0,0.196,0.0006,6,16.13,-2.0,1.367,0,1778967716
2207,tw,1776297600,47.46,22.58,0.593,516.0,0.781,0.0012,7,19.35,-1.0,-2.519,0,1778967716
2207,tw,1776384000,36.16,21.65,0.452,515.0,-0.194,-0.0002,-1,18.71,-2.0,-4.175,-1,1778967716
2207,tw,1776643200,49.8,21.24,0.622,507.0,-1.553,-0.0005,-2,18.71,4.0,-3.945,-1,1778967716
2207,tw,1776729600,36.27,17.84,0.453,518.0,2.17,0.0001,1,14.19,-5.0,-6.467,-1,1778967716
2207,tw,1776816000,41.61,17.9,0.52,519.0,0.193,-0.0,-1,14.84,0.0,-7.514,-1,1778967716
2207,tw,1776902400,48.27,20.79,0.603,503.0,-3.083,-0.0008,-2,18.71,1.0,-5.268,-1,1778967716
2207,tw,1776988800,33.82,19.85,0.423,493.5,-1.889,-0.0012,-3,17.42,-1.0,-4.154,-1,1778967716
2207,tw,1777248000,47.77,16.79,0.597,487.0,-1.317,-0.0012,-4,14.19,5.0,-1.848,0,1778967716
2207,tw,1777334400,38.0,11.88,0.475,484.5,-0.513,-0.0003,-5,9.03,0.0,-2.167,0,1778967716
2207,tw,1777420800,44.93,10.46,0.562,480.0,-0.929,-0.0017,-6,7.74,2.0,1.458,0,1778967716
2207,tw,1777507200,44.81,9.88,0.56,476.5,-0.729,-0.002,-7,7.1,4.0,2.204,0,1778967716
2207,tw,1777852800,44.16,8.59,0.552,473.0,-0.735,-0.0013,-8,5.81,3.0,0.529,0,1778967716
2207,tw,1777939200,45.63,8.48,0.57,478.0,1.057,-0.0009,-9,5.16,5.0,-1.674,0,1778967716
2207,tw,1778025600,28.42,7.27,0.355,474.0,-0.837,-0.0008,-10,4.52,-1.0,-0.105,0,1778967716
2207,tw,1778112000,31.68,7.69,0.396,487.0,2.743,0.0009,1,3.87,-2.0,-3.799,-1,1778967716
2207,tw,1778198400,43.61,6.23,0.545,487.0,0.0,-0.0001,-1,3.23,2.0,-3.901,-1,1778967716
5880,tw,1763424000,41.15,2.75,0.514,23.9,-0.83,-0.0034,-1,0.0,3.0,-0.209,0,1778967718
5880,tw,1763510400,33.57,2.87,0.42,23.8,-0.418,-0.0023,-2,0.0,0.0,0.63,0,1778967718
5880,tw,1763596800,35.64,18.32,0.445,24.05,1.05,0.0175,1,15.0,-3.0,-0.832,0,1778967718
5880,tw,1763683200,34.85,18.94,0.436,24.0,-0.208,0.0116,2,16.0,-66.0,-0.625,0,1778967718
5880,tw,1763942400,28.94,3.38,0.362,24.3,1.25,0.1383,3,0.0,-45.0,-2.058,0,1778967718
5880,tw,1764028800,39.82,2.44,0.498,23.85,-1.852,-0.0664,-1,0.0,177.0,0.0,0,1778967718
5880,tw,1764115200,43.6,5.63,0.545,23.95,0.419,-0.0143,-2,2.5,14.0,-0.626,0,1778967718
5880,tw,1764201600,42.51,5.09,0.531,23.85,-0.418,-0.0367,-3,2.22,2.0,0.21,0,1778967718
5880,tw,1764288000,30.86,11.0,0.386,23.85,0.0,-0.0281,-4,8.0,-18.0,0.419,0,1778967718
5880,tw,1764547200,45.23,10.21,0.565,23.8,-0.21,-0.0392,-5,7.27,8.0,1.05,0,1778967718
5880,tw,1764633600,45.49,9.73,0.569,23.85,0.21,-0.0105,-6,6.67,3.0,1.048,0,1778967718
5880,tw,1764720000,42.38,4.48,0.53,23.8,-0.21,-0.0357,-7,1.54,16.0,1.681,0,1778967718
5880,tw,1764806400,32.39,13.13,0.405,23.9,0.42,-0.0065,-8,10.0,-9.0,1.883,0,1778967718
5880,tw,1764892800,47.52,13.73,0.594,23.95,0.209,-0.0039,-9,10.67,2.0,2.088,0,1778967718
5880,tw,1765152000,32.57,13.13,0.407,24.05,0.418,0.0298,1,10.0,-161.0,2.287,0,1778967718
5880,tw,1765238400,29.16,6.59,0.364,24.1,0.208,0.0365,2,3.53,-14.0,2.075,0,1778967718
5880,tw,1765324800,42.78,3.12,0.535,24.2,0.415,0.0723,3,0.0,26.0,2.273,0,1778967718
5880,tw,1765411200,43.08,3.19,0.539,24.35,0.62,0.0921,4,0.0,70.0,1.437,0,1778967718
5880,tw,1765497600,37.99,3.12,0.475,24.45,0.411,0.1168,5,0.0,-41.0,1.227,0,1778967718
5880,tw,1765756800,37.87,3.18,0.473,24.6,0.613,0.052,6,0.0,-14.0,1.016,0,1778967718
5880,tw,1765843200,52.13,3.0,0.652,24.6,0.0,0.0261,7,0.0,9.0,0.813,0,1778967718
5880,tw,1765929600,52.88,3.18,0.661,24.75,0.61,0.0542,8,0.0,225.0,-0.808,0,1778967718
5880,tw,1766016000,51.85,2.94,0.648,24.7,-0.202,0.011,9,0.0,41.0,-0.81,0,1778967718
5880,tw,1766102400,37.65,3.06,0.471,24.75,0.202,0.0886,10,0.0,-150.0,-0.808,0,1778967718
5880,tw,1766361600,52.5,3.12,0.656,24.85,0.404,0.0192,11,0.0,113.0,-1.811,0,1778967718
5880,tw,1766448000,36.88,2.94,0.461,24.8,-0.201,0.0169,12,0.0,-64.0,-2.016,0,1778967718
5880,tw,1766534400,26.3,3.41,0.329,24.55,-1.008,-0.01,-1,0.71,-7.0,-1.222,0,1778967718
5880,tw,1766707200,27.87,5.01,0.348,24.5,-0.204,0.0085,1,2.07,-43.0,-0.816,0,1778967718
5880,tw,1766966400,28.59,5.73,0.357,24.55,0.204,0.01,2,2.67,-38.0,-1.018,0,1778967718
5880,tw,1767052800,28.4,6.69,0.355,24.4,-0.611,0.0155,3,3.87,-1.0,-1.434,0,1778967718
5880,tw,1767139200,44.06,8.04,0.551,24.3,-0.41,-0.0224,-1,5.16,22.0,-1.235,0,1778967718
5880,tw,1767312000,44.89,9.39,0.561,24.25,-0.206,-0.0265,-2,6.45,14.0,-0.619,0,1778967718
5880,tw,1767571200,46.31,10.8,0.579,24.3,0.206,0.0459,1,7.74,9.0,-1.44,0,1778967718
5880,tw,1767657600,46.47,12.03,0.581,24.3,0.0,-0.0081,-1,9.03,3.0,-1.235,0,1778967718
5880,tw,1767744000,44.99,11.72,0.562,24.05,-1.029,-0.0996,-2,9.03,137.0,-0.416,0,1778967718
5880,tw,1767830400,45.83,11.33,0.573,24.0,-0.208,-0.0311,-3,8.39,32.0,0.208,0,1778967718
5880,tw,1767916800,46.58,11.52,0.582,24.1,0.417,-0.006,-4,8.39,6.0,-0.622,0,1778967718
5880,tw,1768176000,44.59,9.91,0.557,23.95,-0.622,-0.0677,-5,7.1,41.0,0.209,0,1778967718
5880,tw,1768262400,45.64,9.51,0.57,24.0,0.209,0.0411,1,6.45,36.0,-0.625,0,1778967718
5880,tw,1768348800,44.4,8.75,0.555,23.95,-0.208,-0.0588,-1,5.81,251.0,-1.044,0,1778967718
5880,tw,1768435200,30.41,8.94,0.38,24.05,0.418,0.0167,1,5.81,-4.0,-1.455,0,1778967718
5880,tw,1768521600,29.61,9.33,0.37,23.95,-0.416,-0.039,-1,6.45,-24.0,-0.835,0,1778967718
5880,tw,1768780800,31.16,10.8,0.39,24.0,0.209,0.0163,1,7.74,-71.0,-0.833,0,1778967718
5880,tw,1768867200,30.37,11.84,0.38,23.85,-0.625,-0.1034,-1,9.03,-127.0,-0.629,0,1778967718
5880,tw,1768953600,46.28,13.78,0.579,23.7,-0.629,-0.1146,-2,10.97,33.0,0.0,0,1778967718
5880,tw,1769040000,48.23,15.9,0.603,23.7,0.0,-0.0443,-3,12.9,6.0,0.633,0,1778967718
5880,tw,1769126400,34.15,17.25,0.427,23.75,0.211,-0.0321,-4,14.19,-8.0,-0.842,0,1778967718
5880,tw,1769385600,50.29,19.19,0.629,23.8,0.211,0.0031,1,16.13,16.0,-1.891,0,1778967718
5880,tw,1769472000,50.93,21.58,0.637,23.7,-0.42,-0.0011,-1,18.71,25.0,-0.844,0,1778967718
5880,tw,1769558400,51.56,22.35,0.644,23.7,0.0,-0.0235,-2,19.35,20.0,-0.633,0,1778967718
5880,tw,1769644800,52.52,22.54,0.657,23.85,0.633,0.0427,1,19.35,101.0,-0.419,0,1778967718
5880,tw,1769731200,49.65,21.33,0.621,23.55,-1.258,-0.0902,-1,18.71,38.0,0.425,0,1778967718
5880,tw,1769990400,34.52,20.17,0.432,23.35,-0.849,-0.0681,-2,17.42,-28.0,1.713,0,1778967718
5880,tw,1770076800,51.73,21.25,0.647,23.5,0.642,0.0119,1,18.06,6.0,1.702,0,1778967718
5880,tw,1770163200,50.99,20.48,0.637,23.55,0.213,0.0131,2,17.42,12.0,1.486,0,1778967718
5880,tw,1770249600,37.15,21.31,0.464,23.75,0.849,0.0543,3,18.06,-9.0,2.105,0,1778967718
5880,tw,1770336000,36.23,22.22,0.453,23.65,-0.421,-0.0047,-1,19.35,-1.0,1.691,0,1778967718
5880,tw,1770595200,52.33,22.48,0.654,23.75,0.423,0.0471,1,19.35,22.0,0.842,0,1778967718
5880,tw,1770681600,37.84,22.54,0.473,23.9,0.632,0.1068,2,19.35,-88.0,0.418,0,1778967718
5880,tw,1770768000,52.13,22.35,0.652,23.9,0.0,0.092,3,19.35,1.0,0.209,0,1778967718
5880,tw,1771804800,52.55,19.57,0.657,24.25,1.464,0.2049,4,16.13,36.0,-1.031,0,1778967718
5880,tw,1771891200,32.83,16.3,0.41,24.05,-0.825,-0.0242,-1,13.55,-43.0,-2.495,0,1778967718
5880,tw,1771977600,48.78,17.07,0.61,23.95,-0.416,0.0195,1,14.19,74.0,-2.296,0,1778967718
5880,tw,1772064000,47.81,14.03,0.598,24.0,0.209,0.0224,2,10.97,48.0,-2.5,0,1778967718
5880,tw,1772409600,46.75,13.26,0.584,23.95,-0.208,-0.0394,-1,10.32,1.0,-3.967,-1,1778967718
5880,tw,1772496000,31.89,12.09,0.399,24.0,0.209,0.0339,1,9.03,-65.0,-3.75,-1,1778967718
5880,tw,1772582400,27.8,10.05,0.348,23.45,-2.292,-0.1556,-1,7.74,-29.0,-0.64,0,1778967718
5880,tw,1772668800,44.56,9.39,0.557,23.4,-0.213,-0.0912,-2,6.45,154.0,-1.282,0,1778967718
5880,tw,1772755200,29.2,7.52,0.365,23.4,0.0,-0.0129,-3,4.52,-3.0,-1.709,0,1778967718
5880,tw,1773014400,39.89,2.49,0.499,23.0,-1.709,-0.0809,-4,0.0,5.0,0.217,0,1778967718
5880,tw,1773100800,42.25,3.13,0.528,23.1,0.435,-0.0365,-5,0.0,7.0,0.433,0,1778967718
5880,tw,1773187200,27.8,3.26,0.347,23.3,0.866,-0.0137,-6,0.0,-3.0,-0.429,0,1778967718
5880,tw,1773273600,40.89,2.74,0.511,23.1,-0.858,-0.0506,-7,0.0,19.0,-0.649,0,1778967718
5880,tw,1773360000,41.34,2.87,0.517,23.0,-0.433,-0.0451,-8,0.0,5.0,-0.217,0,1778967718
5880,tw,1773619200,42.06,3.07,0.526,23.05,0.217,-0.0314,-9,0.0,15.0,-2.169,0,1778967718
5880,tw,1773705600,27.29,3.2,0.341,23.2,0.651,-0.0721,-10,0.0,-4.0,-1.293,0,1778967718
5880,tw,1773792000,27.01,3.0,0.338,23.2,0.0,0.002,1,0.0,-4.0,0.647,0,1778967718
5880,tw,1773878400,40.36,2.68,0.504,22.95,-1.078,-0.1131,-1,0.0,16.0,2.397,0,1778967718
5880,tw,1773964800,26.91,3.0,0.336,22.95,0.0,-0.0185,-2,0.0,-1.0,1.961,0,1778967718
5880,tw,1774224000,39.43,2.48,0.493,22.55,-1.743,-0.1662,-3,0.0,63.0,2.882,0,1778967718
5880,tw,1774310400,28.88,4.12,0.361,22.9,1.552,0.0008,1,0.65,-36.0,2.402,0,1778967718
5880,tw,1774396800,45.74,6.82,0.572,23.35,1.965,0.0323,2,3.23,11.0,1.927,0,1778967718
5880,tw,1774483200,30.52,8.35,0.382,23.5,0.642,0.0601,3,5.16,-84.0,0.638,0,1778967718
5880,tw,1774569600,45.17,9.97,0.565,23.4,-0.426,0.0092,4,7.1,74.0,1.282,0,1778967718
5880,tw,1774828800,30.54,11.77,0.382,23.2,-0.855,-0.0231,-1,9.03,-13.0,2.802,0,1778967718
5880,tw,1774915200,48.93,14.29,0.612,23.45,1.078,0.073,1,10.97,14.0,2.559,0,1778967718
5880,tw,1775001600,34.05,13.77,0.426,23.8,1.493,0.0797,2,10.32,-32.0,0.21,0,1778967718
5880,tw,1775088000,46.52,13.13,0.582,23.65,-0.63,-0.0013,-1,10.32,6.0,1.057,0,1778967718
5880,tw,1775520000,31.81,12.09,0.398,23.7,0.211,0.0176,1,9.03,-2.0,0.844,0,1778967718
5880,tw,1775606400,32.04,11.58,0.4,23.85,0.633,0.0419,2,8.39,-18.0,0.0,0,1778967718
5880,tw,1775692800,46.59,9.7,0.582,24.05,0.839,0.1056,3,6.45,2.0,-0.624,0,1778967718
5880,tw,1775779200,43.77,7.91,0.547,23.85,-0.832,0.0037,4,5.16,14.0,0.21,0,1778967718
5880,tw,1776038400,54.61,7.58,0.683,23.9,0.21,0.0277,5,4.52,3.0,-1.046,0,1778967718
5880,tw,1776124800,45.62,6.23,0.57,23.9,0.0,0.0011,6,3.23,0.0,-1.464,0,1778967718
5880,tw,1776211200,43.37,6.17,0.542,23.85,-0.209,-0.0065,-1,3.23,49.0,-1.887,0,1778967718
5880,tw,1776297600,28.62,5.64,0.358,23.9,0.21,0.0248,1,2.58,-5.0,-3.138,-1,1778967718
5880,tw,1776384000,43.3,5.58,0.541,23.9,0.0,0.0012,2,2.58,17.0,-3.766,-1,1778967718
5880,tw,1776643200,30.1,11.08,0.376,23.65,-1.046,-0.0093,-1,8.39,-7.0,-3.171,-1,1778967718
5880,tw,1776729600,47.25,14.48,0.591,23.55,-0.423,-0.027,-2,11.61,80.0,-2.548,0,1778967718
5880,tw,1776816000,50.06,20.87,0.626,23.4,-0.637,-0.0666,-3,18.06,113.0,-1.068,0,1778967718
5880,tw,1776902400,49.77,21.39,0.622,23.15,-1.068,-0.104,-4,18.71,112.0,-0.864,0,1778967718
5880,tw,1776988800,49.29,19.58,0.616,23.0,-0.648,-0.0898,-5,16.77,115.0,-0.435,0,1778967718
5880,tw,1777248000,48.4,17.06,0.605,22.9,-0.435,-0.0518,-6,14.19,12.0,0.0,0,1778967718
5880,tw,1777334400,48.24,15.33,0.603,22.95,0.218,-0.0212,-7,12.26,7.0,0.0,0,1778967718
5880,tw,1777420800,48.58,14.87,0.607,23.15,0.871,-0.0202,-8,11.61,16.0,-0.648,0,1778967718
5880,tw,1777507200,45.24,11.77,0.566,22.95,-0.864,-0.082,-9,9.03,24.0,0.436,0,1778967718
5880,tw,1777852800,44.63,9.38,0.558,22.9,-0.218,-0.0761,-10,6.45,19.0,0.437,0,1778967718
5880,tw,1777939200,28.09,5.58,0.351,22.9,0.0,-0.0398,-11,2.58,-60.0,-0.437,0,1778967718
5880,tw,1778025600,43.15,5.01,0.539,22.95,0.218,-0.0084,-12,1.94,2.0,-0.436,0,1778967718
5880,tw,1778112000,43.32,5.01,0.541,23.0,0.218,0.0263,1,1.94,68.0,-1.087,0,1778967718
5880,tw,1778198400,28.75,6.3,0.359,23.05,0.217,-0.0168,-1,3.23,-2.0,-0.868,0,1778967718
2892,tw,1763424000,40.62,2.68,0.508,27.85,-1.066,-0.0636,-18,0.0,46.0,1.257,0,1778967721
2892,tw,1763510400,26.98,3.0,0.337,27.85,0.0,-0.0044,-19,0.0,-2.0,0.898,0,1778967721
2892,tw,1763596800,33.75,13.48,0.422,28.3,1.616,0.0273,1,10.0,-13.0,-1.59,0,1778967721
2892,tw,1763683200,50.13,19.0,0.627,28.3,0.0,0.0258,2,16.0,136.0,-2.473,0,1778967721
2892,tw,1763942400,36.67,20.04,0.458,28.65,1.237,0.02,3,16.67,-523.0,-4.363,-1,1778967721
2892,tw,1764028800,48.83,19.67,0.61,28.2,-1.571,-0.0344,-1,17.14,303.0,-1.773,0,1778967721
2892,tw,1764115200,50.16,20.39,0.627,28.1,-0.355,-0.0473,-2,17.5,56.0,-1.957,0,1778967721
2892,tw,1764201600,45.81,13.84,0.573,27.85,-0.89,-0.1701,-3,11.11,491.0,-0.359,0,1778967721
2892,tw,1764288000,44.0,10.73,0.55,27.6,-0.898,-0.2214,-4,8.0,301.0,1.268,0,1778967721
2892,tw,1764547200,40.12,2.78,0.501,27.4,-0.725,-0.2313,-5,0.0,1091.0,2.372,0,1778967721
2892,tw,1764633600,42.7,3.33,0.534,27.7,1.095,-0.0796,-6,0.0,321.0,0.903,0,1778967721
2892,tw,1764720000,40.98,2.84,0.512,27.55,-0.542,-0.0964,-7,0.0,82.0,1.452,0,1778967721
2892,tw,1764806400,28.9,6.08,0.361,27.75,0.726,-0.0517,-8,2.86,-14.0,1.622,0,1778967721
2892,tw,1764892800,45.95,9.89,0.574,27.95,0.721,-0.0205,-9,6.67,934.0,1.431,0,1778967721
2892,tw,1765152000,31.41,11.86,0.393,28.05,0.358,-0.0647,-10,8.75,-28.0,1.604,0,1778967721
2892,tw,1765238400,30.97,12.3,0.387,27.95,-0.357,-0.076,-11,9.41,-86.0,3.399,1,1778967721
2892,tw,1765324800,47.4,14.11,0.592,27.95,0.0,-0.0312,-12,11.11,24.0,4.651,1,1778967721
2892,tw,1765411200,34.63,16.95,0.433,28.2,0.894,-0.0208,-13,13.68,-76.0,4.255,1,1778967721
2892,tw,1765497600,47.13,13.16,0.589,28.35,0.532,-0.0809,-14,10.0,1177.0,5.644,1,1778967721
2892,tw,1765756800,31.96,10.78,0.399,28.5,0.529,0.1234,1,7.62,-96.0,5.614,1,1778967721
2892,tw,1765843200,29.82,3.42,0.373,28.9,1.404,0.2832,2,0.0,-32.0,2.595,0,1778967721
2892,tw,1765929600,30.15,3.36,0.377,29.25,1.211,0.3881,3,0.0,-748.0,0.171,0,1778967721
2892,tw,1766016000,31.59,3.15,0.395,29.4,0.513,0.816,4,0.0,-8.0,0.34,0,1778967721
2892,tw,1766102400,42.03,3.56,0.525,29.95,1.871,0.631,5,0.0,-31.0,-1.503,0,1778967721
2892,tw,1766361600,56.47,3.15,0.706,30.1,0.501,0.7947,6,0.0,1328.0,-1.163,0,1778967721
2892,tw,1766448000,52.85,2.55,0.661,29.65,-1.495,0.4699,7,0.0,499.0,-0.843,0,1778967721
2892,tw,1766534400,53.9,2.65,0.674,29.3,-1.18,0.617,8,0.0,409.0,0.853,0,1778967721
2892,tw,1766707200,55.23,3.2,0.69,29.5,0.683,0.5098,9,0.0,12.0,1.186,0,1778967721
2892,tw,1766966400,53.06,3.67,0.663,29.5,0.0,0.144,10,0.67,244.0,1.864,0,1778967721
2892,tw,1767052800,39.22,5.19,0.49,29.75,0.847,0.0801,11,1.94,-44.0,0.0,0,1778967721
2892,tw,1767139200,42.22,5.88,0.528,29.4,-1.176,-0.043,-1,3.23,549.0,0.85,0,1778967721
2892,tw,1767312000,29.64,7.67,0.37,29.55,0.51,-0.0262,-2,4.52,-606.0,0.508,0,1778967721
2892,tw,1767571200,30.96,8.46,0.387,29.85,1.015,0.0738,1,5.16,-1285.0,-1.508,0,1778967721
2892,tw,1767657600,31.01,9.01,0.388,30.05,0.67,0.0872,2,5.81,-348.0,-2.163,0,1778967721
2892,tw,1767744000,44.37,9.8,0.555,29.75,-0.998,-0.0362,-1,7.1,407.0,-1.176,0,1778967721
2892,tw,1767830400,45.49,10.64,0.569,29.65,-0.336,-0.0085,-2,7.74,763.0,0.506,0,1778967721
2892,tw,1767916800,31.69,12.08,0.396,29.7,0.169,0.0012,1,9.03,-17.0,0.337,0,1778967721
2892,tw,1768176000,45.89,13.02,0.574,29.4,-1.01,-0.0514,-1,10.32,34.0,1.19,0,1778967721
2892,tw,1768262400,33.08,15.9,0.413,29.4,0.0,-0.0748,-2,12.9,-37.0,0.17,0,1778967721
2892,tw,1768348800,36.58,22.35,0.457,29.4,0.0,-0.0198,-3,19.35,-31.0,-0.51,0,1778967721
2892,tw,1768435200,38.24,22.76,0.478,29.8,1.361,0.0401,1,19.35,-421.0,-2.013,0,1778967721
2892,tw,1768521600,36.58,22.35,0.457,29.8,0.0,-0.0191,-1,19.35,-101.0,-2.013,0,1778967721
2892,tw,1768780800,36.65,22.3,0.458,29.75,-0.168,0.0291,1,19.35,-78.0,-2.353,0,1778967721
2892,tw,1768867200,50.46,22.05,0.631,29.45,-1.008,-0.0406,-1,19.35,406.0,-1.358,0,1778967721
2892,tw,1768953600,50.63,22.15,0.633,29.25,-0.679,-0.0726,-2,19.35,43.0,-0.684,0,1778967721
2892,tw,1769040000,50.55,21.01,0.632,29.2,-0.171,-0.0622,-3,18.06,111.0,-0.171,0,1778967721
2892,tw,1769126400,34.85,19.13,0.436,29.2,0.0,-0.0433,-4,16.13,-9.0,-1.37,0,1778967721
2892,tw,1769385600,48.62,17.69,0.608,29.05,-0.514,-0.0569,-5,14.84,36.0,-1.377,0,1778967721
2892,tw,1769472000,33.94,17.19,0.424,29.05,0.0,-0.0306,-6,14.19,-3.0,-0.344,0,1778967721
2892,tw,1769558400,48.08,15.9,0.601,29.05,0.0,-0.0742,-7,12.9,85.0,-0.516,0,1778967721
2892,tw,1769644800,33.79,15.36,0.422,29.15,0.344,0.0624,1,12.26,-95.0,0.172,0,1778967721
2892,tw,1769731200,46.11,14.25,0.576,28.8,-1.201,-0.0987,-1,11.61,19.0,1.215,0,1778967721
2892,tw,1769990400,46.69,13.81,0.584,28.65,-0.521,-0.0554,-2,10.97,8.0,1.222,0,1778967721
2892,tw,1770076800,33.64,14.28,0.42,28.95,1.047,0.0213,1,10.97,-8.0,1.036,0,1778967721
2892,tw,1770163200,47.26,13.92,0.591,28.9,-0.173,-0.0115,-1,10.97,51.0,1.903,0,1778967721
2892,tw,1770249600,49.19,14.92,0.615,29.2,1.038,0.0695,1,11.61,17.0,2.397,0,1778967721
2892,tw,1770336000,47.71,14.56,0.596,29.15,-0.171,0.0155,2,11.61,9.0,2.916,0,1778967721
2892,tw,1770595200,46.95,13.82,0.587,29.0,-0.515,-0.004,-1,10.97,153.0,3.103,1,1778967721
2892,tw,1770681600,33.86,14.87,0.423,29.25,0.862,0.038,1,11.61,-9.0,2.222,0,1778967721
2892,tw,1770768000,33.25,13.53,0.416,29.45,0.684,0.082,2,10.32,-148.0,0.509,0,1778967721
2892,tw,1771804800,48.99,12.49,0.612,29.9,1.528,0.1902,3,9.03,112.0,-0.669,0,1778967721
2892,tw,1771891200,30.55,8.91,0.382,30.0,0.334,0.0618,4,5.81,-68.0,-4.667,-1,1778967721
2892,tw,1771977600,39.27,8.06,0.491,29.9,-0.333,0.0037,5,5.16,-25.0,-2.843,0,1778967721
2892,tw,1772064000,53.97,6.23,0.675,29.9,0.0,0.0704,6,3.23,54.0,-1.672,0,1778967721
2892,tw,1772409600,37.35,5.28,0.467,29.6,-1.003,0.0136,7,2.58,-13.0,-1.689,0,1778967721
2892,tw,1772496000,38.76,5.04,0.484,29.7,0.338,0.0895,8,1.94,-4.0,-2.357,0,1778967721
2892,tw,1772582400,38.19,3.18,0.477,28.6,-3.704,-0.1505,-1,1.29,530.0,1.923,0,1778967721
2892,tw,1772668800,43.97,4.12,0.55,29.05,1.573,0.0148,1,0.65,72.0,-0.688,0,1778967721
2892,tw,1772755200,29.3,4.65,0.366,29.4,1.205,0.091,2,1.29,-151.0,-1.701,0,1778967721
2892,tw,1773014400,42.03,4.63,0.525,29.1,-1.02,0.0165,3,1.94,56.0,-0.859,0,1778967721
2892,tw,1773100800,41.62,2.9,0.52,29.0,-0.344,-0.0072,-1,0.0,13.0,0.345,0,1778967721
2892,tw,1773187200,44.41,6.39,0.555,29.15,0.517,0.0554,1,3.23,81.0,-0.686,0,1778967721
2892,tw,1773273600,42.7,6.56,0.534,28.85,-1.029,-0.041,-1,3.87,81.0,-0.867,0,1778967721
2892,tw,1773360000,29.43,6.92,0.368,28.9,0.173,0.0643,1,3.87,-23.0,-0.519,0,1778967721
2892,tw,1773619200,28.82,6.82,0.36,28.85,-0.173,0.0119,2,3.87,-18.0,-2.6,0,1778967721
2892,tw,1773705600,29.86,7.13,0.373,29.1,0.867,0.0112,3,3.87,-46.0,-1.89,0,1778967721
2892,tw,1773792000,43.25,6.72,0.541,28.95,-0.515,-0.0344,-1,3.87,389.0,-0.864,0,1778967721
2892,tw,1773878400,40.44,2.64,0.505,28.6,-1.209,-0.0705,-2,0.0,16.0,0.175,0,1778967721
2892,tw,1773964800,34.83,3.16,0.435,28.75,0.524,0.062,1,0.0,0.0,-1.043,0,1778967721
2892,tw,1774224000,39.54,2.32,0.494,28.1,-2.261,-0.0405,-1,0.0,56.0,0.178,0,1778967721
2892,tw,1774310400,29.4,4.13,0.368,28.55,1.601,0.0954,1,0.65,-177.0,-1.226,0,1778967721
2892,tw,1774396800,28.43,4.45,0.355,28.7,0.525,0.0521,2,1.29,-7.0,-0.871,0,1778967721
2892,tw,1774483200,44.65,8.11,0.558,28.65,-0.174,0.0495,3,5.16,12.0,-0.873,0,1778967721
2892,tw,1774569600,47.28,15.05,0.591,28.45,-0.698,-0.0306,-1,12.26,114.0,0.527,0,1778967721
2892,tw,1774828800,47.55,15.58,0.594,28.15,-1.054,0.0316,1,12.9,42.0,2.309,0,1778967721
2892,tw,1774915200,34.76,17.89,0.435,28.2,0.178,0.0328,2,14.84,-2.0,3.191,1,1778967721
2892,tw,1775001600,50.33,17.46,0.629,28.45,0.887,0.0706,3,14.19,8.0,0.527,0,1778967721
2892,tw,1775088000,34.25,17.14,0.428,28.4,-0.176,0.0661,4,14.19,-14.0,0.176,0,1778967721
2892,tw,1775520000,46.81,21.27,0.585,28.6,0.704,0.0157,5,18.06,-4.0,0.0,0,1778967721
2892,tw,1775606400,47.47,22.56,0.593,28.8,0.699,0.0196,6,19.35,-35.0,0.174,0,1778967721
2892,tw,1775692800,62.72,22.02,0.784,29.1,1.042,0.0638,7,18.71,65.0,-1.031,0,1778967721
2892,tw,1775779200,49.63,21.83,0.62,28.6,-1.718,-0.0652,-1,19.35,112.0,0.699,0,1778967721
2892,tw,1776038400,51.05,22.19,0.638,28.45,-0.524,-0.0201,-2,19.35,62.0,1.582,0,1778967721
2892,tw,1776124800,37.28,22.51,0.466,28.6,0.527,0.0161,1,19.35,-14.0,0.699,0,1778967721
2892,tw,1776211200,37.2,21.97,0.465,28.85,0.874,-0.0063,-1,18.71,-15.0,-0.693,0,1778967721
2892,tw,1776297600,36.54,22.3,0.457,28.8,-0.173,0.008,1,19.35,-5.0,-2.257,0,1778967721
2892,tw,1776384000,36.66,22.35,0.458,28.8,0.0,-0.0036,-1,19.35,-2.0,-1.736,0,1778967721
2892,tw,1776643200,51.43,21.16,0.643,28.9,0.347,0.0101,1,18.06,33.0,-1.903,0,1778967721
2892,tw,1776729600,50.37,20.32,0.63,28.8,-0.346,0.0007,2,17.42,22.0,-1.736,0,1778967721
2892,tw,1776816000,50.97,22.19,0.637,28.65,-0.521,-0.0375,-1,19.35,34.0,-0.349,0,1778967721
2892,tw,1776902400,48.19,20.54,0.602,28.15,-1.745,-0.2197,-2,18.06,128.0,2.487,0,1778967721
2892,tw,1776988800,35.04,18.64,0.438,28.3,0.533,-0.0458,-3,15.48,-2.0,-0.177,0,1778967721
2892,tw,1777248000,49.59,17.89,0.62,28.35,0.177,-0.0015,-4,14.84,5.0,0.176,0,1778967721
2892,tw,1777334400,48.77,17.14,0.61,28.3,-0.176,-0.0303,-5,14.19,21.0,1.767,0,1778967721
2892,tw,1777420800,36.65,20.69,0.458,28.55,0.883,0.012,1,17.42,-11.0,2.102,0,1778967721
2892,tw,1777507200,53.31,22.03,0.666,28.85,1.051,0.1803,2,18.71,10131.0,2.253,0,1778967721
2892,tw,1777852800,32.31,18.51,0.404,28.25,-2.08,-0.1347,-1,16.13,-353.0,4.602,1,1778967721
2892,tw,1777939200,35.53,18.64,0.444,28.4,0.531,0.0522,1,15.48,-21.0,3.521,1,1778967721
2892,tw,1778025600,36.51,16.97,0.456,28.8,1.408,0.2661,2,13.55,-124.0,2.431,0,1778967721
2892,tw,1778112000,34.12,12.39,0.426,29.15,1.215,0.277,3,9.03,-283.0,1.201,0,1778967721
2892,tw,1778198400,31.74,8.52,0.397,29.5,1.201,0.1911,4,5.16,-91.0,-0.678,0,1778967721
2880,tw,1763424000,40.23,2.59,0.503,28.55,-1.382,-0.0767,-5,0.0,27.0,1.576,0,1778967724
2880,tw,1763510400,41.07,2.79,0.513,28.35,-0.701,-0.0464,-6,0.0,3.0,2.998,0,1778967724
2880,tw,1763596800,28.51,3.48,0.356,28.8,1.587,-0.0152,-7,0.0,-5.0,1.042,0,1778967724
2880,tw,1763683200,32.32,11.42,0.404,29.2,1.389,-0.0133,-8,8.0,-75.0,0.856,0,1778967724
2880,tw,1763942400,32.98,13.31,0.412,29.5,1.027,-0.0105,-9,10.0,-14.0,-0.169,0,1778967724
2880,tw,1764028800,44.3,11.06,0.554,29.0,-1.695,-0.0579,-10,8.57,24.0,4.138,1,1778967724
2880,tw,1764115200,48.94,15.71,0.612,29.2,0.69,0.0009,1,12.5,27.0,3.596,1,1778967724
2880,tw,1764201600,47.21,14.01,0.59,29.1,-0.342,0.0005,2,11.11,9.0,5.67,1,1778967724
2880,tw,1764288000,32.26,11.36,0.403,29.45,1.203,0.0122,3,8.0,-13.0,4.584,1,1778967724
2880,tw,1764547200,30.58,10.27,0.382,29.45,0.0,-0.0113,-1,7.27,-33.0,3.735,1,1778967724
2880,tw,1764633600,45.53,3.76,0.569,30.2,2.547,0.1973,1,0.0,45.0,1.656,0,1778967724
2880,tw,1764720000,42.22,3.05,0.528,30.25,0.166,0.0101,2,0.0,1.0,0.992,0,1778967724
2880,tw,1764806400,29.0,3.5,0.363,30.75,1.653,0.0699,3,0.0,-7.0,0.0,0,1778967724
2880,tw,1764892800,27.16,3.05,0.34,30.8,0.163,0.0004,4,0.0,-1.0,0.487,0,1778967724
2880,tw,1765152000,51.45,2.76,0.643,30.55,-0.812,0.0532,5,0.0,37.0,2.128,0,1778967724
2880,tw,1765238400,37.61,3.15,0.47,30.7,0.491,0.0237,6,0.0,-13.0,2.117,0,1778967724
2880,tw,1765324800,36.54,2.85,0.457,30.55,-0.489,0.0049,7,0.0,-32.0,4.092,1,1778967724
2880,tw,1765411200,37.78,3.2,0.472,30.75,0.655,0.025,8,0.0,-78.0,3.089,1,1778967724
2880,tw,1765497600,37.77,3.2,0.472,30.95,0.65,0.0232,9,0.0,-10.0,3.069,1,1778967724
2880,tw,1765756800,44.93,3.24,0.562,31.2,0.808,0.0239,10,0.0,0.0,2.244,0,1778967724
2880,tw,1765843200,27.89,4.05,0.349,31.35,0.481,-0.0091,-1,0.91,-4.0,2.073,0,1778967724
2880,tw,1765929600,28.96,5.17,0.362,31.8,1.435,-0.0699,-2,1.74,-2.0,0.629,0,1778967724
2880,tw,1766016000,27.35,5.41,0.342,31.7,-0.314,-0.1167,-3,2.5,-3.0,2.05,0,1778967724
2880,tw,1766102400,42.57,3.19,0.532,31.9,0.631,-0.0117,-4,0.0,28.0,1.411,0,1778967724
2880,tw,1766361600,26.21,3.0,0.328,31.9,0.0,-0.1583,-5,0.0,-9.0,-0.94,0,1778967724
2880,tw,1766448000,42.51,6.05,0.531,32.0,0.313,-0.2571,-6,2.96,39.0,-3.125,-1,1778967724
2880,tw,1766534400,43.19,8.71,0.54,32.0,0.0,-0.3327,-7,5.71,7.0,-1.562,0,1778967724
2880,tw,1766707200,44.99,10.23,0.562,32.35,1.094,-0.3114,-8,6.9,5.0,-1.7,0,1778967724
2880,tw,1766966400,30.52,11.0,0.381,32.35,0.0,-0.0967,-9,8.0,-4.0,-2.318,0,1778967724
2880,tw,1767052800,44.72,12.62,0.559,31.6,-2.318,-0.0235,-10,10.32,1.0,-0.475,0,1778967724
2880,tw,1767139200,45.51,13.4,0.569,31.0,-1.899,-0.0154,-11,10.97,12.0,1.613,0,1778967724
2880,tw,1767312000,34.66,15.74,0.433,31.5,1.613,-0.0172,-12,12.26,-21.0,1.111,0,1778967724
2880,tw,1767571200,49.54,16.19,0.619,31.8,0.952,0.027,1,12.9,8.0,0.943,0,1778967724
2880,tw,1767657600,33.03,16.36,0.413,31.6,-0.629,-0.0223,-1,13.55,-19.0,1.266,0,1778967724
2880,tw,1767744000,33.74,17.05,0.422,31.45,-0.475,0.0233,1,14.19,-6.0,3.021,1,1778967724
2880,tw,1767830400,50.03,18.53,0.625,31.5,0.159,0.0253,2,15.48,3.0,4.444,1,1778967724
2880,tw,1767916800,37.24,21.39,0.465,31.85,1.111,0.0196,3,18.06,-10.0,4.082,1,1778967724
2880,tw,1768176000,52.47,22.59,0.656,32.1,0.785,0.0012,4,19.35,27.0,3.738,1,1778967724
2880,tw,1768262400,36.24,22.26,0.453,32.0,-0.312,-0.025,-1,19.35,-82.0,3.281,1,1778967724
2880,tw,1768348800,52.68,22.09,0.658,32.4,1.25,0.0143,1,18.71,56.0,2.932,0,1778967724
2880,tw,1768435200,37.52,20.88,0.469,32.9,1.543,0.0533,2,17.42,-6.0,1.064,0,1778967724
2880,tw,1768521600,35.59,18.71,0.445,33.15,0.76,0.0187,3,15.48,-42.0,-0.452,0,1778967724
2880,tw,1768780800,49.35,16.69,0.617,33.3,0.452,0.0238,4,13.55,15.0,-0.3,0,1778967724
2880,tw,1768867200,42.09,14.38,0.526,33.05,-0.751,0.0079,5,11.61,-2.0,0.0,0,1778967724
2880,tw,1768953600,43.19,13.59,0.54,33.35,0.908,0.0251,6,10.32,-14.0,0.45,0,1778967724
2880,tw,1769040000,56.26,11.94,0.703,33.25,-0.3,0.009,7,9.03,5.0,1.504,0,1778967724
2880,tw,1769126400,55.45,11.16,0.693,33.0,-0.752,0.0017,8,8.39,4.0,0.303,0,1778967724
2880,tw,1769385600,41.65,10.92,0.521,33.2,0.606,0.0355,9,7.74,-5.0,-1.355,0,1778967724
2880,tw,1769472000,40.24,9.96,0.503,33.05,-0.452,0.0283,10,7.1,-53.0,0.151,0,1778967724
2880,tw,1769558400,56.78,9.86,0.71,33.5,1.362,0.0391,11,6.45,2.0,-1.045,0,1778967724
2880,tw,1769644800,48.57,10.32,0.607,33.75,0.746,0.055,12,7.1,0.0,-0.444,0,1778967724
2880,tw,1769731200,44.25,10.81,0.553,33.1,-1.926,-0.0039,-1,8.39,2.0,2.266,0,1778967724
2880,tw,1769990400,30.88,12.36,0.386,32.75,-1.057,0.0202,1,9.68,-2.0,3.664,1,1778967724
2880,tw,1770076800,40.67,14.29,0.508,33.1,1.069,0.0231,2,10.97,0.0,3.172,1,1778967724
2880,tw,1770163200,49.27,17.24,0.616,33.15,0.151,0.0055,3,14.19,5.0,4.374,1,1778967724
2880,tw,1770249600,50.94,18.25,0.637,33.6,1.357,0.0331,4,14.84,13.0,9.226,1,1778967724
2880,tw,1770336000,60.93,19.35,0.762,33.85,0.744,0.0249,5,16.13,24.0,10.34,1,1778967724
2880,tw,1770595200,45.49,19.22,0.569,33.95,0.295,0.0266,6,16.13,-30.0,9.573,1,1778967724
2880,tw,1770681600,61.62,20.6,0.77,34.15,0.589,0.0644,7,17.42,3.0,11.567,1,1778967724
2880,tw,1770768000,61.16,18.24,0.764,34.6,1.318,0.0843,8,14.84,6.0,6.069,1,1778967724
2880,tw,1771804800,58.74,4.82,0.734,36.7,6.069,0.1336,9,0.0,145.0,-0.545,0,1778967724
2880,tw,1771891200,54.0,3.53,0.675,37.35,1.771,0.0456,10,0.0,31.0,-6.292,-1,1778967724
2880,tw,1771977600,36.85,2.88,0.461,37.2,-0.402,0.0499,11,0.0,-194.0,-4.839,-1,1778967724
2880,tw,1772064000,44.21,3.73,0.553,38.1,2.419,-0.0414,-1,0.0,61.0,-7.612,-1,1778967724
2880,tw,1772409600,38.04,1.9,0.475,36.7,-3.675,-0.058,-2,0.0,10.0,-5.722,-1,1778967724
2880,tw,1772496000,26.42,2.84,0.33,36.5,-0.545,-0.0068,-3,0.0,-91.0,-6.164,-1,1778967724
2880,tw,1772582400,38.54,3.06,0.482,35.0,-4.11,-0.0001,-4,1.29,25.0,-2.286,0,1778967724
2880,tw,1772668800,44.07,5.28,0.551,35.4,1.143,-0.0095,-5,1.94,41.0,-4.379,-1,1778967724
2880,tw,1772755200,28.04,6.06,0.35,35.2,-0.565,-0.0025,-6,3.23,-21.0,-3.835,-1,1778967724
2880,tw,1773014400,27.03,6.36,0.338,34.6,-1.705,-0.0409,-7,3.87,-8.0,-3.179,-1,1778967724
2880,tw,1773100800,43.11,7.22,0.539,34.25,-1.012,-0.0284,-8,4.52,6.0,-2.482,0,1778967724
2880,tw,1773187200,44.44,8.12,0.556,34.2,-0.146,0.0012,1,5.16,7.0,-2.339,0,1778967724
2880,tw,1773273600,43.71,8.5,0.546,33.85,-1.023,-0.0347,-1,5.81,15.0,-1.625,0,1778967724
2880,tw,1773360000,37.3,9.45,0.466,33.85,0.0,0.0146,1,6.45,0.0,-0.886,0,1778967724
2880,tw,1773619200,44.88,10.43,0.561,33.5,-1.034,0.0092,2,7.74,11.0,-2.388,0,1778967724
2880,tw,1773705600,45.66,10.65,0.571,33.4,-0.299,0.0176,3,7.74,37.0,-0.299,0,1778967724
2880,tw,1773792000,45.39,9.45,0.567,33.4,0.0,0.0328,4,6.45,9.0,2.246,0,1778967724
2880,tw,1773878400,29.59,8.72,0.37,33.3,-0.299,-0.0041,-1,5.81,-3.0,1.051,0,1778967724
2880,tw,1773964800,45.91,9.04,0.574,33.55,0.751,0.051,1,5.81,6.0,-0.149,0,1778967724
2880,tw,1774224000,41.81,7.4,0.523,32.7,-2.534,-0.0467,-1,5.16,56.0,1.223,0,1778967724
2880,tw,1774310400,46.9,9.36,0.586,33.3,1.835,0.0329,1,5.81,75.0,-0.3,0,1778967724
2880,tw,1774396800,33.81,12.16,0.423,34.15,2.553,0.0119,2,8.39,-89.0,-1.318,0,1778967724
2880,tw,1774483200,46.9,15.46,0.586,33.65,-1.464,-0.0169,-1,12.9,2.0,0.594,0,1778967724
2880,tw,1774569600,48.59,17.06,0.607,33.5,-0.446,-0.011,-2,14.19,1.0,1.493,0,1778967724
2880,tw,1774828800,48.23,17.48,0.603,33.1,-1.194,0.0002,1,14.84,66.0,2.568,0,1778967724
2880,tw,1774915200,35.29,19.22,0.441,33.2,0.302,-0.0159,-1,16.13,-3.0,4.217,1,1778967724
2880,tw,1775001600,51.99,20.22,0.65,33.7,1.506,0.0195,1,16.77,25.0,1.187,0,1778967724
2880,tw,1775088000,51.28,20.55,0.641,33.85,0.445,0.0252,2,17.42,19.0,0.443,0,1778967724
2880,tw,1775520000,36.79,21.84,0.46,34.0,0.443,-0.0018,-1,18.71,-67.0,2.941,0,1778967724
2880,tw,1775606400,51.53,22.31,0.644,33.95,-0.147,0.0002,1,19.35,22.0,6.186,1,1778967724
2880,tw,1775692800,38.43,22.28,0.48,34.6,1.915,0.0328,2,18.71,-3.0,3.902,1,1778967724
2880,tw,1775779200,50.01,21.28,0.625,34.1,-1.445,0.0195,3,18.71,8.0,6.012,1,1778967724
2880,tw,1776038400,50.82,20.97,0.635,34.0,-0.293,0.0168,4,18.06,17.0,5.588,1,1778967724
2880,tw,1776124800,63.49,20.01,0.794,35.0,2.941,0.0962,5,16.13,18.0,0.714,0,1778967724
2880,tw,1776211200,62.13,17.45,0.777,36.05,3.0,0.0703,6,13.55,38.0,-2.219,0,1778967724
2880,tw,1776297600,43.28,15.82,0.541,35.95,-0.277,0.0207,7,12.9,-43.0,-1.947,0,1778967724
2880,tw,1776384000,43.56,14.78,0.545,36.15,0.556,0.0401,8,11.61,-52.0,-3.181,-1,1778967724
2880,tw,1776643200,42.45,13.76,0.531,35.9,-0.692,0.1314,9,10.97,-5.0,-1.811,0,1778967724
2880,tw,1776729600,40.86,12.78,0.511,35.25,-1.811,0.1013,10,10.32,-7.0,-6.241,-1,1778967724
2880,tw,1776816000,43.06,13.97,0.538,35.25,0.0,0.1145,11,10.97,-24.0,-6.667,-1,1778967724
2880,tw,1776902400,43.23,14.61,0.54,35.25,0.0,0.0857,12,11.61,-12.0,-9.078,-1,1778967724
2880,tw,1776988800,57.56,14.4,0.719,35.0,-0.709,0.0918,13,11.61,13.0,-8.429,-1,1778967724
2880,tw,1777248000,43.85,14.82,0.548,35.25,0.714,0.0657,14,11.61,-29.0,-7.376,-1,1778967724
2880,tw,1777334400,39.23,10.16,0.49,33.05,-6.241,-0.2092,-1,9.03,706.0,-1.059,0,1778967724
2880,tw,1777420800,30.09,10.6,0.376,32.9,-0.454,-0.0651,-2,7.74,-82.0,1.216,0,1778967724
2880,tw,1777507200,41.37,7.38,0.517,32.05,-2.584,-0.1247,-3,5.16,140.0,3.9,1,1778967724
2880,tw,1777852800,29.05,7.52,0.363,32.05,0.0,-0.0427,-4,4.52,-77.0,3.744,1,1778967724
2880,tw,1777939200,31.02,7.43,0.388,32.65,1.872,0.0435,1,3.87,-47.0,-0.306,0,1778967724
2880,tw,1778025600,28.5,5.63,0.356,32.7,0.153,0.0111,2,2.58,-16.0,0.153,0,1778967724
2880,tw,1778112000,30.19,5.49,0.377,33.3,1.835,0.0761,3,1.94,-43.0,-2.102,0,1778967724
2880,tw,1778198400,42.74,4.29,0.534,33.3,0.0,0.0195,4,1.29,57.0,-2.703,0,1778967724
2345,tw,1763424000,19.19,0.69,0.24,921.0,-7.715,-0.0191,-1,0.0,-22.0,4.777,1,1778967729
2345,tw,1763510400,41.23,2.77,0.515,914.0,-0.76,-0.0019,-2,0.0,12.0,9.3,1,1778967729
2345,tw,1763596800,35.39,14.02,0.442,945.0,3.392,-0.0001,-3,10.0,-120.0,8.995,1,1778967729
2345,tw,1763683200,39.94,5.79,0.499,907.0,-4.021,-0.0071,-4,4.0,77.0,13.01,1,1778967729
2345,tw,1763942400,47.75,7.55,0.597,944.0,4.079,0.0008,1,3.33,62.0,8.051,1,1778967729
2345,tw,1764028800,45.67,6.53,0.571,965.0,2.225,0.0035,2,2.86,78.0,8.808,1,1778967729
2345,tw,1764115200,34.3,11.56,0.429,999.0,3.523,0.0058,3,7.5,-8.0,-1.301,0,1778967729
2345,tw,1764201600,48.48,10.6,0.606,1030.0,3.103,0.0085,4,6.67,154.0,-6.311,-1,1778967729
2345,tw,1764288000,49.51,18.85,0.619,1025.0,-0.485,-0.0014,-1,16.0,202.0,-3.415,-1,1778967729
2345,tw,1764547200,49.72,19.21,0.621,1020.0,-0.488,0.0054,1,16.36,23.0,-4.216,-1,1778967729
2345,tw,1764633600,39.14,22.21,0.489,1050.0,2.941,0.0073,2,18.33,-165.0,-5.238,-1,1778967729
2345,tw,1764720000,45.04,19.63,0.563,986.0,-6.095,-0.019,-1,18.46,108.0,10.548,1,1778967729
2345,tw,1764806400,34.1,20.93,0.426,965.0,-2.13,-0.0112,-2,18.57,-2.0,17.617,1,1778967729
2345,tw,1764892800,38.95,22.45,0.487,990.0,2.591,0.0049,1,18.67,-25.0,16.667,1,1778967729
2345,tw,1765152000,50.04,21.36,0.625,977.0,-1.313,-0.0046,-1,18.75,76.0,23.849,1,1778967729
2345,tw,1765238400,52.72,21.2,0.659,995.0,1.842,0.0104,1,17.65,110.0,16.583,1,1778967729
2345,tw,1765324800,57.88,18.08,0.724,1090.0,9.548,0.0449,2,12.22,446.0,8.716,1,1778967729
2345,tw,1765411200,36.04,13.71,0.45,1135.0,4.128,0.0352,3,9.47,-1103.0,3.965,1,1778967729
2345,tw,1765497600,43.72,3.53,0.547,1155.0,1.762,-0.0083,-1,0.0,181.0,1.732,0,1778967729
2345,tw,1765756800,46.71,4.43,0.584,1210.0,4.762,-0.0104,-2,0.0,55.0,-3.306,-1,1778967729
2345,tw,1765843200,37.7,1.76,0.471,1160.0,-4.132,-0.0332,-3,0.0,230.0,2.155,0,1778967729
2345,tw,1765929600,29.13,3.65,0.364,1185.0,2.155,-0.0045,-4,0.0,-126.0,0.422,0,1778967729
2345,tw,1766016000,26.57,2.87,0.332,1180.0,-0.422,-0.002,-5,0.0,-89.0,2.966,0,1778967729
2345,tw,1766102400,27.42,4.47,0.343,1175.0,-0.424,0.0088,1,1.6,-760.0,3.404,1,1778967729
2345,tw,1766361600,28.12,5.95,0.351,1170.0,-0.426,0.0007,2,3.08,-67.0,1.709,0,1778967729
2345,tw,1766448000,45.49,7.82,0.569,1185.0,1.282,-0.0016,-1,4.44,232.0,0.0,0,1778967729
2345,tw,1766534400,29.92,8.13,0.374,1190.0,0.422,0.0006,1,5.0,-167.0,-3.782,-1,1778967729
2345,tw,1766707200,30.49,6.39,0.381,1215.0,2.101,0.0022,2,2.76,-71.0,-2.469,0,1778967729
2345,tw,1766966400,28.33,5.67,0.354,1215.0,0.0,-0.0005,-1,2.67,-44.0,2.058,0,1778967729
2345,tw,1767052800,27.53,7.54,0.344,1190.0,-2.058,0.0006,1,5.16,-125.0,1.261,0,1778967729
2345,tw,1767139200,30.15,9.97,0.377,1185.0,-0.42,0.0045,2,7.1,-46.0,6.751,1,1778967729
2345,tw,1767312000,42.45,9.73,0.531,1145.0,-3.376,-0.0083,-1,7.74,14.0,6.114,1,1778967729
2345,tw,1767571200,35.08,13.08,0.439,1185.0,3.493,0.0152,1,9.03,-31.0,1.688,0,1778967729
2345,tw,1767657600,38.45,17.94,0.481,1240.0,4.641,0.0064,2,13.55,-121.0,-4.839,-1,1778967729
2345,tw,1767744000,31.9,17.63,0.399,1205.0,-2.823,-0.0032,-1,15.48,-32.0,0.83,0,1778967729
2345,tw,1767830400,41.73,23.84,0.522,1265.0,4.979,0.0152,1,19.35,-267.0,-1.976,0,1778967729
2345,tw,1767916800,47.65,21.16,0.596,1215.0,-3.953,-0.0155,-1,19.35,36.0,1.235,0,1778967729
2345,tw,1768176000,35.84,22.1,0.448,1205.0,-0.823,-0.0032,-2,19.35,-97.0,-3.32,-1,1778967729
2345,tw,1768262400,49.57,21.73,0.62,1180.0,-2.075,-0.0068,-3,19.35,71.0,0.424,0,1778967729
2345,tw,1768348800,54.32,22.6,0.679,1215.0,2.966,0.0001,1,18.71,317.0,-5.35,-1,1778967729
2345,tw,1768435200,38.16,21.68,0.477,1240.0,2.058,0.0147,2,18.06,-623.0,-7.258,-1,1778967729
2345,tw,1768521600,34.88,20.18,0.436,1230.0,-0.806,-0.0044,-1,17.42,-56.0,-4.472,-1,1778967729
2345,tw,1768780800,44.77,17.54,0.56,1165.0,-5.285,-0.0016,-2,16.13,108.0,-1.288,0,1778967729
2345,tw,1768867200,36.83,19.65,0.46,1185.0,1.717,0.0091,1,16.13,-128.0,-2.532,0,1778967729
2345,tw,1768953600,31.51,16.95,0.394,1150.0,-2.954,0.0083,2,14.84,-53.0,1.739,0,1778967729
2345,tw,1769040000,48.75,16.55,0.609,1150.0,0.0,-0.0059,-1,13.55,152.0,1.739,0,1778967729
2345,tw,1769126400,35.64,16.55,0.445,1175.0,2.174,0.0028,1,12.9,-34.0,-5.106,-1,1778967729
2345,tw,1769385600,46.01,14.62,0.575,1150.0,-2.128,0.0014,2,12.26,46.0,-0.87,0,1778967729
2345,tw,1769472000,33.26,14.74,0.416,1155.0,0.435,0.0033,3,11.61,-60.0,2.597,0,1778967729
2345,tw,1769558400,48.79,14.36,0.61,1170.0,1.299,0.0005,4,10.97,36.0,1.282,0,1778967729
2345,tw,1769644800,57.19,13.32,0.715,1170.0,0.0,0.0066,5,10.32,63.0,-3.846,-1,1778967729
2345,tw,1769731200,42.09,11.27,0.526,1115.0,-4.701,-0.009,-1,9.68,91.0,6.726,1,1778967729
2345,tw,1769990400,33.45,12.06,0.418,1140.0,2.242,0.0027,1,8.39,-106.0,14.474,1,1778967729
2345,tw,1770076800,35.79,13.86,0.447,1185.0,3.947,0.0004,2,9.68,-15.0,17.3,1,1778967729
2345,tw,1770163200,46.83,12.68,0.585,1185.0,0.0,-0.0021,-1,9.68,14.0,22.363,1,1778967729
2345,tw,1770249600,42.69,13.09,0.534,1125.0,-5.063,-0.0109,-2,11.61,110.0,24.444,1,1778967729
2345,tw,1770336000,38.96,16.99,0.487,1190.0,5.778,0.0098,1,12.26,-231.0,18.067,1,1778967729
2345,tw,1770595200,39.33,11.06,0.492,1305.0,9.664,0.0182,2,5.16,-16.0,11.111,1,1778967729
2345,tw,1770681600,35.5,8.82,0.444,1390.0,6.513,0.0107,3,3.87,-206.0,0.719,0,1778967729
2345,tw,1770768000,32.32,6.23,0.404,1450.0,4.317,0.0067,4,1.94,-189.0,-2.414,0,1778967729
2345,tw,1771804800,23.54,1.97,0.294,1400.0,-3.448,-0.0015,-1,0.0,-234.0,1.429,0,1778967729
2345,tw,1771891200,27.37,3.11,0.342,1405.0,0.357,0.002,1,0.0,-43.0,-7.117,-1,1778967729
2345,tw,1771977600,45.2,3.96,0.565,1450.0,3.203,0.0002,2,0.0,6.0,-2.069,0,1778967729
2345,tw,1772064000,38.52,1.97,0.482,1400.0,-3.448,-0.0057,-1,0.0,153.0,4.643,1,1778967729
2345,tw,1772409600,28.09,3.32,0.351,1415.0,1.071,0.0041,1,0.0,-28.0,-2.473,0,1778967729
2345,tw,1772496000,27.34,3.11,0.342,1420.0,0.353,-0.0018,-1,0.0,-4.0,1.056,0,1778967729
2345,tw,1772582400,34.52,1.86,0.432,1305.0,-8.099,-0.0043,-2,1.29,57.0,13.793,1,1778967729
2345,tw,1772668800,37.13,8.22,0.464,1420.0,8.812,0.006,1,2.58,-131.0,5.986,1,1778967729
2345,tw,1772755200,31.14,5.89,0.389,1465.0,3.169,0.0002,2,1.94,-47.0,-3.072,-1,1778967729
2345,tw,1773014400,38.09,5.13,0.476,1380.0,-5.802,-0.0078,-1,3.87,41.0,0.725,0,1778967729
2345,tw,1773100800,48.55,9.36,0.607,1435.0,3.986,-0.0031,-2,5.16,25.0,1.394,0,1778967729
2345,tw,1773187200,48.73,10.5,0.609,1485.0,3.484,0.0033,1,6.45,9.0,7.744,1,1778967729
2345,tw,1773273600,46.89,10.5,0.586,1505.0,1.347,-0.0007,-1,7.1,33.0,5.648,1,1778967729
2345,tw,1773360000,40.43,9.7,0.505,1420.0,-5.648,-0.0243,-2,8.39,186.0,13.38,1,1778967729
2345,tw,1773619200,44.69,12.05,0.559,1390.0,-2.113,-0.0077,-3,9.68,153.0,12.59,1,1778967729
2345,tw,1773705600,37.22,15.37,0.465,1455.0,4.676,0.0108,1,10.97,-144.0,5.498,1,1778967729
2345,tw,1773792000,57.8,17.6,0.722,1600.0,9.966,0.0055,2,11.61,405.0,5.312,1,1778967729
2345,tw,1773878400,32.17,14.42,0.402,1590.0,-0.625,-0.0013,-1,11.61,-204.0,5.346,1,1778967729
2345,tw,1773964800,33.73,14.35,0.422,1610.0,1.258,-0.0035,-2,10.97,-53.0,2.795,0,1778967729
2345,tw,1774224000,29.36,12.48,0.367,1565.0,-2.795,-0.0003,-3,10.32,-9.0,4.473,1,1778967729
2345,tw,1774310400,45.24,12.74,0.566,1535.0,-1.917,0.0001,1,10.32,46.0,-1.629,0,1778967729
2345,tw,1774396800,56.91,16.25,0.711,1685.0,9.772,-0.0039,-1,10.32,876.0,-1.484,0,1778967729
2345,tw,1774483200,31.29,12.5,0.391,1675.0,-0.593,0.0087,1,9.68,-1196.0,-5.075,-1,1778967729
2345,tw,1774569600,45.29,11.67,0.566,1655.0,-1.194,-0.0058,-1,9.03,379.0,-2.417,0,1778967729
2345,tw,1774828800,30.3,11.67,0.379,1635.0,-1.208,-0.002,-2,9.03,-65.0,4.587,1,1778967729
2345,tw,1774915200,24.81,11.68,0.31,1510.0,-7.645,-0.0066,-3,10.97,-167.0,11.921,1,1778967729
2345,tw,1775001600,58.38,18.88,0.73,1660.0,9.934,-0.0011,-4,12.9,60.0,10.542,1,1778967729
2345,tw,1775088000,29.87,15.92,0.373,1590.0,-4.217,-0.0024,-5,14.19,-269.0,14.465,1,1778967729
2345,tw,1775520000,50.95,18.31,0.637,1615.0,1.572,-0.0079,-6,14.84,72.0,17.028,1,1778967729
2345,tw,1775606400,40.58,20.24,0.507,1710.0,5.882,-0.0079,-7,15.48,-137.0,15.205,1,1778967729
2345,tw,1775692800,48.55,18.13,0.607,1690.0,-1.17,-0.0044,-8,15.48,31.0,20.414,1,1778967729
2345,tw,1775779200,41.42,17.18,0.518,1835.0,8.58,0.0069,1,11.61,-120.0,12.807,1,1778967729
2345,tw,1776038400,30.7,11.78,0.384,1820.0,-0.817,0.0006,2,9.03,-21.0,10.165,1,1778967729
2345,tw,1776124800,34.39,11.25,0.43,1890.0,3.846,-0.0014,-1,7.1,-130.0,15.873,1,1778967729
2345,tw,1776211200,34.17,10.08,0.427,1970.0,4.233,0.0057,1,5.81,-121.0,11.675,1,1778967729
2345,tw,1776297600,47.57,8.51,0.595,2035.0,3.299,0.0014,2,4.52,80.0,2.211,0,1778967729
2345,tw,1776384000,29.7,5.46,0.371,2070.0,1.72,0.0012,3,1.94,-37.0,3.382,1,1778967729
2345,tw,1776643200,38.8,2.06,0.485,2005.0,-3.14,-0.0126,-1,0.0,213.0,8.479,1,1778967729
2345,tw,1776729600,36.28,5.77,0.453,2190.0,9.227,0.0097,1,0.0,-22.0,4.795,1,1778967729
2345,tw,1776816000,42.44,3.14,0.531,2200.0,0.457,-0.0027,-1,0.0,140.0,0.455,0,1778967729
2345,tw,1776902400,36.85,2.01,0.461,2080.0,-5.455,-0.0032,-2,0.65,72.0,9.615,1,1778967729
2345,tw,1776988800,44.93,3.87,0.562,2140.0,2.885,0.0083,1,0.0,301.0,17.056,1,1778967729
2345,tw,1777248000,43.63,3.49,0.545,2175.0,1.636,-0.0021,-1,0.0,30.0,14.713,1,1778967729
2345,tw,1777334400,32.56,4.66,0.407,2295.0,5.517,0.0083,1,0.0,-363.0,8.279,1,1778967729
2345,tw,1777420800,38.59,2.54,0.482,2210.0,-3.704,-0.0063,-1,0.65,190.0,15.837,1,1778967729
2345,tw,1777507200,31.82,7.18,0.398,2280.0,3.167,0.0077,1,3.23,-114.0,4.167,1,1778967729
2345,tw,1777852800,52.58,7.25,0.657,2505.0,9.868,0.0128,2,1.29,196.0,3.393,1,1778967729
2345,tw,1777939200,27.89,5.46,0.349,2495.0,-0.399,-0.0001,-1,2.58,-101.0,1.202,0,1778967729
2345,tw,1778025600,29.51,8.69,0.369,2485.0,-0.401,0.0013,1,5.81,-76.0,-2.012,0,1778967729
2345,tw,1778112000,48.27,10.36,0.603,2560.0,3.018,0.0054,2,6.45,83.0,4.492,1,1778967729
2345,tw,1778198400,38.55,8.57,0.482,2375.0,-7.227,-0.0188,-1,7.74,519.0,5.474,1,1778967729
2376,tw,1763424000,23.0,1.83,0.287,246.0,-3.906,-0.0195,-6,0.0,-80.0,-1.423,0,1778967732
2376,tw,1763510400,39.22,2.21,0.49,239.5,-2.642,-0.0282,-7,0.0,147.0,2.714,0,1778967732
2376,tw,1763596800,45.53,4.06,0.569,248.0,3.549,-0.0032,-8,0.0,29.0,-0.403,0,1778967732
2376,tw,1763683200,38.53,1.97,0.482,239.5,-3.427,-0.0089,-9,0.0,42.0,1.67,0,1778967732
2376,tw,1763942400,28.69,3.5,0.359,243.5,1.67,0.0036,1,0.0,-13.0,-0.205,0,1778967732
2376,tw,1764028800,41.61,2.88,0.52,242.5,-0.411,0.0033,2,0.0,36.0,-0.206,0,1778967732
2376,tw,1764115200,29.72,5.93,0.372,246.0,1.443,0.0061,3,2.5,-5.0,-0.407,0,1778967732
2376,tw,1764201600,45.77,9.79,0.572,247.0,0.407,0.0049,4,6.67,41.0,-1.012,0,1778967732
2376,tw,1764288000,44.51,10.57,0.556,243.5,-1.417,-0.0144,-1,8.0,116.0,0.205,0,1778967732
2376,tw,1764547200,31.3,12.03,0.391,243.0,-0.205,-0.0074,-2,9.09,-57.0,1.235,0,1778967732
2376,tw,1764633600,44.88,9.55,0.561,242.0,-0.412,-0.0088,-3,6.67,114.0,0.413,0,1778967732
2376,tw,1764720000,31.31,9.52,0.391,245.0,1.24,-0.0007,-4,6.15,-32.0,-0.204,0,1778967732
2376,tw,1764806400,48.18,15.8,0.602,244.5,-0.204,-0.0082,-5,12.86,7.0,-0.409,0,1778967732
2376,tw,1764892800,48.41,16.27,0.605,244.0,-0.204,-0.0094,-6,13.33,84.0,-2.049,0,1778967732
2376,tw,1765152000,50.32,18.25,0.629,246.0,0.82,0.0006,1,15.0,15.0,-4.472,-1,1778967732
2376,tw,1765238400,48.89,19.1,0.611,243.0,-1.22,-0.0258,-1,16.47,224.0,-3.086,-1,1778967732
2376,tw,1765324800,36.5,20.97,0.456,244.5,0.617,-0.0011,-2,17.78,-7.0,-3.476,-1,1778967732
2376,tw,1765411200,36.05,21.83,0.451,243.5,-0.409,-0.0041,-3,18.95,-4.0,-2.669,0,1778967732
2376,tw,1765497600,49.59,21.45,0.62,239.0,-1.848,-0.0127,-4,19.0,90.0,-0.418,0,1778967732
2376,tw,1765756800,49.83,21.55,0.623,235.0,-1.674,-0.0047,-5,19.05,38.0,0.851,0,1778967732
2376,tw,1765843200,51.28,21.24,0.641,235.5,0.213,-0.0038,-6,18.18,95.0,-0.637,0,1778967732
2376,tw,1765929600,50.46,19.58,0.631,236.0,0.212,-0.0015,-7,16.52,55.0,-1.059,0,1778967732
2376,tw,1766016000,35.75,19.8,0.447,237.0,0.424,-0.002,-8,16.67,-31.0,-1.477,0,1778967732
2376,tw,1766102400,50.0,18.33,0.625,238.0,0.422,-0.0036,-9,15.2,53.0,0.21,0,1778967732
2376,tw,1766361600,48.87,17.49,0.611,237.0,-0.42,-0.0038,-10,14.62,73.0,3.797,1,1778967732
2376,tw,1766448000,47.75,16.69,0.597,234.0,-1.266,-0.0036,-11,14.07,44.0,6.624,1,1778967732
2376,tw,1766534400,48.59,16.51,0.607,233.5,-0.214,0.0032,1,13.57,23.0,10.921,1,1778967732
2376,tw,1766707200,33.55,16.1,0.419,233.5,0.0,-0.0001,-1,13.1,-50.0,6.21,1,1778967732
2376,tw,1766966400,36.17,17.64,0.452,238.5,2.141,0.0051,1,14.0,-11.0,2.725,0,1778967732
2376,tw,1767052800,51.16,16.2,0.639,246.0,3.145,-0.0237,-1,12.26,3.0,-0.407,0,1778967732
2376,tw,1767139200,34.08,15.04,0.426,249.5,1.423,-0.0301,-2,11.61,-330.0,-1.804,0,1778967732
2376,tw,1767312000,36.25,15.11,0.453,259.0,3.808,-0.0093,-3,10.97,-205.0,-7.336,-1,1778967732
2376,tw,1767571200,42.48,11.41,0.531,248.0,-4.247,-0.0221,-4,9.68,190.0,-5.04,-1,1778967732
2376,tw,1767657600,45.24,11.67,0.566,245.0,-1.21,-0.0125,-5,9.03,225.0,-3.878,-1,1778967732
2376,tw,1767744000,47.11,13.32,0.589,245.0,0.0,-0.0107,-6,10.32,133.0,0.816,0,1778967732
2376,tw,1767830400,45.86,10.74,0.573,245.0,0.0,-0.0013,-7,7.74,83.0,0.0,0,1778967732
2376,tw,1767916800,44.67,12.07,0.558,240.0,-2.041,-0.0265,-8,9.68,200.0,2.708,0,1778967732
2376,tw,1768176000,43.24,8.89,0.541,235.5,-1.875,-0.0217,-9,6.45,344.0,1.911,0,1778967732
2376,tw,1768262400,44.87,8.81,0.561,235.5,0.0,-0.0061,-10,5.81,198.0,1.062,0,1778967732
2376,tw,1768348800,49.47,9.62,0.618,247.0,4.883,0.0005,1,5.16,633.0,-4.251,-1,1778967732
2376,tw,1768435200,44.05,8.57,0.551,245.0,-0.81,-0.0097,-1,5.81,119.0,-2.449,0,1778967732
2376,tw,1768521600,45.81,9.63,0.573,246.5,0.612,-0.0057,-2,6.45,201.0,-3.245,-1,1778967732
2376,tw,1768780800,29.48,12.53,0.368,240.0,-2.637,-0.0093,-3,10.32,-530.0,0.833,0,1778967732
2376,tw,1768867200,45.97,12.43,0.575,238.0,-0.833,-0.0078,-4,9.68,60.0,1.261,0,1778967732
2376,tw,1768953600,44.52,9.26,0.556,236.5,-0.63,-0.0155,-5,6.45,172.0,1.691,0,1778967732
2376,tw,1769040000,33.55,14.29,0.419,239.0,1.057,0.0012,1,10.97,-59.0,-0.628,0,1778967732
2376,tw,1769126400,47.23,13.91,0.59,238.5,-0.209,-0.0089,-1,10.97,378.0,-2.306,0,1778967732
2376,tw,1769385600,33.98,14.41,0.425,242.0,1.468,0.0062,1,10.97,-232.0,-5.992,-1,1778967732
2376,tw,1769472000,31.98,13.85,0.4,241.0,-0.413,-0.0181,-1,10.97,-102.0,-5.394,-1,1778967732
2376,tw,1769558400,47.52,14.55,0.594,240.5,-0.207,-0.0164,-2,11.61,105.0,-4.782,-1,1778967732
2376,tw,1769644800,31.85,14.89,0.398,237.5,-1.247,-0.0067,-3,12.26,-66.0,-4.842,-1,1778967732
2376,tw,1769731200,48.1,18.56,0.601,233.0,-1.895,-0.0131,-4,16.13,140.0,-2.361,0,1778967732
2376,tw,1769990400,46.37,15.84,0.58,227.5,-2.361,-0.0087,-5,13.55,39.0,-1.538,0,1778967732
2376,tw,1770076800,48.62,15.97,0.608,228.0,0.22,-0.0095,-6,12.9,101.0,-0.658,0,1778967732
2376,tw,1770163200,47.6,13.45,0.595,229.0,0.439,0.0001,1,10.32,77.0,0.218,0,1778967732
2376,tw,1770249600,45.51,12.29,0.569,226.0,-1.31,-0.0032,-1,9.68,58.0,0.442,0,1778967732
2376,tw,1770336000,31.84,11.59,0.398,227.5,0.664,-0.0042,-2,8.39,-6.0,0.22,0,1778967732
2376,tw,1770595200,40.37,2.54,0.505,224.0,-1.538,-0.0175,-3,0.0,250.0,4.911,1,1778967732
2376,tw,1770681600,28.13,3.33,0.352,226.5,1.116,0.0038,1,0.0,-97.0,5.74,1,1778967732
2376,tw,1770768000,28.98,4.69,0.362,229.5,1.325,0.0019,2,1.29,-97.0,3.05,1,1778967732
2376,tw,1771804800,41.86,4.61,0.523,227.0,-1.089,-0.0048,-1,1.94,19.0,0.881,0,1778967732
2376,tw,1771891200,48.9,16.03,0.611,228.0,0.441,0.0018,1,12.9,1.0,-6.14,-1,1778967732
2376,tw,1771977600,36.9,17.47,0.461,235.0,3.07,0.0108,2,13.55,-240.0,-7.234,-1,1778967732
2376,tw,1772064000,35.05,15.83,0.438,239.5,1.915,0.0003,3,12.26,-50.0,-8.559,-1,1778967732
2376,tw,1772409600,31.89,14.88,0.399,236.5,-1.253,0.0024,4,12.26,-18.0,-9.091,-1,1778967732
2376,tw,1772496000,45.53,15.6,0.569,229.0,-3.171,-0.0151,-1,13.55,51.0,-3.493,-1,1778967732
2376,tw,1772582400,35.75,1.68,0.447,214.0,-6.55,-0.0044,-2,0.65,4.0,8.411,1,1778967732
2376,tw,1772668800,44.32,4.21,0.554,218.0,1.869,0.0252,1,0.65,27.0,4.587,1,1778967732
2376,tw,1772755200,43.18,4.43,0.54,219.0,0.459,0.0148,2,1.29,158.0,6.393,1,1778967732
2376,tw,1773014400,40.58,3.1,0.507,215.0,-1.826,0.0165,3,0.65,102.0,10.0,1,1778967732
2376,tw,1773100800,46.84,7.71,0.586,221.0,2.791,0.0237,4,3.87,92.0,12.217,1,1778967732
2376,tw,1773187200,44.69,9.65,0.559,232.0,4.977,0.0263,5,5.16,-232.0,7.543,1,1778967732
2376,tw,1773273600,42.82,7.64,0.535,228.0,-1.724,-0.0074,-1,5.16,121.0,8.553,1,1778967732
2376,tw,1773360000,30.88,6.89,0.386,233.0,2.193,0.0139,1,3.23,-114.0,6.652,1,1778967732
2376,tw,1773619200,28.58,3.45,0.357,236.5,1.502,0.0157,2,0.0,-52.0,-1.691,0,1778967732
2376,tw,1773705600,32.01,4.46,0.4,248.0,4.863,0.0303,3,0.0,-3.0,-5.242,-1,1778967732
2376,tw,1773792000,27.65,3.18,0.346,249.5,0.605,0.0098,4,0.0,-204.0,-6.212,-1,1778967732
2376,tw,1773878400,26.19,2.76,0.327,247.5,-0.802,-0.0013,-1,0.0,-146.0,-5.657,-1,1778967732
2376,tw,1773964800,27.38,3.12,0.342,248.5,0.404,-0.004,-2,0.0,-170.0,-5.433,-1,1778967732
2376,tw,1774224000,35.89,1.72,0.449,232.5,-6.439,0.0016,1,0.65,165.0,-1.935,0,1778967732
2376,tw,1774310400,28.87,4.61,0.361,235.0,1.075,0.0304,2,1.29,-156.0,-5.319,-1,1778967732
2376,tw,1774396800,42.58,4.81,0.532,234.0,-0.426,0.0065,3,1.94,216.0,-0.855,0,1778967732
2376,tw,1774483200,28.2,5.52,0.352,233.5,-0.214,0.0243,4,2.58,-61.0,-2.355,0,1778967732
2376,tw,1774569600,54.37,6.42,0.68,235.0,0.642,0.0223,5,3.23,66.0,-5.319,-1,1778967732
2376,tw,1774828800,40.57,5.34,0.507,228.0,-2.979,-0.0131,-1,3.23,145.0,7.237,1,1778967732
2376,tw,1774915200,25.21,3.57,0.315,222.5,-2.412,-0.0039,-2,1.29,-43.0,12.809,1,1778967732
2376,tw,1775001600,34.22,10.09,0.428,232.0,4.27,0.0096,1,5.81,-11.0,13.147,1,1778967732
2376,tw,1775088000,28.82,9.58,0.36,228.0,-1.724,-0.0014,-1,7.1,-15.0,15.789,1,1778967732
2376,tw,1775520000,43.37,10.02,0.542,222.5,-2.412,-0.018,-2,7.74,103.0,18.427,1,1778967732
2376,tw,1775606400,56.35,14.36,0.704,244.5,9.888,0.0531,1,8.39,403.0,14.11,1,1778967732
2376,tw,1775692800,48.96,12.19,0.612,251.0,2.658,0.0221,2,8.39,159.0,11.952,1,1778967732
2376,tw,1775779200,49.53,10.18,0.619,262.5,4.582,0.0083,3,5.81,469.0,7.238,1,1778967732
2376,tw,1776038400,42.59,3.17,0.532,264.0,0.571,0.0046,4,0.0,80.0,5.682,1,1778967732
2376,tw,1776124800,51.82,2.94,0.648,263.5,-0.189,0.0026,5,0.0,673.0,9.488,1,1778967732
2376,tw,1776211200,58.41,4.76,0.73,279.0,5.882,0.1058,6,0.0,20.0,2.151,0,1778967732
2376,tw,1776297600,52.82,3.22,0.66,281.0,0.717,0.0203,7,0.0,562.0,-2.135,0,1778967732
2376,tw,1776384000,37.33,3.05,0.467,281.5,0.178,0.0309,8,0.0,-682.0,-1.243,0,1778967732
2376,tw,1776643200,36.16,2.73,0.452,279.0,-0.888,0.0099,9,0.0,-951.0,2.151,0,1778967732
2376,tw,1776729600,55.54,4.02,0.694,288.5,3.405,0.0274,10,0.0,209.0,-2.426,0,1778967732
2376,tw,1776816000,35.89,2.64,0.449,285.0,-1.213,0.0201,11,0.0,-68.0,-4.386,-1,1778967732
2376,tw,1776902400,33.95,2.6,0.424,275.0,-3.509,0.0259,12,0.65,-1073.0,-0.727,0,1778967732
2376,tw,1776988800,28.72,4.62,0.359,278.0,1.091,-0.0027,-1,1.29,-68.0,0.36,0,1778967732
2376,tw,1777248000,45.6,5.7,0.57,285.0,2.518,0.023,1,1.94,223.0,-1.93,0,1778967732
2376,tw,1777334400,42.35,5.86,0.529,281.5,-1.228,-0.0081,-1,3.23,210.0,6.927,1,1778967732
2376,tw,1777420800,25.62,5.91,0.32,272.5,-3.197,-0.024,-2,3.87,-148.0,13.394,1,1778967732
2376,tw,1777507200,30.12,8.87,0.376,273.0,0.183,0.0058,1,5.81,-109.0,16.117,1,1778967732
2376,tw,1777852800,47.75,10.76,0.597,279.0,2.198,0.0014,2,7.1,120.0,16.308,1,1778967732
2376,tw,1777939200,46.4,11.44,0.58,279.5,0.179,0.0046,3,8.39,105.0,14.848,1,1778967732
2376,tw,1778025600,57.44,20.15,0.718,301.0,7.692,0.0653,4,14.84,1400.0,4.153,1,1778967732
2376,tw,1778112000,62.46,19.28,0.781,309.0,2.658,0.0119,5,15.48,1136.0,5.825,1,1778967732
2376,tw,1778198400,44.95,14.1,0.562,317.0,2.589,0.0409,6,10.32,-1605.0,2.997,0,1778967732
2385,tw,1763424000,38.33,1.92,0.479,120.5,-3.6,-0.0136,-4,0.0,37.0,-3.32,-1,1778967735
2385,tw,1763510400,40.3,2.5,0.504,118.5,-1.66,-0.0077,-5,0.0,37.0,-0.422,0,1778967735
2385,tw,1763596800,43.26,3.38,0.541,120.0,1.266,-0.0003,-6,0.0,42.0,-0.417,0,1778967735
2385,tw,1763683200,40.31,2.5,0.504,118.0,-1.667,-0.0051,-7,0.0,25.0,1.695,0,1778967735
2385,tw,1763942400,41.59,2.87,0.52,117.5,-0.424,0.0025,1,0.0,95.0,0.426,0,1778967735
2385,tw,1764028800,41.16,2.74,0.515,116.5,-0.851,0.0028,2,0.0,77.0,0.0,0,1778967735
2385,tw,1764115200,28.25,3.39,0.353,118.0,1.288,-0.0076,-1,0.0,-11.0,-0.424,0,1778967735
2385,tw,1764201600,44.36,5.6,0.555,119.5,1.271,-0.004,-2,2.22,37.0,-0.418,0,1778967735
2385,tw,1764288000,45.42,9.13,0.568,120.0,0.418,0.0,1,6.0,62.0,-0.417,0,1778967735
2385,tw,1764547200,43.92,9.77,0.549,118.0,-1.667,-0.0092,-1,7.27,42.0,-0.424,0,1778967735
2385,tw,1764633600,44.85,10.95,0.561,116.5,-1.271,-0.0095,-2,8.33,40.0,0.429,0,1778967735
2385,tw,1764720000,48.27,14.03,0.603,117.5,0.858,0.0052,1,10.77,56.0,-1.277,0,1778967735
2385,tw,1764806400,34.7,16.24,0.434,119.0,1.277,-0.0017,-1,12.86,-52.0,-3.361,-1,1778967735
2385,tw,1764892800,34.75,17.8,0.434,119.5,0.42,-0.0012,-2,14.67,-24.0,-4.603,-1,1778967735
2385,tw,1765152000,32.16,16.25,0.402,117.5,-1.674,-0.008,-3,13.75,-32.0,-3.404,-1,1778967735
2385,tw,1765238400,49.78,19.34,0.622,117.0,-0.426,-0.0062,-4,16.47,16.0,-2.564,0,1778967735
2385,tw,1765324800,49.46,19.41,0.618,116.0,-0.855,-0.0033,-5,16.67,5.0,-1.724,0,1778967735
2385,tw,1765411200,35.03,20.63,0.438,115.0,-0.862,-0.0113,-6,17.89,-5.0,-1.304,0,1778967735
2385,tw,1765497600,50.1,20.74,0.626,114.0,-0.87,-0.0053,-7,18.0,28.0,1.316,0,1778967735
2385,tw,1765756800,51.07,21.92,0.638,113.5,-0.439,-0.0025,-8,19.05,41.0,2.203,0,1778967735
2385,tw,1765843200,51.52,21.31,0.644,114.0,0.441,-0.0018,-9,18.18,9.0,2.632,0,1778967735
2385,tw,1765929600,50.73,20.39,0.634,114.0,0.0,0.0061,1,17.39,12.0,3.509,1,1778967735
2385,tw,1766016000,49.86,19.54,0.623,113.5,-0.439,-0.0065,-1,16.67,19.0,1.322,0,1778967735
2385,tw,1766102400,37.18,20.33,0.465,115.5,1.762,0.0043,1,16.8,-24.0,1.299,0,1778967735
2385,tw,1766361600,50.91,20.05,0.636,116.0,0.433,0.0029,2,16.92,21.0,1.724,0,1778967735
2385,tw,1766448000,36.05,19.56,0.451,117.0,0.862,0.0067,3,16.3,-6.0,0.0,0,1778967735
2385,tw,1766534400,50.72,18.97,0.634,118.0,0.855,0.0026,4,15.71,10.0,-1.271,0,1778967735
2385,tw,1766707200,58.45,20.17,0.731,115.0,-2.542,0.0064,5,17.93,142.0,-1.739,0,1778967735
2385,tw,1766966400,48.57,22.85,0.607,117.0,1.739,0.0327,6,19.33,-42.0,-1.282,0,1778967735
2385,tw,1767052800,62.31,21.97,0.779,118.0,0.855,0.0191,7,18.71,19.0,-1.695,0,1778967735
2385,tw,1767139200,60.27,20.81,0.753,117.0,-0.847,0.0173,8,18.06,50.0,-0.855,0,1778967735
2385,tw,1767312000,61.32,22.22,0.767,116.5,-0.427,0.0147,9,19.35,78.0,-0.429,0,1778967735
2385,tw,1767571200,33.35,20.81,0.417,113.0,-3.004,-0.0001,-1,18.71,-17.0,3.54,1,1778967735
2385,tw,1767657600,54.01,23.01,0.675,115.5,2.212,0.0253,1,19.35,27.0,0.433,0,1778967735
2385,tw,1767744000,52.36,22.48,0.654,116.0,0.433,0.0497,2,19.35,46.0,2.586,0,1778967735
2385,tw,1767830400,43.68,22.35,0.546,116.0,0.0,0.002,3,19.35,0.0,2.586,0,1778967735
2385,tw,1767916800,51.35,21.71,0.642,116.0,0.0,-0.0011,-1,18.71,72.0,2.586,0,1778967735
2385,tw,1768176000,51.92,21.32,0.649,117.0,0.862,0.0056,1,18.06,41.0,1.709,0,1778967735
2385,tw,1768262400,50.77,22.09,0.635,116.0,-0.855,-0.0106,-1,19.35,192.0,3.017,1,1778967735
2385,tw,1768348800,37.68,19.91,0.471,119.0,2.586,0.0056,1,16.13,-82.0,-0.42,0,1778967735
2385,tw,1768435200,49.4,17.84,0.617,119.0,0.0,-0.0044,-1,14.84,53.0,0.42,0,1778967735
2385,tw,1768521600,34.1,17.19,0.426,119.0,0.0,0.0006,1,14.19,-46.0,0.84,0,1778967735
2385,tw,1768780800,49.78,18.48,0.622,119.0,0.0,0.009,2,15.48,160.0,0.0,0,1778967735
2385,tw,1768867200,48.87,16.03,0.611,119.5,0.42,0.0002,3,12.9,34.0,-1.255,0,1778967735
2385,tw,1768953600,32.29,15.01,0.404,118.5,-0.837,-0.0015,-1,12.26,-78.0,-0.844,0,1778967735
2385,tw,1769040000,33.68,14.86,0.421,119.5,0.844,0.0059,1,11.61,-128.0,-2.092,0,1778967735
2385,tw,1769126400,46.29,10.87,0.579,120.0,0.418,-0.0002,-1,7.74,29.0,-2.5,0,1778967735
2385,tw,1769385600,31.62,13.72,0.395,119.0,-0.833,-0.0057,-2,10.97,-8.0,-2.521,0,1778967735
2385,tw,1769472000,46.64,13.72,0.583,118.0,-0.84,-0.0013,-3,10.97,35.0,-0.847,0,1778967735
2385,tw,1769558400,47.05,13.84,0.588,117.5,-0.424,-0.0019,-4,10.97,75.0,0.426,0,1778967735
2385,tw,1769644800,31.75,13.19,0.397,117.0,-0.426,0.0036,1,10.32,-152.0,1.709,0,1778967735
2385,tw,1769731200,32.46,13.97,0.406,117.0,0.0,-0.0045,-1,10.97,-45.0,2.137,0,1778967735
2385,tw,1769990400,35.83,22.09,0.448,116.0,-0.855,0.0027,1,19.35,-3.0,3.448,1,1778967735
2385,tw,1770076800,37.55,22.61,0.469,117.0,0.862,0.0024,2,19.35,-10.0,2.564,0,1778967735
2385,tw,1770163200,52.5,22.61,0.656,118.0,0.855,-0.005,-1,19.35,58.0,1.271,0,1778967735
2385,tw,1770249600,52.5,22.6,0.656,119.0,0.847,-0.0053,-2,19.35,74.0,2.941,0,1778967735
2385,tw,1770336000,37.1,22.48,0.464,119.5,0.42,0.0012,1,19.35,-159.0,3.347,1,1778967735
2385,tw,1770595200,36.78,21.84,0.46,120.0,0.418,0.0021,2,18.71,-25.0,2.917,0,1778967735
2385,tw,1770681600,36.68,22.35,0.459,120.0,0.0,0.0011,3,19.35,-37.0,4.167,1,1778967735
2385,tw,1770768000,35.96,21.59,0.45,119.5,-0.417,0.0052,4,18.71,-41.0,5.439,1,1778967735
2385,tw,1771804800,62.03,18.59,0.775,122.5,2.51,0.0193,5,14.84,2.0,2.857,0,1778967735
2385,tw,1771891200,40.4,8.4,0.505,123.5,0.816,0.0014,6,5.16,-115.0,0.405,0,1778967735
2385,tw,1771977600,52.05,3.0,0.651,123.5,0.0,0.01,7,0.0,21.0,1.619,0,1778967735
2385,tw,1772064000,38.3,3.36,0.479,125.0,1.215,0.0162,8,0.0,-10.0,0.4,0,1778967735
2385,tw,1772409600,37.92,3.24,0.474,126.0,0.8,0.0241,9,0.0,-50.0,-1.984,0,1778967735
2385,tw,1772496000,37.02,3.0,0.463,126.0,0.0,0.0049,10,0.0,-60.0,-1.587,0,1778967735
2385,tw,1772582400,40.37,2.52,0.505,124.0,-1.587,-0.009,-1,0.0,39.0,0.806,0,1778967735
2385,tw,1772668800,28.22,3.36,0.353,125.5,1.21,0.0022,1,0.0,-6.0,-1.195,0,1778967735
2385,tw,1772755200,26.98,3.0,0.337,125.5,0.0,-0.0045,-1,0.0,-27.0,-1.195,0,1778967735
2385,tw,1773014400,25.74,3.17,0.322,123.5,-1.594,0.0013,1,0.65,-121.0,0.0,0,1778967735
2385,tw,1773100800,28.36,5.06,0.354,124.0,0.405,-0.0039,-1,1.94,-20.0,-0.403,0,1778967735
2385,tw,1773187200,44.38,6.47,0.555,125.0,0.806,-0.0075,-2,3.23,30.0,-1.6,0,1778967735
2385,tw,1773273600,28.68,7.92,0.359,124.0,-0.8,-0.019,-3,5.16,-160.0,-2.823,0,1778967735
2385,tw,1773360000,29.86,8.81,0.373,124.0,0.0,-0.0094,-4,5.81,-50.0,0.403,0,1778967735
2385,tw,1773619200,30.12,9.98,0.377,123.5,-0.403,-0.0053,-5,7.1,-53.0,-2.024,0,1778967735
2385,tw,1773705600,31.2,11.39,0.39,123.5,0.0,0.001,1,8.39,-37.0,-2.834,0,1778967735
2385,tw,1773792000,47.74,15.14,0.597,123.0,-0.405,0.0021,2,12.26,207.0,0.0,0,1778967735
2385,tw,1773878400,46.68,15.94,0.584,120.5,-2.033,-0.0117,-1,13.55,122.0,1.245,0,1778967735
2385,tw,1773964800,37.14,17.55,0.464,124.5,3.32,0.0093,1,13.55,-292.0,-1.205,0,1778967735
2385,tw,1774224000,46.86,17.64,0.586,121.0,-2.811,-0.0142,-1,15.48,116.0,0.826,0,1778967735
2385,tw,1774310400,47.29,15.01,0.591,120.0,-0.826,-0.0029,-2,12.26,23.0,-0.417,0,1778967735
2385,tw,1774396800,35.42,15.36,0.443,123.0,2.5,0.0235,1,11.61,-131.0,-2.439,0,1778967735
2385,tw,1774483200,46.65,13.73,0.583,122.0,-0.813,-0.0036,-1,10.97,26.0,-0.82,0,1778967735
2385,tw,1774569600,33.6,14.86,0.42,123.0,0.82,-0.0049,-2,11.61,-168.0,-1.22,0,1778967735
2385,tw,1774828800,32.96,16.31,0.412,122.0,-0.813,0.0001,1,13.55,-36.0,1.23,0,1778967735
2385,tw,1774915200,45.38,13.36,0.567,119.5,-2.049,-0.0108,-1,10.97,34.0,4.184,1,1778967735
2385,tw,1775001600,47.54,13.45,0.594,120.0,0.418,-0.0074,-2,10.32,2.0,3.75,1,1778967735
2385,tw,1775088000,33.61,14.86,0.42,121.0,0.833,-0.0064,-3,11.61,-56.0,3.306,1,1778967735
2385,tw,1775520000,49.82,17.96,0.623,121.5,0.413,-0.0036,-4,14.84,27.0,2.058,0,1778967735
2385,tw,1775606400,36.1,18.33,0.451,123.5,1.646,0.0061,1,14.84,-34.0,1.215,0,1778967735
2385,tw,1775692800,41.93,17.43,0.524,124.5,0.81,0.006,2,14.19,0.0,1.205,0,1778967735
2385,tw,1775779200,35.7,20.42,0.446,124.5,0.0,-0.0015,-1,17.42,-62.0,0.803,0,1778967735
2385,tw,1776038400,33.51,15.38,0.419,125.0,0.402,-0.0037,-2,12.26,-35.0,-2.4,0,1778967735
2385,tw,1776124800,46.98,14.37,0.587,124.0,-0.8,-0.0045,-3,11.61,48.0,0.806,0,1778967735
2385,tw,1776211200,32.7,12.92,0.409,125.0,0.806,0.0105,1,9.68,-37.0,0.0,0,1778967735
2385,tw,1776297600,46.37,10.34,0.58,126.0,0.8,0.0048,2,7.1,28.0,0.0,0,1778967735
2385,tw,1776384000,29.8,9.33,0.373,125.5,-0.397,-0.0051,-1,6.45,-42.0,-0.398,0,1778967735
2385,tw,1776643200,42.33,8.61,0.529,122.0,-2.789,-0.021,-2,6.45,269.0,0.41,0,1778967735
2385,tw,1776729600,32.38,9.55,0.405,125.0,2.459,0.0039,1,5.81,-211.0,-2.4,0,1778967735
2385,tw,1776816000,29.91,8.81,0.374,125.0,0.0,0.0007,2,5.81,-2.0,-0.4,0,1778967735
2385,tw,1776902400,46.02,9.69,0.575,126.0,0.8,-0.0013,-1,6.45,121.0,-1.984,0,1778967735
2385,tw,1776988800,43.71,7.92,0.546,125.0,-0.794,-0.0157,-2,5.16,50.0,2.0,0,1778967735
2385,tw,1777248000,42.81,8.21,0.535,122.5,-2.0,-0.0196,-3,5.81,111.0,6.122,1,1778967735
2385,tw,1777334400,28.5,6.75,0.356,122.0,-0.408,-0.0053,-4,3.87,-232.0,5.328,1,1778967735
2385,tw,1777420800,31.69,8.77,0.396,124.5,2.049,0.0114,1,5.16,-112.0,5.221,1,1778967735
2385,tw,1777507200,46.71,13.73,0.584,123.5,-0.803,0.0056,2,10.97,42.0,8.502,1,1778967735
2385,tw,1777852800,38.45,20.1,0.481,127.5,3.239,0.0299,3,16.13,-158.0,5.882,1,1778967735
2385,tw,1777939200,32.23,10.04,0.403,130.0,1.961,0.0089,4,6.45,-8.0,3.846,1,1778967735
2385,tw,1778025600,43.03,7.17,0.538,128.5,-1.154,-0.015,-1,4.52,60.0,0.389,0,1778967735
2385,tw,1778112000,28.94,3.58,0.362,131.0,1.946,-0.0002,-2,0.0,-112.0,-3.435,-1,1778967735
2385,tw,1778198400,44.28,3.69,0.553,134.0,2.29,-0.0027,-3,0.0,17.0,-7.836,-1,1778967735
2388,tw,1763424000,37.86,1.77,0.473,49.0,-4.11,-0.0061,-1,0.0,269.0,1.122,0,1778967738
2388,tw,1763510400,44.11,9.3,0.551,48.4,-1.224,0.0,1,6.67,16.0,6.405,1,1778967738
2388,tw,1763596800,38.06,19.05,0.476,50.1,3.512,0.0091,2,15.0,-202.0,2.395,0,1778967738
2388,tw,1763683200,47.11,18.13,0.589,48.65,-2.894,0.0006,3,16.0,118.0,6.886,1,1778967738
2388,tw,1763942400,50.64,19.76,0.633,48.8,0.308,-0.0001,-1,16.67,27.0,4.303,1,1778967738
2388,tw,1764028800,52.13,20.6,0.652,49.55,1.537,0.005,1,17.14,102.0,2.321,0,1778967738
2388,tw,1764115200,39.72,21.68,0.496,51.5,3.935,0.0064,2,17.5,-171.0,0.0,0,1778967738
2388,tw,1764201600,35.52,20.66,0.444,51.3,-0.388,0.0043,3,17.78,-32.0,1.365,0,1778967738
2388,tw,1764288000,37.38,21.41,0.467,52.0,1.365,0.004,4,18.0,-31.0,-0.385,0,1778967738
2388,tw,1764547200,43.98,20.55,0.55,50.9,-2.115,0.0011,5,18.18,-26.0,11.788,1,1778967738
2388,tw,1764633600,59.95,19.55,0.749,50.7,-0.393,0.0013,6,16.67,24.0,23.274,1,1778967738
2388,tw,1764720000,46.3,18.85,0.579,51.5,1.578,0.0064,7,15.38,-277.0,26.019,1,1778967738
2388,tw,1764806400,44.41,16.15,0.555,52.0,0.971,0.0015,8,12.86,-191.0,28.077,1,1778967738
2388,tw,1764892800,48.27,16.21,0.603,51.8,-0.385,-0.0024,-1,13.33,51.0,23.745,1,1778967738
2388,tw,1765152000,53.83,9.7,0.673,56.9,9.846,0.0214,1,3.75,155.0,7.909,1,1778967738
2388,tw,1765238400,51.94,5.95,0.649,62.5,9.842,0.0197,2,0.0,1258.0,-6.24,-1,1778967738
2388,tw,1765324800,45.97,4.15,0.575,64.9,3.84,0.0257,3,0.0,1089.0,-12.173,-1,1778967738
2388,tw,1765411200,44.8,3.79,0.56,66.6,2.619,0.0354,4,0.0,1101.0,-16.216,-1,1778967738
2388,tw,1765497600,38.1,1.87,0.476,64.1,-3.754,-0.0286,-1,0.0,69.0,-12.168,-1,1778967738
2388,tw,1765756800,22.79,1.74,0.285,61.4,-4.212,0.001,1,0.0,-852.0,-6.026,-1,1778967738
2388,tw,1765843200,22.95,2.54,0.287,58.6,-4.56,0.0102,2,0.91,-1667.0,-5.802,-1,1778967738
2388,tw,1765929600,40.56,4.79,0.507,57.0,-2.73,-0.0028,-1,2.61,80.0,-4.211,-1,1778967738
2388,tw,1766016000,41.52,5.7,0.519,55.8,-2.105,-0.0088,-2,3.33,167.0,-4.48,-1,1778967738
2388,tw,1766102400,30.28,8.07,0.379,56.3,0.896,-0.0024,-3,4.8,-110.0,-5.684,-1,1778967738
2388,tw,1766361600,32.15,9.13,0.402,57.7,2.487,-0.0045,-4,5.38,-218.0,-8.146,-1,1778967738
2388,tw,1766448000,25.66,7.63,0.321,55.2,-4.333,0.0048,1,5.93,-1744.0,-5.616,-1,1778967738
2388,tw,1766534400,44.07,9.1,0.551,54.6,-1.087,-0.0107,-1,6.43,186.0,-5.678,-1,1778967738
2388,tw,1766707200,43.02,9.19,0.538,53.3,-2.381,-0.0099,-2,6.9,253.0,-4.69,-1,1778967738
2388,tw,1766966400,45.24,10.22,0.566,53.1,-0.375,-0.0093,-3,7.33,265.0,-3.955,-1,1778967738
2388,tw,1767052800,45.69,10.68,0.571,53.0,-0.188,0.001,1,7.74,26.0,-2.83,0,1778967738
2388,tw,1767139200,44.74,11.52,0.559,52.1,-1.698,-0.0146,-1,9.03,283.0,-2.879,0,1778967738
2388,tw,1767312000,45.29,11.68,0.566,51.5,-1.152,-0.0141,-2,9.03,370.0,-2.913,0,1778967738
2388,tw,1767571200,44.82,10.98,0.56,50.8,-1.359,-0.0039,-3,8.39,13.0,1.969,0,1778967738
2388,tw,1767657600,46.24,10.86,0.578,51.0,0.394,-0.0049,-4,7.74,85.0,1.176,0,1778967738
2388,tw,1767744000,46.18,9.74,0.577,51.5,0.98,-0.0056,-5,6.45,122.0,1.359,0,1778967738
2388,tw,1767830400,43.43,8.93,0.543,50.6,-1.748,-0.009,-6,6.45,172.0,2.964,0,1778967738
2388,tw,1767916800,31.3,13.61,0.391,50.0,-1.186,0.0002,1,10.97,-243.0,4.2,1,1778967738
2388,tw,1768176000,52.37,17.63,0.655,51.8,3.6,-0.0002,-1,13.55,200.0,3.668,1,1778967738
2388,tw,1768262400,48.9,17.72,0.611,51.6,-0.386,-0.0277,-2,14.84,316.0,4.07,1,1778967738
2388,tw,1768348800,50.94,18.83,0.637,52.2,1.163,0.0079,1,15.48,39.0,-0.192,0,1778967738
2388,tw,1768435200,49.87,19.07,0.623,52.1,-0.192,-0.0016,-1,16.13,11.0,4.99,1,1778967738
2388,tw,1768521600,35.41,19.77,0.443,52.1,0.0,0.0047,1,16.77,-4.0,4.798,1,1778967738
2388,tw,1768780800,38.81,21.34,0.485,53.7,3.071,0.0056,2,17.42,-597.0,5.773,1,1778967738
2388,tw,1768867200,51.32,21.71,0.642,53.7,0.0,-0.0067,-1,18.71,193.0,2.793,0,1778967738
2388,tw,1768953600,33.68,21.46,0.421,52.1,-2.98,-0.0031,-2,19.35,-140.0,8.829,1,1778967738
2388,tw,1769040000,56.65,23.85,0.708,54.7,4.99,-0.0034,-3,19.35,478.0,-0.548,0,1778967738
2388,tw,1769126400,36.17,21.66,0.452,54.6,-0.183,-0.0013,-4,18.71,-97.0,-4.945,-1,1778967738
2388,tw,1769385600,39.77,21.63,0.497,56.8,4.029,0.0059,1,17.42,-280.0,-10.915,-1,1778967738
2388,tw,1769472000,32.56,18.92,0.407,55.2,-2.817,-0.0025,-1,16.77,-59.0,-5.797,-1,1778967738
2388,tw,1769558400,52.52,19.3,0.656,56.7,2.717,0.0125,1,15.48,21.0,-6.702,-1,1778967738
2388,tw,1769644800,45.02,15.97,0.563,54.4,-4.056,-0.004,-1,14.19,3.0,-6.066,-1,1778967738
2388,tw,1769731200,44.49,15.81,0.556,51.9,-4.596,-0.0027,-2,14.19,95.0,-2.697,0,1778967738
2388,tw,1769990400,31.28,15.8,0.391,50.6,-2.505,0.0011,1,13.55,-44.0,0.593,0,1778967738
2388,tw,1770076800,37.55,19.31,0.469,52.0,2.767,0.0091,2,15.48,-67.0,-1.923,0,1778967738
2388,tw,1770163200,51.49,19.0,0.644,52.9,1.731,0.0035,3,15.48,47.0,-6.994,-1,1778967738
2388,tw,1770249600,46.33,17.46,0.579,51.1,-3.403,-0.0024,-1,15.48,99.0,-0.978,0,1778967738
2388,tw,1770336000,48.55,18.13,0.607,50.5,-1.174,-0.0034,-2,15.48,23.0,0.792,0,1778967738
2388,tw,1770595200,49.9,17.43,0.624,50.9,0.792,0.0022,1,14.19,144.0,-2.652,0,1778967738
2388,tw,1770681600,33.66,15.96,0.421,51.0,0.196,0.0035,2,12.9,-371.0,-0.98,0,1778967738
2388,tw,1770768000,27.24,9.68,0.34,49.2,-3.529,-0.0211,-1,7.74,-40.0,0.813,0,1778967738
2388,tw,1771804800,33.45,10.95,0.418,50.6,2.846,0.0111,1,7.1,-119.0,-4.941,-1,1778967738
2388,tw,1771891200,30.83,9.63,0.385,50.9,0.593,0.0024,2,6.45,-14.0,-12.574,-1,1778967738
2388,tw,1771977600,41.85,7.36,0.523,49.55,-2.652,-0.0156,-1,5.16,260.0,-7.366,-1,1778967738
2388,tw,1772064000,31.25,8.1,0.391,50.5,1.917,0.0138,1,4.52,-213.0,-8.911,-1,1778967738
2388,tw,1772409600,42.15,6.34,0.527,49.6,-1.782,-0.0003,-1,3.87,65.0,-12.298,-1,1778967738
2388,tw,1772496000,40.5,5.32,0.506,48.1,-3.024,-0.0189,-2,3.23,703.0,-7.277,-1,1778967738
2388,tw,1772582400,20.46,2.69,0.256,44.5,-7.484,-0.0048,-3,1.94,-130.0,10.225,1,1778967738
2388,tw,1772668800,31.14,5.88,0.389,45.9,3.146,0.0057,1,1.94,-77.0,6.754,1,1778967738
2388,tw,1772755200,42.88,4.36,0.536,46.0,0.218,0.0027,2,1.29,7.0,4.891,1,1778967738
2388,tw,1773014400,36.55,1.37,0.457,43.5,-5.435,-0.0036,-1,0.0,90.0,13.793,1,1778967738
2388,tw,1773100800,29.55,3.76,0.369,44.6,2.529,0.005,1,0.0,-40.0,13.453,1,1778967738
2388,tw,1773187200,53.64,9.22,0.671,49.05,9.978,0.0103,2,3.23,600.0,5.403,1,1778967738
2388,tw,1773273600,28.83,6.84,0.36,49.0,-0.102,-0.0013,-1,3.87,-301.0,2.653,0,1778967738
2388,tw,1773360000,42.72,7.06,0.534,48.25,-1.531,-0.0021,-2,4.52,62.0,14.611,1,1778967738
2388,tw,1773619200,32.22,8.94,0.403,49.5,2.591,0.0099,1,5.16,-94.0,13.333,1,1778967738
2388,tw,1773705600,32.2,9.48,0.402,50.6,2.222,0.0143,2,5.81,-249.0,4.15,1,1778967738
2388,tw,1773792000,31.83,8.81,0.398,51.7,2.174,0.016,3,5.16,-324.0,0.387,0,1778967738
2388,tw,1773878400,42.23,8.0,0.528,50.3,-2.708,0.0066,4,5.81,195.0,4.175,1,1778967738
2388,tw,1773964800,61.98,5.98,0.775,55.3,9.94,0.0072,5,0.0,1923.0,-1.447,0,1778967738
2388,tw,1774224000,38.56,3.43,0.482,56.1,1.447,0.0225,6,0.0,-515.0,-7.308,-1,1778967738
2388,tw,1774310400,35.83,1.18,0.448,52.7,-6.061,-0.0214,-1,0.0,211.0,-0.949,0,1778967738
2388,tw,1774396800,25.46,2.54,0.318,51.9,-1.518,-0.0051,-2,0.0,-49.0,1.156,0,1778967738
2388,tw,1774483200,27.97,3.29,0.35,52.4,0.963,0.001,1,0.0,-75.0,-1.908,0,1778967738
2388,tw,1774569600,45.96,4.2,0.574,54.5,4.008,-0.0104,-1,0.0,53.0,-8.807,-1,1778967738
2388,tw,1774828800,37.36,1.62,0.467,52.0,-4.587,-0.0102,-2,0.0,89.0,5.0,1,1778967738
2388,tw,1774915200,27.77,3.77,0.347,52.2,0.385,0.0119,1,0.65,-358.0,3.831,1,1778967738
2388,tw,1775001600,43.84,5.75,0.548,52.5,0.575,-0.005,-1,2.58,195.0,1.905,0,1778967738
2388,tw,1775088000,27.5,7.53,0.344,51.4,-2.095,0.0021,1,5.16,-52.0,7.782,1,1778967738
2388,tw,1775520000,26.58,7.82,0.332,49.7,-3.307,-0.0042,-1,5.81,-149.0,14.286,1,1778967738
2388,tw,1775606400,43.06,18.22,0.538,54.6,9.859,0.0146,1,12.26,-190.0,14.286,1,1778967738
2388,tw,1775692800,35.33,20.84,0.442,54.2,-0.733,0.0066,2,18.06,-11.0,13.284,1,1778967738
2388,tw,1775779200,35.36,21.96,0.442,53.5,-1.292,-0.0051,-1,19.35,-134.0,22.056,1,1778967738
2388,tw,1776038400,40.3,23.42,0.504,55.4,3.551,0.0146,1,19.35,-416.0,19.495,1,1778967738
2388,tw,1776124800,39.34,23.11,0.492,56.8,2.527,0.0282,2,19.35,-1128.0,28.169,1,1778967738
2388,tw,1776211200,57.88,17.57,0.724,62.4,9.859,0.0438,3,11.61,1339.0,28.205,1,1778967738
2388,tw,1776297600,28.68,8.97,0.358,61.4,-1.603,0.011,4,6.45,-1698.0,23.941,1,1778967738
2388,tw,1776384000,58.38,4.91,0.73,65.3,6.352,0.0051,5,0.0,391.0,19.755,1,1778967738
2388,tw,1776643200,43.23,3.41,0.54,66.2,1.378,-0.0295,-1,0.0,144.0,12.84,1,1778967738
2388,tw,1776729600,37.17,5.99,0.465,72.8,9.97,0.0404,1,0.0,-639.0,1.786,0,1778967738
2388,tw,1776816000,52.0,5.97,0.65,80.0,9.89,0.0215,2,0.0,826.0,-10.625,-1,1778967738
2388,tw,1776902400,22.32,1.54,0.279,76.1,-4.875,0.0399,3,0.0,-1737.0,3.285,1,1778967738
2388,tw,1776988800,44.76,3.83,0.559,78.2,2.76,-0.0006,-1,0.0,1446.0,6.266,1,1778967738
2388,tw,1777248000,37.4,1.66,0.468,74.7,-4.476,-0.0243,-2,0.0,88.0,6.961,1,1778967738
2388,tw,1777334400,41.09,2.76,0.514,74.1,-0.803,-0.0211,-3,0.0,967.0,7.962,1,1778967738
2388,tw,1777420800,39.1,3.24,0.489,71.5,-3.509,-0.0063,-4,1.29,108.0,5.734,1,1778967738
2388,tw,1777507200,37.95,7.92,0.474,78.6,9.93,0.0093,1,1.94,-2148.0,-9.16,-1,1778967738
2388,tw,1777852800,48.3,6.01,0.604,83.1,5.725,-0.0131,-1,1.29,2115.0,-7.702,-1,1778967738
2388,tw,1777939200,39.93,5.71,0.499,79.9,-3.851,-0.0307,-2,3.87,693.0,-6.258,-1,1778967738
2388,tw,1778025600,44.75,8.2,0.559,80.0,0.125,0.0091,1,5.16,12.0,-6.5,-1,1778967738
2388,tw,1778112000,39.52,7.8,0.494,75.6,-5.5,-0.0411,-1,6.45,82.0,0.265,0,1778967738
2388,tw,1778198400,24.96,8.43,0.312,71.4,-5.556,-0.007,-2,7.1,-274.0,5.602,1,1778967738
2404,tw,1763424000,23.22,1.86,0.29,762.0,-3.788,0.0013,2,0.0,-7.0,2.362,0,1778967742
2404,tw,1763510400,43.98,3.59,0.55,777.0,1.969,0.0021,3,0.0,19.0,2.831,0,1778967742
2404,tw,1763596800,31.18,8.5,0.39,790.0,1.673,0.0019,4,5.0,-23.0,0.127,0,1778967742
2404,tw,1763683200,32.07,1.52,0.401,751.0,-4.937,0.0016,5,0.0,-25.0,6.658,1,1778967742
2404,tw,1763942400,39.55,3.76,0.494,770.0,2.53,0.0034,6,0.0,-26.0,1.558,0,1778967742
2404,tw,1764028800,41.17,9.1,0.515,780.0,1.299,0.0027,7,5.71,-12.0,-0.641,0,1778967742
2404,tw,1764115200,45.7,16.23,0.571,799.0,2.436,0.0019,8,12.5,-9.0,0.25,0,1778967742
2404,tw,1764201600,34.89,20.48,0.436,791.0,-1.001,-0.0001,-1,17.78,-22.0,1.77,0,1778967742
2404,tw,1764288000,52.27,21.38,0.653,801.0,1.264,0.0002,1,18.0,25.0,-0.999,0,1778967742
2404,tw,1764547200,48.71,20.47,0.609,782.0,-2.372,-0.0015,-1,18.18,57.0,3.581,1,1778967742
2404,tw,1764633600,50.29,21.06,0.629,775.0,-0.895,0.0049,1,18.33,11.0,7.097,1,1778967742
2404,tw,1764720000,39.6,22.47,0.495,801.0,3.355,0.0034,2,18.46,-66.0,9.488,1,1778967742
2404,tw,1764806400,51.77,21.72,0.647,805.0,0.499,-0.0038,-1,18.57,99.0,11.429,1,1778967742
2404,tw,1764892800,49.82,21.22,0.623,793.0,-1.491,-0.0046,-2,18.67,67.0,19.294,1,1778967742
2404,tw,1765152000,52.26,19.89,0.653,810.0,2.144,-0.0026,-3,16.25,41.0,14.198,1,1778967742
2404,tw,1765238400,51.48,17.86,0.644,830.0,2.469,-0.0096,-4,14.12,94.0,13.855,1,1778967742
2404,tw,1765324800,53.18,15.81,0.665,877.0,5.663,-0.0067,-5,11.11,111.0,9.122,1,1778967742
2404,tw,1765411200,47.87,11.05,0.598,897.0,2.281,-0.019,-6,7.37,38.0,6.132,1,1778967742
2404,tw,1765497600,47.44,4.64,0.593,946.0,5.463,-0.004,-7,0.0,151.0,3.911,1,1778967742
2404,tw,1765756800,39.73,2.33,0.497,925.0,-2.22,-0.0104,-8,0.0,131.0,0.757,0,1778967742
2404,tw,1765843200,44.16,3.65,0.552,945.0,2.162,-0.0009,-9,0.0,38.0,0.952,0,1778967742
2404,tw,1765929600,43.24,3.38,0.541,957.0,1.27,-0.0059,-10,0.0,126.0,-3.344,-1,1778967742
2404,tw,1766016000,26.49,2.84,0.331,952.0,-0.522,0.0023,1,0.0,-72.0,-1.155,0,1778967742
2404,tw,1766102400,30.3,3.98,0.379,983.0,3.256,0.0078,2,0.0,-103.0,-6.205,-1,1778967742
2404,tw,1766361600,37.15,2.21,0.464,932.0,-5.188,-0.0093,-1,0.77,215.0,-2.575,0,1778967742
2404,tw,1766448000,30.15,5.19,0.377,954.0,2.361,0.0093,1,1.48,-143.0,-0.524,0,1778967742
2404,tw,1766534400,40.39,4.95,0.505,925.0,-3.04,-0.0005,-1,2.86,73.0,3.784,1,1778967742
2404,tw,1766707200,30.49,6.97,0.381,941.0,1.73,0.0066,1,3.45,-46.0,5.42,1,1778967742
2404,tw,1766966400,27.33,7.06,0.342,922.0,-2.019,0.0021,2,4.67,-58.0,10.629,1,1778967742
2404,tw,1767052800,43.07,7.7,0.538,908.0,-1.518,0.0022,3,5.16,144.0,10.132,1,1778967742
2404,tw,1767139200,34.79,10.8,0.435,949.0,4.515,0.0091,4,6.45,-113.0,6.428,1,1778967742
2404,tw,1767312000,47.02,11.09,0.588,960.0,1.159,-0.002,-1,7.74,5.0,3.542,1,1778967742
2404,tw,1767571200,34.85,13.03,0.436,992.0,3.333,0.0011,1,9.03,-25.0,-1.008,0,1778967742
2404,tw,1767657600,34.68,13.53,0.433,1020.0,2.823,0.0032,2,9.68,-101.0,5.882,1,1778967742
2404,tw,1767744000,30.84,14.02,0.385,1000.0,-1.961,-0.0012,-1,11.61,-16.0,15.0,1,1778967742
2404,tw,1767830400,34.81,16.85,0.435,1010.0,1.0,0.0073,1,13.55,-214.0,13.861,1,1778967742
2404,tw,1767916800,47.51,16.71,0.594,994.0,-1.584,-0.001,-1,14.19,83.0,10.664,1,1778967742
2404,tw,1768176000,48.17,17.48,0.602,982.0,-1.207,-0.0087,-2,14.84,185.0,11.507,1,1778967742
2404,tw,1768262400,57.86,17.6,0.723,1080.0,9.98,0.0143,1,11.61,49.0,0.0,0,1778967742
2404,tw,1768348800,38.32,14.62,0.479,1150.0,6.481,-0.0009,-1,9.68,-481.0,-12.174,-1,1778967742
2404,tw,1768435200,45.26,9.45,0.566,1150.0,0.0,0.0077,1,6.45,144.0,-13.913,-1,1778967742
2404,tw,1768521600,25.85,8.15,0.323,1100.0,-4.348,-0.0064,-1,6.45,-100.0,-10.455,-1,1778967742
2404,tw,1768780800,44.11,8.02,0.551,1095.0,-0.455,-0.0021,-2,5.16,26.0,-13.151,-1,1778967742
2404,tw,1768867200,28.19,7.75,0.352,1080.0,-1.37,-0.0044,-3,5.16,-1.0,-12.963,-1,1778967742
2404,tw,1768953600,24.44,8.8,0.306,1010.0,-6.481,0.0103,1,7.74,-130.0,-5.644,-1,1778967742
2404,tw,1769040000,44.53,11.44,0.557,990.0,-1.98,-0.0008,-1,9.03,128.0,-4.04,-1,1778967742
2404,tw,1769126400,31.33,12.53,0.392,985.0,-0.505,-0.0015,-2,9.68,-47.0,-7.817,-1,1778967742
2404,tw,1769385600,43.69,12.28,0.546,951.0,-3.452,-0.0041,-3,10.32,51.0,-3.891,-1,1778967742
2404,tw,1769472000,46.62,14.26,0.583,940.0,-1.157,-0.005,-4,11.61,37.0,-0.426,0,1778967742
2404,tw,1769558400,50.12,16.96,0.626,953.0,1.383,-0.0077,-5,13.55,157.0,-2.099,0,1778967742
2404,tw,1769644800,48.43,16.46,0.605,950.0,-0.315,-0.0051,-6,13.55,40.0,-2.0,0,1778967742
2404,tw,1769731200,28.06,12.64,0.351,908.0,-4.421,-0.0004,-7,10.97,-4.0,-0.11,0,1778967742
2404,tw,1769990400,31.88,11.59,0.398,914.0,0.661,0.0041,1,8.39,-35.0,-1.751,0,1778967742
2404,tw,1770076800,46.97,8.88,0.587,936.0,2.407,-0.0037,-1,5.16,19.0,-2.991,0,1778967742
2404,tw,1770163200,43.26,6.13,0.541,933.0,-0.321,-0.0062,-2,3.23,12.0,-1.072,0,1778967742
2404,tw,1770249600,43.05,5.52,0.538,931.0,-0.214,-0.0052,-3,2.58,19.0,3.437,1,1778967742
2404,tw,1770336000,40.07,3.52,0.501,907.0,-2.578,-0.0001,-4,1.29,3.0,8.049,1,1778967742
2404,tw,1770595200,40.97,2.7,0.512,898.0,-0.992,-0.0068,-5,0.0,42.0,15.256,1,1778967742
2404,tw,1770681600,28.12,3.33,0.351,908.0,1.114,0.0009,1,0.0,-8.0,24.449,1,1778967742
2404,tw,1770768000,29.96,6.08,0.374,923.0,1.652,0.0033,2,2.58,-75.0,16.468,1,1778967742
2404,tw,1771804800,52.5,16.56,0.656,963.0,4.334,0.0065,3,12.26,41.0,5.4,1,1778967742
2404,tw,1771891200,51.52,19.01,0.644,980.0,1.765,0.0021,4,15.48,14.0,2.041,0,1778967742
2404,tw,1771977600,50.71,20.81,0.634,1035.0,5.612,0.0074,5,16.13,-26.0,6.28,1,1778967742
2404,tw,1772064000,68.33,19.94,0.854,1130.0,9.179,0.0107,6,14.19,201.0,-2.655,0,1778967742
2404,tw,1772409600,38.94,15.09,0.487,1075.0,-4.867,0.0073,7,13.55,-349.0,-0.465,0,1778967742
2404,tw,1772496000,38.23,14.88,0.478,1015.0,-5.581,0.0074,8,13.55,-239.0,2.463,0,1778967742
2404,tw,1772582400,42.31,16.11,0.529,1000.0,-1.478,0.002,9,13.55,-17.0,8.5,1,1778967742
2404,tw,1772668800,66.21,14.39,0.828,1100.0,10.0,0.0032,10,8.39,172.0,-3.182,-1,1778967742
2404,tw,1772755200,54.26,7.52,0.678,1100.0,0.0,0.0009,11,4.52,57.0,-8.182,-1,1778967742
2404,tw,1773014400,25.55,4.76,0.319,1070.0,-2.727,-0.0027,-1,2.58,-230.0,-9.907,-1,1778967742
2404,tw,1773100800,40.44,4.74,0.505,1040.0,-2.804,-0.0094,-2,2.58,85.0,-10.673,-1,1778967742
2404,tw,1773187200,33.28,8.17,0.416,1085.0,4.327,0.0038,1,3.87,-114.0,-13.548,-1,1778967742
2404,tw,1773273600,43.37,8.9,0.542,1065.0,-1.843,-0.0016,-1,6.45,33.0,-14.085,-1,1778967742
2404,tw,1773360000,40.97,9.84,0.512,1010.0,-5.164,-0.0126,-2,8.39,142.0,-7.921,-1,1778967742
2404,tw,1773619200,42.19,11.31,0.527,964.0,-4.554,-0.0201,-3,9.68,173.0,-5.083,-1,1778967742
2404,tw,1773705600,42.78,10.94,0.535,929.0,-3.631,-0.0206,-4,9.03,309.0,0.646,0,1778967742
2404,tw,1773792000,48.41,14.26,0.605,938.0,0.969,-0.0088,-5,10.97,132.0,0.533,0,1778967742
2404,tw,1773878400,45.63,14.52,0.57,915.0,-2.452,-0.0095,-6,12.26,99.0,-1.093,0,1778967742
2404,tw,1773964800,50.36,17.04,0.63,930.0,1.639,-0.0108,-7,13.55,212.0,-5.376,-1,1778967742
2404,tw,1774224000,46.81,15.42,0.585,915.0,-1.613,-0.006,-8,12.9,28.0,-8.634,-1,1778967742
2404,tw,1774310400,35.01,15.27,0.438,935.0,2.186,0.0032,1,11.61,-80.0,-12.193,-1,1778967742
2404,tw,1774396800,47.95,13.58,0.599,943.0,0.856,-0.0127,-1,10.32,182.0,-11.559,-1,1778967742
2404,tw,1774483200,41.41,8.89,0.518,905.0,-4.03,-0.0224,-2,7.1,226.0,-8.398,-1,1778967742
2404,tw,1774569600,43.4,10.56,0.542,880.0,-2.762,-0.0069,-3,8.39,18.0,-2.841,0,1778967742
2404,tw,1774828800,37.97,3.44,0.475,836.0,-5.0,0.0009,1,1.94,24.0,8.134,1,1778967742
2404,tw,1774915200,25.18,2.46,0.315,821.0,-1.794,-0.0042,-1,0.0,-41.0,10.475,1,1778967742
2404,tw,1775001600,43.56,3.48,0.544,834.0,1.583,-0.0047,-2,0.0,38.0,11.031,1,1778967742
2404,tw,1775088000,26.75,3.47,0.334,829.0,-0.6,0.0053,1,0.65,-80.0,12.425,1,1778967742
2404,tw,1775520000,45.77,5.23,0.572,855.0,3.136,-0.0026,-1,1.29,98.0,7.018,1,1778967742
2404,tw,1775606400,48.97,7.3,0.612,904.0,5.731,-0.0099,-2,2.58,182.0,0.664,0,1778967742
2404,tw,1775692800,44.25,6.97,0.553,907.0,0.332,-0.0043,-3,3.87,71.0,3.087,1,1778967742
2404,tw,1775779200,51.84,19.11,0.648,926.0,2.095,0.0016,1,15.48,99.0,10.691,1,1778967742
2404,tw,1776038400,51.92,21.9,0.649,932.0,0.648,-0.0156,-1,18.71,102.0,9.979,1,1778967742
2404,tw,1776124800,49.79,21.8,0.622,915.0,-1.824,-0.0129,-2,19.35,172.0,9.29,1,1778967742
2404,tw,1776211200,36.14,22.19,0.452,910.0,-0.546,0.0014,1,19.35,-32.0,9.89,1,1778967742
2404,tw,1776297600,39.15,22.53,0.489,935.0,2.747,0.0099,2,18.71,-35.0,4.278,1,1778967742
2404,tw,1776384000,60.5,23.31,0.756,1025.0,9.626,0.0329,3,17.42,168.0,-3.512,-1,1778967742
2404,tw,1776643200,50.02,19.13,0.625,1025.0,0.0,-0.0093,-1,16.13,199.0,-5.463,-1,1778967742
2404,tw,1776729600,32.28,17.75,0.404,1000.0,-2.439,-0.0036,-2,15.48,-145.0,-3.1,-1,1778967742
2404,tw,1776816000,48.46,15.9,0.606,1000.0,0.0,0.0021,1,12.9,89.0,-4.1,-1,1778967742
2404,tw,1776902400,29.99,13.22,0.375,975.0,-2.5,0.0018,2,10.97,-54.0,-2.564,0,1778967742
2404,tw,1776988800,47.96,12.46,0.6,989.0,1.436,0.0018,3,9.03,13.0,-1.112,0,1778967742
2404,tw,1777248000,44.13,10.78,0.552,969.0,-2.022,-0.0077,-1,8.39,8.0,0.826,0,1778967742
2404,tw,1777334400,31.19,11.39,0.39,969.0,0.0,-0.0016,-2,8.39,-89.0,1.548,0,1778967742
2404,tw,1777420800,47.72,16.24,0.596,959.0,-1.032,-0.0052,-3,13.55,6.0,3.962,1,1778967742
2404,tw,1777507200,34.12,18.85,0.426,950.0,-0.938,-0.0021,-4,16.13,-89.0,6.842,1,1778967742
2404,tw,1777852800,53.02,20.01,0.663,978.0,2.947,0.0017,1,16.13,96.0,4.806,1,1778967742
2404,tw,1777939200,42.91,21.03,0.536,977.0,-0.102,-0.0031,-1,18.06,0.0,1.638,0,1778967742
2404,tw,1778025600,37.41,22.56,0.468,984.0,0.716,0.0029,1,19.35,-3.0,4.167,1,1778967742
2404,tw,1778112000,38.03,22.75,0.475,997.0,1.321,0.0067,2,19.35,-47.0,5.316,1,1778967742
2404,tw,1778198400,38.57,22.89,0.482,1015.0,1.805,0.018,3,19.35,-164.0,-1.478,0,1778967742
3045,tw,1763424000,41.05,2.72,0.513,107.0,-0.926,-0.0047,-2,0.0,6.0,0.467,0,1778967745
3045,tw,1763510400,41.45,2.86,0.518,106.5,-0.467,-0.0157,-3,0.0,12.0,2.347,0,1778967745
3045,tw,1763596800,30.94,8.42,0.387,108.0,1.408,0.0054,1,5.0,-87.0,0.463,0,1778967745
3045,tw,1763683200,45.08,10.72,0.564,107.0,-0.926,0.0021,2,8.0,90.0,0.935,0,1778967745
3045,tw,1763942400,32.94,13.28,0.412,108.0,0.935,0.001,3,10.0,-53.0,-0.926,0,1778967745
3045,tw,1764028800,32.18,14.29,0.402,107.5,-0.463,-0.0138,-1,11.43,-229.0,-0.93,0,1778967745
3045,tw,1764115200,34.68,15.92,0.433,109.0,1.395,0.0065,1,12.5,-257.0,-2.752,0,1778967745
3045,tw,1764201600,33.09,16.19,0.414,108.5,-0.459,-0.0227,-1,13.33,-74.0,-2.765,0,1778967745
3045,tw,1764288000,47.5,14.86,0.594,108.0,-0.461,-0.0085,-2,12.0,66.0,-2.778,0,1778967745
3045,tw,1764547200,45.57,11.81,0.57,107.0,-0.926,-0.009,-3,9.09,81.0,-1.869,0,1778967745
3045,tw,1764633600,45.52,11.19,0.569,106.5,-0.467,-0.0351,-4,8.33,56.0,-1.878,0,1778967745
3045,tw,1764720000,43.73,7.48,0.547,106.0,-0.469,-0.0212,-5,4.62,114.0,-1.415,0,1778967745
3045,tw,1764806400,41.32,2.86,0.516,105.5,-0.472,-0.042,-6,0.0,44.0,0.474,0,1778967745
3045,tw,1764892800,42.04,4.19,0.526,105.0,-0.474,-0.0302,-7,1.33,41.0,0.476,0,1778967745
3045,tw,1765152000,43.1,5.5,0.539,105.0,0.0,-0.0296,-8,2.5,67.0,0.0,0,1778967745
3045,tw,1765238400,41.22,2.86,0.515,104.5,-0.476,-0.0615,-9,0.0,132.0,0.478,0,1778967745
3045,tw,1765324800,47.44,14.11,0.593,104.5,0.0,-0.0225,-10,11.11,43.0,0.0,0,1778967745
3045,tw,1765411200,49.7,16.06,0.621,106.0,1.435,-0.0093,-11,12.63,1367.0,-1.415,0,1778967745
3045,tw,1765497600,49.93,19.86,0.624,105.5,-0.472,-0.0197,-12,17.0,47.0,0.474,0,1778967745
3045,tw,1765756800,49.02,18.1,0.613,105.0,-0.474,-0.0255,-13,15.24,7.0,1.905,0,1778967745
3045,tw,1765843200,31.88,13.0,0.399,105.0,0.0,-0.0239,-14,10.0,-50.0,1.429,0,1778967745
3045,tw,1765929600,45.21,10.69,0.565,104.5,-0.476,-0.0463,-15,7.83,257.0,3.828,1,1778967745
3045,tw,1766016000,31.04,11.33,0.388,104.5,0.0,-0.0241,-16,8.33,-152.0,6.699,1,1778967745
3045,tw,1766102400,31.31,12.23,0.391,106.0,1.435,-0.3042,-17,8.8,-364.0,3.302,1,1778967745
3045,tw,1766361600,32.63,15.59,0.408,107.0,0.943,-0.2942,-18,12.31,-85.0,3.271,1,1778967745
3045,tw,1766448000,48.84,19.9,0.611,106.5,-0.467,-0.2421,-19,17.04,138.0,1.878,0,1778967745
3045,tw,1766534400,37.24,22.13,0.466,108.5,1.878,-0.1844,-20,18.57,-699.0,-0.461,0,1778967745
3045,tw,1766707200,29.4,3.83,0.367,111.5,2.765,-0.0731,-20,0.0,-382.0,-4.036,-1,1778967745
3045,tw,1766966400,40.16,2.46,0.502,109.5,-1.794,-0.0098,-20,0.0,184.0,-2.283,0,1778967745
3045,tw,1767052800,27.8,3.27,0.348,110.5,0.913,-0.0225,-20,0.0,-92.0,-3.167,-1,1778967745
3045,tw,1767139200,39.98,2.46,0.5,108.5,-1.81,-0.0426,-20,0.0,94.0,-1.382,0,1778967745
3045,tw,1767312000,41.32,2.86,0.517,108.0,-0.461,-0.0429,-20,0.0,185.0,-0.463,0,1778967745
3045,tw,1767571200,41.23,3.37,0.515,107.0,-0.926,-0.0348,-20,0.65,254.0,0.467,0,1778967745
3045,tw,1767657600,42.82,4.94,0.535,107.0,0.0,-0.0299,-20,1.94,47.0,0.0,0,1778967745
3045,tw,1767744000,28.62,6.23,0.358,107.0,0.0,0.0005,1,3.23,-7.0,0.467,0,1778967745
3045,tw,1767830400,43.95,6.87,0.549,107.0,0.0,0.0033,2,3.87,54.0,0.935,0,1778967745
3045,tw,1767916800,29.79,7.66,0.372,107.5,0.467,0.0127,3,4.52,-95.0,0.465,0,1778967745
3045,tw,1768176000,44.6,8.16,0.558,107.5,0.0,0.0042,4,5.16,45.0,0.93,0,1778967745
3045,tw,1768262400,54.79,9.31,0.685,107.0,-0.465,0.0058,5,6.45,30.0,0.467,0,1778967745
3045,tw,1768348800,41.04,10.24,0.513,107.5,0.467,0.0051,6,7.1,-79.0,0.0,0,1778967745
3045,tw,1768435200,41.76,11.53,0.522,108.0,0.465,0.0209,7,8.39,-134.0,-0.463,0,1778967745
3045,tw,1768521600,47.77,14.61,0.597,108.0,0.0,-0.0064,-1,11.61,120.0,-0.463,0,1778967745
3045,tw,1768780800,36.96,21.85,0.462,108.5,0.463,0.0284,1,18.71,-121.0,-0.922,0,1778967745
3045,tw,1768867200,50.73,22.07,0.634,107.5,-0.922,-0.0041,-1,19.35,231.0,-0.93,0,1778967745
3045,tw,1768953600,36.67,22.35,0.458,107.5,0.0,-0.0013,-2,19.35,-21.0,-1.395,0,1778967745
3045,tw,1769040000,36.69,22.35,0.459,107.5,0.0,0.0023,1,19.35,-6.0,-1.86,0,1778967745
3045,tw,1769126400,36.38,21.71,0.455,107.5,0.0,0.0049,2,18.71,-33.0,-1.86,0,1778967745
3045,tw,1769385600,51.74,22.35,0.647,107.5,0.0,0.0131,3,19.35,44.0,-2.326,0,1778967745
3045,tw,1769472000,50.63,22.07,0.633,106.5,-0.93,-0.0227,-1,19.35,291.0,-1.408,0,1778967745
3045,tw,1769558400,51.15,22.21,0.639,106.0,-0.469,-0.011,-2,19.35,368.0,-1.415,0,1778967745
3045,tw,1769644800,35.85,21.57,0.448,105.5,-0.472,-0.006,-3,18.71,-116.0,-0.474,0,1778967745
3045,tw,1769731200,35.99,21.06,0.45,105.5,0.0,-0.0082,-4,18.06,-37.0,0.0,0,1778967745
3045,tw,1769990400,49.47,18.99,0.618,105.0,-0.474,-0.0246,-5,16.13,5.0,0.0,0,1778967745
3045,tw,1770076800,49.69,18.48,0.621,105.0,0.0,-0.011,-6,15.48,11.0,0.476,0,1778967745
3045,tw,1770163200,33.87,17.7,0.423,104.5,-0.476,-0.0142,-7,14.84,-31.0,1.914,0,1778967745
3045,tw,1770249600,33.93,16.04,0.424,105.0,0.478,0.0005,1,12.9,-193.0,2.381,0,1778967745
3045,tw,1770336000,33.28,14.75,0.416,105.5,0.476,0.0003,2,11.61,-31.0,2.37,0,1778967745
3045,tw,1770595200,46.64,13.18,0.583,105.0,-0.474,-0.0094,-1,10.32,109.0,3.333,1,1778967745
3045,tw,1770681600,32.39,12.82,0.405,105.5,0.476,0.0141,1,9.68,-115.0,1.896,0,1778967745
3045,tw,1770768000,33.16,13.6,0.415,106.5,0.948,0.0107,2,10.32,-90.0,1.878,0,1778967745
3045,tw,1771804800,34.29,15.54,0.429,107.5,0.939,0.045,3,12.26,-133.0,0.93,0,1778967745
3045,tw,1771891200,48.46,14.75,0.606,108.0,0.465,0.0384,4,11.61,1.0,0.0,0,1778967745
3045,tw,1771977600,43.1,14.11,0.539,108.5,0.463,0.0295,5,10.97,-250.0,-0.922,0,1778967745
3045,tw,1772064000,56.25,13.04,0.703,107.5,-0.922,0.0029,6,10.32,256.0,0.465,0,1778967745
3045,tw,1772409600,41.15,9.09,0.514,108.5,0.93,0.0623,7,5.81,-138.0,-0.922,0,1778967745
3045,tw,1772496000,39.48,7.52,0.493,108.5,0.0,0.0435,8,4.52,-119.0,-1.843,0,1778967745
3045,tw,1772582400,53.54,6.73,0.669,108.0,-0.461,0.0125,9,3.87,42.0,-1.852,0,1778967745
3045,tw,1772668800,43.1,6.09,0.539,107.5,-0.463,-0.0109,-1,3.23,187.0,-1.395,0,1778967745
3045,tw,1772755200,28.76,5.72,0.359,108.0,0.465,0.0004,1,2.58,-193.0,-1.389,0,1778967745
3045,tw,1773014400,42.72,4.8,0.534,107.5,-0.463,0.0423,2,1.94,31.0,0.465,0,1778967745
3045,tw,1773100800,42.35,5.3,0.529,106.5,-0.93,-0.0026,-1,2.58,166.0,2.817,0,1778967745
3045,tw,1773187200,42.68,5.44,0.534,106.0,-0.469,-0.028,-2,2.58,276.0,3.774,1,1778967745
3045,tw,1773273600,29.24,7.52,0.365,106.0,0.0,-0.0048,-3,4.52,-125.0,3.302,1,1778967745
3045,tw,1773360000,30.65,9.59,0.383,106.5,0.472,-0.0089,-4,6.45,-115.0,2.347,0,1778967745
3045,tw,1773619200,35.65,17.61,0.446,108.0,1.408,0.0298,1,14.19,-420.0,0.926,0,1778967745
3045,tw,1773705600,34.78,15.68,0.435,109.5,1.389,0.0517,2,12.26,-130.0,0.0,0,1778967745
3045,tw,1773792000,46.35,10.24,0.579,110.0,0.457,0.0688,3,7.1,10.0,-0.909,0,1778967745
3045,tw,1773878400,48.07,15.76,0.601,109.5,-0.455,0.0155,4,12.9,6.0,-0.457,0,1778967745
3045,tw,1773964800,59.35,18.34,0.742,109.0,-0.457,0.0141,5,15.48,161.0,0.459,0,1778967745
3045,tw,1774224000,45.24,19.13,0.566,109.0,0.0,0.0351,6,16.13,-191.0,0.0,0,1778967745
3045,tw,1774310400,60.03,17.98,0.75,109.5,0.459,0.0299,7,14.84,1.0,-0.457,0,1778967745
3045,tw,1774396800,59.12,17.7,0.739,109.0,-0.457,0.0304,8,14.84,226.0,0.459,0,1778967745
3045,tw,1774483200,59.15,17.19,0.739,109.0,0.0,0.0109,9,14.19,15.0,0.459,0,1778967745
3045,tw,1774569600,44.35,16.69,0.554,109.5,0.459,0.0225,10,13.55,-125.0,0.0,0,1778967745
3045,tw,1774828800,42.83,15.12,0.535,109.0,-0.457,0.0317,11,12.26,-89.0,0.459,0,1778967745
3045,tw,1774915200,56.86,12.68,0.711,109.0,0.0,0.0031,12,9.68,47.0,0.917,0,1778967745
3045,tw,1775001600,57.02,12.17,0.713,109.5,0.459,0.0083,13,9.03,26.0,0.457,0,1778967745
3045,tw,1775088000,41.25,11.39,0.516,109.5,0.0,0.011,14,8.39,-39.0,0.457,0,1778967745
3045,tw,1775520000,55.91,10.74,0.699,109.5,0.0,0.0085,15,7.74,195.0,0.457,0,1778967745
3045,tw,1775606400,40.92,10.74,0.512,109.5,0.0,0.0101,16,7.74,-1.0,0.457,0,1778967745
3045,tw,1775692800,45.42,18.62,0.568,110.0,0.457,0.0451,17,15.48,-187.0,0.0,0,1778967745
3045,tw,1775779200,61.79,22.35,0.772,110.0,0.0,0.0228,18,19.35,45.0,2.273,0,1778967745
3045,tw,1776038400,46.88,22.35,0.586,110.0,0.0,0.0415,19,19.35,-84.0,3.182,1,1778967745
3045,tw,1776124800,46.9,22.35,0.586,110.0,0.0,0.045,20,19.35,-1.0,3.182,1,1778967745
3045,tw,1776211200,61.86,22.35,0.773,110.0,0.0,0.0362,20,19.35,235.0,2.727,0,1778967745
3045,tw,1776297600,46.61,21.71,0.583,110.0,0.0,0.0508,20,18.71,-179.0,1.818,0,1778967745
3045,tw,1776384000,48.46,21.1,0.606,112.5,2.273,0.0953,20,17.42,-89.0,0.444,0,1778967745
3045,tw,1776643200,50.57,18.75,0.632,113.5,0.889,-0.0112,-1,15.48,197.0,-1.322,0,1778967745
3045,tw,1776729600,28.23,5.58,0.353,113.5,0.0,-0.0111,-2,2.58,-217.0,-2.203,0,1778967745
3045,tw,1776816000,41.62,2.87,0.52,113.0,-0.441,0.0119,1,0.0,31.0,-0.885,0,1778967745
3045,tw,1776902400,41.03,2.73,0.513,112.0,-0.885,-0.0166,-1,0.0,15.0,-0.446,0,1778967745
3045,tw,1776988800,27.58,3.27,0.345,113.0,0.893,-0.0618,-2,0.0,-154.0,-2.212,0,1778967745
3045,tw,1777248000,41.41,3.38,0.518,112.0,-0.885,-0.0062,-3,0.65,310.0,-1.339,0,1778967745
3045,tw,1777334400,41.59,4.02,0.52,111.0,-0.893,-0.0319,-4,1.29,56.0,-0.901,0,1778967745
3045,tw,1777420800,29.38,5.85,0.367,112.0,0.901,0.0386,1,2.58,-260.0,-1.786,0,1778967745
3045,tw,1777507200,43.49,6.74,0.544,111.5,-0.446,-0.0006,-1,3.87,159.0,-1.345,0,1778967745
3045,tw,1777852800,43.28,7.25,0.541,110.5,-0.897,-0.0162,-2,4.52,116.0,-0.452,0,1778967745
3045,tw,1777939200,45.1,8.81,0.564,110.5,0.0,0.0395,1,5.81,70.0,-0.452,0,1778967745
3045,tw,1778025600,44.8,9.31,0.56,110.0,-0.452,0.0065,2,6.45,152.0,1.818,0,1778967745
3045,tw,1778112000,46.58,12.03,0.582,110.0,0.0,0.0123,3,9.03,97.0,4.545,1,1778967745
3045,tw,1778198400,31.64,12.03,0.395,110.0,0.0,0.0249,4,9.03,-86.0,4.091,1,1778967745
4904,tw,1763424000,27.71,3.16,0.346,92.0,0.546,0.0334,3,0.0,-5.0,-3.261,-1,1778967747
4904,tw,1763510400,26.97,2.97,0.337,91.9,-0.109,0.0159,4,0.0,-2.0,-3.156,-1,1778967747
4904,tw,1763596800,40.43,8.26,0.505,92.7,0.871,0.0109,5,5.0,-1.0,-4.099,-1,1778967747
4904,tw,1763683200,54.65,10.58,0.683,91.4,-1.402,0.01,6,8.0,10.0,-3.611,-1,1778967747
4904,tw,1763942400,43.47,13.43,0.543,92.7,1.422,0.01,7,10.0,-2.0,-4.639,-1,1778967747
4904,tw,1764028800,37.86,1.8,0.473,89.0,-3.991,-0.0293,-1,0.0,112.0,-1.124,0,1778967747
4904,tw,1764115200,42.02,3.0,0.525,89.0,0.0,0.0031,1,0.0,25.0,-2.36,0,1778967747
4904,tw,1764201600,41.91,2.97,0.524,88.9,-0.112,0.0035,2,0.0,5.0,-2.587,0,1778967747
4904,tw,1764288000,40.98,2.73,0.512,88.1,-0.9,-0.0238,-1,0.0,10.0,-1.93,0,1778967747
4904,tw,1764547200,42.25,3.1,0.528,88.4,0.341,-0.0175,-2,0.0,9.0,-3.394,-1,1778967747
4904,tw,1764633600,41.46,2.86,0.518,88.0,-0.452,-0.0171,-3,0.0,1.0,-2.5,0,1778967747
4904,tw,1764720000,40.56,2.63,0.507,86.9,-1.25,-0.0375,-4,0.0,51.0,-0.921,0,1778967747
4904,tw,1764806400,41.52,2.9,0.519,86.6,-0.345,-0.0275,-5,0.0,23.0,0.577,0,1778967747
4904,tw,1764892800,42.32,4.26,0.529,86.4,-0.231,-0.0234,-6,1.33,12.0,0.463,0,1778967747
4904,tw,1765152000,40.66,2.65,0.508,85.4,-1.157,-0.0358,-7,0.0,45.0,2.459,0,1778967747
4904,tw,1765238400,42.41,3.14,0.53,85.8,0.468,-0.0112,-8,0.0,15.0,2.914,0,1778967747
4904,tw,1765324800,43.92,6.43,0.549,86.1,0.35,-0.0191,-9,3.33,5.0,1.858,0,1778967747
4904,tw,1765411200,45.7,8.61,0.571,87.1,1.161,-0.0188,-10,5.26,50.0,0.574,0,1778967747
4904,tw,1765497600,29.55,8.9,0.369,86.8,-0.344,-0.0219,-11,6.0,-8.0,1.382,0,1778967747
4904,tw,1765756800,31.06,9.91,0.388,87.5,0.806,-0.0158,-12,6.67,-33.0,0.343,0,1778967747
4904,tw,1765843200,31.99,11.45,0.4,88.3,0.914,-0.0027,-13,8.18,-81.0,-0.566,0,1778967747
4904,tw,1765929600,31.45,13.23,0.393,87.7,-0.68,-0.0172,-14,10.43,-1.0,-0.57,0,1778967747
4904,tw,1766016000,47.69,14.64,0.596,87.6,-0.114,-0.0069,-15,11.67,15.0,1.142,0,1778967747
4904,tw,1766102400,41.32,16.74,0.517,88.0,0.457,0.0132,1,13.6,0.0,1.591,0,1778967747
4904,tw,1766361600,51.45,22.16,0.643,87.8,-0.227,0.0129,2,19.23,1.0,1.595,0,1778967747
4904,tw,1766448000,51.75,22.26,0.647,87.8,0.0,0.0244,3,19.26,5.0,0.569,0,1778967747
4904,tw,1766534400,36.03,22.08,0.45,87.2,-0.683,0.0146,4,19.29,-12.0,1.95,0,1778967747
4904,tw,1766707200,48.42,22.79,0.605,88.6,1.606,0.0312,5,19.31,-67.0,0.677,0,1778967747
4904,tw,1766966400,46.59,20.6,0.582,89.4,0.903,0.0045,6,17.33,-62.0,-0.224,0,1778967747
4904,tw,1767052800,59.89,19.06,0.749,89.2,-0.224,0.0094,7,16.13,1.0,0.112,0,1778967747
4904,tw,1767139200,48.71,18.18,0.609,88.3,-1.009,-0.0036,-1,15.48,4.0,0.906,0,1778967747
4904,tw,1767312000,34.15,16.1,0.427,88.9,0.68,0.0035,1,12.9,-3.0,0.787,0,1778967747
4904,tw,1767571200,33.39,15.36,0.417,89.2,0.337,-0.0164,-1,12.26,-11.0,-0.224,0,1778967747
4904,tw,1767657600,33.08,15.26,0.414,89.2,0.0,-0.0094,-2,12.26,-1.0,-0.448,0,1778967747
4904,tw,1767744000,35.46,19.8,0.443,89.3,0.112,-0.0084,-3,16.77,-24.0,0.0,0,1778967747
4904,tw,1767830400,42.83,20.99,0.535,89.1,-0.224,0.0041,1,18.06,0.0,2.132,0,1778967747
4904,tw,1767916800,37.2,22.52,0.465,89.6,0.561,-0.0067,-1,19.35,-1.0,1.674,0,1778967747
4904,tw,1768176000,50.96,22.15,0.637,89.0,-0.67,-0.0097,-2,19.35,13.0,1.91,0,1778967747
4904,tw,1768262400,51.41,22.28,0.643,88.8,-0.225,-0.0074,-3,19.35,3.0,1.689,0,1778967747
4904,tw,1768348800,37.22,22.52,0.465,89.3,0.563,-0.0043,-4,19.35,-24.0,0.56,0,1778967747
4904,tw,1768435200,52.3,20.34,0.654,91.0,1.904,0.0017,1,16.77,14.0,-1.868,0,1778967747
4904,tw,1768521600,34.17,17.22,0.427,91.1,0.11,-0.0073,-1,14.19,-3.0,-1.866,0,1778967747
4904,tw,1768780800,47.71,15.13,0.596,90.7,-0.439,0.0028,1,12.26,2.0,0.0,0,1778967747
4904,tw,1768867200,39.37,14.48,0.492,90.3,-0.441,0.0006,2,11.61,0.0,-0.997,0,1778967747
4904,tw,1768953600,48.53,17.02,0.607,89.8,-0.554,-0.0022,-1,14.19,2.0,-0.668,0,1778967747
4904,tw,1769040000,49.54,18.96,0.619,89.3,-0.557,0.006,1,16.13,5.0,-0.336,0,1778967747
4904,tw,1769126400,43.2,21.09,0.54,89.4,0.112,0.0112,2,18.06,0.0,-0.671,0,1778967747
4904,tw,1769385600,37.23,20.86,0.465,90.7,1.454,0.0123,3,17.42,-5.0,-0.551,0,1778967747
4904,tw,1769472000,40.95,19.34,0.512,89.4,-1.433,-0.0003,-1,16.77,0.0,1.454,0,1778967747
4904,tw,1769558400,49.8,19.06,0.622,89.2,-0.224,-0.0085,-2,16.13,8.0,0.897,0,1778967747
4904,tw,1769644800,36.23,21.64,0.453,89.0,-0.224,0.0201,1,18.71,-6.0,2.36,0,1778967747
4904,tw,1769731200,50.8,20.99,0.635,88.8,-0.225,-0.0017,-1,18.06,5.0,3.829,1,1778967747
4904,tw,1769990400,37.34,20.89,0.467,90.2,1.577,0.0114,1,17.42,-14.0,2.55,0,1778967747
4904,tw,1770076800,50.36,18.65,0.63,90.7,0.554,0.0137,2,15.48,3.0,1.433,0,1778967747
4904,tw,1770163200,33.97,18.25,0.425,90.0,-0.772,0.0005,3,15.48,-17.0,2.111,0,1778967747
4904,tw,1770249600,49.39,15.63,0.617,91.1,1.222,0.0074,4,12.26,8.0,4.061,1,1778967747
4904,tw,1770336000,42.54,11.75,0.532,92.2,1.207,0.0282,5,8.39,-5.0,3.688,1,1778967747
4904,tw,1770595200,39.3,6.97,0.491,92.5,0.325,0.0079,6,3.87,-16.0,1.946,0,1778967747
4904,tw,1770681600,38.19,6.07,0.477,92.0,-0.541,0.0224,7,3.23,-25.0,0.0,0,1778967747
4904,tw,1770768000,37.9,4.91,0.474,91.9,-0.109,0.0085,8,1.94,-11.0,1.85,0,1778967747
4904,tw,1771804800,40.46,3.95,0.506,94.8,3.156,0.0601,9,0.0,-4.0,-1.055,0,1778967747
4904,tw,1771891200,45.03,3.25,0.563,95.6,0.844,0.038,10,0.0,0.0,-3.556,-1,1778967747
4904,tw,1771977600,35.86,2.59,0.448,94.3,-1.36,0.0443,11,0.0,-1.0,-2.969,0,1778967747
4904,tw,1772064000,49.59,2.27,0.62,92.0,-2.439,0.0065,12,0.0,12.0,1.087,0,1778967747
4904,tw,1772409600,45.79,3.52,0.572,93.6,1.739,0.0106,13,0.0,0.0,-2.244,0,1778967747
4904,tw,1772496000,52.29,3.06,0.654,93.8,0.214,0.0144,14,0.0,11.0,-3.092,-1,1778967747
4904,tw,1772582400,51.62,5.07,0.645,92.2,-1.706,0.0066,15,2.58,2.0,-0.651,0,1778967747
4904,tw,1772668800,52.94,6.0,0.662,91.5,-0.759,0.0161,16,3.23,15.0,0.765,0,1778967747
4904,tw,1772755200,40.67,7.36,0.508,93.0,1.639,0.0194,17,3.87,-25.0,-1.29,0,1778967747
4904,tw,1773014400,53.05,7.68,0.663,91.5,-1.613,0.0171,18,5.16,2.0,2.186,0,1778967747
4904,tw,1773100800,54.28,8.61,0.679,90.9,-0.656,0.007,19,5.81,23.0,2.42,0,1778967747
4904,tw,1773187200,30.93,9.68,0.387,91.6,0.77,-0.0122,-1,6.45,-5.0,2.62,0,1778967747
4904,tw,1773273600,31.67,10.94,0.396,92.2,0.655,0.0292,1,7.74,-53.0,0.542,0,1778967747
4904,tw,1773360000,37.72,11.26,0.471,91.8,-0.434,-0.0089,-1,8.39,0.0,2.505,0,1778967747
4904,tw,1773619200,40.45,12.59,0.506,93.5,1.852,0.0171,1,9.03,0.0,-0.428,0,1778967747
4904,tw,1773705600,31.44,12.55,0.393,93.1,-0.428,0.0057,2,9.68,-1.0,0.644,0,1778967747
4904,tw,1773792000,32.93,12.97,0.412,94.0,0.967,0.0237,3,9.68,-8.0,0.0,0,1778967747
4904,tw,1773878400,30.89,12.91,0.386,92.7,-1.383,0.023,4,10.32,-1.0,-0.431,0,1778967747
4904,tw,1773964800,43.49,13.13,0.544,94.1,1.51,0.0273,5,9.68,-4.0,-1.594,0,1778967747
4904,tw,1774224000,56.82,14.29,0.71,93.1,-1.063,0.0145,6,11.61,2.0,-2.256,0,1778967747
4904,tw,1774310400,44.2,16.09,0.553,93.7,0.644,0.0214,7,12.9,-3.0,-1.921,0,1778967747
4904,tw,1774396800,52.21,18.58,0.653,94.0,0.32,0.0308,8,15.48,0.0,-0.532,0,1778967747
4904,tw,1774483200,58.3,18.59,0.729,92.3,-1.809,0.008,9,16.13,106.0,0.217,0,1778967747
4904,tw,1774569600,46.22,20.52,0.578,92.6,0.325,0.0366,10,17.42,-2.0,0.756,0,1778967747
4904,tw,1774828800,58.36,18.61,0.73,91.0,-1.728,0.0049,11,16.13,101.0,2.527,0,1778967747
4904,tw,1774915200,51.35,20.07,0.642,91.9,0.989,-0.0049,-1,16.77,81.0,3.7,1,1778967747
4904,tw,1775001600,37.11,20.29,0.464,93.5,1.741,-0.0041,-2,16.77,-83.0,1.176,0,1778967747
4904,tw,1775088000,34.95,20.74,0.437,92.5,-1.07,-0.0024,-3,18.06,-37.0,1.946,0,1778967747
4904,tw,1775520000,51.6,20.68,0.645,93.3,0.865,0.0051,1,17.42,24.0,1.072,0,1778967747
4904,tw,1775606400,51.7,22.35,0.646,93.3,0.0,0.0047,2,19.35,46.0,2.144,0,1778967747
4904,tw,1775692800,37.03,19.12,0.463,95.3,2.144,0.0292,3,15.48,-55.0,0.525,0,1778967747
4904,tw,1775779200,33.38,16.97,0.417,94.6,-0.735,0.0043,4,14.19,-3.0,2.96,0,1778967747
4904,tw,1776038400,43.15,15.8,0.539,94.3,-0.317,0.0031,5,12.9,-1.0,4.136,1,1778967747
4904,tw,1776124800,60.11,19.13,0.751,94.3,0.0,0.0099,6,16.13,2.0,1.379,0,1778967747
4904,tw,1776211200,43.62,14.29,0.545,95.3,1.06,0.0158,7,10.97,-3.0,0.105,0,1778967747
4904,tw,1776297600,57.43,12.84,0.718,95.8,0.525,0.0135,8,9.68,1.0,0.104,0,1778967747
4904,tw,1776384000,40.81,7.37,0.51,97.4,1.67,0.0409,9,3.87,-4.0,-0.821,0,1778967747
4904,tw,1776643200,28.71,5.19,0.359,98.2,0.821,-0.0159,-1,1.94,-28.0,-2.24,0,1778967747
4904,tw,1776729600,39.85,3.5,0.498,95.6,-2.648,-0.0288,-2,1.29,49.0,-1.255,0,1778967747
4904,tw,1776816000,26.99,3.59,0.337,95.4,-0.209,-0.0251,-3,0.65,-4.0,0.629,0,1778967747
4904,tw,1776902400,27.48,3.16,0.344,95.9,0.524,-0.0082,-4,0.0,-11.0,-1.46,0,1778967747
4904,tw,1776988800,27.63,3.22,0.345,96.6,0.73,-0.0192,-5,0.0,-1.0,-2.381,0,1778967747
4904,tw,1777248000,26.68,3.46,0.334,96.0,-0.621,-0.0046,-6,0.65,-3.0,-0.208,0,1778967747
4904,tw,1777334400,41.85,5.73,0.523,94.4,-1.667,-0.0198,-7,3.23,13.0,0.742,0,1778967747
4904,tw,1777420800,31.11,8.03,0.389,96.0,1.695,0.0304,1,4.52,-13.0,-0.625,0,1778967747
4904,tw,1777507200,43.44,8.34,0.543,94.5,-1.562,0.0193,2,5.81,15.0,1.481,0,1778967747
4904,tw,1777852800,29.95,9.39,0.374,94.3,-0.212,-0.0123,-1,6.45,-29.0,2.015,0,1778967747
4904,tw,1777939200,33.2,12.51,0.415,95.8,1.591,0.0182,1,9.03,-8.0,-0.313,0,1778967747
4904,tw,1778025600,38.42,13.1,0.48,95.1,-0.731,-0.0012,-1,10.32,0.0,1.893,0,1778967747
4904,tw,1778112000,34.7,17.93,0.434,95.4,0.315,-0.0069,-2,14.84,-3.0,2.83,0,1778967747
4904,tw,1778198400,49.66,17.35,0.621,95.9,0.524,0.0091,1,14.19,2.0,2.503,0,1778967747
6415,tw,1763424000,39.95,2.38,0.499,191.0,-2.051,-0.0006,-4,0.0,41.0,1.047,0,1778967750
6415,tw,1763510400,23.87,2.06,0.298,185.0,-3.141,0.0018,1,0.0,-239.0,10.27,1,1778967750
6415,tw,1763596800,31.94,8.73,0.399,189.5,2.432,0.0019,2,5.0,-19.0,3.958,1,1778967750
6415,tw,1763683200,21.71,1.42,0.271,179.5,-5.277,-0.0025,-1,0.0,-10.0,14.485,1,1778967750
6415,tw,1763942400,27.35,3.08,0.342,180.0,0.279,0.015,1,0.0,-18.0,13.889,1,1778967750
6415,tw,1764028800,50.59,8.03,0.632,193.0,7.222,-0.0127,-1,2.86,238.0,3.627,1,1778967750
6415,tw,1764115200,36.45,12.21,0.456,204.0,5.699,0.0011,1,7.5,-34.0,-1.471,0,1778967750
6415,tw,1764201600,45.18,15.3,0.565,197.0,-3.431,-0.0107,-1,13.33,148.0,9.137,1,1778967750
6415,tw,1764288000,39.3,20.29,0.491,205.5,4.315,-0.0032,-2,16.0,-9.0,-0.243,0,1778967750
6415,tw,1764547200,49.88,19.29,0.623,205.0,-0.243,-0.0118,-3,16.36,156.0,-1.463,0,1778967750
6415,tw,1764633600,47.87,18.94,0.598,200.0,-2.439,-0.0048,-4,16.67,72.0,2.0,0,1778967750
6415,tw,1764720000,50.94,20.07,0.637,201.0,0.5,-0.0035,-5,16.92,84.0,0.498,0,1778967750
6415,tw,1764806400,43.26,23.66,0.541,215.0,6.965,0.002,1,18.57,-81.0,-6.977,-1,1778967750
6415,tw,1764892800,46.63,20.27,0.583,205.0,-4.651,-0.0117,-1,18.67,103.0,-4.878,-1,1778967750
6415,tw,1765152000,49.89,21.31,0.624,202.0,-1.463,-0.0045,-2,18.75,99.0,-0.743,0,1778967750
6415,tw,1765238400,37.41,22.12,0.468,204.0,0.99,0.001,1,18.82,-64.0,0.49,0,1778967750
6415,tw,1765324800,50.46,21.6,0.631,202.0,-0.98,-0.0009,-1,18.89,26.0,0.495,0,1778967750
6415,tw,1765411200,50.46,21.65,0.631,200.0,-0.99,-0.0059,-2,18.95,127.0,-1.75,0,1778967750
6415,tw,1765497600,34.0,21.25,0.425,195.0,-2.5,-0.0007,-3,19.0,-22.0,-0.513,0,1778967750
6415,tw,1765756800,54.34,22.9,0.679,200.5,2.821,-0.0007,-4,19.05,40.0,-0.249,0,1778967750
6415,tw,1765843200,38.79,22.76,0.485,205.0,2.244,0.0003,1,19.09,-56.0,-4.878,-1,1778967750
6415,tw,1765929600,50.55,21.84,0.632,203.0,-0.976,-0.0088,-1,19.13,266.0,-5.419,-1,1778967750
6415,tw,1766016000,33.36,21.21,0.417,196.5,-3.202,-0.0044,-2,19.17,-10.0,-2.29,0,1778967750
6415,tw,1766102400,50.3,21.82,0.629,194.0,-1.272,-0.0048,-3,19.2,35.0,-0.773,0,1778967750
6415,tw,1766361600,54.72,23.16,0.684,200.0,3.093,0.0023,1,19.23,30.0,-4.25,-1,1778967750
6415,tw,1766448000,49.11,21.51,0.614,195.0,-2.5,-0.005,-1,19.26,96.0,-1.795,0,1778967750
6415,tw,1766534400,49.38,20.4,0.617,192.0,-1.538,-0.0019,-2,17.86,30.0,-3.385,-1,1778967750
6415,tw,1766707200,35.63,20.24,0.445,192.0,0.0,0.0011,1,17.24,-38.0,-2.083,0,1778967750
6415,tw,1766966400,50.6,19.75,0.632,192.5,0.26,0.0009,2,16.67,43.0,7.273,1,1778967750
6415,tw,1767052800,49.54,18.97,0.619,191.5,-0.519,-0.0008,-1,16.13,42.0,18.538,1,1778967750
6415,tw,1767139200,34.74,18.48,0.434,191.5,0.0,0.0006,1,15.48,-32.0,15.405,1,1778967750
6415,tw,1767312000,46.26,16.9,0.578,185.5,-3.133,-0.0052,-1,14.84,124.0,27.493,1,1778967750
6415,tw,1767571200,36.13,18.88,0.452,188.0,1.348,0.0077,1,15.48,-44.0,25.532,1,1778967750
6415,tw,1767657600,59.29,20.79,0.741,206.5,9.84,0.0064,2,14.84,300.0,10.412,1,1778967750
6415,tw,1767744000,57.42,16.95,0.718,227.0,9.927,0.0016,3,10.97,1273.0,-2.643,0,1778967750
6415,tw,1767830400,27.24,8.02,0.34,221.0,-2.643,-0.0053,-1,5.81,-828.0,-4.525,-1,1778967750
6415,tw,1767916800,49.3,5.75,0.616,236.5,7.014,-0.0074,-2,0.65,696.0,-8.245,-1,1778967750
6415,tw,1768176000,41.68,2.94,0.521,236.0,-0.211,-0.0225,-3,0.0,48.0,1.059,0,1778967750
6415,tw,1768262400,23.59,1.98,0.295,228.0,-3.39,-0.005,-4,0.0,-65.0,10.526,1,1778967750
6415,tw,1768348800,38.91,2.08,0.486,221.0,-3.07,-0.0037,-5,0.0,312.0,21.493,1,1778967750
6415,tw,1768435200,37.43,1.64,0.468,211.0,-4.525,-0.0081,-6,0.0,172.0,22.512,1,1778967750
6415,tw,1768521600,29.83,3.85,0.373,217.0,2.844,-0.0029,-7,0.0,-15.0,22.12,1,1778967750
6415,tw,1768780800,36.96,5.97,0.462,238.5,9.908,0.0095,1,0.0,-266.0,9.644,1,1778967750
6415,tw,1768867200,47.47,4.7,0.593,252.0,5.66,-0.0379,-1,0.0,1551.0,14.087,1,1778967750
6415,tw,1768953600,33.47,4.96,0.418,268.5,6.548,-0.0158,-2,0.0,-1289.0,7.076,1,1778967750
6415,tw,1769040000,38.02,1.88,0.475,258.5,-3.724,-0.0513,-3,0.0,864.0,15.861,1,1778967750
6415,tw,1769126400,44.43,3.75,0.555,265.0,2.515,-0.0175,-4,0.0,33.0,5.849,1,1778967750
6415,tw,1769385600,40.64,2.6,0.508,261.5,-1.321,-0.0083,-5,0.0,53.0,10.707,1,1778967750
6415,tw,1769472000,51.82,5.98,0.648,287.5,9.943,-0.0253,-6,0.0,1018.0,2.957,0,1778967750
6415,tw,1769558400,26.92,3.0,0.337,287.5,0.0,-0.0151,-7,0.0,-174.0,0.0,0,1778967750
6415,tw,1769644800,31.45,4.25,0.393,299.5,4.174,0.0555,1,0.0,-963.0,-8.848,-1,1778967750
6415,tw,1769731200,36.56,3.04,0.457,280.5,-6.344,-0.0134,-1,1.94,347.0,-2.852,0,1778967750
6415,tw,1769990400,32.22,7.83,0.403,289.5,3.209,0.0157,1,3.87,-617.0,-8.29,-1,1778967750
6415,tw,1770076800,46.69,8.83,0.584,296.0,2.245,-0.0267,-1,5.16,221.0,-9.966,-1,1778967750
6415,tw,1770163200,27.02,7.95,0.338,287.5,-2.872,-0.0024,-2,5.81,-240.0,-2.609,0,1778967750
6415,tw,1770249600,25.63,8.59,0.32,273.0,-5.043,0.0243,1,7.1,-205.0,4.212,1,1778967750
6415,tw,1770336000,30.84,10.69,0.385,272.5,-0.183,0.0298,2,7.74,-803.0,4.587,1,1778967750
6415,tw,1770595200,43.58,10.62,0.545,265.5,-2.569,-0.0092,-1,8.39,247.0,5.085,1,1778967750
6415,tw,1770681600,46.88,12.14,0.586,266.5,0.377,-0.002,-2,9.03,10.0,5.441,1,1778967750
6415,tw,1770768000,37.27,14.84,0.466,280.0,5.066,0.008,1,10.32,-543.0,-2.5,0,1778967750
6415,tw,1771804800,50.99,18.32,0.637,284.5,1.607,-0.0072,-1,14.84,59.0,-10.896,-1,1778967750
6415,tw,1771891200,50.23,19.18,0.628,285.0,0.176,-0.0016,-2,16.13,98.0,-16.491,-1,1778967750
6415,tw,1771977600,48.6,19.79,0.608,279.0,-2.105,-0.0005,-3,17.42,139.0,-9.14,-1,1778967750
6415,tw,1772064000,52.08,21.93,0.651,281.0,0.717,0.0026,1,18.71,104.0,-10.142,-1,1778967750
6415,tw,1772409600,33.82,21.5,0.423,273.0,-2.847,-0.0009,-1,19.35,-52.0,-14.652,-1,1778967750
6415,tw,1772496000,43.9,18.92,0.549,253.5,-7.143,0.0028,1,18.06,272.0,-0.394,0,1778967750
6415,tw,1772582400,29.32,17.94,0.367,238.0,-6.114,0.0099,2,16.77,-85.0,10.084,1,1778967750
6415,tw,1772668800,41.59,21.08,0.52,253.5,6.513,0.0018,3,16.13,-70.0,7.298,1,1778967750
6415,tw,1772755200,49.04,17.72,0.613,252.5,-0.394,0.0027,4,14.84,88.0,10.891,1,1778967750
6415,tw,1773014400,36.41,14.87,0.455,233.0,-7.723,0.0068,5,14.19,-345.0,12.661,1,1778967750
6415,tw,1773100800,57.45,19.7,0.718,252.5,8.369,-0.0029,-1,14.19,541.0,8.713,1,1778967750
6415,tw,1773187200,52.82,18.32,0.66,262.0,3.762,-0.0082,-2,14.19,367.0,10.496,1,1778967750
6415,tw,1773273600,52.94,18.34,0.662,272.0,3.817,0.0058,1,14.19,29.0,3.125,1,1778967750
6415,tw,1773360000,37.09,18.07,0.464,280.0,2.941,0.0113,2,14.19,-1209.0,2.143,0,1778967750
6415,tw,1773619200,43.33,16.61,0.542,262.5,-6.25,-0.0311,-1,15.48,413.0,6.095,1,1778967750
6415,tw,1773705600,39.03,19.21,0.488,274.5,4.571,0.0081,1,14.84,-38.0,2.914,0,1778967750
6415,tw,1773792000,38.67,16.9,0.483,289.5,5.464,0.0147,2,12.26,-137.0,1.382,0,1778967750
6415,tw,1773878400,44.64,13.68,0.558,280.5,-3.109,-0.0121,-1,11.61,138.0,5.526,1,1778967750
6415,tw,1773964800,34.53,14.56,0.432,286.0,1.961,0.0175,1,10.97,-326.0,2.448,0,1778967750
6415,tw,1774224000,29.88,13.18,0.373,278.5,-2.622,0.0027,2,10.97,-253.0,2.513,0,1778967750
6415,tw,1774310400,33.97,14.4,0.425,282.5,1.436,0.0088,3,10.97,-106.0,-0.531,0,1778967750
6415,tw,1774396800,35.12,12.56,0.439,293.5,3.894,0.0071,4,8.39,-165.0,-3.748,-1,1778967750
6415,tw,1774483200,41.11,9.71,0.514,296.0,0.852,0.0067,5,6.45,-166.0,-7.432,-1,1778967750
6415,tw,1774569600,43.53,7.86,0.544,293.0,-1.014,-0.0068,-1,5.16,92.0,-3.925,-1,1778967750
6415,tw,1774828800,26.7,6.75,0.334,285.5,-2.56,0.0007,1,4.52,-31.0,4.904,1,1778967750
6415,tw,1774915200,28.04,7.69,0.35,281.0,-1.576,0.0065,2,5.16,-163.0,0.356,0,1778967750
6415,tw,1775001600,47.98,14.13,0.6,282.5,0.534,-0.008,-1,10.97,164.0,-1.062,0,1778967750
6415,tw,1775088000,30.45,15.0,0.381,274.0,-3.009,0.001,1,12.9,-104.0,-0.365,0,1778967750
6415,tw,1775520000,37.84,19.95,0.473,281.5,2.737,0.0071,2,16.13,-38.0,-4.263,-1,1778967750
6415,tw,1775606400,42.52,22.98,0.532,299.5,6.394,0.0197,3,18.06,-306.0,-8.18,-1,1778967750
6415,tw,1775692800,45.74,20.6,0.572,282.0,-5.843,-0.0185,-1,19.35,331.0,7.27,1,1778967750
6415,tw,1775779200,50.76,22.08,0.635,279.5,-0.887,-0.0053,-2,19.35,194.0,18.962,1,1778967750
6415,tw,1776038400,34.3,21.65,0.429,273.0,-2.326,-0.0098,-3,19.35,-63.0,33.883,1,1778967750
6415,tw,1776124800,49.73,20.68,0.622,269.5,-1.282,-0.0029,-4,18.06,358.0,46.197,1,1778967750
6415,tw,1776211200,38.77,22.96,0.485,275.0,2.041,0.0101,1,19.35,-33.0,46.364,1,1778967750
6415,tw,1776297600,60.87,23.42,0.761,302.5,10.0,0.0326,2,17.42,580.0,37.355,1,1778967750
6415,tw,1776384000,59.39,20.82,0.742,332.5,9.917,0.0106,3,14.84,1427.0,31.128,1,1778967750
6415,tw,1776643200,37.02,5.98,0.463,365.5,9.925,0.0182,4,0.0,-416.0,14.911,1,1778967750
6415,tw,1776729600,44.84,5.34,0.561,394.0,7.798,0.009,5,0.0,-880.0,4.822,1,1778967750
6415,tw,1776816000,44.06,3.65,0.551,402.5,2.157,-0.0186,-1,0.0,316.0,-2.36,0,1778967750
6415,tw,1776902400,30.43,3.97,0.38,415.5,3.23,0.0402,1,0.0,-1567.0,2.768,0,1778967750
6415,tw,1776988800,31.96,4.48,0.4,436.0,4.934,0.0061,2,0.0,-1.0,-0.229,0,1778967750
6415,tw,1777248000,23.4,1.9,0.292,420.0,-3.67,0.0134,3,0.0,-401.0,3.81,1,1778967750
6415,tw,1777334400,40.39,2.5,0.505,413.0,-1.667,0.0105,4,0.0,73.0,2.663,0,1778967750
6415,tw,1777420800,37.45,2.2,0.468,393.0,-4.843,-0.0056,-1,0.65,308.0,8.015,1,1778967750
6415,tw,1777507200,35.73,5.6,0.447,427.0,8.651,0.0153,1,0.0,-234.0,-0.351,0,1778967750
6415,tw,1777852800,43.9,3.56,0.549,435.0,1.874,0.0051,2,0.0,34.0,7.586,1,1778967750
6415,tw,1777939200,43.54,5.65,0.544,436.0,0.23,0.0044,3,2.58,17.0,9.289,1,1778967750
6415,tw,1778025600,41.19,6.04,0.515,424.0,-2.752,0.0016,4,3.87,98.0,10.259,1,1778967750
6415,tw,1778112000,39.41,7.56,0.493,424.5,0.118,0.0059,5,4.52,-550.0,18.492,1,1778967750
6415,tw,1778198400,30.14,8.88,0.377,425.5,0.236,-0.0001,-1,5.81,-111.0,9.988,1,1778967750
6669,tw,1763424000,26.94,11.48,0.337,4130.0,-5.057,-0.0003,-6,10.0,-36.0,0.969,0,1778967752
6669,tw,1763510400,49.15,16.48,0.614,4150.0,0.484,-0.0009,-7,13.33,34.0,7.229,1,1778967752
6669,tw,1763596800,52.61,18.94,0.658,4280.0,3.133,-0.0043,-8,15.0,75.0,3.972,1,1778967752
6669,tw,1763683200,28.67,13.7,0.358,4095.0,-4.322,-0.0011,-9,12.0,-66.0,11.6,1,1778967752
6669,tw,1763942400,45.4,12.52,0.567,4030.0,-1.587,-0.0027,-10,10.0,40.0,9.926,1,1778967752
6669,tw,1764028800,39.05,21.18,0.488,4170.0,3.474,0.0014,1,17.14,-46.0,7.434,1,1778967752
6669,tw,1764115200,57.44,22.51,0.718,4450.0,6.715,-0.0045,-1,17.5,29.0,3.371,1,1778967752
6669,tw,1764201600,46.44,11.89,0.581,4450.0,0.0,-0.0005,-2,8.89,1.0,2.135,0,1778967752
6669,tw,1764288000,46.69,7.81,0.584,4570.0,2.697,-0.0015,-3,4.0,62.0,2.516,0,1778967752
6669,tw,1764547200,39.84,3.9,0.498,4430.0,-3.063,-0.0017,-4,1.82,46.0,4.515,1,1778967752
6669,tw,1764633600,28.96,5.01,0.362,4480.0,1.129,-0.0014,-5,1.67,-11.0,0.893,0,1778967752
6669,tw,1764720000,30.46,5.34,0.381,4600.0,2.679,0.0022,1,1.54,-24.0,-1.63,0,1778967752
6669,tw,1764806400,26.52,4.07,0.331,4545.0,-1.196,-0.0004,-1,1.43,-30.0,-0.55,0,1778967752
6669,tw,1764892800,31.43,6.59,0.393,4685.0,3.08,0.002,1,2.67,-44.0,-5.977,-1,1778967752
6669,tw,1765152000,40.81,2.65,0.51,4630.0,-1.174,-0.0039,-1,0.0,86.0,-7.343,-1,1778967752
6669,tw,1765238400,42.55,8.17,0.532,4520.0,-2.376,-0.0037,-2,5.88,33.0,-7.965,-1,1778967752
6669,tw,1765324800,30.44,9.7,0.381,4525.0,0.111,-0.0002,-3,6.67,-10.0,-7.735,-1,1778967752
6669,tw,1765411200,29.52,8.23,0.369,4520.0,-0.11,0.0002,1,5.26,-19.0,-7.633,-1,1778967752
6669,tw,1765497600,43.43,10.24,0.543,4405.0,-2.544,-0.0042,-1,8.0,85.0,-2.724,0,1778967752
6669,tw,1765756800,42.73,8.89,0.534,4290.0,-2.611,0.0006,1,6.67,5.0,-0.932,0,1778967752
6669,tw,1765843200,28.52,11.18,0.356,4160.0,-3.03,0.0003,2,9.09,-156.0,2.284,0,1778967752
6669,tw,1765929600,47.57,13.54,0.595,4175.0,0.361,-0.0011,-1,10.43,14.0,1.557,0,1778967752
6669,tw,1766016000,29.08,7.17,0.364,4175.0,0.0,-0.0004,-2,4.17,-15.0,2.994,0,1778967752
6669,tw,1766102400,51.43,17.39,0.643,4285.0,2.635,-0.0013,-3,13.6,12.0,1.517,0,1778967752
6669,tw,1766361600,50.79,21.98,0.635,4250.0,-0.817,-0.001,-4,19.23,125.0,3.412,1,1778967752
6669,tw,1766448000,51.75,22.3,0.647,4255.0,0.118,0.0005,1,19.26,1.0,5.405,1,1778967752
6669,tw,1766534400,50.94,21.46,0.637,4240.0,-0.353,0.0008,2,18.57,3.0,5.66,1,1778967752
6669,tw,1766707200,37.04,20.66,0.463,4300.0,1.415,0.0001,3,17.24,-21.0,5.581,1,1778967752
6669,tw,1766966400,37.51,22.02,0.469,4350.0,1.163,0.0016,4,18.67,-92.0,6.092,1,1778967752
6669,tw,1767052800,52.38,22.02,0.655,4395.0,1.034,-0.0012,-1,18.71,22.0,6.257,1,1778967752
6669,tw,1767139200,38.08,21.67,0.476,4485.0,2.048,0.0008,1,18.06,-33.0,3.679,1,1778967752
6669,tw,1767312000,51.55,22.32,0.644,4480.0,-0.111,-0.002,-1,19.35,63.0,-5.357,-1,1778967752
6669,tw,1767571200,38.02,22.75,0.475,4540.0,1.339,0.0011,1,19.35,-28.0,-9.802,-1,1778967752
6669,tw,1767657600,53.33,22.85,0.667,4615.0,1.652,0.0004,2,19.35,92.0,-15.493,-1,1778967752
6669,tw,1767744000,52.55,22.07,0.657,4670.0,1.192,0.0015,3,18.71,22.0,-15.203,-1,1778967752
6669,tw,1767830400,34.66,19.0,0.433,4650.0,-0.428,0.0044,4,16.13,-99.0,-15.161,-1,1778967752
6669,tw,1767916800,39.9,13.9,0.499,4240.0,-8.817,-0.0122,-1,13.55,130.0,-9.788,-1,1778967752
6669,tw,1768176000,44.04,12.94,0.55,4095.0,-3.42,-0.0053,-2,10.97,106.0,-9.158,-1,1778967752
6669,tw,1768262400,38.21,3.51,0.478,3900.0,-4.762,0.001,1,1.94,83.0,-5.897,-1,1778967752
6669,tw,1768348800,28.53,3.46,0.357,3960.0,1.538,-0.0013,-1,0.0,-8.0,-8.965,-1,1778967752
6669,tw,1768435200,26.62,2.89,0.333,3945.0,-0.379,-0.0011,-2,0.0,-3.0,-4.563,-1,1778967752
6669,tw,1768521600,38.96,2.09,0.487,3825.0,-3.042,-0.0004,-3,0.0,46.0,-3.399,-1,1778967752
6669,tw,1768780800,39.27,2.18,0.491,3720.0,-2.745,0.0029,1,0.0,59.0,3.226,1,1778967752
6669,tw,1768867200,25.66,2.6,0.321,3670.0,-1.344,-0.0001,-1,0.0,-1.0,0.817,0,1778967752
6669,tw,1768953600,25.26,2.47,0.316,3605.0,-1.771,0.0068,1,0.0,-37.0,2.774,0,1778967752
6669,tw,1769040000,46.44,4.33,0.581,3765.0,4.438,0.0007,2,0.0,76.0,-1.195,0,1778967752
6669,tw,1769126400,40.13,2.44,0.502,3695.0,-1.859,-0.0015,-1,0.0,66.0,-3.248,-1,1778967752
6669,tw,1769385600,30.95,4.18,0.387,3840.0,3.924,0.0049,1,0.0,-32.0,-6.12,-1,1778967752
6669,tw,1769472000,38.34,1.91,0.479,3700.0,-3.646,-0.0021,-1,0.0,247.0,0.676,0,1778967752
6669,tw,1769558400,42.17,3.04,0.527,3705.0,0.135,0.0063,1,0.0,14.0,-0.675,0,1778967752
6669,tw,1769644800,27.74,3.77,0.347,3720.0,0.405,0.0026,2,0.65,-70.0,-2.957,0,1778967752
6669,tw,1769731200,23.74,3.12,0.297,3575.0,-3.898,-0.0011,-1,1.29,-4.0,1.958,0,1778967752
6669,tw,1769990400,29.46,6.48,0.368,3605.0,0.839,0.001,1,3.23,-16.0,0.693,0,1778967752
6669,tw,1770076800,32.92,9.16,0.412,3725.0,3.329,0.0029,2,5.16,-19.0,-1.074,0,1778967752
6669,tw,1770163200,44.34,9.74,0.554,3680.0,-1.208,0.0,3,7.1,15.0,1.63,0,1778967752
6669,tw,1770249600,30.26,12.75,0.378,3610.0,-1.902,0.0008,4,10.32,-69.0,5.817,1,1778967752
6669,tw,1770336000,46.36,20.06,0.58,3645.0,0.97,0.0011,5,16.77,-187.0,5.213,1,1778967752
6669,tw,1770595200,51.26,22.23,0.641,3630.0,-0.412,-0.0007,-1,19.35,121.0,11.846,1,1778967752
6669,tw,1770681600,38.2,22.8,0.477,3685.0,1.515,0.0015,1,19.35,-32.0,8.548,1,1778967752
6669,tw,1770768000,38.18,22.8,0.477,3740.0,1.493,0.0029,2,19.35,-58.0,10.963,1,1778967752
6669,tw,1771804800,38.83,22.99,0.485,3820.0,2.139,0.0029,3,19.35,-106.0,8.508,1,1778967752
6669,tw,1771891200,36.74,21.83,0.459,3835.0,0.393,-0.0007,-1,18.71,-31.0,1.956,0,1778967752
6669,tw,1771977600,41.27,21.53,0.516,4060.0,5.867,0.0034,1,16.77,-73.0,3.941,1,1778967752
6669,tw,1772064000,48.25,18.04,0.603,4000.0,-1.478,-0.0017,-1,15.48,150.0,5.375,1,1778967752
6669,tw,1772409600,36.55,15.73,0.457,4150.0,3.75,-0.0002,-2,11.61,-111.0,-5.301,-1,1778967752
6669,tw,1772496000,47.03,13.28,0.588,4145.0,-0.12,-0.0019,-3,10.32,151.0,-4.463,-1,1778967752
6669,tw,1772582400,26.48,11.62,0.331,3910.0,-5.669,-0.0014,-4,10.32,-24.0,7.161,1,1778967752
6669,tw,1772668800,39.47,14.41,0.493,4220.0,7.928,0.005,1,9.03,-58.0,-3.199,-1,1778967752
6669,tw,1772755200,46.38,11.99,0.58,4215.0,-0.118,-0.0032,-1,9.03,30.0,-3.44,-1,1778967752
6669,tw,1773014400,25.07,10.65,0.313,3930.0,-6.762,-0.0027,-2,9.68,-38.0,1.908,0,1778967752
6669,tw,1773100800,47.92,13.55,0.599,3960.0,0.763,-0.0016,-3,10.32,69.0,0.126,0,1778967752
6669,tw,1773187200,38.31,15.71,0.479,4190.0,5.808,0.0038,1,10.97,-45.0,-8.711,-1,1778967752
6669,tw,1773273600,29.99,13.22,0.375,4085.0,-2.506,0.0016,2,10.97,-3.0,-7.834,-1,1778967752
6669,tw,1773360000,32.12,13.86,0.402,4070.0,-0.367,0.0011,3,10.97,-4.0,-6.511,-1,1778967752
6669,tw,1773619200,46.2,14.13,0.578,4005.0,-1.597,-0.0008,-1,11.61,59.0,-8.989,-1,1778967752
6669,tw,1773705600,31.82,14.31,0.398,3965.0,-0.999,0.003,1,11.61,-149.0,-6.053,-1,1778967752
6669,tw,1773792000,45.2,15.49,0.565,3825.0,-3.531,-0.008,-1,13.55,447.0,-1.699,0,1778967752
6669,tw,1773878400,47.2,16.08,0.59,3765.0,-1.569,-0.001,-2,13.55,19.0,-7.968,-1,1778967752
6669,tw,1773964800,50.16,17.51,0.627,3805.0,1.062,0.0009,1,14.19,5.0,-10.775,-1,1778967752
6669,tw,1774224000,29.23,14.64,0.365,3645.0,-4.205,-0.0032,-1,12.9,-6.0,-7.545,-1,1778967752
6669,tw,1774310400,35.0,15.27,0.438,3725.0,2.195,0.001,1,11.61,-18.0,-11.409,-1,1778967752
6669,tw,1774396800,48.42,14.25,0.605,3760.0,0.94,-0.0004,-1,10.97,8.0,-9.043,-1,1778967752
6669,tw,1774483200,37.32,7.1,0.467,3465.0,-7.846,-0.0118,-2,6.45,160.0,-1.587,0,1778967752
6669,tw,1774569600,40.62,3.68,0.508,3395.0,-2.02,-0.0006,-3,1.29,48.0,0.0,0,1778967752
6669,tw,1774828800,26.26,2.78,0.328,3370.0,-0.736,0.0001,1,0.0,-26.0,5.935,1,1778967752
6669,tw,1774915200,39.91,2.38,0.499,3300.0,-2.077,-0.0022,-1,0.0,51.0,8.485,1,1778967752
6669,tw,1775001600,30.64,4.09,0.383,3420.0,3.636,0.0006,1,0.0,-74.0,6.14,1,1778967752
6669,tw,1775088000,42.03,3.56,0.525,3410.0,-0.292,-0.0006,-1,0.65,99.0,6.891,1,1778967752
6669,tw,1775520000,42.2,4.16,0.528,3395.0,-0.44,-0.001,-2,1.29,17.0,10.604,1,1778967752
6669,tw,1775606400,33.14,6.49,0.414,3570.0,5.155,0.0029,1,1.94,-16.0,4.202,1,1778967752
6669,tw,1775692800,35.57,5.66,0.445,3580.0,0.28,0.0001,2,2.58,0.0,3.352,1,1778967752
6669,tw,1775779200,45.33,7.29,0.567,3630.0,1.397,-0.0012,-1,3.87,24.0,4.821,1,1778967752
6669,tw,1776038400,29.99,8.28,0.375,3645.0,0.413,-0.0005,-2,5.16,-28.0,9.191,1,1778967752
6669,tw,1776124800,34.54,12.94,0.432,3755.0,3.018,0.001,1,9.03,-129.0,12.383,1,1778967752
6669,tw,1776211200,47.51,15.62,0.594,3720.0,-0.932,-0.0022,-1,12.9,134.0,16.935,1,1778967752
6669,tw,1776297600,34.2,18.32,0.428,3700.0,-0.538,-0.0,-2,15.48,-51.0,14.865,1,1778967752
6669,tw,1776384000,37.6,19.33,0.47,3805.0,2.838,0.0043,1,15.48,-83.0,21.813,1,1778967752
6669,tw,1776643200,38.38,17.93,0.48,3980.0,4.599,0.0008,2,13.55,-132.0,22.864,1,1778967752
6669,tw,1776729600,35.6,9.97,0.445,4220.0,6.03,-0.0016,-1,5.16,-101.0,13.744,1,1778967752
6669,tw,1776816000,30.71,5.21,0.384,4350.0,3.081,-0.003,-2,1.29,-61.0,11.379,1,1778967752
6669,tw,1776902400,24.72,2.31,0.309,4250.0,-2.299,0.0038,1,0.0,-160.0,10.0,1,1778967752
6669,tw,1776988800,51.03,5.72,0.638,4635.0,9.059,-0.0054,-1,0.0,368.0,4.854,1,1778967752
6669,tw,1777248000,47.43,4.65,0.593,4890.0,5.502,-0.0136,-2,0.0,155.0,-2.761,0,1778967752
6669,tw,1777334400,25.14,2.45,0.314,4800.0,-1.84,-0.004,-3,0.0,-47.0,3.542,1,1778967752
6669,tw,1777420800,27.93,3.28,0.349,4845.0,0.938,-0.0014,-4,0.0,-73.0,0.722,0,1778967752
6669,tw,1777507200,23.81,2.6,0.298,4675.0,-3.509,-0.0021,-5,0.65,-88.0,11.23,1,1778967752
6669,tw,1777852800,46.28,4.84,0.579,4860.0,3.957,-0.0002,-6,0.65,2.0,9.877,1,1778967752
6669,tw,1777939200,25.81,4.29,0.323,4755.0,-2.16,-0.0001,-7,1.94,-147.0,21.767,1,1778967752
6669,tw,1778025600,33.14,7.59,0.414,4970.0,4.522,0.0016,1,3.23,-32.0,12.274,1,1778967752
6669,tw,1778112000,27.12,6.33,0.339,4880.0,-1.811,-0.0013,-1,3.87,-52.0,11.373,1,1778967752
6669,tw,1778198400,50.81,9.49,0.635,5200.0,6.557,-0.0007,-2,4.52,55.0,-1.635,0,1778967752
2603,tw,1763424000,40.6,2.67,0.507,179.5,-1.102,-0.0605,-4,0.0,128.0,0.557,0,1778967755
2603,tw,1763510400,26.91,3.0,0.336,179.5,0.0,-0.0177,-5,0.0,-56.0,1.393,0,1778967755
2603,tw,1763596800,28.73,3.5,0.359,182.5,1.671,0.0115,1,0.0,-284.0,-1.096,0,1778967755
2603,tw,1763683200,40.51,2.59,0.506,180.0,-1.37,-0.0236,-1,0.0,142.0,-0.278,0,1778967755
2603,tw,1763942400,41.34,2.83,0.517,179.0,-0.556,-0.0214,-2,0.0,41.0,1.397,0,1778967755
2603,tw,1764028800,27.88,3.25,0.348,180.5,0.838,0.0078,1,0.0,-98.0,0.554,0,1778967755
2603,tw,1764115200,44.08,5.75,0.551,182.0,0.831,-0.0001,-1,2.5,12.0,0.275,0,1778967755
2603,tw,1764201600,47.69,16.08,0.596,180.5,-0.824,-0.0307,-2,13.33,160.0,2.216,0,1778967755
2603,tw,1764288000,50.31,20.83,0.629,179.5,-0.554,-0.0272,-3,18.0,71.0,1.95,0,1778967755
2603,tw,1764547200,37.23,21.51,0.465,181.5,1.114,0.0046,1,18.18,-67.0,-0.826,0,1778967755
2603,tw,1764633600,36.2,21.33,0.452,181.5,0.0,0.0065,2,18.33,-113.0,-1.653,0,1778967755
2603,tw,1764720000,36.79,21.63,0.46,182.5,0.551,0.0019,3,18.46,-220.0,-1.918,0,1778967755
2603,tw,1764806400,37.36,21.9,0.467,184.5,1.096,-0.0035,-1,18.57,-269.0,-2.168,0,1778967755
2603,tw,1764892800,50.46,21.43,0.631,183.0,-0.813,-0.0134,-2,18.67,57.0,0.0,0,1778967755
2603,tw,1765152000,48.91,20.01,0.611,180.0,-1.639,-0.0404,-3,17.5,188.0,1.944,0,1778967755
2603,tw,1765238400,49.19,19.22,0.615,178.5,-0.833,-0.0416,-4,16.47,279.0,2.801,0,1778967755
2603,tw,1765324800,36.67,21.97,0.458,179.0,0.28,-0.0104,-5,18.89,-130.0,2.793,0,1778967755
2603,tw,1765411200,37.38,22.2,0.467,180.5,0.838,0.0141,1,18.95,-185.0,1.385,0,1778967755
2603,tw,1765497600,38.09,22.42,0.476,183.0,1.385,0.041,2,19.0,-1126.0,1.366,0,1778967755
2603,tw,1765756800,36.35,21.18,0.454,183.5,0.273,0.0044,3,18.1,-138.0,1.362,0,1778967755
2603,tw,1765843200,35.69,20.27,0.446,183.5,0.0,0.0102,4,17.27,-80.0,1.362,0,1778967755
2603,tw,1765929600,45.63,19.6,0.57,184.0,0.272,0.0194,5,16.52,-233.0,2.446,0,1778967755
2603,tw,1766016000,34.33,18.67,0.429,183.0,-0.543,-0.0078,-1,15.83,-117.0,4.372,1,1778967755
2603,tw,1766102400,35.57,17.81,0.445,185.5,1.366,0.0008,1,14.4,-169.0,2.695,0,1778967755
2603,tw,1766361600,34.1,16.93,0.426,186.0,0.27,-0.0198,-1,13.85,-34.0,2.688,0,1778967755
2603,tw,1766448000,33.54,16.33,0.419,186.0,0.0,-0.0249,-2,13.33,-43.0,2.151,0,1778967755
2603,tw,1766534400,33.31,13.4,0.416,188.5,1.344,-0.0072,-3,10.0,-31.0,2.387,0,1778967755
2603,tw,1766707200,32.29,10.99,0.404,191.0,1.326,0.034,1,7.59,-466.0,-0.524,0,1778967755
2603,tw,1766966400,30.13,9.59,0.377,190.5,-0.262,0.0115,2,6.67,-148.0,-0.525,0,1778967755
2603,tw,1767052800,30.63,9.53,0.383,191.0,0.262,0.0282,3,6.45,-329.0,2.356,0,1778967755
2603,tw,1767139200,29.36,8.65,0.367,190.0,-0.524,-0.0038,-1,5.81,-15.0,1.842,0,1778967755
2603,tw,1767312000,30.78,7.99,0.385,193.0,1.579,-0.012,-2,4.52,-121.0,0.259,0,1778967755
2603,tw,1767571200,42.29,6.4,0.529,190.0,-1.554,-0.0174,-3,3.87,46.0,2.895,0,1778967755
2603,tw,1767657600,28.36,6.15,0.355,189.5,-0.263,0.002,1,3.23,-61.0,2.902,0,1778967755
2603,tw,1767744000,31.75,5.89,0.397,195.5,3.166,0.123,2,1.94,-391.0,-0.767,0,1778967755
2603,tw,1767830400,26.88,4.63,0.336,193.5,-1.023,-0.0139,-1,1.94,-131.0,0.775,0,1778967755
2603,tw,1767916800,44.18,7.52,0.552,193.5,0.0,-0.0152,-2,4.52,76.0,-1.809,0,1778967755
2603,tw,1768176000,30.44,7.83,0.381,195.5,1.034,0.0302,1,4.52,-163.0,-4.092,-1,1778967755
2603,tw,1768262400,29.08,7.44,0.364,195.0,-0.256,0.0155,2,4.52,-166.0,-2.051,0,1778967755
2603,tw,1768348800,44.09,8.01,0.551,194.0,-0.513,0.0037,3,5.16,50.0,-1.546,0,1778967755
2603,tw,1768435200,45.81,9.6,0.573,195.0,0.515,0.0141,4,6.45,10.0,-1.282,0,1778967755
2603,tw,1768521600,42.73,9.97,0.534,190.0,-2.564,-0.1154,-1,7.74,230.0,-0.263,0,1778967755
2603,tw,1768780800,30.48,12.29,0.381,187.5,-1.316,-0.0095,-2,9.68,-82.0,0.533,0,1778967755
2603,tw,1768867200,34.28,13.88,0.428,191.0,1.867,0.0507,1,10.32,-289.0,-2.094,0,1778967755
2603,tw,1768953600,33.07,14.61,0.413,191.0,0.0,0.0535,2,11.61,-10.0,0.524,0,1778967755
2603,tw,1769040000,34.78,16.79,0.435,192.5,0.785,0.0446,3,13.55,-172.0,-1.299,0,1778967755
2603,tw,1769126400,47.31,16.72,0.591,189.5,-1.558,-0.046,-1,14.19,226.0,-1.847,0,1778967755
2603,tw,1769385600,47.51,15.1,0.594,188.5,-0.528,-0.0184,-2,12.26,259.0,-2.387,0,1778967755
2603,tw,1769472000,32.31,15.02,0.404,187.0,-0.796,-0.0046,-3,12.26,-11.0,-1.07,0,1778967755
2603,tw,1769558400,36.49,16.7,0.456,192.0,2.674,0.0736,1,12.9,-408.0,-1.823,0,1778967755
2603,tw,1769644800,32.51,15.59,0.406,190.0,-1.042,0.0196,2,12.9,-39.0,-1.579,0,1778967755
2603,tw,1769731200,45.11,13.34,0.564,186.0,-2.105,-0.0535,-1,10.97,273.0,0.806,0,1778967755
2603,tw,1769990400,45.31,11.71,0.566,184.0,-1.075,-0.026,-2,9.03,14.0,1.359,0,1778967755
2603,tw,1770076800,31.76,11.55,0.397,185.0,0.543,0.0046,1,8.39,-98.0,0.541,0,1778967755
2603,tw,1770163200,33.82,13.25,0.423,188.5,1.892,0.017,2,9.68,-102.0,-1.326,0,1778967755
2603,tw,1770249600,31.13,12.44,0.389,187.0,-0.796,0.0181,3,9.68,-58.0,0.802,0,1778967755
2603,tw,1770336000,32.78,14.05,0.41,187.5,0.267,0.0052,4,10.97,-12.0,1.6,0,1778967755
2603,tw,1770595200,58.27,16.39,0.728,186.5,-0.533,0.0059,5,13.55,1.0,2.949,0,1778967755
2603,tw,1770681600,43.54,16.47,0.544,186.0,-0.268,0.0063,6,13.55,-14.0,5.914,1,1778967755
2603,tw,1770768000,44.54,17.84,0.557,186.0,0.0,0.024,7,14.84,-156.0,12.903,1,1778967755
2603,tw,1771804800,62.93,21.46,0.787,188.5,1.344,0.112,8,18.06,9.0,14.854,1,1778967755
2603,tw,1771891200,47.01,20.74,0.588,190.5,1.061,0.0479,9,17.42,-103.0,9.974,1,1778967755
2603,tw,1771977600,46.36,19.37,0.58,192.0,0.787,0.1016,10,16.13,-392.0,8.333,1,1778967755
2603,tw,1772064000,45.43,14.1,0.568,197.0,2.604,0.1336,11,10.32,-389.0,6.853,1,1778967755
2603,tw,1772409600,59.24,4.98,0.741,210.0,6.599,0.1288,12,0.0,468.0,0.238,0,1778967755
2603,tw,1772496000,55.16,3.93,0.69,216.5,3.095,0.0137,13,0.0,1394.0,-5.081,-1,1778967755
2603,tw,1772582400,33.8,2.03,0.423,209.5,-3.233,0.007,14,0.0,-440.0,0.239,0,1778967755
2603,tw,1772668800,36.54,2.79,0.457,208.0,-0.716,0.0511,15,0.0,-317.0,1.683,0,1778967755
2603,tw,1772755200,53.3,3.36,0.666,210.5,1.202,0.0193,16,0.0,9.0,-1.425,0,1778967755
2603,tw,1773014400,41.75,3.0,0.522,210.5,0.0,-0.0506,-1,0.0,1282.0,3.8,1,1778967755
2603,tw,1773100800,24.64,2.29,0.308,205.5,-2.375,0.0025,1,0.0,-183.0,6.083,1,1778967755
2603,tw,1773187200,29.72,3.66,0.372,210.0,2.19,0.107,2,0.0,-725.0,3.81,1,1778967755
2603,tw,1773273600,43.15,3.86,0.539,211.5,0.714,0.0226,3,0.65,25.0,2.837,0,1778967755
2603,tw,1773360000,41.22,5.01,0.515,207.5,-1.891,-0.0362,-1,2.58,46.0,3.133,1,1778967755
2603,tw,1773619200,33.87,5.24,0.423,218.5,5.301,0.2485,1,0.65,-840.0,-6.636,-1,1778967755
2603,tw,1773705600,41.97,3.58,0.525,218.0,-0.229,-0.0246,-1,0.65,128.0,-6.881,-1,1778967755
2603,tw,1773792000,28.74,6.23,0.359,218.0,0.0,0.0247,1,3.23,-354.0,-5.505,-1,1778967755
2603,tw,1773878400,29.62,8.09,0.37,217.5,-0.229,0.0544,2,5.16,-279.0,-6.667,-1,1778967755
2603,tw,1773964800,43.78,9.62,0.547,214.0,-1.609,-0.0317,-1,7.1,89.0,-6.075,-1,1778967755
2603,tw,1774224000,41.32,9.99,0.516,204.0,-4.673,-0.0412,-2,8.39,22.0,-0.245,0,1778967755
2603,tw,1774310400,46.3,12.53,0.579,203.0,-0.49,-0.0108,-3,9.68,5.0,-1.724,0,1778967755
2603,tw,1774396800,33.63,13.76,0.42,206.0,1.478,-0.0014,-4,10.32,-148.0,-0.728,0,1778967755
2603,tw,1774483200,46.33,14.17,0.579,203.0,-1.456,-0.0035,-5,11.61,4.0,-0.246,0,1778967755
2603,tw,1774569600,47.02,14.96,0.588,201.0,-0.985,-0.0248,-6,12.26,84.0,0.995,0,1778967755
2603,tw,1774828800,49.33,15.63,0.617,203.5,1.244,-0.0085,-7,12.26,162.0,-0.737,0,1778967755
2603,tw,1774915200,30.65,14.02,0.383,199.5,-1.966,-0.0369,-8,11.61,-184.0,1.754,0,1778967755
2603,tw,1775001600,35.39,15.36,0.442,204.5,2.506,0.0167,1,11.61,-293.0,-0.978,0,1778967755
2603,tw,1775088000,31.8,14.32,0.397,202.5,-0.978,-0.0063,-1,11.61,-37.0,-1.235,0,1778967755
2603,tw,1775520000,32.75,14.04,0.409,203.0,0.247,0.004,1,10.97,-133.0,-0.985,0,1778967755
2603,tw,1775606400,46.73,13.82,0.584,202.0,-0.493,-0.0529,-1,10.97,205.0,0.495,0,1778967755
2603,tw,1775692800,33.07,14.12,0.413,203.0,0.495,0.0182,1,10.97,-486.0,-0.739,0,1778967755
2603,tw,1775779200,32.27,13.9,0.403,202.5,-0.246,0.0057,2,10.97,-199.0,-2.222,0,1778967755
2603,tw,1776038400,31.11,13.6,0.389,200.0,-1.235,-0.0282,-1,10.97,-78.0,-1.5,0,1778967755
2603,tw,1776124800,33.14,14.12,0.414,201.0,0.5,0.0316,1,10.97,-14.0,0.249,0,1778967755
2603,tw,1776211200,35.88,18.78,0.449,203.0,0.995,0.0292,2,15.48,-131.0,-0.493,0,1778967755
2603,tw,1776297600,50.66,22.13,0.633,201.5,-0.739,-0.0546,-1,19.35,241.0,-0.248,0,1778967755
2603,tw,1776384000,49.68,21.83,0.621,198.0,-1.737,-0.0521,-2,19.35,195.0,1.768,0,1778967755
2603,tw,1776643200,51.11,22.2,0.639,197.0,-0.505,-0.0117,-3,19.35,101.0,1.269,0,1778967755
2603,tw,1776729600,39.11,23.04,0.489,201.5,2.284,0.0308,1,19.35,-254.0,-0.744,0,1778967755
2603,tw,1776816000,36.89,22.42,0.461,202.0,0.248,-0.0065,-1,19.35,-104.0,-0.248,0,1778967755
2603,tw,1776902400,51.05,22.2,0.638,201.0,-0.495,-0.0252,-2,19.35,190.0,0.498,0,1778967755
2603,tw,1776988800,36.91,22.42,0.461,201.5,0.249,-0.0027,-3,19.35,-47.0,2.233,0,1778967755
2603,tw,1777248000,35.4,21.41,0.442,199.5,-0.993,0.0067,1,18.71,-32.0,4.261,1,1778967755
2603,tw,1777334400,51.41,21.14,0.643,200.0,0.251,0.0255,2,18.06,440.0,6.0,1,1778967755
2603,tw,1777420800,37.53,22.58,0.469,201.5,0.75,0.0205,3,19.35,-34.0,5.955,1,1778967755
2603,tw,1777507200,37.0,22.42,0.463,202.0,0.248,0.0161,4,19.35,-54.0,4.703,1,1778967755
2603,tw,1777852800,47.39,19.72,0.592,206.0,1.98,0.069,5,16.13,-551.0,3.883,1,1778967755
2603,tw,1777939200,45.0,16.84,0.562,208.0,0.971,0.0504,6,13.55,-50.0,2.885,0,1778967755
2603,tw,1778025600,45.71,16.48,0.571,212.0,1.923,0.068,7,12.9,-321.0,-0.943,0,1778967755
2603,tw,1778112000,43.59,14.82,0.545,213.5,0.708,0.0147,8,11.61,-199.0,-0.937,0,1778967755
2603,tw,1778198400,41.24,13.04,0.516,211.5,-0.937,0.0042,9,10.32,-242.0,-5.201,-1,1778967755
2615,tw,1763424000,40.43,3.7,0.505,83.3,2.334,0.2201,9,0.0,-787.0,-5.762,-1,1778967758
2615,tw,1763510400,58.2,16.04,0.727,82.5,-0.96,0.0987,10,13.33,443.0,0.242,0,1778967758
2615,tw,1763596800,59.43,17.75,0.743,81.8,-0.848,0.1566,11,15.0,579.0,-0.489,0,1778967758
2615,tw,1763683200,58.12,18.23,0.726,79.7,-2.567,0.1371,12,16.0,610.0,1.129,0,1778967758
2615,tw,1763942400,60.88,19.59,0.761,79.5,-0.251,0.1596,13,16.67,60.0,2.138,0,1778967758
2615,tw,1764028800,59.77,19.76,0.747,78.5,-1.258,0.0908,14,17.14,549.0,2.93,0,1778967758
2615,tw,1764115200,51.63,22.11,0.645,82.7,5.35,0.1059,15,17.5,-773.0,-2.66,0,1778967758
2615,tw,1764201600,49.06,20.31,0.613,81.4,-1.572,-0.0514,-1,17.78,690.0,-1.106,0,1778967758
2615,tw,1764288000,48.85,18.71,0.611,80.6,-0.983,-0.0342,-2,16.0,427.0,-1.117,0,1778967758
2615,tw,1764547200,35.9,19.58,0.449,81.2,0.744,-0.0044,-3,16.36,-108.0,-2.833,0,1778967758
2615,tw,1764633600,34.8,19.52,0.435,80.8,-0.493,-0.0077,-4,16.67,-75.0,-2.599,0,1778967758
2615,tw,1764720000,48.52,16.74,0.607,80.5,-0.371,-0.0067,-5,13.85,51.0,-2.36,0,1778967758
2615,tw,1764806400,51.1,21.57,0.639,80.5,0.0,-0.0362,-6,18.57,592.0,-2.609,0,1778967758
2615,tw,1764892800,49.51,20.03,0.619,79.7,-0.994,-0.0332,-7,17.33,155.0,-1.882,0,1778967758
2615,tw,1765152000,30.9,12.7,0.386,78.9,-1.004,-0.0194,-8,10.0,-26.0,-0.253,0,1778967758
2615,tw,1765238400,46.43,12.33,0.58,78.7,-0.253,-0.0046,-9,9.41,2.0,-0.762,0,1778967758
2615,tw,1765324800,31.31,11.85,0.391,78.6,-0.127,-0.0022,-10,8.89,-193.0,-0.763,0,1778967758
2615,tw,1765411200,46.45,12.39,0.581,78.4,-0.254,-0.0053,-11,9.47,193.0,-2.551,0,1778967758
2615,tw,1765497600,31.19,11.92,0.39,78.2,-0.255,-0.011,-12,9.0,-286.0,-0.256,0,1778967758
2615,tw,1765756800,46.86,11.76,0.586,78.7,0.639,-0.013,-13,8.57,50.0,-0.635,0,1778967758
2615,tw,1765843200,47.45,15.5,0.593,78.1,-0.762,-0.0297,-14,12.73,623.0,0.512,0,1778967758
2615,tw,1765929600,51.32,22.09,0.641,78.0,-0.128,-0.0241,-15,19.13,33.0,0.897,0,1778967758
2615,tw,1766016000,45.13,13.21,0.564,76.4,-2.051,-0.047,-16,10.83,106.0,4.45,1,1778967758
2615,tw,1766102400,33.54,12.43,0.419,78.0,2.094,0.0084,1,8.8,-467.0,2.821,0,1778967758
2615,tw,1766361600,46.07,10.77,0.576,78.2,0.256,-0.0064,-1,7.69,64.0,1.662,0,1778967758
2615,tw,1766448000,31.13,10.53,0.389,78.5,0.384,0.0081,1,7.41,-156.0,0.382,0,1778967758
2615,tw,1766534400,51.81,22.37,0.648,78.7,0.255,-0.0188,-1,19.29,161.0,1.144,0,1778967758
2615,tw,1766707200,38.18,22.73,0.477,79.8,1.398,0.0262,1,19.31,-357.0,-1.754,0,1778967758
2615,tw,1766966400,37.26,22.48,0.466,80.2,0.501,0.0188,2,19.33,-208.0,-2.494,0,1778967758
2615,tw,1767052800,50.79,22.09,0.635,79.5,-0.873,-0.0018,-1,19.35,23.0,1.258,0,1778967758
2615,tw,1767139200,35.78,22.09,0.447,78.8,-0.881,-0.003,-2,19.35,-46.0,0.508,0,1778967758
2615,tw,1767312000,37.77,22.65,0.472,79.6,1.015,0.0159,1,19.35,-117.0,-0.503,0,1778967758
2615,tw,1767571200,50.01,21.9,0.625,78.4,-1.508,-0.0314,-1,19.35,467.0,1.531,0,1778967758
2615,tw,1767657600,51.38,22.27,0.642,78.2,-0.255,-0.0079,-2,19.35,243.0,0.895,0,1778967758
2615,tw,1767744000,39.37,21.94,0.492,80.5,2.941,0.0789,1,18.06,-1090.0,-2.112,0,1778967758
2615,tw,1767830400,48.96,19.94,0.612,79.2,-1.615,-0.0261,-1,17.42,313.0,-0.631,0,1778967758
2615,tw,1767916800,35.39,19.77,0.442,79.2,0.0,0.0002,1,16.77,-85.0,-2.525,0,1778967758
2615,tw,1768176000,50.26,18.63,0.628,79.6,0.505,0.0021,2,15.48,66.0,-4.523,-1,1778967758
2615,tw,1768262400,33.91,18.22,0.424,78.9,-0.879,0.0101,3,15.48,-546.0,-2.915,0,1778967758
2615,tw,1768348800,49.6,18.44,0.62,78.8,-0.127,-0.002,-1,15.48,268.0,-3.553,-1,1778967758
2615,tw,1768435200,50.59,20.38,0.632,78.7,-0.127,0.0008,1,17.42,275.0,-2.668,0,1778967758
2615,tw,1768521600,46.26,15.33,0.578,77.2,-1.906,-0.0568,-1,12.9,607.0,-1.943,0,1778967758
2615,tw,1768780800,46.14,14.14,0.577,76.0,-1.554,-0.0227,-2,11.61,534.0,-1.447,0,1778967758
2615,tw,1768867200,48.01,13.56,0.6,76.6,0.789,0.0123,1,10.32,94.0,-3.394,-1,1778967758
2615,tw,1768953600,30.31,11.16,0.379,76.0,-0.783,-0.0195,-1,8.39,-73.0,-1.447,0,1778967758
2615,tw,1769040000,31.36,10.34,0.392,76.6,0.789,0.0048,1,7.1,-151.0,-3.003,-1,1778967758
2615,tw,1769126400,42.57,6.52,0.532,75.7,-1.175,-0.0379,-1,3.87,211.0,-2.906,0,1778967758
2615,tw,1769385600,40.89,2.68,0.511,74.9,-1.057,-0.0105,-2,0.0,10.0,-1.869,0,1778967758
2615,tw,1769472000,40.71,2.64,0.509,74.0,-1.202,-0.0182,-3,0.0,316.0,-0.541,0,1778967758
2615,tw,1769558400,28.24,3.36,0.353,74.9,1.216,0.0055,1,0.0,-63.0,0.134,0,1778967758
2615,tw,1769644800,26.19,2.76,0.327,74.3,-0.801,-0.0009,-1,0.0,-104.0,0.673,0,1778967758
2615,tw,1769731200,25.88,2.68,0.324,73.5,-1.077,-0.0083,-2,0.0,-174.0,0.544,0,1778967758
2615,tw,1769990400,27.04,3.0,0.338,73.5,0.0,0.0089,1,0.0,-156.0,0.408,0,1778967758
2615,tw,1770076800,27.16,3.04,0.34,73.6,0.136,0.0049,2,0.0,-223.0,1.223,0,1778967758
2615,tw,1770163200,29.62,4.86,0.37,75.0,1.902,0.0151,3,1.29,-363.0,0.0,0,1778967758
2615,tw,1770249600,28.06,5.5,0.351,74.8,-0.267,0.0069,4,2.58,-325.0,2.005,0,1778967758
2615,tw,1770336000,42.39,5.87,0.53,73.9,-1.203,-0.0051,-1,3.23,18.0,2.436,0,1778967758
2615,tw,1770595200,29.47,8.12,0.368,73.8,-0.135,0.0045,1,5.16,-133.0,3.523,1,1778967758
2615,tw,1770681600,31.23,9.73,0.39,74.5,0.949,0.0105,2,6.45,-157.0,2.55,0,1778967758
2615,tw,1770768000,31.96,11.59,0.4,75.0,0.671,0.0196,3,8.39,-172.0,6.533,1,1778967758
2615,tw,1771804800,34.04,13.84,0.425,76.3,1.733,0.0291,4,10.32,-463.0,14.024,1,1778967758
2615,tw,1771891200,32.0,14.37,0.4,75.7,-0.786,-0.0037,-1,11.61,-83.0,7.662,1,1778967758
2615,tw,1771977600,33.88,14.89,0.424,76.4,0.925,0.0307,1,11.61,-166.0,3.01,1,1778967758
2615,tw,1772064000,33.21,15.26,0.415,76.4,0.0,0.015,2,12.26,-68.0,2.88,0,1778967758
2615,tw,1772409600,50.2,12.11,0.628,79.9,4.581,-0.0493,-1,7.74,1359.0,1.502,0,1778967758
2615,tw,1772496000,51.38,5.67,0.642,87.0,8.886,0.0979,1,0.0,1360.0,-8.966,-1,1778967758
2615,tw,1772582400,35.32,1.1,0.442,81.5,-6.322,-0.071,-1,0.0,591.0,-2.086,0,1778967758
2615,tw,1772668800,38.22,1.97,0.478,78.7,-3.436,-0.0694,-2,0.0,389.0,1.652,0,1778967758
2615,tw,1772755200,27.15,3.61,0.339,78.6,-0.127,-0.0104,-3,0.65,-94.0,0.127,0,1778967758
2615,tw,1773014400,45.13,3.95,0.564,81.1,3.181,-0.0103,-4,0.0,50.0,-2.713,0,1778967758
2615,tw,1773100800,24.89,2.95,0.311,79.2,-2.343,-0.019,-5,0.65,-252.0,0.126,0,1778967758
2615,tw,1773187200,28.55,4.52,0.357,79.8,0.758,0.0303,1,1.29,-348.0,0.125,0,1778967758
2615,tw,1773273600,43.82,6.31,0.548,80.0,0.251,-0.0092,-1,3.23,282.0,-1.875,0,1778967758
2615,tw,1773360000,42.5,7.03,0.531,78.7,-1.625,-0.0265,-2,4.52,118.0,0.381,0,1778967758
2615,tw,1773619200,44.93,8.24,0.562,78.9,0.254,0.0196,1,5.16,373.0,-5.196,-1,1778967758
2615,tw,1773705600,30.76,9.6,0.385,79.3,0.507,0.0057,2,6.45,-80.0,-6.683,-1,1778967758
2615,tw,1773792000,31.32,10.33,0.392,79.9,0.757,0.0035,3,7.1,-146.0,-5.507,-1,1778967758
2615,tw,1773878400,44.04,10.21,0.551,78.5,-1.752,-0.0152,-1,7.74,69.0,-5.096,-1,1778967758
2615,tw,1773964800,33.56,11.58,0.419,79.0,0.637,0.3446,1,8.39,-101.0,-4.937,-1,1778967758
2615,tw,1774224000,40.65,9.8,0.508,74.8,-5.316,-0.0447,-1,8.39,703.0,4.545,1,1778967758
2615,tw,1774310400,30.1,11.07,0.376,74.0,-1.07,-0.0052,-2,8.39,-372.0,4.189,1,1778967758
2615,tw,1774396800,32.95,11.35,0.412,75.5,2.027,0.0106,1,7.74,-242.0,5.695,1,1778967758
2615,tw,1774483200,44.53,10.34,0.557,74.5,-1.325,-0.0027,-1,7.74,2.0,4.698,1,1778967758
2615,tw,1774569600,31.71,10.98,0.396,75.1,0.805,0.0062,1,7.74,-143.0,5.726,1,1778967758
2615,tw,1774828800,35.55,12.63,0.444,78.2,4.128,0.0445,2,8.39,-436.0,0.767,0,1778967758
2615,tw,1774915200,32.07,15.48,0.401,77.1,-1.407,0.0056,3,12.9,-74.0,1.556,0,1778967758
2615,tw,1775001600,37.57,17.6,0.47,79.8,3.502,0.0592,4,13.55,-604.0,-3.383,-1,1778967758
2615,tw,1775088000,31.82,16.51,0.398,78.0,-2.256,-0.0045,-1,14.19,-80.0,-1.923,0,1778967758
2615,tw,1775520000,35.77,17.09,0.447,79.4,1.795,0.0394,1,13.55,-443.0,-4.03,-1,1778967758
2615,tw,1775606400,48.95,18.25,0.612,78.8,-0.756,-0.0062,-1,15.48,269.0,-1.523,0,1778967758
2615,tw,1775692800,49.52,18.94,0.619,78.3,-0.635,0.0172,1,16.13,97.0,-1.788,0,1778967758
2615,tw,1775779200,48.78,19.31,0.61,77.1,-1.533,-0.0142,-1,16.77,91.0,-2.335,0,1778967758
2615,tw,1776038400,34.9,20.19,0.436,76.5,-0.778,-0.0058,-2,17.42,-11.0,-3.66,-1,1778967758
2615,tw,1776124800,50.33,20.3,0.629,76.2,-0.392,0.0015,1,17.42,68.0,-2.887,0,1778967758
2615,tw,1776211200,38.42,22.26,0.48,77.6,1.837,0.045,2,18.71,-241.0,-3.995,-1,1778967758
2615,tw,1776297600,50.83,22.08,0.635,76.9,-0.902,0.0116,3,19.35,162.0,-3.901,-1,1778967758
2615,tw,1776384000,49.56,21.73,0.619,75.3,-2.081,-0.0074,-1,19.35,601.0,-1.461,0,1778967758
2615,tw,1776643200,48.53,19.78,0.607,73.7,-2.125,-0.0113,-2,17.42,213.0,1.221,0,1778967758
2615,tw,1776729600,50.21,18.6,0.628,74.0,0.407,0.0119,1,15.48,187.0,1.351,0,1778967758
2615,tw,1776816000,35.18,18.04,0.44,74.5,0.676,0.0175,2,14.84,-59.0,1.611,0,1778967758
2615,tw,1776902400,33.33,16.95,0.417,73.9,-0.805,0.0083,3,14.19,-202.0,0.947,0,1778967758
2615,tw,1776988800,48.6,15.38,0.608,74.2,0.406,0.0137,4,12.26,37.0,1.887,0,1778967758
2615,tw,1777248000,43.81,15.42,0.548,74.6,0.539,0.0274,5,12.26,-209.0,3.217,1,1778967758
2615,tw,1777334400,58.38,14.77,0.73,75.0,0.536,0.0084,6,11.61,137.0,3.733,1,1778967758
2615,tw,1777420800,44.41,16.18,0.555,75.7,0.933,0.0051,7,12.9,-73.0,3.303,1,1778967758
2615,tw,1777507200,45.98,13.53,0.575,74.6,-1.453,-0.0096,-1,10.97,33.0,2.547,0,1778967758
2615,tw,1777852800,37.82,22.11,0.473,75.6,1.34,0.0243,1,18.71,-162.0,3.836,1,1778967758
2615,tw,1777939200,38.65,22.91,0.483,77.0,1.852,0.0238,2,19.35,-161.0,-0.13,0,1778967758
2615,tw,1778025600,37.89,22.66,0.474,77.8,1.039,0.0348,3,19.35,-112.0,-4.499,-1,1778967758
2615,tw,1778112000,52.33,22.5,0.654,78.2,0.514,0.0273,4,19.35,92.0,-4.348,-1,1778967758
2615,tw,1778198400,49.35,21.7,0.617,76.5,-2.174,-0.0311,-1,19.35,200.0,-3.007,-1,1778967758
2609,tw,1763424000,39.23,2.15,0.49,51.6,-2.825,0.0111,1,0.0,835.0,-0.581,0,1778967761
2609,tw,1763510400,27.14,2.94,0.339,51.5,-0.194,0.0669,2,0.0,-150.0,1.942,0,1778967761
2609,tw,1763596800,27.51,3.06,0.344,51.6,0.194,0.0627,3,0.0,-28.0,0.969,0,1778967761
2609,tw,1763683200,26.23,2.65,0.328,51.0,-1.163,0.0794,4,0.0,-296.0,1.961,0,1778967761
2609,tw,1763942400,40.27,3.76,0.503,52.3,2.549,0.1447,5,0.0,-372.0,0.191,0,1778967761
2609,tw,1764028800,50.23,2.43,0.628,51.3,-1.912,0.0276,6,0.0,284.0,1.365,0,1778967761
2609,tw,1764115200,56.05,6.2,0.701,52.5,2.339,0.093,7,2.5,107.0,-1.143,0,1778967761
2609,tw,1764201600,59.13,18.33,0.739,52.1,-0.762,0.0215,8,15.56,159.0,0.768,0,1778967761
2609,tw,1764288000,50.72,20.94,0.634,52.0,-0.192,-0.0177,-1,18.0,128.0,-0.577,0,1778967761
2609,tw,1764547200,36.87,21.41,0.461,52.4,0.769,0.0022,1,18.18,-19.0,-2.29,0,1778967761
2609,tw,1764633600,50.22,21.1,0.628,52.0,-0.763,-0.0354,-1,18.33,159.0,-3.077,-1,1778967761
2609,tw,1764720000,50.94,21.4,0.637,51.9,-0.192,-0.0198,-2,18.46,178.0,-2.505,0,1778967761
2609,tw,1764806400,52.45,21.92,0.656,52.5,1.156,0.0014,1,18.57,219.0,-3.429,-1,1778967761
2609,tw,1764892800,49.51,21.21,0.619,51.7,-1.524,-0.0607,-1,18.67,485.0,-1.741,0,1778967761
2609,tw,1765152000,49.7,20.21,0.621,51.2,-0.967,-0.0176,-2,17.5,48.0,0.195,0,1778967761
2609,tw,1765238400,47.41,17.82,0.593,50.4,-1.563,-0.134,-3,15.29,879.0,2.183,0,1778967761
2609,tw,1765324800,50.68,19.79,0.634,50.6,0.397,-0.0103,-4,16.67,37.0,1.976,0,1778967761
2609,tw,1765411200,51.58,22.01,0.645,50.7,0.198,-0.0183,-5,18.95,97.0,0.0,0,1778967761
2609,tw,1765497600,51.72,22.06,0.647,50.8,0.197,0.0047,1,19.0,103.0,2.953,0,1778967761
2609,tw,1765756800,37.59,22.35,0.47,51.3,0.984,0.0159,2,19.05,-675.0,2.729,0,1778967761
2609,tw,1765843200,36.56,21.3,0.457,51.5,0.39,0.016,3,18.18,-206.0,2.524,0,1778967761
2609,tw,1765929600,51.45,21.32,0.643,51.6,0.194,0.0252,4,18.26,74.0,7.171,1,1778967761
2609,tw,1766016000,48.41,19.15,0.605,50.7,-1.744,-0.0355,-1,16.67,370.0,10.651,1,1778967761
2609,tw,1766102400,40.19,19.95,0.502,52.3,3.156,0.4066,1,16.0,-584.0,8.222,1,1778967761
2609,tw,1766361600,35.57,18.61,0.445,52.7,0.765,0.0225,2,15.38,-64.0,6.831,1,1778967761
2609,tw,1766448000,34.35,17.13,0.429,52.8,0.19,0.0252,3,14.07,-560.0,5.492,1,1778967761
2609,tw,1766534400,37.69,13.71,0.471,55.3,4.735,0.262,4,9.29,-2521.0,1.266,0,1778967761
2609,tw,1766707200,42.53,10.33,0.532,56.1,1.447,0.1261,5,6.9,-901.0,-2.139,0,1778967761
2609,tw,1766966400,40.57,7.94,0.507,56.6,0.891,0.0689,6,4.67,-646.0,-1.943,0,1778967761
2609,tw,1767052800,38.31,6.07,0.479,56.3,-0.53,0.0441,7,3.23,-265.0,2.309,0,1778967761
2609,tw,1767139200,37.37,5.26,0.467,55.7,-1.066,0.0297,8,2.58,-231.0,1.077,0,1778967761
2609,tw,1767312000,43.18,4.45,0.54,56.0,0.539,-0.0017,-1,1.29,210.0,0.357,0,1778967761
2609,tw,1767571200,25.48,3.06,0.318,54.9,-1.964,0.0234,1,0.65,-120.0,2.186,0,1778967761
2609,tw,1767657600,28.27,3.33,0.353,55.5,1.093,0.0349,2,0.0,-117.0,-0.18,0,1778967761
2609,tw,1767744000,31.75,4.14,0.397,57.6,3.784,0.1923,3,0.0,-1003.0,-3.819,-1,1778967761
2609,tw,1767830400,39.94,2.97,0.499,56.3,-2.257,-0.0266,-1,0.65,682.0,-1.421,0,1778967761
2609,tw,1767916800,27.58,4.24,0.345,56.2,-0.178,0.0219,1,1.29,-160.0,-3.025,-1,1778967761
2609,tw,1768176000,43.73,6.82,0.547,56.1,-0.178,-0.0058,-1,3.87,83.0,-3.743,-1,1778967761
2609,tw,1768262400,43.35,7.79,0.542,55.4,-1.248,0.0041,1,5.16,219.0,-0.542,0,1778967761
2609,tw,1768348800,45.24,9.45,0.565,55.4,0.0,0.0029,2,6.45,63.0,-0.361,0,1778967761
2609,tw,1768435200,46.04,10.79,0.576,55.5,0.181,-0.0021,-1,7.74,66.0,0.0,0,1778967761
2609,tw,1768521600,43.86,10.85,0.548,54.5,-1.802,-0.1071,-2,8.39,333.0,-0.367,0,1778967761
2609,tw,1768780800,46.36,12.4,0.58,54.0,-0.917,0.0875,1,9.68,52.0,0.556,0,1778967761
2609,tw,1768867200,49.44,13.93,0.618,55.1,2.037,0.0489,2,10.32,274.0,-2.178,0,1778967761
2609,tw,1768953600,33.46,15.31,0.418,55.2,0.181,0.0303,3,12.26,-428.0,-0.725,0,1778967761
2609,tw,1769040000,35.16,18.0,0.44,55.5,0.543,0.0397,4,14.84,-222.0,-1.441,0,1778967761
2609,tw,1769126400,46.08,15.9,0.576,54.3,-2.162,-0.1059,-1,13.55,358.0,-1.657,0,1778967761
2609,tw,1769385600,33.51,15.9,0.419,54.3,0.0,0.0114,1,12.9,-53.0,-3.683,-1,1778967761
2609,tw,1769472000,32.43,15.04,0.405,53.9,-0.737,0.0066,2,12.26,-54.0,-2.783,0,1778967761
2609,tw,1769558400,35.4,16.4,0.443,54.8,1.67,0.0562,3,12.9,-65.0,-3.65,-1,1778967761
2609,tw,1769644800,33.45,15.85,0.418,54.7,-0.182,0.0372,4,12.9,-132.0,-3.473,-1,1778967761
2609,tw,1769731200,30.59,14.55,0.382,53.4,-2.377,-0.0335,-1,12.26,-5.0,-2.247,0,1778967761
2609,tw,1769990400,30.77,13.99,0.385,52.3,-2.06,0.0049,1,11.61,-202.0,-0.191,0,1778967761
2609,tw,1770076800,32.42,13.38,0.405,52.4,0.191,0.0141,2,10.32,-285.0,0.763,0,1778967761
2609,tw,1770163200,33.37,14.2,0.417,52.8,0.763,0.0243,3,10.97,-331.0,0.947,0,1778967761
2609,tw,1770249600,32.89,14.61,0.411,52.8,0.0,0.018,4,11.61,-207.0,5.114,1,1778967761
2609,tw,1770336000,31.31,13.63,0.391,52.2,-1.136,-0.008,-1,10.97,-433.0,7.088,1,1778967761
2609,tw,1770595200,32.5,13.97,0.406,52.2,0.0,0.0024,1,10.97,-65.0,7.854,1,1778967761
2609,tw,1770681600,34.06,14.95,0.426,52.8,1.149,0.0215,2,11.61,-186.0,8.712,1,1778967761
2609,tw,1770768000,34.9,16.83,0.436,53.3,0.947,0.0365,3,13.55,-550.0,12.57,1,1778967761
2609,tw,1771804800,38.71,17.14,0.484,55.5,4.128,0.2258,4,12.9,-798.0,18.919,1,1778967761
2609,tw,1771891200,42.24,11.61,0.528,55.9,0.721,0.0649,5,8.39,-244.0,13.775,1,1778967761
2609,tw,1771977600,41.73,10.31,0.522,56.3,0.716,0.0922,6,7.1,-245.0,6.572,1,1778967761
2609,tw,1772064000,42.69,9.4,0.534,57.4,1.954,0.1654,7,5.81,-773.0,5.749,1,1778967761
2609,tw,1772409600,47.79,7.59,0.597,60.0,4.53,-0.0712,-1,3.23,1981.0,2.667,0,1778967761
2609,tw,1772496000,54.25,6.0,0.678,66.0,10.0,0.4503,1,0.0,3299.0,-9.091,-1,1778967761
2609,tw,1772582400,21.84,1.91,0.273,63.6,-3.636,-0.3056,-1,0.0,-18.0,-4.245,-1,1778967761
2609,tw,1772668800,35.89,1.3,0.449,60.0,-5.66,-0.0907,-2,0.0,303.0,3.5,1,1778967761
2609,tw,1772755200,42.98,3.35,0.537,60.7,1.167,-0.0368,-3,0.0,418.0,-2.471,0,1778967761
2609,tw,1773014400,42.66,3.44,0.533,61.6,1.483,-0.1653,-4,0.0,1441.0,-3.734,-1,1778967761
2609,tw,1773100800,24.42,2.22,0.305,60.0,-2.597,0.0039,1,0.0,-226.0,-2.5,0,1778967761
2609,tw,1773187200,29.11,3.45,0.364,60.9,1.5,0.1214,2,0.0,-696.0,-4.269,-1,1778967761
2609,tw,1773273600,30.1,4.88,0.376,62.1,1.97,0.0963,3,1.29,-774.0,-9.018,-1,1778967761
2609,tw,1773360000,38.32,4.83,0.479,59.2,-4.67,-0.1251,-1,3.23,521.0,-5.236,-1,1778967761
2609,tw,1773619200,44.3,7.57,0.554,59.3,0.169,-0.0256,-2,4.52,814.0,-10.961,-1,1778967761
2609,tw,1773705600,43.37,8.41,0.542,58.5,-1.349,-0.0382,-3,5.81,27.0,-10.427,-1,1778967761
2609,tw,1773792000,29.82,9.35,0.373,58.3,-0.342,-0.0126,-4,6.45,-688.0,-7.89,-1,1778967761
2609,tw,1773878400,42.37,9.81,0.53,56.5,-3.087,-0.082,-5,7.74,393.0,-6.903,-1,1778967761
2609,tw,1773964800,30.42,11.18,0.38,56.1,-0.708,-0.0129,-6,8.39,-160.0,-6.595,-1,1778967761
2609,tw,1774224000,25.02,9.63,0.313,52.8,-5.882,-0.0587,-7,8.39,-102.0,0.379,0,1778967761
2609,tw,1774310400,29.88,10.51,0.374,52.4,-0.758,-0.0463,-8,7.74,-370.0,-0.763,0,1778967761
2609,tw,1774396800,33.44,11.48,0.418,53.7,2.481,0.017,1,7.74,-357.0,-1.862,0,1778967761
2609,tw,1774483200,28.04,8.84,0.351,52.6,-2.048,-0.0273,-1,6.45,-105.0,-0.951,0,1778967761
2609,tw,1774569600,44.4,8.7,0.555,52.4,-0.38,-0.0252,-2,5.81,252.0,-1.336,0,1778967761
2609,tw,1774828800,45.3,7.86,0.566,53.0,1.145,-0.0201,-3,4.52,462.0,-2.453,0,1778967761
2609,tw,1774915200,28.45,9.53,0.356,52.0,-1.887,-0.0433,-4,7.1,-203.0,-1.346,0,1778967761
2609,tw,1775001600,32.58,11.79,0.407,52.7,1.346,0.0075,1,8.39,-11.0,-2.657,0,1778967761
2609,tw,1775088000,29.7,10.4,0.371,52.1,-1.139,-0.0072,-1,7.74,-211.0,-2.879,0,1778967761
2609,tw,1775520000,44.8,10.51,0.56,51.7,-0.768,-0.0597,-2,7.74,294.0,-2.515,0,1778967761
2609,tw,1775606400,46.73,13.32,0.584,51.7,0.0,-0.0851,-3,10.32,615.0,-0.387,0,1778967761
2609,tw,1775692800,46.58,13.74,0.582,51.3,-0.774,-0.0258,-4,10.97,172.0,-0.585,0,1778967761
2609,tw,1775779200,33.27,15.9,0.416,51.3,0.0,-0.0354,-5,12.9,-77.0,-1.17,0,1778967761
2609,tw,1776038400,48.35,18.72,0.604,50.6,-1.365,-0.0705,-6,16.13,370.0,-0.988,0,1778967761
2609,tw,1776124800,50.38,20.94,0.63,50.4,-0.395,-0.0509,-7,18.06,63.0,0.595,0,1778967761
2609,tw,1776211200,53.49,22.36,0.669,51.5,2.183,-0.0096,-8,18.71,97.0,-1.942,0,1778967761
2609,tw,1776297600,50.48,22.06,0.631,51.0,-0.971,-0.044,-9,19.35,462.0,-1.765,0,1778967761
2609,tw,1776384000,35.87,22.17,0.448,50.7,-0.588,-0.0436,-10,19.35,-39.0,-1.183,0,1778967761
2609,tw,1776643200,35.24,21.99,0.44,50.1,-1.183,-0.051,-11,19.35,-336.0,-1.497,0,1778967761
2609,tw,1776729600,52.88,22.71,0.661,50.7,1.198,0.0008,1,19.35,23.0,-2.367,0,1778967761
2609,tw,1776816000,50.97,21.59,0.637,50.5,-0.394,0.0012,2,18.71,209.0,-2.277,0,1778967761
2609,tw,1776902400,49.92,20.82,0.624,50.1,-0.792,-0.0639,-1,18.06,285.0,-1.896,0,1778967761
2609,tw,1776988800,36.69,22.35,0.459,50.1,0.0,0.0032,1,19.35,-513.0,-0.299,0,1778967761
2609,tw,1777248000,34.11,19.97,0.426,49.35,-1.497,-0.0206,-1,17.42,-179.0,1.52,0,1778967761
2609,tw,1777334400,50.65,19.86,0.633,49.5,0.304,-0.0086,-2,16.77,371.0,2.222,0,1778967761
2609,tw,1777420800,50.9,21.62,0.636,49.35,-0.303,-0.0308,-3,18.71,212.0,2.736,0,1778967761
2609,tw,1777507200,34.56,19.01,0.432,49.15,-0.405,-0.0197,-4,16.13,-157.0,1.526,0,1778967761
2609,tw,1777852800,38.51,22.84,0.481,49.95,1.628,0.041,1,19.35,-17.0,1.702,0,1778967761
2609,tw,1777939200,51.96,22.44,0.649,50.1,0.3,-0.0039,-1,19.35,144.0,0.0,0,1778967761
2609,tw,1778025600,52.75,22.65,0.659,50.6,0.998,0.015,1,19.35,19.0,-2.668,0,1778967761
2609,tw,1778112000,36.95,22.41,0.462,50.7,0.198,0.0147,2,19.35,-309.0,-4.142,-1,1778967761
2609,tw,1778198400,49.66,21.88,0.621,49.9,-1.578,-0.0877,-1,19.35,560.0,-3.707,-1,1778967761
2610,tw,1763424000,25.25,2.69,0.316,18.95,-1.044,-0.1421,-9,0.0,-1545.0,1.319,0,1778967764
2610,tw,1763510400,26.97,3.16,0.337,19.05,0.528,-0.1117,-10,0.0,-159.0,1.575,0,1778967764
2610,tw,1763596800,50.06,18.31,0.626,19.25,1.05,-0.0974,-11,15.0,324.0,0.26,0,1778967764
2610,tw,1763683200,33.45,18.69,0.418,19.05,-1.039,-0.1026,-12,16.0,-26.0,0.787,0,1778967764
2610,tw,1763942400,49.35,19.59,0.617,19.0,-0.262,-0.1448,-13,16.67,526.0,0.263,0,1778967764
2610,tw,1764028800,36.25,20.46,0.453,19.2,1.053,-0.0742,-14,17.14,-33.0,-1.563,0,1778967764
2610,tw,1764115200,51.12,20.73,0.639,19.35,0.781,-0.0815,-15,17.5,815.0,-2.842,0,1778967764
2610,tw,1764201600,50.27,20.7,0.628,19.3,-0.258,-0.0724,-16,17.78,45.0,-2.073,0,1778967764
2610,tw,1764288000,50.34,20.84,0.629,19.2,-0.518,-0.0286,-17,18.0,537.0,-2.344,0,1778967764
2610,tw,1764547200,49.77,20.95,0.622,19.05,-0.781,-0.1083,-18,18.18,876.0,-1.837,0,1778967764
2610,tw,1764633600,32.63,17.76,0.408,18.9,-0.787,-0.2171,-19,15.0,-135.0,-1.587,0,1778967764
2610,tw,1764720000,34.76,21.3,0.434,18.8,-0.529,-0.1885,-20,18.46,-821.0,0.532,0,1778967764
2610,tw,1764806400,36.46,21.73,0.456,18.9,0.532,-0.0708,-20,18.57,-133.0,2.646,0,1778967764
2610,tw,1764892800,34.68,21.43,0.433,18.75,-0.794,-0.1724,-20,18.67,-670.0,3.733,1,1778967764
2610,tw,1765152000,49.99,20.42,0.625,18.7,-0.267,-0.0981,-20,17.5,312.0,5.882,1,1778967764
2610,tw,1765238400,48.92,19.31,0.611,18.6,-0.535,-0.1564,-20,16.47,940.0,5.108,1,1778967764
2610,tw,1765324800,37.76,22.37,0.472,18.9,1.613,-0.0586,-20,18.89,-70.0,3.968,1,1778967764
2610,tw,1765411200,39.3,22.74,0.491,19.4,2.646,0.035,1,18.95,-1786.0,1.031,0,1778967764
2610,tw,1765497600,36.31,21.08,0.454,19.45,0.258,0.0099,2,18.0,-781.0,2.057,0,1778967764
2610,tw,1765756800,37.51,19.73,0.469,19.8,1.799,0.1223,3,16.19,-42.0,0.758,0,1778967764
2610,tw,1765843200,47.77,17.17,0.597,19.55,-1.263,-0.0483,-1,14.55,700.0,1.79,0,1778967764
2610,tw,1765929600,48.19,14.45,0.602,19.65,0.512,0.0049,1,11.3,319.0,1.272,0,1778967764
2610,tw,1766016000,31.42,12.09,0.393,19.6,-0.254,0.0185,2,9.17,-43.0,2.296,0,1778967764
2610,tw,1766102400,46.88,9.78,0.586,19.85,1.276,0.0815,3,6.4,331.0,3.526,1,1778967764
2610,tw,1766361600,44.52,7.0,0.556,19.95,0.504,0.0175,4,3.85,217.0,1.253,0,1778967764
2610,tw,1766448000,53.31,5.88,0.666,19.9,-0.251,0.0163,5,2.96,270.0,1.508,0,1778967764
2610,tw,1766534400,38.56,5.86,0.482,19.9,0.0,0.026,6,2.86,-125.0,1.759,0,1778967764
2610,tw,1766707200,39.29,5.3,0.491,20.05,0.754,0.0997,7,2.07,-96.0,1.995,0,1778967764
2610,tw,1766966400,40.46,3.75,0.506,20.55,2.494,0.1938,8,0.0,-147.0,-0.243,0,1778967764
2610,tw,1767052800,25.16,2.49,0.315,20.2,-1.703,-0.027,-1,0.0,-313.0,2.723,0,1778967764
2610,tw,1767139200,27.32,3.0,0.342,20.2,0.0,0.0646,1,0.0,-254.0,0.99,0,1778967764
2610,tw,1767312000,28.08,4.36,0.351,20.25,0.248,0.0379,2,1.29,-265.0,0.988,0,1778967764
2610,tw,1767571200,44.21,4.59,0.553,20.45,0.988,0.1152,3,1.29,808.0,1.467,0,1778967764
2610,tw,1767657600,44.18,6.3,0.552,20.5,0.244,0.0636,4,3.23,214.0,-0.732,0,1778967764
2610,tw,1767744000,40.81,7.24,0.51,20.75,1.22,0.132,5,3.87,-447.0,2.169,0,1778967764
2610,tw,1767830400,42.95,8.3,0.537,20.4,-1.687,-0.0538,-1,5.81,533.0,4.657,1,1778967764
2610,tw,1767916800,46.34,11.46,0.579,20.45,0.245,-0.0198,-2,8.39,575.0,5.134,1,1778967764
2610,tw,1768176000,47.91,11.83,0.599,20.75,1.467,0.0487,1,8.39,294.0,3.373,1,1778967764
2610,tw,1768262400,45.2,13.39,0.565,20.35,-1.928,-0.0718,-1,10.97,371.0,7.617,1,1778967764
2610,tw,1768348800,37.73,11.99,0.472,21.2,4.177,0.5361,1,7.74,-2290.0,4.953,1,1778967764
2610,tw,1768435200,46.35,9.66,0.579,21.35,0.708,0.0831,2,6.45,1151.0,6.323,1,1778967764
2610,tw,1768521600,45.8,8.37,0.572,21.5,0.703,0.103,3,5.16,100.0,3.953,1,1778967764
2610,tw,1768780800,29.42,7.45,0.368,21.45,-0.233,0.0788,4,4.52,-1385.0,4.895,1,1778967764
2610,tw,1768867200,41.96,6.86,0.525,21.9,2.098,0.2503,5,3.23,-140.0,4.566,1,1778967764
2610,tw,1768953600,39.63,3.48,0.495,22.25,1.598,0.206,6,0.0,-826.0,1.124,0,1778967764
2610,tw,1769040000,54.76,3.61,0.685,22.7,2.022,0.148,7,0.0,293.0,-1.762,0,1778967764
2610,tw,1769126400,40.28,2.54,0.504,22.35,-1.542,-0.0348,-1,0.0,563.0,-0.671,0,1778967764
2610,tw,1769385600,28.25,3.2,0.353,22.5,0.671,0.1157,1,0.0,-618.0,-2.444,0,1778967764
2610,tw,1769472000,30.26,3.53,0.378,22.9,1.778,0.2962,2,0.0,-2158.0,-2.62,0,1778967764
2610,tw,1769558400,40.4,2.48,0.505,22.5,-1.747,0.0288,3,0.0,10.0,0.667,0,1778967764
2610,tw,1769644800,27.23,4.02,0.34,22.3,-0.889,0.0953,4,1.29,-199.0,2.018,0,1778967764
2610,tw,1769731200,37.96,4.81,0.475,22.2,-0.448,0.0886,5,1.94,-1967.0,2.027,0,1778967764
2610,tw,1769990400,37.66,5.89,0.471,21.95,-1.126,0.0336,6,3.23,-398.0,3.872,1,1778967764
2610,tw,1770076800,41.36,8.0,0.517,22.3,1.595,0.1011,7,4.52,-335.0,2.915,0,1778967764
2610,tw,1770163200,41.6,8.63,0.52,22.65,1.57,0.0907,8,5.16,-159.0,0.221,0,1778967764
2610,tw,1770249600,56.19,9.58,0.702,22.75,0.442,0.1055,9,6.45,293.0,-3.516,-1,1778967764
2610,tw,1770336000,55.68,10.61,0.696,22.65,-0.44,0.0494,10,7.74,60.0,-5.96,-1,1778967764
2610,tw,1770595200,42.33,11.59,0.529,22.8,0.662,0.0948,11,8.39,-444.0,-7.456,-1,1778967764
2610,tw,1770681600,61.67,18.68,0.771,22.95,0.658,0.2547,12,15.48,3237.0,-8.497,-1,1778967764
2610,tw,1770768000,44.75,19.44,0.559,22.7,-1.089,0.0899,13,16.77,-75.0,-12.555,-1,1778967764
2610,tw,1771804800,47.22,20.72,0.59,21.95,-3.304,-0.1668,-1,18.71,652.0,-12.301,-1,1778967764
2610,tw,1771891200,47.47,18.88,0.593,21.3,-2.961,0.0086,1,16.77,1518.0,-12.676,-1,1778967764
2610,tw,1771977600,48.43,17.56,0.605,21.1,-0.939,-0.0092,-1,14.84,1054.0,-10.427,-1,1778967764
2610,tw,1772064000,46.87,13.83,0.586,21.0,-0.474,-0.0274,-2,10.97,1114.0,-10.0,-1,1778967764
2610,tw,1772409600,23.16,7.81,0.289,19.85,-5.476,-0.3186,-3,6.45,-5050.0,-8.06,-1,1778967764
2610,tw,1772496000,37.74,2.09,0.472,19.25,-3.023,-0.2466,-4,0.0,507.0,-4.675,-1,1778967764
2610,tw,1772582400,37.0,1.99,0.463,18.6,-3.377,-0.324,-5,0.0,659.0,2.151,0,1778967764
2610,tw,1772668800,42.53,3.48,0.532,18.9,1.613,-0.2161,-6,0.0,545.0,0.0,0,1778967764
2610,tw,1772755200,41.28,3.0,0.516,18.9,0.0,-0.1436,-7,0.0,480.0,-2.116,0,1778967764
2610,tw,1773014400,22.94,1.97,0.287,18.25,-3.439,-0.1237,-8,0.0,-104.0,2.466,0,1778967764
2610,tw,1773100800,26.99,3.16,0.337,18.35,0.548,-0.1108,-9,0.0,-31.0,3.542,1,1778967764
2610,tw,1773187200,45.03,4.06,0.563,19.0,3.542,-0.1034,-10,0.0,332.0,-0.263,0,1778967764
2610,tw,1773273600,25.8,2.84,0.323,18.9,-0.526,-0.1346,-11,0.0,-219.0,-1.058,0,1778967764
2610,tw,1773360000,38.79,2.37,0.485,18.5,-2.116,-0.219,-12,0.0,872.0,1.892,0,1778967764
2610,tw,1773619200,43.2,3.97,0.54,18.7,1.081,-0.0412,-13,0.65,469.0,-0.802,0,1778967764
2610,tw,1773705600,44.83,5.42,0.56,19.0,1.604,0.0506,1,1.94,17.0,-1.316,0,1778967764
2610,tw,1773792000,43.44,6.79,0.543,18.95,-0.263,-0.0467,-1,3.87,262.0,0.0,0,1778967764
2610,tw,1773878400,42.95,7.76,0.537,18.7,-1.319,-0.0614,-2,5.16,629.0,0.267,0,1778967764
2610,tw,1773964800,45.97,9.69,0.575,18.85,0.802,-0.0123,-3,6.45,10.0,-1.061,0,1778967764
2610,tw,1774224000,29.62,10.91,0.37,18.55,-1.592,0.0032,1,8.39,-314.0,-1.078,0,1778967764
2610,tw,1774310400,47.78,12.35,0.597,18.75,1.078,0.0378,2,9.03,78.0,-4.533,-1,1778967764
2610,tw,1774396800,48.47,14.29,0.606,18.95,1.067,-0.0172,-1,10.97,262.0,-2.902,0,1778967764
2610,tw,1774483200,33.17,17.52,0.415,18.75,-1.055,-0.0383,-2,14.84,-99.0,-2.933,0,1778967764
2610,tw,1774569600,50.89,22.19,0.636,18.65,-0.533,-0.0502,-3,19.35,225.0,-2.413,0,1778967764
2610,tw,1774828800,49.79,21.87,0.622,18.35,-1.609,-0.0561,-4,19.35,66.0,1.09,0,1778967764
2610,tw,1774915200,33.12,20.97,0.414,17.9,-2.452,-0.157,-5,18.71,-782.0,1.397,0,1778967764
2610,tw,1775001600,39.0,21.9,0.488,18.4,2.793,0.0354,1,18.06,-209.0,-1.63,0,1778967764
2610,tw,1775088000,34.51,20.09,0.431,18.2,-1.087,-0.0221,-1,17.42,-208.0,-0.275,0,1778967764
2610,tw,1775520000,50.16,19.77,0.627,18.2,0.0,-0.0454,-2,16.77,225.0,0.275,0,1778967764
2610,tw,1775606400,52.58,21.0,0.657,18.55,1.923,-0.0102,-3,17.42,327.0,-1.617,0,1778967764
2610,tw,1775692800,46.7,17.83,0.584,18.15,-2.156,-0.176,-4,15.48,715.0,1.102,0,1778967764
2610,tw,1775779200,48.59,17.76,0.607,18.1,-0.275,-0.111,-5,14.84,217.0,1.105,0,1778967764
2610,tw,1776038400,48.72,17.27,0.609,18.15,0.276,-0.1303,-6,14.19,358.0,-0.275,0,1778967764
2610,tw,1776124800,34.28,16.72,0.429,18.25,0.551,-0.0085,-7,13.55,-525.0,-0.274,0,1778967764
2610,tw,1776211200,48.2,15.9,0.602,18.25,0.0,-0.0509,-8,12.9,252.0,-0.548,0,1778967764
2610,tw,1776297600,35.54,19.29,0.444,18.35,0.548,-0.0149,-9,16.13,-286.0,-2.452,0,1778967764
2610,tw,1776384000,50.97,21.63,0.637,18.3,-0.272,-0.0226,-10,18.71,150.0,-2.459,0,1778967764
2610,tw,1776643200,49.35,20.73,0.617,18.1,-1.093,-0.1171,-11,18.06,241.0,-1.657,0,1778967764
2610,tw,1776729600,36.96,21.88,0.462,18.2,0.552,0.0114,1,18.71,-789.0,-0.824,0,1778967764
2610,tw,1776816000,50.94,21.63,0.637,18.15,-0.275,-0.0282,-1,18.71,209.0,0.0,0,1778967764
2610,tw,1776902400,34.03,21.3,0.425,17.9,-1.377,-0.1902,-2,18.71,-166.0,0.0,0,1778967764
2610,tw,1776988800,51.0,22.27,0.638,17.85,-0.279,-0.0786,-3,19.35,435.0,0.84,0,1778967764
2610,tw,1777248000,51.33,22.27,0.642,17.8,-0.28,-0.0138,-4,19.35,473.0,1.404,0,1778967764
2610,tw,1777334400,52.81,22.77,0.66,18.05,1.404,-0.0539,-5,19.35,88.0,-0.554,0,1778967764
2610,tw,1777420800,37.01,22.52,0.463,18.15,0.554,-0.044,-6,19.35,-81.0,2.479,0,1778967764
2610,tw,1777507200,49.41,21.3,0.618,17.9,-1.377,-0.1142,-7,18.71,1137.0,3.631,1,1778967764
2610,tw,1777852800,52.4,22.52,0.655,18.0,0.559,0.0329,1,19.35,193.0,6.389,1,1778967764
2610,tw,1777939200,36.54,21.79,0.457,18.05,0.278,-0.0183,-1,18.71,-179.0,4.432,1,1778967764
2610,tw,1778025600,35.1,20.89,0.439,17.95,-0.554,-0.075,-2,18.06,-243.0,4.457,1,1778967764
2610,tw,1778112000,54.05,20.22,0.676,18.6,3.621,0.0729,1,16.13,1165.0,-0.269,0,1778967764
2610,tw,1778198400,49.25,17.76,0.616,18.55,-0.269,0.0196,2,14.84,311.0,-0.27,0,1778967764
9910,tw,1763424000,45.44,12.53,0.568,126.0,-1.562,0.0,4,10.0,8.0,0.0,0,1778967766
9910,tw,1763510400,42.33,10.27,0.529,128.5,1.984,0.0012,5,6.67,-23.0,0.389,0,1778967766
9910,tw,1763596800,47.16,17.3,0.589,125.5,-2.335,-0.0016,-1,15.0,20.0,2.789,0,1778967766
9910,tw,1763683200,35.81,19.24,0.448,126.5,0.797,0.0018,1,16.0,-21.0,1.976,0,1778967766
9910,tw,1763942400,36.45,17.16,0.456,130.0,2.767,0.003,2,13.33,-66.0,-1.923,0,1778967766
9910,tw,1764028800,29.64,13.51,0.37,126.0,-3.077,-0.0001,-1,11.43,-7.0,2.778,0,1778967766
9910,tw,1764115200,34.39,13.71,0.43,129.0,2.381,0.0021,1,10.0,-174.0,-0.388,0,1778967766
9910,tw,1764201600,46.45,11.89,0.581,129.0,0.0,0.0004,2,8.89,5.0,0.0,0,1778967766
9910,tw,1764288000,31.0,11.0,0.387,129.0,0.0,-0.0008,-1,8.0,-2.0,-3.488,-1,1778967766
9910,tw,1764547200,45.38,11.74,0.567,127.5,-1.163,-0.0006,-2,9.09,6.0,-2.745,0,1778967766
9910,tw,1764633600,34.41,15.14,0.43,129.5,1.569,0.0006,1,11.67,-6.0,-5.019,-1,1778967766
9910,tw,1764720000,32.38,15.08,0.405,128.5,-0.772,-0.0,-1,12.31,-9.0,-4.28,-1,1778967766
9910,tw,1764806400,50.96,20.26,0.637,129.0,0.389,0.0001,1,17.14,5.0,-7.364,-1,1778967766
9910,tw,1764892800,47.83,20.62,0.598,124.5,-3.488,-0.0027,-1,18.67,13.0,-1.205,0,1778967766
9910,tw,1765152000,42.96,21.63,0.537,124.0,-0.402,-0.002,-2,18.75,0.0,-2.016,0,1778967766
9910,tw,1765238400,50.6,21.58,0.632,123.0,-0.806,-0.0013,-3,18.82,2.0,-2.033,0,1778967766
9910,tw,1765324800,43.44,21.89,0.543,123.0,0.0,-0.0012,-4,18.89,0.0,-2.033,0,1778967766
9910,tw,1765411200,45.98,15.83,0.575,119.5,-2.846,-0.0036,-5,13.68,10.0,1.255,0,1778967766
9910,tw,1765497600,49.92,13.88,0.624,123.0,2.929,-0.0009,-6,10.0,270.0,-2.439,0,1778967766
9910,tw,1765756800,34.69,6.44,0.434,121.5,-1.22,0.0,1,3.81,0.0,-2.469,0,1778967766
9910,tw,1765843200,42.54,5.48,0.532,120.5,-0.823,-0.0001,-1,2.73,2.0,-4.564,-1,1778967766
9910,tw,1765929600,27.43,3.87,0.343,120.5,0.0,-0.0002,-2,0.87,-32.0,-6.224,-1,1778967766
9910,tw,1766016000,42.82,3.95,0.535,121.0,0.415,-0.0015,-3,0.83,3.0,-8.264,-1,1778967766
9910,tw,1766102400,26.57,3.55,0.332,120.0,-0.826,-0.0012,-4,0.8,-2.0,-7.5,-1,1778967766
9910,tw,1766361600,41.12,3.4,0.514,118.5,-1.25,-0.0032,-5,0.77,8.0,-2.11,0,1778967766
9910,tw,1766448000,39.02,2.11,0.488,115.0,-2.954,-0.0045,-6,0.0,14.0,1.304,0,1778967766
9910,tw,1766534400,40.24,2.48,0.503,113.0,-1.739,-0.0041,-7,0.0,9.0,-0.442,0,1778967766
9910,tw,1766707200,40.21,2.47,0.503,111.0,-1.77,-0.003,-8,0.0,19.0,-3.153,-1,1778967766
9910,tw,1766966400,41.99,3.0,0.525,111.0,0.0,-0.0019,-9,0.0,5.0,-4.054,-1,1778967766
9910,tw,1767052800,31.77,5.0,0.397,116.0,4.505,-0.0116,-10,0.65,-5.0,-8.19,-1,1778967766
9910,tw,1767139200,43.35,5.07,0.542,116.5,0.431,-0.0094,-11,1.94,22.0,-4.292,-1,1778967766
9910,tw,1767312000,39.83,4.55,0.498,112.5,-3.433,-0.0062,-12,2.58,67.0,-4.889,-1,1778967766
9910,tw,1767571200,38.5,3.61,0.481,107.5,-4.444,-0.0051,-13,1.94,85.0,-3.256,-1,1778967766
9910,tw,1767657600,41.06,2.72,0.513,106.5,-0.93,-0.0015,-14,0.0,23.0,-2.347,0,1778967766
9910,tw,1767744000,41.99,3.0,0.525,106.5,0.0,-0.0013,-15,0.0,34.0,0.939,0,1778967766
9910,tw,1767830400,32.06,5.06,0.401,111.5,4.695,0.0074,1,0.65,-33.0,-4.484,-1,1778967766
9910,tw,1767916800,38.27,2.44,0.478,107.0,-4.036,-0.0039,-1,0.65,72.0,-2.804,0,1778967766
9910,tw,1768176000,39.19,2.16,0.49,104.0,-2.804,-0.0022,-2,0.0,13.0,-2.404,0,1778967766
9910,tw,1768262400,41.99,3.0,0.525,104.0,0.0,-0.0013,-3,0.0,3.0,-3.846,-1,1778967766
9910,tw,1768348800,31.03,5.3,0.388,107.5,3.365,0.0036,1,1.29,-15.0,-7.163,-1,1778967766
9910,tw,1768435200,42.03,4.66,0.525,106.5,-0.93,-0.0026,-1,1.94,11.0,-6.573,-1,1778967766
9910,tw,1768521600,40.92,4.88,0.512,104.0,-2.347,-0.004,-2,2.58,27.0,-5.0,-1,1778967766
9910,tw,1768780800,26.89,6.8,0.336,101.5,-2.404,0.0066,1,4.52,-16.0,-5.419,-1,1778967766
9910,tw,1768867200,43.12,7.72,0.539,100.0,-1.478,0.0043,2,5.16,62.0,-3.1,-1,1778967766
9910,tw,1768953600,45.07,9.39,0.563,99.8,-0.2,0.0086,3,6.45,9.0,-5.311,-1,1778967766
9910,tw,1769040000,44.31,8.07,0.554,99.5,-0.301,0.0055,4,5.16,49.0,-5.93,-1,1778967766
9910,tw,1769126400,42.58,5.37,0.532,98.8,-0.704,-0.0013,-1,2.58,4.0,-2.632,0,1778967766
9910,tw,1769385600,39.14,2.15,0.489,96.0,-2.834,-0.0057,-2,0.0,18.0,-3.021,-1,1778967766
9910,tw,1769472000,27.98,3.28,0.35,96.9,0.938,0.0087,1,0.0,-30.0,-4.231,-1,1778967766
9910,tw,1769558400,39.82,2.91,0.498,94.5,-2.477,-0.0049,-1,0.65,46.0,-1.376,0,1778967766
9910,tw,1769644800,42.35,5.29,0.529,93.6,-0.952,0.0027,1,2.58,20.0,0.427,0,1778967766
9910,tw,1769731200,47.03,8.35,0.588,96.2,2.778,-0.0024,-1,4.52,7.0,-3.326,-1,1778967766
9910,tw,1769990400,40.36,5.26,0.504,93.1,-3.222,-0.0066,-2,3.23,27.0,-1.074,0,1778967766
9910,tw,1770076800,42.32,4.19,0.529,92.8,-0.322,-0.0015,-3,1.29,29.0,-0.323,0,1778967766
9910,tw,1770163200,42.76,3.78,0.534,93.2,0.431,0.0004,1,0.65,3.0,-0.966,0,1778967766
9910,tw,1770249600,31.09,9.71,0.389,94.0,0.858,0.0012,2,6.45,-52.0,0.0,0,1778967766
9910,tw,1770336000,45.43,11.71,0.568,93.0,-1.064,-0.0035,-1,9.03,2.0,0.323,0,1778967766
9910,tw,1770595200,45.51,11.74,0.569,92.1,-0.968,-0.007,-2,9.03,8.0,3.149,1,1778967766
9910,tw,1770681600,32.93,14.1,0.412,92.5,0.434,0.0018,1,10.97,-15.0,1.405,0,1778967766
9910,tw,1770768000,50.48,20.36,0.631,92.3,-0.216,-0.0025,-1,17.42,38.0,0.542,0,1778967766
9910,tw,1771804800,38.52,22.9,0.482,94.0,1.842,0.0016,1,19.35,-35.0,-1.809,0,1778967766
9910,tw,1771891200,35.92,22.13,0.449,93.3,-0.745,-0.0024,-1,19.35,-23.0,-1.072,0,1778967766
9910,tw,1771977600,38.52,22.9,0.481,95.0,1.822,0.0039,1,19.35,-9.0,1.263,0,1778967766
9910,tw,1772064000,35.38,21.97,0.442,93.8,-1.263,-0.0072,-1,19.35,-14.0,-3.412,-1,1778967766
9910,tw,1772409600,50.56,22.03,0.632,92.8,-1.066,-0.0088,-2,19.35,6.0,-5.172,-1,1778967766
9910,tw,1772496000,51.11,22.19,0.639,92.3,-0.539,-0.005,-3,19.35,32.0,-3.792,-1,1778967766
9910,tw,1772582400,51.7,22.35,0.646,92.3,0.0,0.0052,1,19.35,22.0,-4.117,-1,1778967766
9910,tw,1772668800,40.61,22.98,0.508,96.2,4.225,0.006,2,18.71,-32.0,-9.771,-1,1778967766
9910,tw,1772755200,45.73,20.6,0.572,90.6,-5.821,-0.0256,-1,19.35,180.0,-7.506,-1,1778967766
9910,tw,1773014400,32.51,18.91,0.406,88.0,-2.87,-0.0011,-2,16.77,-48.0,-5.114,-1,1778967766
9910,tw,1773100800,35.94,19.4,0.449,88.8,0.909,-0.0069,-3,16.13,-42.0,-7.545,-1,1778967766
9910,tw,1773187200,49.02,17.74,0.613,88.5,-0.338,-0.0131,-4,14.84,15.0,-5.198,-1,1778967766
9910,tw,1773273600,46.77,15.97,0.585,86.8,-1.921,-0.0164,-5,13.55,8.0,-7.949,-1,1778967766
9910,tw,1773360000,44.23,13.57,0.553,83.8,-3.456,-0.0242,-6,11.61,43.0,-2.983,0,1778967766
9910,tw,1773619200,46.77,13.21,0.585,83.5,-0.358,-0.0069,-7,10.32,12.0,-5.15,-1,1778967766
9910,tw,1773705600,44.79,11.53,0.56,82.1,-1.677,-0.0099,-8,9.03,81.0,-1.096,0,1778967766
9910,tw,1773792000,33.37,12.05,0.417,83.9,2.192,-0.0027,-9,8.39,-33.0,-2.265,0,1778967766
9910,tw,1773878400,38.74,4.8,0.484,79.9,-4.768,-0.021,-10,3.23,81.0,1.001,0,1778967766
9910,tw,1773964800,28.78,3.53,0.36,81.3,1.752,0.0048,1,0.0,-29.0,-0.369,0,1778967766
9910,tw,1774224000,39.39,2.23,0.492,79.2,-2.583,-0.0058,-1,0.0,25.0,1.641,0,1778967766
9910,tw,1774310400,29.55,3.76,0.369,81.2,2.525,0.0042,1,0.0,-2.0,-1.355,0,1778967766
9910,tw,1774396800,27.99,3.3,0.35,82.0,0.985,0.0001,2,0.0,-22.0,-0.366,0,1778967766
9910,tw,1774483200,41.38,4.46,0.517,80.7,-1.585,-0.0018,-1,1.94,10.0,-2.107,0,1778967766
9910,tw,1774569600,43.66,5.69,0.546,81.0,0.372,0.0006,1,2.58,1.0,-2.593,0,1778967766
9910,tw,1774828800,43.01,6.04,0.538,80.5,-0.617,0.0027,2,3.23,21.0,0.621,0,1778967766
9910,tw,1774915200,28.77,7.37,0.36,80.1,-0.497,0.0016,3,4.52,-16.0,-1.873,0,1778967766
9910,tw,1775001600,31.91,9.41,0.399,81.7,1.998,0.0019,4,5.81,-4.0,-5.875,-1,1778967766
9910,tw,1775088000,43.5,11.69,0.544,79.0,-3.305,-0.0063,-1,9.68,43.0,-1.266,0,1778967766
9910,tw,1775520000,32.03,13.28,0.4,78.9,-0.127,-0.0016,-2,10.32,-7.0,-3.676,-1,1778967766
9910,tw,1775606400,35.14,14.77,0.439,81.0,2.662,-0.0019,-3,10.97,-39.0,-5.185,-1,1778967766
9910,tw,1775692800,45.13,14.37,0.564,78.6,-2.963,-0.0068,-4,12.26,41.0,-0.636,0,1778967766
9910,tw,1775779200,46.26,15.25,0.578,76.9,-2.163,-0.0056,-5,12.9,55.0,0.78,0,1778967766
9910,tw,1776038400,35.54,17.62,0.444,78.0,1.43,0.0022,1,14.19,-8.0,0.128,0,1778967766
9910,tw,1776124800,46.16,15.78,0.577,76.0,-2.564,-0.0097,-1,13.55,66.0,2.632,0,1778967766
9910,tw,1776211200,49.49,16.22,0.619,76.8,1.053,-0.0016,-2,12.9,613.0,0.781,0,1778967766
9910,tw,1776297600,50.81,17.7,0.635,78.1,1.693,0.0045,1,14.19,10.0,-2.561,0,1778967766
9910,tw,1776384000,48.96,18.25,0.612,77.5,-0.768,-0.0023,-1,15.48,16.0,-5.806,-1,1778967766
9910,tw,1776643200,35.47,18.71,0.443,78.1,0.774,-0.0091,-2,15.48,-3.0,-9.603,-1,1778967766
9910,tw,1776729600,50.56,20.38,0.632,78.0,-0.128,-0.0035,-3,17.42,10.0,-8.077,-1,1778967766
9910,tw,1776816000,48.94,18.25,0.612,77.4,-0.769,-0.0054,-4,15.48,18.0,-8.527,-1,1778967766
9910,tw,1776902400,48.0,17.98,0.6,76.1,-1.68,-0.0116,-5,15.48,36.0,-7.884,-1,1778967766
9910,tw,1776988800,43.94,14.04,0.549,73.0,-4.074,-0.024,-6,12.26,127.0,-3.151,-1,1778967766
9910,tw,1777248000,43.89,12.33,0.549,70.6,-3.288,0.0028,1,10.32,7.0,-1.841,0,1778967766
9910,tw,1777334400,33.45,13.15,0.418,71.7,1.558,0.0098,2,9.68,-21.0,-4.045,-1,1778967766
9910,tw,1777420800,44.93,11.01,0.562,70.8,-1.255,-0.0013,-1,8.39,18.0,-0.989,0,1778967766
9910,tw,1777507200,44.54,9.8,0.557,70.1,-0.989,-0.0035,-2,7.1,15.0,5.278,1,1778967766
9910,tw,1777852800,31.4,10.36,0.392,70.7,0.856,-0.0016,-3,7.1,-19.0,5.233,1,1778967766
9910,tw,1777939200,43.17,8.86,0.54,69.3,-1.98,-0.014,-4,6.45,122.0,6.061,1,1778967766
9910,tw,1778025600,44.13,8.59,0.552,68.8,-0.722,-0.0111,-5,5.81,60.0,4.07,1,1778967766
9910,tw,1778112000,31.83,9.38,0.398,70.1,1.89,0.0068,1,5.81,-32.0,0.571,0,1778967766
9910,tw,1778198400,50.49,11.03,0.631,73.8,5.278,-0.0022,-1,6.45,654.0,-4.743,-1,1778967766
