symbol,market,scan_ts,total_score,early_score,confidence,price,change_pct,feat1,feat2,feat3,feat4,outcome_pct,outcome_label,labeled_ts
AAPL,us,1763683200,46.29,25.38,0.661,270.9865,1.968,77.2,0.941,20,0,4.276,1,1778967669
AAPL,us,1763942400,46.06,24.75,0.658,275.4084,1.632,71.3,0.981,20,0,3.722,1,1778967669
AAPL,us,1764028800,44.92,23.5,0.642,276.4564,0.381,71.3,0.992,20,0,2.592,0,1778967669
AAPL,us,1764115200,43.96,22.88,0.628,277.0353,0.209,75.2,0.958,20,0,1.135,0,1778967669
AAPL,us,1764288000,41.73,21.62,0.596,278.3329,0.468,73.3,0.861,20,0,-0.025,0,1778967669
AAPL,us,1764547200,38.66,18.55,0.552,282.575,1.524,73.3,1.141,16,0,-1.84,0,1778967669
AAPL,us,1764633600,41.2,15.38,0.589,285.6593,1.091,69.3,1.432,20,0,-3.148,-1,1778967669
AAPL,us,1764720000,37.95,14.75,0.542,283.623,-0.713,69.3,1.17,20,0,-1.89,0,1778967669
AAPL,us,1764806400,35.29,14.12,0.504,280.1794,-1.214,71.3,0.967,20,0,-0.951,0,1778967669
AAPL,us,1764892800,36.0,14.75,0.514,278.263,-0.684,71.3,0.975,20,0,-0.179,0,1778967669
AAPL,us,1765152000,38.08,16.62,0.544,277.3747,-0.319,71.3,0.996,20,0,-1.36,0,1778967669
AAPL,us,1765238400,37.84,17.88,0.541,276.666,-0.255,71.3,0.846,20,0,-0.927,0,1778967669
AAPL,us,1765324800,36.94,17.25,0.528,278.263,0.577,71.3,0.819,20,0,-2.489,0,1778967669
AAPL,us,1765411200,37.2,17.25,0.531,277.5144,-0.269,69.3,0.845,20,0,-2.1,0,1778967669
AAPL,us,1765497600,39.76,17.88,0.568,277.7639,0.09,77.2,1.038,20,0,-1.657,0,1778967669
AAPL,us,1765756800,28.69,14.58,0.41,273.6017,-1.498,73.3,1.031,9,0,-1.146,0,1778967669
AAPL,us,1765843200,31.51,15.2,0.45,274.1007,0.182,75.2,1.251,9,0,-0.819,0,1778967669
AAPL,us,1765929600,31.37,15.2,0.448,271.3359,-1.009,75.2,1.237,9,0,0.725,0,1778967669
AAPL,us,1766016000,32.28,15.82,0.461,271.6852,0.129,75.2,1.266,9,0,0.445,0,1778967669
AAPL,us,1766102400,39.0,17.7,0.557,273.1625,0.544,71.3,1.864,9,0,0.033,0,1778967669
AAPL,us,1766361600,36.13,17.08,0.516,270.4675,-0.987,69.3,1.525,9,0,0.779,0,1778967669
AAPL,us,1766448000,34.54,16.45,0.493,271.8549,0.513,69.3,1.429,9,0,-0.184,0,1778967669
AAPL,us,1766534400,33.14,15.82,0.473,273.3022,0.532,71.3,1.352,9,0,-1.023,0,1778967669
AAPL,us,1766707200,30.95,15.2,0.442,272.893,-0.15,71.3,1.195,9,0,-2.246,0,1778967669
AAPL,us,1766966400,30.42,14.58,0.435,273.2523,0.132,71.3,1.204,9,0,-4.164,-1,1778967669
AAPL,us,1767052800,30.54,16.45,0.436,272.5735,-0.248,71.3,1.029,9,0,-4.669,-1,1778967669
AAPL,us,1767139200,31.21,18.95,0.446,271.3558,-0.447,71.3,0.846,9,0,-4.716,-1,1778967669
AAPL,us,1767312000,31.95,19.58,0.456,270.5074,-0.313,69.3,0.857,9,0,-4.295,-1,1778967669
AAPL,us,1767571200,26.29,17.45,0.376,266.7644,-1.384,63.4,0.854,4,0,-2.623,0,1778967669
AAPL,us,1767657600,23.06,14.32,0.329,261.8735,-1.833,53.5,0.844,4,0,-0.499,0,1778967669
AAPL,us,1767744000,17.25,8.7,0.246,259.8472,-0.774,55.4,0.825,4,0,-0.142,0,1778967669
AAPL,us,1767830400,15.06,6.82,0.215,258.5596,-0.496,61.4,0.794,4,0,-0.32,0,1778967669
AAPL,us,1767916800,11.46,3.08,0.164,258.889,0.127,61.4,0.808,4,0,-1.481,0,1778967669
AAPL,us,1768176000,11.21,1.2,0.16,259.7674,0.339,63.4,0.971,4,0,-5.207,-1,1778967669
AAPL,us,1768262400,12.6,2.45,0.18,260.5659,0.307,63.4,0.985,4,0,-5.133,-1,1778967669
AAPL,us,1768348800,11.59,1.2,0.166,259.4779,-0.418,71.3,1.009,4,0,-4.466,-1,1778967669
AAPL,us,1768435200,9.95,1.2,0.142,257.7312,-0.673,63.4,0.845,4,0,-3.939,-1,1778967669
AAPL,us,1768521600,9.57,1.2,0.137,255.0561,-1.038,63.4,0.807,4,0,-0.047,0,1778967669
AAPL,us,1768867200,7.54,1.2,0.108,246.2425,-3.456,57.4,0.604,4,0,4.69,1,1778967669
AAPL,us,1768953600,5.98,1.2,0.085,247.1908,0.385,51.5,0.448,4,0,3.549,1,1778967669
AAPL,us,1769040000,7.02,1.2,0.1,247.8895,0.283,51.5,0.552,4,0,3.998,1,1778967669
AAPL,us,1769126400,6.11,1.2,0.087,247.58,-0.125,51.5,0.461,4,0,4.612,1,1778967669
AAPL,us,1769385600,8.02,2.45,0.115,254.9364,2.971,63.4,0.527,4,0,5.716,1,1778967669
AAPL,us,1769472000,9.74,3.08,0.139,257.791,1.12,63.4,0.636,4,0,4.34,1,1778967669
AAPL,us,1769558400,10.15,4.32,0.145,255.9644,-0.709,61.4,0.553,4,0,7.819,1,1778967669
AAPL,us,1769644800,17.79,7.08,0.254,257.801,0.718,65.3,0.691,9,0,6.826,1,1778967669
AAPL,us,1769731200,27.05,10.12,0.386,258.9988,0.465,67.3,0.893,15,0,7.184,1,1778967669
AAPL,us,1769990400,34.79,12.25,0.497,269.5093,4.058,67.3,1.104,20,0,1.803,0,1778967669
AAPL,us,1770076800,33.77,11.62,0.482,268.9803,-0.196,69.3,1.065,20,0,1.654,0,1778967669
AAPL,us,1770163200,35.59,10.38,0.508,275.9772,2.601,71.3,1.371,20,0,-0.265,0,1778967669
AAPL,us,1770249600,32.96,7.88,0.471,275.3983,-0.21,71.3,1.358,20,0,-5.051,-1,1778967669
AAPL,us,1770336000,29.83,4.8,0.426,277.6042,0.801,71.3,1.633,16,0,-7.946,-1,1778967669
AAPL,us,1770595200,27.46,4.8,0.392,274.3672,-1.166,69.3,1.396,16,0,-3.911,-1,1778967669
AAPL,us,1770681600,25.64,4.8,0.366,273.4281,-0.342,69.3,1.214,16,0,-3.409,-1,1778967669
AAPL,us,1770768000,25.76,4.8,0.368,275.2464,0.665,71.3,1.226,16,0,-5.416,-1,1778967669
AAPL,us,1770854400,19.47,3.62,0.278,261.4891,-4.998,63.4,1.135,10,0,1.089,0,1778967669
AAPL,us,1770940800,18.51,3.0,0.264,255.5446,-2.273,59.4,1.101,10,0,4.066,1,1778967669
AAPL,us,1771286400,28.16,6.38,0.402,263.6371,3.167,67.3,1.378,15,0,3.13,1,1778967669
AAPL,us,1771372800,32.88,7.62,0.47,264.1067,0.178,69.3,1.726,15,0,3.737,1,1778967669
AAPL,us,1771459200,27.35,8.0,0.391,260.3401,-1.426,67.3,1.485,10,0,4.747,1,1778967669
AAPL,us,1771545600,29.9,10.5,0.427,264.3365,1.535,69.3,1.49,10,0,-0.151,0,1778967669
AAPL,us,1771804800,35.73,14.58,0.51,265.935,0.605,73.3,1.735,9,0,-0.548,0,1778967669
AAPL,us,1771891200,47.13,18.5,0.673,271.8895,2.239,71.3,1.713,20,0,-3.083,-1,1778967669
AAPL,us,1771977600,41.36,17.32,0.591,273.9776,0.768,67.3,1.674,14,0,-4.27,-1,1778967669
AAPL,us,1772064000,42.99,18.58,0.614,272.6988,-0.467,69.3,1.711,14,0,-4.638,-1,1778967669
AAPL,us,1772150400,30.79,17.45,0.44,263.9368,-3.213,63.4,1.304,4,0,-2.544,0,1778967669
AAPL,us,1772409600,32.21,19.95,0.46,264.4763,0.204,65.3,1.196,4,0,-1.828,0,1778967669
AAPL,us,1772496000,29.22,19.32,0.417,263.5072,-0.366,69.3,0.96,4,0,-1.107,0,1778967669
AAPL,us,1772582400,29.09,18.7,0.416,262.2784,-0.466,63.4,1.009,4,0,-0.651,0,1778967669
AAPL,us,1772668800,26.45,18.7,0.378,260.0504,-0.849,59.4,0.745,4,0,-1.74,0,1778967669
AAPL,us,1772755200,30.74,18.62,0.439,257.223,-1.087,61.4,0.762,10,0,-2.851,0,1778967669
AAPL,us,1773014400,28.26,20.58,0.404,259.6408,0.94,65.3,0.738,4,0,-2.717,0,1778967669
AAPL,us,1773100800,29.6,20.58,0.423,260.5899,0.366,65.3,0.872,4,0,-2.53,0,1778967669
AAPL,us,1773187200,35.75,22.38,0.511,260.5699,-0.008,65.3,0.887,10,0,-4.168,-1,1778967669
AAPL,us,1773273600,28.02,20.58,0.4,255.5246,-1.936,65.3,0.714,4,0,-2.659,0,1778967669
AAPL,us,1773360000,26.82,18.7,0.383,249.8898,-2.205,65.3,0.782,4,0,-0.852,0,1778967669
AAPL,us,1773619200,26.8,16.82,0.383,252.5873,1.079,65.3,0.968,4,0,-0.526,0,1778967669
AAPL,us,1773705600,21.79,12.45,0.311,253.996,0.558,65.3,0.904,4,0,-1.019,0,1778967669
AAPL,us,1773792000,18.42,10.58,0.263,249.7099,-1.687,63.4,0.754,4,0,1.072,0,1778967669
AAPL,us,1773878400,17.09,9.32,0.244,248.7309,-0.392,63.4,0.747,4,0,1.579,0,1778967669
AAPL,us,1773964800,13.84,8.08,0.198,247.7617,-0.39,63.4,0.546,4,0,0.327,0,1778967669
AAPL,us,1774224000,13.9,8.08,0.199,251.2585,1.411,59.4,0.552,4,0,-1.932,0,1778967669
AAPL,us,1774310400,14.49,8.7,0.207,251.4084,0.06,65.3,0.549,4,0,0.854,0,1778967669
AAPL,us,1774396800,17.51,11.82,0.25,252.3875,0.389,65.3,0.539,4,0,1.192,0,1778967669
AAPL,us,1774483200,26.18,19.32,0.374,252.6572,0.107,65.3,0.656,4,0,1.198,0,1778967669
AAPL,us,1774569600,26.52,19.32,0.379,248.571,-1.617,67.3,0.69,4,0,4.043,1,1778967669
AAPL,us,1774828800,25.19,19.32,0.36,246.403,-0.872,67.3,0.557,4,0,2.786,0,1778967669
AAPL,us,1774915200,27.93,20.58,0.399,253.5564,2.903,65.3,0.705,4,0,2.013,0,1778967669
AAPL,us,1775001600,34.47,22.08,0.492,255.3947,0.725,65.3,0.859,9,0,1.901,0,1778967669
AAPL,us,1775088000,42.36,23.88,0.605,255.6844,0.113,63.4,1.048,15,0,1.782,0,1778967669
AAPL,us,1775433600,43.8,23.25,0.626,258.6217,1.149,65.3,1.255,15,0,0.131,0,1778967669
AAPL,us,1775520000,35.61,22.08,0.509,253.2667,-2.071,61.4,0.973,9,0,2.103,0,1778967669
AAPL,us,1775606400,41.86,23.88,0.598,258.6617,2.13,61.4,0.998,15,0,2.908,0,1778967669
AAPL,us,1775692800,48.27,25.38,0.69,260.2502,0.614,61.4,1.139,20,0,1.117,0,1778967669
AAPL,us,1775779200,46.68,23.5,0.667,260.2402,-0.004,61.4,1.168,20,0,3.743,1,1778967669
AAPL,us,1776038400,40.45,20.75,0.578,258.9614,-0.491,63.4,1.17,15,0,5.343,1,1778967669
AAPL,us,1776124800,37.11,19.5,0.53,258.5917,-0.143,59.4,0.961,15,0,2.836,0,1778967669
AAPL,us,1776211200,40.02,18.5,0.572,266.1848,2.936,65.3,1.002,20,0,2.53,0,1778967669
AAPL,us,1776297600,37.97,16.62,0.542,263.1575,-1.137,61.4,0.985,20,0,3.808,1,1778967669
AAPL,us,1776384000,32.01,11.05,0.457,269.9813,2.593,65.3,1.226,16,0,0.307,0,1778967669
AAPL,us,1776643200,32.95,7.3,0.471,272.7986,1.044,67.3,1.695,16,0,-1.992,0,1778967669
AAPL,us,1776729600,33.45,8.5,0.478,265.925,-2.52,67.3,1.345,20,0,1.706,0,1778967669
AAPL,us,1776816000,32.78,7.88,0.468,272.9186,2.63,67.3,1.34,20,0,-1.098,0,1778967669
AAPL,us,1776902400,32.29,7.25,0.461,273.1783,0.095,67.3,1.354,20,0,-0.761,0,1778967669
AAPL,us,1776988800,29.3,6.62,0.419,270.8105,-0.867,63.4,1.118,20,0,3.35,1,1778967669
AAPL,us,1777248000,31.99,9.12,0.457,267.3636,-1.273,63.4,1.137,20,0,3.445,1,1778967669
AAPL,us,1777334400,38.16,12.88,0.545,270.4608,1.158,61.4,1.378,20,0,4.976,1,1778967669
AAPL,us,1777420800,37.02,14.12,0.529,269.9213,-0.199,61.4,1.14,20,0,6.418,1,1778967669
AAPL,us,1777507200,39.63,15.38,0.566,271.1003,0.437,59.4,1.275,20,0,5.93,1,1778967669
AAPL,us,1777593600,39.65,14.12,0.566,279.8821,3.239,61.4,1.403,20,0,4.705,1,1778967669
AAPL,us,1777852800,35.56,12.25,0.508,276.5752,-1.182,59.4,1.181,20,0,5.823,1,1778967669
AAPL,us,1777939200,37.67,11.0,0.538,283.9184,2.655,61.4,1.517,20,0,3.833,1,1778967669
AAPL,us,1778025600,31.02,6.68,0.443,287.2454,1.172,59.4,1.564,16,0,4.047,1,1778967669
AAPL,us,1778112000,30.74,6.0,0.439,287.1754,-0.024,53.5,1.324,20,0,3.842,1,1778967669
AAPL,us,1778198400,33.22,6.0,0.475,293.05,2.046,57.4,1.572,20,0,2.45,0,1778967669
MSFT,us,1763683200,5.3,1.2,0.076,471.0449,-1.319,29.7,0.38,4,0,3.097,1,1778967669
MSFT,us,1763942400,5.71,1.2,0.082,472.9206,0.398,31.7,0.421,4,0,3.376,1,1778967669
MSFT,us,1764028800,6.91,2.45,0.099,475.9037,0.631,29.7,0.416,4,0,0.155,0,1778967669
MSFT,us,1764115200,9.31,3.7,0.133,484.3944,1.784,33.7,0.531,4,0,-0.96,0,1778967669
MSFT,us,1764288000,11.09,4.32,0.158,490.8896,1.341,35.6,0.647,4,0,-1.799,0,1778967669
MSFT,us,1764547200,12.56,5.58,0.179,485.6316,-1.071,33.7,0.668,4,0,0.879,0,1778967669
MSFT,us,1764633600,15.04,6.82,0.215,488.8842,0.67,33.7,0.792,4,0,0.412,0,1778967669
MSFT,us,1764720000,15.3,7.45,0.219,476.6421,-2.504,29.7,0.755,4,0,0.174,0,1778967669
MSFT,us,1764806400,17.4,8.08,0.249,479.745,0.651,31.7,0.902,4,0,0.547,0,1778967669
MSFT,us,1764892800,19.35,8.08,0.276,482.0597,0.482,31.7,1.097,4,0,-0.958,0,1778967669
MSFT,us,1765152000,27.18,10.2,0.388,489.9018,1.627,35.6,1.318,9,0,-3.299,-1,1778967669
MSFT,us,1765238400,27.91,11.45,0.399,490.8995,0.204,33.7,1.266,9,0,-3.177,-1,1778967669
MSFT,us,1765324800,22.92,12.45,0.327,477.4702,-2.736,25.7,1.017,4,0,-0.51,0,1778967669
MSFT,us,1765411200,31.98,17.38,0.457,482.369,1.026,17.8,1.01,10,0,0.105,0,1778967669
MSFT,us,1765497600,33.38,18.62,0.477,477.4403,-1.022,19.8,1.026,10,0,1.544,0,1778967669
MSFT,us,1765756800,32.71,19.88,0.467,473.7387,-0.775,19.8,0.833,10,0,2.127,0,1778967669
MSFT,us,1765843200,30.65,20.58,0.438,475.3051,0.331,19.8,0.977,4,0,2.196,0,1778967669
MSFT,us,1765929600,31.02,20.58,0.443,475.0357,-0.057,21.8,1.014,4,0,2.499,0,1778967669
MSFT,us,1766016000,38.36,22.08,0.548,482.8779,1.651,21.8,1.248,9,0,0.771,0,1778967669
MSFT,us,1766102400,42.75,21.45,0.611,484.8134,0.401,21.8,1.781,9,0,0.243,0,1778967669
MSFT,us,1766361600,43.38,22.08,0.62,483.8157,-0.206,21.8,1.927,9,0,0.528,0,1778967669
MSFT,us,1766448000,49.38,23.88,0.705,485.7413,0.398,21.8,1.818,15,0,-0.663,0,1778967669
MSFT,us,1766534400,48.84,23.88,0.698,486.9086,0.24,23.8,1.696,15,0,-3.09,-1,1778967669
MSFT,us,1766707200,46.06,23.25,0.658,486.5994,-0.064,19.8,1.481,15,0,-3.047,-1,1778967669
MSFT,us,1766966400,39.17,22.08,0.56,485.9908,-0.125,19.8,1.329,9,0,-1.763,0,1778967669
MSFT,us,1767052800,41.13,21.45,0.588,486.3699,0.078,19.8,1.588,9,0,-0.823,0,1778967669
MSFT,us,1767139200,45.45,23.88,0.649,482.5187,-0.792,19.8,1.357,15,0,-1.139,0,1778967669
MSFT,us,1767312000,33.24,18.7,0.475,471.863,-2.208,19.8,1.424,4,0,1.341,0,1778967669
MSFT,us,1767571200,27.33,15.58,0.39,471.7732,-0.019,13.9,1.145,4,0,0.916,0,1778967669
MSFT,us,1767657600,32.72,16.75,0.467,477.4203,1.197,13.9,1.147,10,0,-1.638,0,1778967669
MSFT,us,1767744000,39.14,19.5,0.559,482.369,1.037,17.8,1.164,15,0,-4.983,-1,1778967669
MSFT,us,1767830400,36.31,21.75,0.519,477.0212,-1.109,17.8,1.006,10,0,-4.486,-1,1778967669
MSFT,us,1767916800,33.16,19.95,0.474,478.1886,0.245,19.8,1.291,4,0,-4.052,-1,1778967669
MSFT,us,1768176000,28.09,17.45,0.401,476.0933,-0.438,19.8,1.034,4,0,-4.749,-1,1778967669
MSFT,us,1768262400,24.0,13.7,0.343,469.5982,-1.364,17.8,1.0,4,0,-5.643,-1,1778967669
MSFT,us,1768348800,18.81,8.7,0.269,458.3339,-2.399,17.8,0.981,4,0,-1.794,0,1778967669
MSFT,us,1768435200,15.81,7.45,0.226,455.6201,-0.592,17.8,0.806,4,0,2.034,0,1778967669
MSFT,us,1768521600,16.97,6.2,0.242,458.8128,0.701,17.8,1.047,4,0,2.266,0,1778967669
MSFT,us,1768867200,13.49,4.95,0.193,453.4849,-1.161,17.8,0.824,4,0,5.734,1,1778967669
MSFT,us,1768953600,6.2,1.2,0.089,443.0986,-2.29,13.9,0.47,4,0,8.448,1,1778967669
MSFT,us,1769040000,7.43,1.2,0.106,450.1126,1.583,13.9,0.593,4,0,-3.91,-1,1778967669
MSFT,us,1769126400,8.91,1.82,0.127,464.8889,3.283,21.8,0.679,4,0,-7.653,-1,1778967669
MSFT,us,1769385600,10.4,2.45,0.149,469.209,0.929,21.8,0.765,4,0,-9.975,-1,1778967669
MSFT,us,1769472000,24.01,7.0,0.343,479.4856,2.19,29.7,0.901,15,0,-14.435,-1,1778967669
MSFT,us,1769558400,20.49,5.82,0.293,480.5332,0.218,33.7,1.087,9,0,-14.002,-1,1778967669
MSFT,us,1769644800,8.33,1.2,0.119,432.5128,-9.993,11.9,0.683,4,0,-9.188,-1,1778967669
MSFT,us,1769731200,7.63,1.2,0.109,429.3101,-0.74,9.9,0.613,4,0,-6.775,-1,1778967669
MSFT,us,1769990400,7.4,1.2,0.106,422.4059,-1.608,9.9,0.59,4,0,-2.308,0,1778967669
MSFT,us,1770076800,6.95,1.2,0.099,410.2736,-2.872,17.8,0.545,4,0,0.501,0,1778967669
MSFT,us,1770163200,7.42,1.2,0.106,413.2468,0.725,19.8,0.592,4,0,-2.371,0,1778967669
MSFT,us,1770249600,6.22,1.2,0.089,392.7735,-4.954,21.8,0.472,4,0,2.075,0,1778967669
MSFT,us,1770336000,7.41,1.2,0.106,400.2265,1.898,17.8,0.591,4,0,0.045,0,1778967669
MSFT,us,1770595200,7.92,1.2,0.113,412.6581,3.106,21.8,0.642,4,0,-4.047,-1,1778967669
MSFT,us,1770681600,8.29,1.82,0.118,412.3289,-0.08,17.8,0.617,4,0,-3.308,-1,1778967669
MSFT,us,1770768000,7.52,1.2,0.107,403.4491,-2.154,13.9,0.602,4,0,-1.237,0,1778967669
MSFT,us,1770854400,7.38,1.2,0.105,400.9249,-0.626,21.8,0.588,4,0,-0.922,0,1778967669
MSFT,us,1770940800,7.27,1.2,0.104,400.4061,-0.129,19.8,0.577,4,0,-3.98,-1,1778967669
MSFT,us,1771286400,6.42,1.2,0.092,395.9562,-1.111,19.8,0.492,4,0,-1.757,0,1778967669
MSFT,us,1771372800,7.03,1.2,0.1,398.69,0.69,15.8,0.553,4,0,0.479,0,1778967669
MSFT,us,1771459200,7.12,1.2,0.102,398.46,-0.058,17.8,0.562,4,0,0.818,0,1778967669
MSFT,us,1771545600,6.4,1.2,0.091,397.23,-0.309,21.8,0.49,4,0,-1.13,0,1778967669
MSFT,us,1771804800,7.38,3.08,0.105,384.47,-3.212,27.7,0.4,4,0,3.662,1,1778967669
MSFT,us,1771891200,9.95,5.58,0.142,389.0,1.178,27.7,0.407,4,0,3.838,1,1778967669
MSFT,us,1771977600,13.91,9.32,0.199,400.6,2.982,27.7,0.429,4,0,1.148,0,1778967669
MSFT,us,1772064000,23.0,14.25,0.329,401.72,0.28,21.8,0.425,10,0,2.23,0,1778967669
MSFT,us,1772150400,21.32,16.2,0.305,392.74,-2.235,21.8,0.482,4,0,4.13,1,1778967669
MSFT,us,1772409600,25.04,18.7,0.358,398.55,1.479,23.8,0.604,4,0,2.725,0,1778967669
MSFT,us,1772496000,32.62,21.45,0.466,403.93,1.35,23.8,0.737,9,0,0.453,0,1778967669
MSFT,us,1772582400,41.19,23.88,0.588,405.2,0.314,19.8,0.931,15,0,-0.079,0,1778967669
MSFT,us,1772668800,41.05,23.88,0.586,410.68,1.352,17.8,0.917,15,0,-2.148,0,1778967669
MSFT,us,1772755200,41.26,23.25,0.589,408.96,-0.419,19.8,1.001,15,0,-3.279,-1,1778967669
MSFT,us,1773014400,39.4,22.0,0.563,409.41,0.11,21.8,0.94,15,0,-2.311,0,1778967669
MSFT,us,1773100800,39.46,23.88,0.564,405.76,-0.892,23.8,0.758,15,0,-1.565,0,1778967669
MSFT,us,1773187200,39.83,23.88,0.569,404.88,-0.217,23.8,0.795,15,0,-3.233,-1,1778967669
MSFT,us,1773273600,40.15,23.88,0.574,401.86,-0.746,27.7,0.827,15,0,-3.195,-1,1778967669
MSFT,us,1773360000,34.2,21.12,0.489,395.55,-1.57,25.7,0.858,10,0,-3.458,-1,1778967669
MSFT,us,1773619200,35.3,20.5,0.504,399.95,1.112,25.7,1.03,10,0,-4.238,-1,1778967669
MSFT,us,1773705600,30.74,19.95,0.439,399.41,-0.135,23.8,1.049,4,0,-6.677,-1,1778967669
MSFT,us,1773792000,26.81,17.45,0.383,391.79,-1.908,21.8,0.906,4,0,-5.296,-1,1778967669
MSFT,us,1773878400,24.39,14.95,0.348,389.02,-0.707,21.8,0.914,4,0,-5.925,-1,1778967669
MSFT,us,1773964800,21.47,12.45,0.307,381.87,-1.838,17.8,0.872,4,0,-6.573,-1,1778967669
MSFT,us,1774224000,22.93,11.82,0.328,383.0,0.296,17.8,1.081,4,0,-6.277,-1,1778967669
MSFT,us,1774310400,19.49,10.58,0.278,372.74,-2.679,17.8,0.861,4,0,-0.689,0,1778967669
MSFT,us,1774396800,16.45,9.32,0.235,371.04,-0.456,17.8,0.683,4,0,-0.45,0,1778967669
MSFT,us,1774483200,13.83,8.08,0.198,365.97,-1.366,17.8,0.545,4,0,2.047,0,1778967669
MSFT,us,1774569600,13.38,7.45,0.191,356.77,-2.514,17.8,0.563,4,0,4.516,1,1778967669
MSFT,us,1774828800,12.97,6.82,0.185,358.96,0.614,15.8,0.585,4,0,3.714,1,1778967669
MSFT,us,1774915200,12.52,6.2,0.179,370.17,3.123,19.8,0.602,4,0,1.124,0,1778967669
MSFT,us,1775001600,10.71,5.58,0.153,369.37,-0.216,23.8,0.483,4,0,1.002,0,1778967669
MSFT,us,1775088000,11.0,6.2,0.157,373.46,1.107,21.8,0.45,4,0,-0.694,0,1778967669
MSFT,us,1775433600,11.77,6.82,0.168,372.88,-0.155,23.8,0.465,4,0,3.081,1,1778967669
MSFT,us,1775520000,10.89,6.82,0.156,372.29,-0.158,25.7,0.377,4,0,5.592,1,1778967669
MSFT,us,1775606400,12.58,7.45,0.18,374.33,0.548,21.8,0.483,4,0,9.855,1,1778967669
MSFT,us,1775692800,12.53,7.45,0.179,373.07,-0.337,21.8,0.478,4,0,12.649,1,1778967669
MSFT,us,1775779200,13.15,8.08,0.188,370.87,-0.59,21.8,0.477,4,0,14.0,1,1778967669
MSFT,us,1776038400,25.35,11.38,0.362,384.37,3.64,21.8,0.597,15,0,8.768,1,1778967669
MSFT,us,1776124800,26.22,12.0,0.375,393.11,2.274,17.8,0.622,15,0,7.899,1,1778967669
MSFT,us,1776211200,27.6,11.05,0.394,411.22,4.607,23.8,0.785,16,0,5.277,1,1778967669
MSFT,us,1776297600,26.24,7.92,0.375,420.26,2.198,27.7,0.962,16,0,-1.073,0,1778967669
MSFT,us,1776384000,25.36,4.8,0.362,422.79,0.602,23.8,1.186,16,0,0.433,0,1778967669
MSFT,us,1776643200,26.27,4.8,0.375,418.07,-1.116,19.8,1.277,16,0,1.615,0,1778967669
MSFT,us,1776729600,26.35,4.8,0.376,424.16,1.457,23.8,1.285,16,0,1.2,0,1778967669
MSFT,us,1776816000,29.6,4.8,0.423,432.92,2.065,27.7,1.61,16,0,-1.954,0,1778967669
MSFT,us,1776902400,29.17,4.8,0.417,415.75,-3.966,27.7,1.567,16,0,-1.917,0,1778967669
MSFT,us,1776988800,31.0,4.8,0.443,424.62,2.133,25.7,1.939,16,0,-2.397,0,1778967669
MSFT,us,1777248000,32.25,6.05,0.461,424.82,0.047,25.7,2.484,16,0,-2.636,0,1778967669
MSFT,us,1777334400,33.5,7.3,0.479,429.25,1.043,25.7,2.409,16,0,-4.163,-1,1778967669
MSFT,us,1777420800,34.12,7.92,0.487,424.46,-1.116,25.7,1.81,16,0,-2.474,0,1778967669
MSFT,us,1777507200,37.21,10.38,0.532,407.78,-3.93,29.7,1.533,20,0,3.186,1,1778967669
MSFT,us,1777593600,38.1,11.0,0.544,414.44,1.633,27.7,1.56,20,0,0.164,0,1778967669
MSFT,us,1777852800,38.69,12.25,0.553,413.62,-0.198,25.7,1.494,20,0,-0.232,0,1778967669
MSFT,us,1777939200,39.72,13.5,0.567,411.38,-0.542,27.7,1.472,20,0,-0.878,0,1778967669
MSFT,us,1778025600,37.38,15.45,0.534,413.96,0.627,27.7,1.463,14,0,-2.114,0,1778967669
MSFT,us,1778112000,43.38,18.58,0.62,420.77,1.645,29.7,1.772,14,0,-2.695,0,1778967669
MSFT,us,1778198400,43.24,22.08,0.618,415.12,-1.343,29.7,1.736,9,0,1.638,0,1778967669
NVDA,us,1763683200,16.67,8.08,0.238,178.8604,-0.974,43.6,0.829,4,0,0.581,0,1778967669
NVDA,us,1763942400,15.22,6.2,0.217,182.53,2.052,47.5,0.872,4,0,-0.597,0,1778967669
NVDA,us,1764028800,12.48,5.58,0.178,177.8005,-2.591,39.6,0.66,4,0,0.995,0,1778967669
NVDA,us,1764115200,13.89,7.45,0.198,180.2402,1.372,47.5,0.614,4,0,1.737,0,1778967669
NVDA,us,1764288000,14.66,8.08,0.209,176.9806,-1.808,43.6,0.628,4,0,3.062,1,1778967669
NVDA,us,1764547200,18.99,11.2,0.271,179.9003,1.65,45.5,0.749,4,0,3.135,1,1778967669
NVDA,us,1764633600,23.37,15.58,0.334,181.4401,0.856,45.5,0.749,4,0,1.94,0,1778967669
NVDA,us,1764720000,24.07,16.2,0.344,179.5703,-1.031,45.5,0.757,4,0,2.339,0,1778967669
NVDA,us,1764806400,25.98,16.82,0.371,183.3701,2.116,45.5,0.886,4,0,-1.336,0,1778967669
NVDA,us,1764892800,26.93,17.45,0.385,182.4001,-0.529,41.6,0.918,4,0,-4.051,-1,1778967669
NVDA,us,1765152000,37.29,21.08,0.533,185.54,1.721,49.5,0.891,14,0,-4.991,-1,1778967669
NVDA,us,1765238400,38.14,22.62,0.545,184.96,-0.313,47.5,0.752,15,0,-3.92,-1,1778967669
NVDA,us,1765324800,32.81,21.45,0.469,183.7701,-0.643,41.6,0.756,9,0,-6.987,-1,1778967669
NVDA,us,1765411200,33.28,22.38,0.475,180.9202,-1.551,37.6,0.64,10,0,-3.753,-1,1778967669
NVDA,us,1765497600,26.66,19.95,0.381,175.0105,-3.266,27.7,0.641,4,0,3.411,1,1778967669
NVDA,us,1765756800,27.2,20.58,0.389,176.2805,0.726,33.7,0.632,4,0,4.198,1,1778967669
NVDA,us,1765843200,28.3,20.58,0.404,177.7104,0.811,37.6,0.742,4,0,6.465,1,1778967669
NVDA,us,1765929600,25.77,18.08,0.368,170.9308,-3.815,27.7,0.739,4,0,10.337,1,1778967669
NVDA,us,1766016000,25.47,18.08,0.364,174.1306,1.872,31.7,0.709,4,0,9.412,1,1778967669
NVDA,us,1766102400,38.66,20.75,0.552,180.9802,3.934,39.6,0.991,15,0,3.995,1,1778967669
NVDA,us,1766361600,40.25,19.5,0.575,183.6801,1.492,41.6,1.275,15,0,2.096,0,1778967669
NVDA,us,1766448000,43.51,19.75,0.622,189.1998,3.005,43.6,1.226,20,0,-1.432,0,1778967669
NVDA,us,1766534400,44.47,18.5,0.635,188.5998,-0.317,45.5,1.447,20,0,0.127,0,1778967669
NVDA,us,1766707200,43.54,17.88,0.622,190.5197,1.018,45.5,1.416,20,0,-1.265,0,1778967669
NVDA,us,1766966400,42.93,17.25,0.613,188.2098,-1.212,45.5,1.418,20,0,-0.521,0,1778967669
NVDA,us,1767052800,40.13,16.62,0.573,187.5298,-0.361,39.6,1.201,20,0,0.837,0,1778967669
NVDA,us,1767139200,37.5,16.0,0.536,186.4899,-0.555,41.6,1.0,20,0,-0.783,0,1778967669
NVDA,us,1767312000,39.03,15.38,0.558,188.8398,1.26,47.5,1.215,20,0,-2.113,0,1778967669
NVDA,us,1767571200,36.03,14.75,0.515,188.1098,-0.387,43.6,0.978,20,0,-1.69,0,1778967669
NVDA,us,1767657600,35.21,14.12,0.503,187.2299,-0.468,43.6,0.959,20,0,-0.764,0,1778967669
NVDA,us,1767744000,33.03,12.25,0.472,189.0998,0.999,41.6,0.928,20,0,-3.157,-1,1778967669
NVDA,us,1767830400,23.25,8.92,0.332,185.03,-2.152,39.6,0.913,11,0,1.086,0,1778967669
NVDA,us,1767916800,26.8,9.5,0.383,184.85,-0.097,31.7,0.93,15,0,0.741,0,1778967669
NVDA,us,1768176000,30.74,11.38,0.439,184.93,0.043,35.6,1.136,15,0,-3.715,-1,1778967669
NVDA,us,1768262400,36.9,14.5,0.527,185.7999,0.47,41.6,1.44,15,0,-1.34,0,1778967669
NVDA,us,1768348800,25.06,13.08,0.358,183.1301,-1.437,41.6,1.168,4,0,0.928,0,1778967669
NVDA,us,1768435200,35.46,16.08,0.507,187.0399,2.135,49.5,1.208,14,0,0.331,0,1778967669
NVDA,us,1768521600,36.37,20.2,0.52,186.2199,-0.438,47.5,1.237,9,0,0.129,0,1778967669
NVDA,us,1768867200,30.49,20.58,0.436,178.0604,-4.382,41.6,0.961,4,0,5.868,1,1778967669
NVDA,us,1768953600,29.73,20.58,0.425,183.3101,2.948,47.5,0.885,4,0,4.473,1,1778967669
NVDA,us,1769040000,29.8,20.58,0.426,184.83,0.829,47.5,0.892,4,0,4.15,1,1778967669
NVDA,us,1769126400,39.6,23.58,0.566,187.6598,1.531,55.4,0.872,14,0,1.844,0,1778967669
NVDA,us,1769385600,39.29,23.58,0.561,186.4599,-0.639,47.5,0.841,14,0,-0.461,0,1778967669
NVDA,us,1769472000,45.32,25.38,0.647,188.5098,1.099,47.5,0.844,20,0,-4.339,-1,1778967669
NVDA,us,1769558400,45.02,23.5,0.643,191.5096,1.591,55.4,1.002,20,0,-9.049,-1,1778967669
NVDA,us,1769644800,44.34,21.0,0.633,192.4996,0.517,47.5,1.184,20,0,-10.716,-1,1778967669
NVDA,us,1769731200,42.64,19.75,0.609,191.1197,-0.717,49.5,1.139,20,0,-2.993,0,1778967669
NVDA,us,1769990400,35.66,18.25,0.509,185.6,-2.888,45.5,0.941,15,0,2.387,0,1778967669
NVDA,us,1770076800,23.92,14.32,0.342,180.3302,-2.839,43.6,0.93,4,0,4.547,1,1778967669
NVDA,us,1770163200,20.64,11.2,0.295,174.1806,-3.41,37.6,0.914,4,0,9.105,1,1778967669
NVDA,us,1770249600,16.4,8.7,0.234,171.8707,-1.326,39.6,0.74,4,0,8.762,1,1778967669
NVDA,us,1770336000,28.4,11.7,0.406,185.4,7.872,49.5,0.94,14,0,-1.402,0,1778967669
NVDA,us,1770595200,35.08,12.25,0.501,190.0297,2.497,51.5,1.133,20,0,-2.668,0,1778967669
NVDA,us,1770681600,33.45,12.25,0.478,188.5298,-0.789,49.5,0.97,20,0,-0.297,0,1778967669
NVDA,us,1770768000,32.11,11.0,0.459,190.0397,0.801,49.5,0.961,20,0,-1.131,0,1778967669
NVDA,us,1770854400,27.2,10.45,0.389,186.9299,-1.636,55.4,0.945,14,0,1.541,0,1778967669
NVDA,us,1770940800,14.14,6.2,0.202,182.8001,-2.209,49.5,0.764,4,0,4.781,1,1778967669
NVDA,us,1771286400,21.46,8.32,0.307,184.96,1.182,51.5,0.934,9,0,4.26,1,1778967669
NVDA,us,1771372800,31.96,12.95,0.457,187.9698,1.627,53.5,1.171,14,0,4.032,1,1778967669
NVDA,us,1771459200,29.91,12.95,0.427,187.8898,-0.043,51.5,0.966,14,0,-1.602,0,1778967669
NVDA,us,1771545600,28.89,11.7,0.413,189.8097,1.022,55.4,0.989,14,0,-6.654,-1,1778967669
NVDA,us,1771804800,33.18,11.62,0.474,191.5396,0.911,61.4,1.006,20,0,-4.735,-1,1778967669
NVDA,us,1771891200,31.35,7.88,0.448,192.8396,0.679,61.4,1.197,20,0,-6.637,-1,1778967669
NVDA,us,1771977600,26.76,5.42,0.382,195.5494,1.405,65.3,1.264,16,0,-6.402,-1,1778967669
NVDA,us,1772064000,18.27,4.25,0.261,184.88,-5.456,55.4,0.952,10,0,-0.838,0,1778967669
NVDA,us,1772150400,8.94,1.2,0.128,177.1804,-4.165,51.5,0.744,4,0,0.356,0,1778967669
NVDA,us,1772409600,11.22,1.82,0.16,182.4701,2.985,59.4,0.91,4,0,0.093,0,1778967669
NVDA,us,1772496000,10.54,1.2,0.151,180.0403,-1.332,57.4,0.904,4,0,2.622,0,1778967669
NVDA,us,1772582400,13.72,2.45,0.196,183.0301,1.661,59.4,1.097,4,0,1.639,0,1778967669
NVDA,us,1772668800,21.9,8.08,0.313,183.3301,0.164,57.4,1.352,4,0,-0.104,0,1778967669
NVDA,us,1772755200,27.66,13.7,0.395,177.8104,-3.011,53.5,1.366,4,0,1.372,0,1778967669
NVDA,us,1773014400,27.33,13.7,0.39,182.6401,2.716,53.5,1.333,4,0,0.318,0,1778967669
NVDA,us,1773100800,28.48,14.95,0.407,184.76,1.161,59.4,1.323,4,0,-1.532,0,1778967669
NVDA,us,1773187200,41.26,18.58,0.589,186.03,0.687,57.4,1.538,14,0,-3.026,-1,1778967669
NVDA,us,1773273600,29.58,16.2,0.423,183.14,-1.554,61.4,1.308,4,0,-2.501,0,1778967669
NVDA,us,1773360000,28.57,14.95,0.408,180.25,-1.578,61.4,1.332,4,0,-4.189,-1,1778967669
NVDA,us,1773619200,32.73,16.2,0.468,183.22,1.648,63.4,1.623,4,0,-4.137,-1,1778967669
NVDA,us,1773705600,28.1,14.32,0.401,181.93,-0.704,63.4,1.348,4,0,-3.699,-1,1778967669
NVDA,us,1773792000,25.42,13.7,0.363,180.4,-0.841,65.3,1.142,4,0,-0.953,0,1778967669
NVDA,us,1773878400,31.15,15.5,0.445,178.56,-1.02,61.4,1.115,10,0,-4.099,-1,1778967669
NVDA,us,1773964800,19.27,9.95,0.275,172.7,-3.282,57.4,0.902,4,0,-2.999,0,1778967669
NVDA,us,1774224000,21.2,11.82,0.303,175.64,1.702,57.4,0.908,4,0,-5.961,-1,1778967669
NVDA,us,1774310400,22.96,14.95,0.328,175.2,-0.251,57.4,0.771,4,0,-0.457,0,1778967669
NVDA,us,1774396800,28.2,20.58,0.403,178.68,1.986,59.4,0.732,4,0,-1.64,0,1778967669
NVDA,us,1774483200,28.18,19.95,0.403,171.24,-4.164,55.4,0.793,4,0,3.591,1,1778967669
NVDA,us,1774569600,21.78,13.08,0.311,167.52,-2.172,57.4,0.84,4,0,6.041,1,1778967669
NVDA,us,1774828800,11.32,4.32,0.162,165.17,-1.403,53.5,0.67,4,0,7.828,1,1778967669
NVDA,us,1774915200,12.45,3.7,0.178,174.4,5.588,55.4,0.845,4,0,4.404,1,1778967669
NVDA,us,1775001600,14.28,5.58,0.204,175.75,0.774,53.5,0.84,4,0,4.643,1,1778967669
NVDA,us,1775088000,15.24,6.82,0.218,177.39,0.933,59.4,0.812,4,0,6.336,1,1778967669
NVDA,us,1775433600,21.7,8.32,0.31,177.64,0.141,55.4,0.958,9,0,6.569,1,1778967669
NVDA,us,1775520000,22.71,9.58,0.324,178.1,0.259,55.4,0.933,9,0,10.337,1,1778967669
NVDA,us,1775606400,30.41,13.25,0.434,182.08,2.235,53.5,0.916,15,0,9.221,1,1778967669
NVDA,us,1775692800,36.49,16.0,0.521,183.91,1.005,51.5,0.899,20,0,7.852,1,1778967669
NVDA,us,1775779200,33.96,11.62,0.485,188.63,2.566,59.4,1.084,20,0,6.918,1,1778967669
NVDA,us,1776038400,30.44,6.0,0.435,189.31,0.36,57.4,1.294,20,0,6.735,1,1778967669
NVDA,us,1776124800,26.06,4.8,0.372,196.51,3.803,63.4,1.256,16,0,1.715,0,1778967669
NVDA,us,1776211200,29.29,4.8,0.418,198.87,1.201,63.4,1.579,16,0,1.825,0,1778967669
NVDA,us,1776297600,29.57,4.8,0.422,198.35,-0.261,67.3,1.607,16,0,0.65,0,1778967669
NVDA,us,1776384000,31.0,4.8,0.443,201.68,1.679,63.4,2.006,16,0,3.268,1,1778967669
NVDA,us,1776643200,31.0,4.8,0.443,202.06,0.188,63.4,2.716,16,0,7.201,1,1778967669
NVDA,us,1776729600,31.0,4.8,0.443,199.88,-1.079,65.3,2.219,16,0,6.649,1,1778967669
NVDA,us,1776816000,31.0,4.8,0.443,202.5,1.311,63.4,2.756,16,0,3.333,1,1778967669
NVDA,us,1776902400,31.0,4.8,0.443,199.64,-1.412,61.4,2.241,16,0,-0.035,0,1778967669
NVDA,us,1776988800,31.0,4.8,0.443,208.27,4.323,65.3,3.097,16,0,-4.715,-1,1778967669
NVDA,us,1777248000,31.0,4.8,0.443,216.61,4.004,75.2,4.566,16,0,-8.37,-1,1778967669
NVDA,us,1777334400,32.88,6.68,0.47,213.17,-1.588,69.3,4.612,16,0,-7.82,-1,1778967669
NVDA,us,1777420800,34.12,7.92,0.487,209.25,-1.839,65.3,3.404,16,0,-0.679,0,1778967669
NVDA,us,1777507200,40.0,11.0,0.571,199.57,-4.626,55.4,2.347,20,0,5.978,1,1778967669
NVDA,us,1777593600,41.25,12.25,0.589,198.45,-0.561,51.5,1.908,20,0,8.44,1,1778967669
NVDA,us,1777852800,42.5,13.5,0.607,198.48,0.015,51.5,1.926,20,0,10.56,1,1778967669
NVDA,us,1777939200,31.39,11.45,0.448,196.5,-0.998,49.5,1.614,9,0,12.356,1,1778967669
NVDA,us,1778025600,44.0,16.0,0.629,207.83,5.766,61.4,1.65,20,0,8.661,1,1778967669
NVDA,us,1778112000,45.08,16.62,0.644,211.5,1.766,63.4,1.696,20,0,11.461,1,1778967669
NVDA,us,1778198400,45.5,17.25,0.65,215.2,1.749,61.4,1.675,20,0,4.703,1,1778967669
GOOGL,us,1763683200,44.38,17.88,0.634,299.2535,3.527,93.1,1.5,20,0,5.082,1,1778967669
GOOGL,us,1763942400,39.39,14.18,0.563,318.1478,6.314,95.0,1.651,16,0,-0.869,0,1778967669
GOOGL,us,1764028800,39.12,12.92,0.559,323.0012,1.526,93.1,2.109,16,0,-1.178,0,1778967669
GOOGL,us,1764115200,40.52,12.25,0.579,319.516,-1.079,91.1,1.677,20,0,-0.728,0,1778967669
GOOGL,us,1764288000,33.89,9.8,0.484,319.7456,0.072,91.1,1.539,16,0,0.34,0,1778967669
GOOGL,us,1764547200,37.18,10.38,0.531,314.4628,-1.652,91.1,1.53,20,0,-0.306,0,1778967669
GOOGL,us,1764633600,34.86,7.88,0.498,315.3815,0.292,89.1,1.548,20,0,0.468,0,1778967669
GOOGL,us,1764720000,32.88,6.68,0.47,319.1964,1.21,91.1,1.82,16,0,0.247,0,1778967669
GOOGL,us,1764806400,30.48,6.05,0.435,317.1891,-0.629,89.1,1.573,16,0,-1.57,0,1778967669
GOOGL,us,1764892800,30.25,6.05,0.432,320.8341,1.149,91.1,1.55,16,0,-3.666,-1,1778967669
GOOGL,us,1765152000,38.64,11.62,0.552,313.4993,-2.286,91.1,1.552,20,0,-1.753,0,1778967669
GOOGL,us,1765238400,35.92,11.68,0.513,316.8569,1.071,89.1,1.554,16,0,-3.315,-1,1778967669
GOOGL,us,1765324800,40.92,13.5,0.585,319.9847,0.987,91.1,1.592,20,0,-7.336,-1,1778967669
GOOGL,us,1765411200,43.29,16.62,0.618,312.2102,-2.43,87.1,1.517,20,0,-3.191,-1,1778967669
GOOGL,us,1765497600,45.53,19.12,0.65,309.0724,-1.005,89.1,1.491,20,0,-0.689,0,1778967669
GOOGL,us,1765756800,37.76,18.95,0.539,308.0032,-0.346,89.1,1.501,9,0,0.506,0,1778967669
GOOGL,us,1765843200,37.21,20.82,0.532,306.3543,-0.535,89.1,1.259,9,0,2.538,0,1778967669
GOOGL,us,1765929600,37.37,20.82,0.534,296.5113,-3.213,89.1,1.275,9,0,5.854,1,1778967669
GOOGL,us,1766016000,37.14,21.45,0.531,302.2472,1.934,87.1,1.189,9,0,3.653,1,1778967669
GOOGL,us,1766102400,41.71,22.08,0.596,306.9439,1.554,87.1,1.583,9,0,2.084,0,1778967669
GOOGL,us,1766361600,40.3,22.08,0.576,309.5621,0.853,87.1,1.442,9,0,1.314,0,1778967669
GOOGL,us,1766448000,43.54,23.58,0.622,314.1289,1.475,87.1,1.266,14,0,-0.429,0,1778967669
GOOGL,us,1766534400,40.65,23.58,0.581,313.869,-0.083,87.1,0.977,14,0,0.337,0,1778967669
GOOGL,us,1766707200,41.92,23.58,0.599,313.2895,-0.185,89.1,1.104,14,0,0.966,0,1778967669
GOOGL,us,1766966400,41.72,23.58,0.596,313.3394,0.016,89.1,1.084,14,0,0.249,0,1778967669
GOOGL,us,1767052800,44.03,23.58,0.629,313.6292,0.092,89.1,1.315,14,0,2.59,0,1778967669
GOOGL,us,1767139200,42.01,23.58,0.6,312.7798,-0.271,89.1,1.113,14,0,3.974,1,1778967669
GOOGL,us,1767312000,47.67,25.38,0.681,314.9283,0.687,89.1,1.079,20,0,4.258,1,1778967669
GOOGL,us,1767571200,50.19,25.38,0.717,316.3174,0.441,91.1,1.331,20,0,4.84,1,1778967669
GOOGL,us,1767657600,47.71,25.38,0.682,314.1189,-0.695,87.1,1.083,20,0,6.881,1,1778967669
GOOGL,us,1767744000,48.7,23.5,0.696,321.7535,2.43,89.1,1.37,20,0,4.305,1,1778967669
GOOGL,us,1767830400,41.02,18.55,0.586,325.2111,1.075,91.1,1.377,16,0,2.255,0,1778967669
GOOGL,us,1767916800,38.86,16.68,0.555,328.3389,0.962,91.1,1.348,16,0,0.435,0,1778967669
GOOGL,us,1768176000,41.62,15.42,0.595,331.6265,1.001,89.1,1.785,16,0,-2.971,0,1778967669
GOOGL,us,1768262400,40.38,14.18,0.577,335.7337,1.238,89.1,2.353,16,0,-2.259,0,1778967669
GOOGL,us,1768348800,39.12,12.92,0.559,335.6038,-0.039,89.1,2.361,16,0,-1.578,0,1778967669
GOOGL,us,1768435200,38.5,12.3,0.55,332.5459,-0.911,89.1,2.391,16,0,-1.457,0,1778967669
GOOGL,us,1768521600,39.75,13.55,0.568,329.7679,-0.835,89.1,2.443,16,0,0.988,0,1778967669
GOOGL,us,1768867200,45.0,16.0,0.643,321.7735,-2.424,89.1,1.847,20,0,3.898,1,1778967669
GOOGL,us,1768953600,44.75,16.0,0.639,328.149,1.981,87.1,1.725,20,0,2.324,0,1778967669
GOOGL,us,1769040000,45.36,16.62,0.648,330.3075,0.658,87.1,1.724,20,0,2.333,0,1778967669
GOOGL,us,1769126400,42.19,16.62,0.603,327.6993,-0.79,89.1,1.407,20,0,3.071,1,1778967669
GOOGL,us,1769385600,44.03,16.62,0.629,333.0256,1.625,89.1,1.591,20,0,3.13,1,1778967669
GOOGL,us,1769472000,45.62,16.62,0.652,334.3146,0.387,89.1,1.779,20,0,1.542,0,1778967669
GOOGL,us,1769558400,45.62,16.62,0.652,335.7737,0.436,89.1,1.816,20,0,-0.884,0,1778967669
GOOGL,us,1769644800,46.25,17.25,0.661,338.0121,0.667,89.1,1.924,20,0,-2.069,0,1778967669
GOOGL,us,1769731200,46.88,17.88,0.67,337.7622,-0.074,91.1,1.798,20,0,-4.479,-1,1778967669
GOOGL,us,1769990400,46.88,17.88,0.67,343.4482,1.683,91.1,1.798,20,0,-5.636,-1,1778967669
GOOGL,us,1770076800,44.89,19.12,0.641,339.471,-1.158,89.1,1.427,20,0,-6.22,-1,1778967669
GOOGL,us,1770163200,43.27,23.58,0.618,332.8057,-1.963,87.1,1.239,14,0,-6.63,-1,1778967669
GOOGL,us,1770249600,34.53,22.08,0.493,331.017,-0.537,89.1,0.865,9,0,-6.717,-1,1778967669
GOOGL,us,1770336000,32.08,21.45,0.458,322.6329,-2.533,87.1,0.683,9,0,-5.309,-1,1778967669
GOOGL,us,1770595200,37.75,22.62,0.539,324.0919,0.452,87.1,0.713,15,0,-6.876,-1,1778967669
GOOGL,us,1770681600,25.47,15.82,0.364,318.3559,-1.77,87.1,0.585,9,0,-4.787,-1,1778967669
GOOGL,us,1770768000,14.33,9.32,0.205,310.7412,-2.392,83.2,0.471,4,0,-2.608,0,1778967669
GOOGL,us,1770854400,9.16,4.32,0.131,308.7826,-0.63,81.2,0.454,4,0,1.935,0,1778967669
GOOGL,us,1770940800,7.21,2.45,0.103,305.5049,-1.061,81.2,0.446,4,0,1.887,0,1778967669
GOOGL,us,1771286400,5.97,1.2,0.085,301.8075,-1.21,83.2,0.447,4,0,2.94,0,1778967669
GOOGL,us,1771372800,6.82,1.2,0.097,303.1166,0.434,83.2,0.532,4,0,3.155,1,1778967669
GOOGL,us,1771459200,5.92,1.2,0.085,302.637,-0.158,81.2,0.442,4,0,1.496,0,1778967669
GOOGL,us,1771545600,6.41,1.2,0.092,314.7584,4.005,83.2,0.491,4,0,-1.022,0,1778967669
GOOGL,us,1771804800,6.38,1.2,0.091,311.2709,-1.108,81.2,0.488,4,0,-1.596,0,1778967669
GOOGL,us,1771891200,5.71,1.2,0.082,310.6813,-0.189,81.2,0.421,4,0,-2.354,0,1778967669
GOOGL,us,1771977600,7.1,2.45,0.101,312.6799,0.643,83.2,0.435,4,0,-3.122,-1,1778967669
GOOGL,us,1772064000,7.64,3.7,0.109,307.1638,-1.764,81.2,0.364,4,0,-2.115,0,1778967669
GOOGL,us,1772150400,8.97,4.95,0.128,311.5407,1.425,83.2,0.372,4,0,-4.247,-1,1778967669
GOOGL,us,1772409600,10.2,6.2,0.146,306.3044,-1.681,79.2,0.37,4,0,0.018,0,1778967669
GOOGL,us,1772496000,10.76,7.45,0.154,303.3664,-0.959,79.2,0.301,4,0,1.211,0,1778967669
GOOGL,us,1772582400,12.66,9.32,0.181,302.9168,-0.148,79.2,0.304,4,0,1.909,0,1778967669
GOOGL,us,1772668800,14.71,11.2,0.21,300.6683,-0.742,79.2,0.321,4,0,0.958,0,1778967669
GOOGL,us,1772755200,19.46,15.58,0.278,298.31,-0.784,77.2,0.358,4,0,1.331,0,1778967669
GOOGL,us,1773014400,28.34,19.25,0.405,306.36,2.699,77.2,0.459,10,0,-0.261,0,1778967669
GOOGL,us,1773100800,29.88,21.12,0.427,307.04,0.222,77.2,0.426,10,0,1.264,0,1778967669
GOOGL,us,1773187200,37.04,23.88,0.529,308.7,0.541,77.2,0.516,15,0,-0.327,0,1778967669
GOOGL,us,1773273600,26.29,20.58,0.376,303.55,-1.668,77.2,0.541,4,0,1.179,0,1778967669
GOOGL,us,1773360000,25.35,19.32,0.362,302.28,-0.418,77.2,0.573,4,0,-0.423,0,1778967669
GOOGL,us,1773619200,26.58,19.32,0.38,305.56,1.085,81.2,0.696,4,0,-1.145,0,1778967669
GOOGL,us,1773705600,31.84,19.58,0.455,310.92,1.754,81.2,0.846,9,0,-6.587,-1,1778967669
GOOGL,us,1773792000,39.04,23.88,0.558,307.69,-1.039,81.2,0.716,15,0,-5.447,-1,1778967669
GOOGL,us,1773878400,33.06,22.08,0.472,307.13,-0.182,81.2,0.718,9,0,-8.534,-1,1778967669
GOOGL,us,1773964800,25.89,20.58,0.37,301.0,-1.996,81.2,0.501,4,0,-8.857,-1,1778967669
GOOGL,us,1774224000,27.14,20.58,0.388,302.06,0.352,83.2,0.626,4,0,-9.455,-1,1778967669
GOOGL,us,1774310400,20.69,14.32,0.296,290.44,-3.847,77.2,0.607,4,0,-0.992,0,1778967669
GOOGL,us,1774396800,19.44,13.08,0.278,290.93,0.169,75.2,0.606,4,0,2.22,0,1778967669
GOOGL,us,1774483200,16.89,10.58,0.241,280.92,-3.441,75.2,0.601,4,0,5.286,1,1778967669
GOOGL,us,1774569600,13.4,8.7,0.191,274.34,-2.342,75.2,0.44,4,0,9.35,1,1778967669
GOOGL,us,1774828800,11.52,6.82,0.165,273.5,-0.306,75.2,0.44,4,0,11.686,1,1778967669
GOOGL,us,1774915200,13.1,6.82,0.187,287.56,5.141,77.2,0.598,4,0,10.349,1,1778967669
GOOGL,us,1775001600,15.33,7.45,0.219,297.39,3.418,77.2,0.758,4,0,7.095,1,1778967669
GOOGL,us,1775088000,16.28,8.08,0.233,295.77,-0.545,75.2,0.79,4,0,7.259,1,1778967669
GOOGL,us,1775433600,21.23,8.32,0.303,299.99,1.427,79.2,0.911,9,0,7.107,1,1778967669
GOOGL,us,1775520000,22.29,9.58,0.318,305.46,1.823,79.2,0.891,9,0,8.986,1,1778967669
GOOGL,us,1775606400,29.87,9.12,0.427,317.32,3.883,79.2,0.925,20,0,6.24,1,1778967669
GOOGL,us,1775692800,28.62,7.88,0.409,318.49,0.369,79.2,0.924,20,0,5.504,1,1778967669
GOOGL,us,1775779200,26.91,6.0,0.384,317.24,-0.392,79.2,0.941,20,0,7.704,1,1778967669
GOOGL,us,1776038400,28.4,6.0,0.406,321.31,1.283,81.2,1.09,20,0,5.014,1,1778967669
GOOGL,us,1776124800,24.55,4.8,0.351,332.91,3.61,81.2,1.105,16,0,-0.186,0,1778967669
GOOGL,us,1776211200,24.66,4.8,0.352,337.12,1.265,81.2,1.116,16,0,0.653,0,1778967669
GOOGL,us,1776297600,24.63,4.8,0.352,336.02,-0.326,81.2,1.113,16,0,0.854,0,1778967669
GOOGL,us,1776384000,26.75,4.8,0.382,341.68,1.684,81.2,1.325,16,0,0.796,0,1778967669
GOOGL,us,1776643200,28.24,4.8,0.403,337.42,-1.247,81.2,1.474,16,0,3.829,1,1778967669
GOOGL,us,1776729600,25.71,4.8,0.367,332.29,-1.52,81.2,1.221,16,0,5.263,1,1778967669
GOOGL,us,1776816000,28.77,4.8,0.411,339.32,2.116,77.2,1.527,16,0,3.13,1,1778967669
GOOGL,us,1776902400,26.27,4.8,0.375,338.89,-0.127,79.2,1.277,16,0,13.547,1,1778967669
GOOGL,us,1776988800,32.11,6.68,0.459,344.4,1.626,79.2,1.673,16,0,11.989,1,1778967669
GOOGL,us,1777248000,34.75,8.55,0.496,350.34,1.725,81.2,2.237,16,0,9.394,1,1778967669
GOOGL,us,1777334400,36.0,9.8,0.514,349.78,-0.16,81.2,2.347,16,0,11.05,1,1778967669
GOOGL,us,1777420800,37.25,11.05,0.532,349.94,0.046,81.2,2.29,16,0,13.745,1,1778967669
GOOGL,us,1777507200,36.0,9.8,0.514,384.8,9.962,81.2,2.519,16,0,3.428,1,1778967669
GOOGL,us,1777593600,35.38,9.18,0.505,385.69,0.231,81.2,3.18,16,0,3.918,1,1778967669
GOOGL,us,1777852800,35.38,9.18,0.505,383.25,-0.633,81.2,2.529,16,0,1.406,0,1778967669
GOOGL,us,1777939200,35.38,9.18,0.505,388.43,1.352,81.2,2.533,16,0,-0.278,0,1778967669
GOOGL,us,1778025600,34.12,7.92,0.487,398.04,2.474,81.2,2.519,16,0,1.151,0,1778967669
GOOGL,us,1778112000,32.25,6.05,0.461,397.99,-0.013,79.2,2.042,16,0,0.774,0,1778967669
GOOGL,us,1778198400,31.0,4.8,0.443,400.8,0.706,79.2,2.421,16,0,-1.003,0,1778967669
META,us,1763683200,9.56,4.95,0.137,593.2578,0.866,2.0,0.431,4,0,7.845,1,1778967669
META,us,1763942400,12.39,7.45,0.177,612.0264,3.164,2.0,0.464,4,0,5.554,1,1778967669
META,us,1764028800,26.23,13.25,0.375,635.1577,3.779,7.9,0.498,15,0,0.531,0,1778967669
META,us,1764115200,28.48,16.38,0.407,632.5521,-0.41,2.0,0.41,15,0,4.407,1,1778967669
META,us,1764288000,30.67,17.0,0.438,646.8682,2.263,2.0,0.567,15,0,3.931,1,1778967669
META,us,1764547200,32.25,17.62,0.461,639.7999,-1.093,5.9,0.663,15,0,4.046,1,1778967669
META,us,1764633600,32.5,16.38,0.464,646.0195,0.972,5.9,0.812,15,0,1.524,0,1778967669
META,us,1764720000,33.14,16.38,0.473,638.532,-1.159,2.0,0.876,15,0,1.646,0,1778967669
META,us,1764806400,28.97,14.55,0.414,660.4255,3.429,4.0,0.922,11,0,-1.333,0,1778967669
META,us,1764892800,30.66,13.92,0.438,672.2956,1.797,7.9,1.154,11,0,-4.335,-1,1778967669
META,us,1765152000,28.38,13.92,0.405,665.6866,-0.983,4.0,0.926,11,0,-2.814,0,1778967669
META,us,1765238400,26.9,13.92,0.384,655.8632,-1.476,5.9,0.778,11,0,0.111,0,1778967669
META,us,1765324800,26.77,13.92,0.382,649.0445,-1.04,4.0,0.765,11,0,-0.015,0,1778967669
META,us,1765411200,28.44,13.92,0.406,651.6202,0.397,5.9,0.932,11,0,1.882,0,1778967669
META,us,1765497600,32.04,16.38,0.458,643.1544,-1.299,2.0,0.766,15,0,2.34,0,1778967669
META,us,1765756800,34.99,17.62,0.5,646.9561,0.591,7.9,0.937,15,0,2.161,0,1778967669
META,us,1765843200,38.03,18.88,0.543,656.5879,1.489,9.9,1.115,15,0,1.185,0,1778967669
META,us,1765929600,39.97,20.12,0.571,648.9444,-1.164,7.9,1.185,15,0,2.779,0,1778967669
META,us,1766016000,43.7,20.12,0.624,663.8816,2.302,9.9,1.558,15,0,-0.175,0,1778967669
META,us,1766102400,44.64,23.88,0.638,658.2065,-0.855,11.9,1.276,15,0,-0.012,0,1778967669
META,us,1766361600,44.31,23.88,0.633,660.9341,0.414,11.9,1.243,15,0,0.673,0,1778967669
META,us,1766448000,43.38,23.88,0.62,664.3712,0.52,11.9,1.15,15,0,-0.729,0,1778967669
META,us,1766534400,42.17,23.88,0.602,666.9789,0.393,11.9,1.029,15,0,-2.568,0,1778967669
META,us,1766707200,36.71,22.08,0.524,662.7226,-0.638,11.9,1.083,9,0,-0.678,0,1778967669
META,us,1766966400,35.46,22.08,0.507,658.1265,-0.694,11.9,0.958,9,0,0.293,0,1778967669
META,us,1767052800,47.91,25.38,0.684,665.3803,1.102,11.9,1.103,20,0,-2.592,0,1778967669
META,us,1767139200,41.62,23.88,0.595,659.5253,-0.88,11.9,0.974,15,0,-2.125,0,1778967669
META,us,1767312000,30.46,20.58,0.435,649.8536,-1.466,11.9,0.958,4,0,0.407,0,1778967669
META,us,1767571200,40.35,23.88,0.576,658.2264,1.288,11.9,0.847,15,0,-2.553,0,1778967669
META,us,1767657600,39.72,23.88,0.567,660.0549,0.278,11.9,0.784,15,0,-4.47,-1,1778967669
META,us,1767744000,28.11,19.95,0.402,648.1351,-1.806,11.9,0.786,4,0,-5.113,-1,1778967669
META,us,1767830400,27.53,19.32,0.393,645.5073,-0.405,11.9,0.791,4,0,-3.91,-1,1778967669
META,us,1767916800,29.29,19.32,0.418,652.5013,1.083,11.9,0.967,4,0,-5.024,-1,1778967669
META,us,1768176000,25.05,16.82,0.358,641.4208,-1.698,9.9,0.793,4,0,-5.896,-1,1778967669
META,us,1768262400,22.98,14.95,0.328,630.5502,-1.695,9.9,0.773,4,0,-2.873,0,1778967669
META,us,1768348800,18.28,11.82,0.261,614.9935,-2.467,9.9,0.616,4,0,5.217,1,1778967669
META,us,1768435200,16.97,10.58,0.242,620.2689,0.858,9.9,0.609,4,0,6.115,1,1778967669
META,us,1768521600,16.29,9.95,0.233,619.7194,-0.089,9.9,0.604,4,0,8.401,1,1778967669
META,us,1768867200,13.52,8.7,0.193,603.6032,-2.601,9.9,0.452,4,0,11.397,1,1778967669
META,us,1768953600,15.49,8.08,0.221,612.4357,1.463,9.9,0.711,4,0,9.098,1,1778967669
META,us,1769040000,25.9,11.08,0.37,647.076,5.656,11.9,0.752,14,0,14.002,1,1778967669
META,us,1769126400,32.9,12.88,0.47,658.1965,1.719,13.9,0.852,20,0,8.765,1,1778967669
META,us,1769385600,32.39,11.62,0.463,671.7848,2.064,13.9,0.927,20,0,5.064,1,1778967669
META,us,1769472000,32.62,10.38,0.466,672.3943,0.091,19.8,1.074,20,0,2.783,0,1778967669
META,us,1769558400,30.78,9.75,0.44,668.1579,-0.63,15.8,0.953,20,0,0.039,0,1778967669
META,us,1769644800,26.35,4.8,0.376,737.6784,10.405,41.6,1.285,16,0,-9.224,-1,1778967669
META,us,1769731200,29.14,6.0,0.416,715.8871,-2.954,41.6,1.164,20,0,-7.682,-1,1778967669
META,us,1769990400,29.1,6.0,0.416,705.8057,-1.408,47.5,1.16,20,0,-4.132,-1,1778967669
META,us,1770076800,27.56,6.0,0.394,691.1083,-2.082,47.5,1.006,20,0,-3.033,-1,1778967669
META,us,1770163200,26.15,6.0,0.374,668.4177,-3.283,43.6,0.865,20,0,-0.045,0,1778967669
META,us,1770249600,27.67,6.0,0.395,669.6367,0.182,53.5,1.017,20,0,-3.044,-1,1778967669
META,us,1770336000,29.22,7.88,0.417,660.8942,-1.306,41.6,0.984,20,0,-3.279,-1,1778967669
META,us,1770595200,28.75,7.25,0.411,676.6406,2.383,45.5,1.0,20,0,-5.601,-1,1778967669
META,us,1770681600,30.85,9.12,0.441,670.1462,-0.96,43.6,1.023,20,0,-4.1,-1,1778967669
META,us,1770768000,32.32,10.38,0.462,668.118,-0.303,43.6,1.044,20,0,-3.576,-1,1778967669
META,us,1770854400,16.97,6.2,0.242,649.2542,-2.823,43.6,1.047,4,0,0.9,0,1778967669
META,us,1770940800,16.9,7.45,0.241,639.2227,-1.545,41.6,0.915,4,0,-0.394,0,1778967669
META,us,1771286400,17.74,8.08,0.253,638.7431,-0.075,41.6,0.936,4,0,0.002,0,1778967669
META,us,1771372800,20.6,9.32,0.294,642.6697,0.615,41.6,1.098,4,0,1.628,0,1778967669
META,us,1771459200,20.98,9.95,0.3,644.2285,0.243,43.6,1.073,4,0,1.897,0,1778967669
META,us,1771545600,26.2,12.08,0.374,655.0991,1.687,45.5,1.032,9,0,-1.141,0,1778967669
META,us,1771804800,18.87,9.95,0.27,636.7049,-2.808,45.5,0.862,4,0,2.559,0,1778967669
META,us,1771891200,18.54,9.95,0.265,638.7531,0.322,45.5,0.829,4,0,2.468,0,1778967669
META,us,1771977600,18.43,9.95,0.263,653.1308,2.251,45.5,0.818,4,0,2.148,0,1778967669
META,us,1772064000,25.41,11.45,0.363,656.448,0.508,45.5,1.016,9,0,0.542,0,1778967669
META,us,1772150400,19.85,13.7,0.284,647.6255,-1.344,41.6,0.585,4,0,-0.512,0,1778967669
META,us,1772409600,26.41,18.7,0.377,653.0009,0.83,43.6,0.741,4,0,-0.944,0,1778967669
META,us,1772496000,29.95,20.58,0.428,654.5197,0.233,45.5,0.907,4,0,-0.154,0,1778967669
META,us,1772582400,41.83,23.58,0.598,667.1588,1.931,47.5,1.095,14,0,-1.927,0,1778967669
META,us,1772668800,48.15,25.38,0.688,660.0049,-1.072,39.6,1.127,20,0,-3.389,-1,1778967669
META,us,1772755200,35.76,22.38,0.511,644.3083,-2.378,39.6,0.888,10,0,-4.831,-1,1778967669
META,us,1773014400,38.32,22.38,0.547,646.8362,0.392,33.7,1.144,10,0,-2.997,0,1778967669
META,us,1773100800,42.89,23.88,0.613,653.5105,1.032,41.6,1.101,15,0,-4.721,-1,1778967669
META,us,1773187200,44.84,23.88,0.641,654.2998,0.121,41.6,1.296,15,0,-5.902,-1,1778967669
META,us,1773273600,34.18,20.58,0.488,637.6341,-2.547,39.6,1.33,4,0,-4.851,-1,1778967669
META,us,1773360000,31.18,18.08,0.445,613.185,-3.834,33.7,1.28,4,0,-3.184,-1,1778967669
META,us,1773619200,32.59,16.2,0.466,627.45,2.326,37.6,1.609,4,0,-3.728,-1,1778967669
META,us,1773705600,31.75,14.95,0.454,622.66,-0.763,35.6,1.65,4,0,-4.776,-1,1778967669
META,us,1773792000,27.21,13.7,0.389,615.68,-1.121,37.6,1.321,4,0,-3.377,-1,1778967669
META,us,1773878400,24.23,13.08,0.346,606.7,-1.459,33.7,1.085,4,0,-9.751,-1,1778967669
META,us,1773964800,20.27,11.82,0.29,593.66,-2.149,33.7,0.815,4,0,-11.444,-1,1778967669
META,us,1774224000,21.25,11.2,0.304,604.06,1.752,33.7,0.975,4,0,-11.204,-1,1778967669
META,us,1774310400,18.53,9.95,0.265,592.92,-1.844,35.6,0.828,4,0,-3.506,-1,1778967669
META,us,1774396800,16.75,8.08,0.239,594.89,0.332,35.6,0.837,4,0,-2.632,0,1778967669
META,us,1774483200,10.06,3.7,0.144,547.54,-7.959,25.7,0.606,4,0,4.917,1,1778967669
META,us,1774569600,7.1,1.2,0.101,525.72,-3.985,27.7,0.56,4,0,8.997,1,1778967669
META,us,1774828800,7.78,1.2,0.111,536.38,2.028,29.7,0.628,4,0,7.209,1,1778967669
META,us,1774915200,8.87,1.2,0.127,572.13,6.665,33.7,0.737,4,0,7.042,1,1778967669
META,us,1775001600,10.79,2.45,0.154,579.23,1.241,33.7,0.804,4,0,8.487,1,1778967669
META,us,1775088000,11.41,3.08,0.163,574.46,-0.823,33.7,0.803,4,0,9.644,1,1778967669
META,us,1775433600,12.19,3.7,0.174,573.02,-0.251,33.7,0.819,4,0,10.734,1,1778967669
META,us,1775520000,13.23,4.95,0.189,575.05,0.354,33.7,0.798,4,0,15.206,1,1778967669
META,us,1775606400,20.05,7.08,0.286,612.42,6.499,37.6,0.917,9,0,9.66,1,1778967669
META,us,1775692800,27.21,9.5,0.389,628.39,2.608,45.5,0.971,15,0,7.715,1,1778967669
META,us,1775779200,29.23,10.12,0.418,629.86,0.234,45.5,1.111,15,0,9.318,1,1778967669
META,us,1776038400,35.57,11.0,0.508,634.53,0.741,45.5,1.307,20,0,5.733,1,1778967669
META,us,1776124800,35.12,10.38,0.502,662.49,4.406,45.5,1.324,20,0,0.959,0,1778967669
META,us,1776211200,34.58,7.88,0.494,671.58,1.372,43.6,1.52,20,0,0.468,0,1778967669
META,us,1776297600,30.74,4.8,0.439,676.87,0.788,49.5,1.724,16,0,-2.618,0,1778967669
META,us,1776384000,31.0,4.8,0.443,688.55,1.726,45.5,2.048,16,0,-1.964,0,1778967669
META,us,1776643200,31.0,4.8,0.443,670.91,-2.562,43.6,2.206,16,0,1.149,0,1778967669
META,us,1776729600,31.0,4.8,0.443,668.84,-0.309,41.6,1.935,16,0,0.374,0,1778967669
META,us,1776816000,31.0,4.8,0.443,674.72,0.879,45.5,2.208,16,0,-0.83,0,1778967669
META,us,1776902400,31.0,4.8,0.443,659.15,-2.308,41.6,1.893,16,0,-7.167,-1,1778967669
META,us,1776988800,32.25,6.05,0.461,675.03,2.409,45.5,2.835,16,0,-9.819,-1,1778967669
META,us,1777248000,34.75,8.55,0.496,678.62,0.532,39.6,4.593,16,0,-10.051,-1,1778967669
META,us,1777334400,37.25,11.05,0.532,671.34,-1.073,37.6,3.518,16,0,-9.888,-1,1778967669
META,us,1777420800,43.75,14.75,0.625,669.12,-0.331,33.7,2.353,20,0,-8.405,-1,1778967669
META,us,1777507200,25.59,12.45,0.366,611.91,-8.55,21.8,1.284,4,0,0.801,0,1778967669
META,us,1777593600,26.76,14.32,0.382,608.75,-0.516,19.8,1.214,4,0,0.145,0,1778967669
META,us,1777852800,31.3,16.82,0.447,610.41,0.273,23.8,1.418,4,0,-1.892,0,1778967669
META,us,1777939200,30.35,18.08,0.434,604.96,-0.893,21.8,1.197,4,0,-0.324,0,1778967669
META,us,1778025600,30.18,18.7,0.431,612.88,1.309,25.7,1.118,4,0,0.612,0,1778967669
META,us,1778112000,29.13,18.08,0.416,616.81,0.641,25.7,1.075,4,0,0.263,0,1778967669
META,us,1778198400,27.46,18.08,0.392,609.63,-1.164,27.7,0.908,4,0,0.755,0,1778967669
AMZN,us,1763683200,21.09,6.82,0.301,220.69,1.635,35.6,1.397,4,0,5.977,1,1778967669
AMZN,us,1763942400,21.42,6.82,0.306,226.28,2.533,39.6,1.43,4,0,3.597,1,1778967669
AMZN,us,1764028800,26.89,8.95,0.384,229.67,1.498,43.6,1.414,9,0,1.18,0,1778967669
AMZN,us,1764115200,24.22,8.32,0.346,229.16,-0.222,45.5,1.21,9,0,-0.022,0,1778967669
AMZN,us,1764288000,32.04,12.7,0.458,233.22,1.772,47.5,1.554,9,0,-1.582,0,1778967669
AMZN,us,1764547200,29.71,13.32,0.424,233.88,0.283,47.5,1.259,9,0,-2.989,0,1778967669
AMZN,us,1764633600,30.39,15.2,0.434,234.42,0.231,47.5,1.139,9,0,-2.773,0,1778967669
AMZN,us,1764720000,31.46,15.82,0.449,232.38,-0.87,43.6,1.184,9,0,-0.258,0,1778967669
AMZN,us,1764806400,29.98,16.45,0.428,229.11,-1.407,37.6,0.973,9,0,0.511,0,1778967669
AMZN,us,1764892800,32.55,17.08,0.465,229.53,0.183,35.6,1.167,9,0,-1.455,0,1778967669
AMZN,us,1765152000,26.17,16.2,0.374,226.89,-1.15,33.7,0.967,4,0,-1.917,0,1778967669
AMZN,us,1765238400,32.55,18.62,0.465,227.92,0.454,37.6,0.943,10,0,-2.352,0,1778967669
AMZN,us,1765324800,44.16,22.88,0.631,231.78,1.694,37.6,0.978,20,0,-4.534,-1,1778967669
AMZN,us,1765411200,44.84,23.5,0.641,230.28,-0.647,35.6,0.984,20,0,-1.529,0,1778967669
AMZN,us,1765497600,36.85,22.38,0.526,226.19,-1.776,31.7,0.997,10,0,0.513,0,1778967669
AMZN,us,1765756800,30.66,20.58,0.438,222.54,-1.614,25.7,0.978,4,0,2.647,0,1778967669
AMZN,us,1765843200,32.63,19.95,0.466,222.56,0.009,29.7,1.238,4,0,4.304,1,1778967669
AMZN,us,1765929600,31.95,18.7,0.456,221.27,-0.58,31.7,1.295,4,0,5.021,1,1778967669
AMZN,us,1766016000,33.61,20.58,0.48,226.76,2.481,35.6,1.273,4,0,2.54,0,1778967669
AMZN,us,1766102400,38.38,20.58,0.548,227.35,0.26,37.6,1.755,4,0,2.076,0,1778967669
AMZN,us,1766361600,42.27,22.08,0.604,228.43,0.475,37.6,1.639,9,0,1.795,0,1778967669
AMZN,us,1766448000,45.83,22.95,0.655,232.14,1.624,41.6,1.558,14,0,-0.569,0,1778967669
AMZN,us,1766534400,50.29,24.12,0.718,232.38,0.103,41.6,1.467,20,0,-2.53,0,1778967669
AMZN,us,1766707200,52.34,23.5,0.748,232.52,0.06,39.6,1.734,20,0,0.232,0,1778967669
AMZN,us,1766966400,50.47,23.5,0.721,232.07,-0.194,39.6,1.547,20,0,3.818,1,1778967669
AMZN,us,1767052800,50.37,24.12,0.72,232.53,0.198,43.6,1.475,20,0,3.883,1,1778967669
AMZN,us,1767139200,43.04,23.58,0.615,230.82,-0.735,43.6,1.216,14,0,6.702,1,1778967669
AMZN,us,1767312000,32.45,20.58,0.464,226.5,-1.872,41.6,1.157,4,0,9.219,1,1778967669
AMZN,us,1767571200,50.78,24.12,0.725,233.06,2.896,47.5,1.516,20,0,5.754,1,1778967669
AMZN,us,1767657600,42.5,17.92,0.607,240.93,3.377,49.5,1.588,16,0,0.693,0,1778967669
AMZN,us,1767744000,39.75,13.55,0.568,241.56,0.261,45.5,1.978,16,0,-2.033,0,1778967669
AMZN,us,1767830400,38.5,12.3,0.55,246.29,1.958,59.4,2.033,16,0,-3.293,-1,1778967669
AMZN,us,1767916800,37.88,11.68,0.541,247.38,0.443,59.4,2.016,16,0,-3.339,-1,1778967669
AMZN,us,1768176000,36.62,10.42,0.523,246.47,-0.368,61.4,1.957,16,0,-6.277,-1,1778967669
AMZN,us,1768262400,40.0,11.0,0.571,242.6,-1.57,61.4,1.936,20,0,-4.654,-1,1778967669
AMZN,us,1768348800,40.62,11.62,0.58,236.65,-2.453,57.4,1.981,20,0,-0.976,0,1778967669
AMZN,us,1768435200,41.88,12.88,0.598,238.18,0.647,59.4,1.995,20,0,0.411,0,1778967669
AMZN,us,1768521600,41.88,12.88,0.598,239.12,0.395,57.4,2.628,20,0,-0.293,0,1778967669
AMZN,us,1768867200,26.5,8.7,0.379,231.0,-3.396,55.4,1.95,4,0,5.922,1,1778967669
AMZN,us,1768953600,27.12,9.32,0.387,231.31,0.134,53.5,1.802,4,0,5.058,1,1778967669
AMZN,us,1769040000,38.12,12.62,0.545,234.34,1.31,53.5,1.801,15,0,3.154,1,1778967669
AMZN,us,1769126400,43.12,14.12,0.616,239.16,2.057,63.4,1.818,20,0,0.059,0,1778967669
AMZN,us,1769385600,41.37,14.12,0.591,238.42,-0.309,59.4,1.575,20,0,1.904,0,1778967669
AMZN,us,1769472000,40.88,12.88,0.584,244.68,2.626,67.3,1.65,20,0,-2.477,0,1778967669
AMZN,us,1769558400,40.39,13.5,0.577,243.01,-0.683,67.3,1.539,20,0,-4.123,-1,1778967669
AMZN,us,1769644800,33.01,12.95,0.472,241.73,-0.527,63.4,1.276,14,0,-7.877,-1,1778967669
AMZN,us,1769731200,32.9,13.58,0.47,239.3,-1.005,61.4,1.202,14,0,-12.11,-1,1778967669
AMZN,us,1769990400,39.03,16.7,0.558,242.96,1.529,65.3,1.503,14,0,-14.093,-1,1778967669
AMZN,us,1770076800,31.25,15.82,0.446,238.62,-1.786,57.4,1.163,9,0,-13.268,-1,1778967669
AMZN,us,1770163200,21.78,12.45,0.311,232.99,-2.359,53.5,0.903,4,0,-12.408,-1,1778967669
AMZN,us,1770249600,13.63,6.82,0.195,222.69,-4.421,43.6,0.651,4,0,-10.369,-1,1778967669
AMZN,us,1770336000,5.84,1.2,0.083,210.32,-5.555,33.7,0.434,4,0,-5.482,-1,1778967669
AMZN,us,1770595200,4.93,1.2,0.07,208.72,-0.761,33.7,0.343,4,0,-3.627,-1,1778967669
AMZN,us,1770681600,4.8,1.2,0.069,206.96,-0.843,29.7,0.33,4,0,-1.049,0,1778967669
AMZN,us,1770768000,4.69,1.2,0.067,204.08,-1.392,27.7,0.319,4,0,0.382,0,1778967669
AMZN,us,1770854400,4.55,1.2,0.065,199.6,-2.195,29.7,0.305,4,0,5.266,1,1778967669
AMZN,us,1770940800,4.0,1.2,0.057,198.79,-0.406,27.7,0.24,4,0,3.26,1,1778967669
AMZN,us,1771286400,4.14,1.2,0.059,201.15,1.187,29.7,0.264,4,0,3.684,1,1778967669
AMZN,us,1771372800,4.83,1.2,0.069,204.79,1.81,31.7,0.333,4,0,2.857,0,1778967669
AMZN,us,1771459200,4.7,1.2,0.067,204.86,0.034,31.7,0.32,4,0,1.494,0,1778967669
AMZN,us,1771545600,5.07,1.2,0.072,210.11,2.563,37.6,0.357,4,0,-0.052,0,1778967669
AMZN,us,1771804800,5.15,1.82,0.074,205.27,-2.304,41.6,0.303,4,0,1.52,0,1778967669
AMZN,us,1771891200,6.95,3.08,0.099,208.56,1.603,43.6,0.357,4,0,0.082,0,1778967669
AMZN,us,1771977600,8.22,4.32,0.117,210.64,0.997,43.6,0.36,4,0,2.934,0,1778967669
AMZN,us,1772064000,10.08,6.2,0.144,207.92,-1.291,37.6,0.358,4,0,5.3,1,1778967669
AMZN,us,1772150400,11.51,6.82,0.164,210.0,1.0,39.6,0.439,4,0,1.529,0,1778967669
AMZN,us,1772409600,12.78,8.08,0.183,208.39,-0.767,39.6,0.44,4,0,2.447,0,1778967669
AMZN,us,1772496000,20.71,11.75,0.296,208.73,0.163,39.6,0.446,10,0,2.683,0,1778967669
AMZN,us,1772582400,27.88,14.5,0.398,216.82,3.876,45.5,0.538,15,0,-1.923,0,1778967669
AMZN,us,1772668800,26.23,14.55,0.375,218.94,0.978,45.5,0.648,11,0,-4.298,-1,1778967669
AMZN,us,1772755200,36.31,21.38,0.519,213.21,-2.617,41.6,0.693,15,0,-2.598,0,1778967669
AMZN,us,1773014400,37.56,19.5,0.537,213.49,0.131,41.6,1.006,15,0,-0.82,0,1778967669
AMZN,us,1773100800,37.08,16.38,0.53,214.33,0.393,45.5,1.27,15,0,0.406,0,1778967669
AMZN,us,1773187200,38.01,16.38,0.543,212.65,-0.784,45.5,1.363,15,0,-1.307,0,1778967669
AMZN,us,1773273600,33.93,15.82,0.485,209.53,-1.467,45.5,1.431,9,0,-0.367,0,1778967669
AMZN,us,1773360000,40.51,19.88,0.579,207.67,-0.888,43.6,1.613,10,0,-1.108,0,1778967669
AMZN,us,1773619200,47.5,22.0,0.679,211.74,1.96,47.5,2.091,15,0,-0.756,0,1778967669
AMZN,us,1773705600,49.38,23.88,0.705,215.2,1.634,49.5,2.011,15,0,-3.699,-1,1778967669
AMZN,us,1773792000,43.36,22.38,0.619,209.87,-2.477,45.5,1.648,10,0,0.877,0,1778967669
AMZN,us,1773878400,34.89,20.58,0.498,208.76,-0.529,45.5,1.401,4,0,-0.584,0,1778967669
AMZN,us,1773964800,30.82,19.95,0.44,205.37,-1.624,45.5,1.057,4,0,-2.936,0,1778967669
AMZN,us,1774224000,39.99,22.38,0.571,210.14,2.323,45.5,1.311,10,0,-4.373,-1,1778967669
AMZN,us,1774310400,30.71,19.32,0.439,207.24,-1.38,47.5,1.109,4,0,0.497,0,1778967669
AMZN,us,1774396800,34.97,20.2,0.5,211.71,2.157,47.5,1.097,9,0,-0.538,0,1778967669
AMZN,us,1774483200,29.38,18.08,0.42,207.54,-1.97,47.5,1.1,4,0,1.074,0,1778967669
AMZN,us,1774569600,23.81,14.95,0.34,199.34,-3.951,47.5,0.856,4,0,6.747,1,1778967669
AMZN,us,1774828800,25.12,14.32,0.359,200.95,0.808,51.5,1.05,4,0,6.38,1,1778967669
AMZN,us,1774915200,24.84,13.7,0.355,208.27,3.643,49.5,1.084,4,0,6.232,1,1778967669
AMZN,us,1775001600,36.26,17.62,0.518,210.57,1.104,47.5,1.064,15,0,10.961,1,1778967669
AMZN,us,1775088000,35.53,18.88,0.508,209.77,-0.38,49.5,0.865,15,0,13.639,1,1778967669
AMZN,us,1775433600,37.18,18.88,0.531,212.79,1.44,51.5,1.03,15,0,12.736,1,1778967669
AMZN,us,1775520000,29.92,16.45,0.427,213.77,0.461,45.5,0.967,9,0,16.49,1,1778967669
AMZN,us,1775606400,38.16,16.62,0.545,221.25,3.499,49.5,1.004,20,0,12.316,1,1778967669
AMZN,us,1775692800,34.5,10.38,0.493,233.65,5.605,53.5,1.262,20,0,6.869,1,1778967669
AMZN,us,1775779200,32.53,7.92,0.465,238.38,2.024,55.4,1.591,16,0,5.109,1,1778967669
AMZN,us,1776038400,32.88,6.68,0.47,239.89,0.633,53.5,1.913,16,0,3.497,1,1778967669
AMZN,us,1776124800,31.62,5.42,0.452,249.02,3.806,61.4,2.012,16,0,0.357,0,1778967669
AMZN,us,1776211200,29.87,4.8,0.427,248.5,-0.209,57.4,1.637,16,0,2.761,0,1778967669
AMZN,us,1776297600,31.0,4.8,0.443,249.7,0.483,63.4,1.969,16,0,2.155,0,1778967669
AMZN,us,1776384000,31.0,4.8,0.443,250.56,0.344,61.4,2.417,16,0,5.36,1,1778967669
AMZN,us,1776643200,31.0,4.8,0.443,248.28,-0.91,61.4,2.649,16,0,5.172,1,1778967669
AMZN,us,1776729600,31.0,4.8,0.443,249.91,0.657,63.4,2.644,16,0,3.917,1,1778967669
AMZN,us,1776816000,31.0,4.8,0.443,255.36,2.181,65.3,3.241,16,0,3.008,1,1778967669
AMZN,us,1776902400,31.0,4.8,0.443,255.08,-0.11,65.3,2.604,16,0,3.912,1,1778967669
AMZN,us,1776988800,31.0,4.8,0.443,263.99,3.493,67.3,3.443,16,0,1.617,0,1778967669
AMZN,us,1777248000,32.88,6.68,0.47,261.12,-1.087,65.3,3.636,16,0,4.186,1,1778967669
AMZN,us,1777334400,35.38,9.18,0.505,259.7,-0.544,63.4,2.804,16,0,5.333,1,1778967669
AMZN,us,1777420800,36.62,10.42,0.523,263.04,1.286,67.3,2.862,16,0,4.543,1,1778967669
AMZN,us,1777507200,37.25,11.05,0.532,265.06,0.768,63.4,3.091,16,0,2.305,0,1778967669
AMZN,us,1777593600,38.5,12.3,0.55,268.26,1.207,65.3,3.801,16,0,1.648,0,1778967669
AMZN,us,1777852800,39.75,13.55,0.568,272.05,1.413,73.3,3.914,16,0,-1.125,0,1778967669
AMZN,us,1777939200,40.38,14.18,0.577,273.55,0.551,67.3,3.98,16,0,-2.826,0,1778967669
AMZN,us,1778025600,41.62,15.42,0.595,274.99,0.526,71.3,3.949,16,0,-1.767,0,1778967669
AMZN,us,1778112000,42.88,16.68,0.613,271.17,-1.389,65.3,3.1,16,0,-1.457,0,1778967669
AMZN,us,1778198400,43.5,17.3,0.621,272.68,0.557,67.3,3.009,16,0,-3.132,-1,1778967669
TSLA,us,1763683200,11.03,1.2,0.158,391.09,-1.047,65.3,0.953,4,0,9.985,1,1778967669
TSLA,us,1763942400,11.55,1.82,0.165,417.78,6.825,69.3,0.943,4,0,2.743,0,1778967669
TSLA,us,1764028800,12.09,2.45,0.173,419.4,0.388,69.3,0.934,4,0,6.519,1,1778967669
TSLA,us,1764115200,18.29,5.2,0.261,426.58,1.712,77.2,0.929,9,0,6.552,1,1778967669
TSLA,us,1764288000,31.15,9.12,0.445,430.17,0.842,75.2,1.053,20,0,5.772,1,1778967669
TSLA,us,1764547200,24.17,7.95,0.345,430.14,-0.007,75.2,0.892,14,0,2.195,0,1778967669
TSLA,us,1764633600,24.52,9.82,0.35,429.24,-0.209,75.2,0.74,14,0,3.711,1,1778967669
TSLA,us,1764720000,32.26,11.62,0.461,446.74,4.077,77.2,0.914,20,0,1.054,0,1778967669
TSLA,us,1764806400,29.37,11.68,0.42,454.53,1.744,77.2,0.899,16,0,-1.681,0,1778967669
TSLA,us,1764892800,30.77,11.05,0.44,455.0,0.103,77.2,1.102,16,0,0.87,0,1778967669
TSLA,us,1765152000,34.66,11.62,0.495,439.58,-3.389,75.2,1.154,20,0,8.128,1,1778967669
TSLA,us,1765238400,31.09,11.05,0.444,445.17,1.272,79.2,1.134,16,0,10.043,1,1778967669
TSLA,us,1765324800,31.82,9.8,0.455,451.45,1.411,75.2,1.332,16,0,3.502,1,1778967669
TSLA,us,1765411200,31.87,9.8,0.455,446.89,-1.01,75.2,1.337,16,0,8.163,1,1778967669
TSLA,us,1765497600,35.38,9.18,0.505,458.96,2.701,79.2,1.802,16,0,4.846,1,1778967669
TSLA,us,1765756800,34.12,7.92,0.487,475.31,3.562,79.2,1.819,16,0,2.823,0,1778967669
TSLA,us,1765843200,31.0,4.8,0.443,489.88,3.065,81.2,1.829,16,0,-0.882,0,1778967669
TSLA,us,1765929600,36.84,7.88,0.526,467.26,-4.617,83.2,1.746,20,0,3.882,1,1778967669
TSLA,us,1766016000,36.25,7.25,0.518,483.37,3.448,83.2,1.787,20,0,-1.692,0,1778967669
TSLA,us,1766102400,38.75,9.75,0.554,481.2,-0.449,79.2,1.819,20,0,-4.48,-1,1778967669
TSLA,us,1766361600,42.5,13.5,0.607,488.73,1.565,79.2,2.403,20,0,-7.018,-1,1778967669
TSLA,us,1766448000,44.38,15.38,0.634,485.56,-0.649,79.2,1.948,20,0,-7.381,-1,1778967669
TSLA,us,1766534400,45.52,17.25,0.65,485.4,-0.033,79.2,1.677,20,0,-9.751,-1,1778967669
TSLA,us,1766707200,47.27,21.62,0.675,475.19,-2.103,79.2,1.415,20,0,-4.95,-1,1778967669
TSLA,us,1766966400,41.64,21.38,0.595,459.64,-3.272,79.2,1.226,15,0,-5.805,-1,1778967669
TSLA,us,1767052800,42.85,22.62,0.612,454.43,-1.134,79.2,1.223,15,0,-5.066,-1,1778967669
TSLA,us,1767139200,38.48,22.08,0.55,449.72,-1.036,75.2,1.26,9,0,-3.095,-1,1778967669
TSLA,us,1767312000,30.26,19.95,0.432,438.07,-2.59,75.2,1.001,4,0,1.584,0,1778967669
TSLA,us,1767571200,34.57,20.82,0.494,451.67,3.105,75.2,0.995,9,0,-0.6,0,1778967669
TSLA,us,1767657600,26.61,18.08,0.38,432.96,-4.142,63.4,0.823,4,0,3.289,1,1778967669
TSLA,us,1767744000,26.07,17.45,0.372,431.41,-0.358,73.3,0.832,4,0,1.806,0,1778967669
TSLA,us,1767830400,24.76,16.2,0.354,435.8,1.018,77.2,0.826,4,0,0.636,0,1778967669
TSLA,us,1767916800,29.19,17.08,0.417,445.01,2.113,77.2,0.831,9,0,-1.688,0,1778967669
TSLA,us,1768176000,30.58,17.08,0.437,448.96,0.888,77.2,0.97,9,0,-6.618,-1,1778967669
TSLA,us,1768262400,27.54,15.82,0.393,447.2,-0.392,75.2,0.792,9,0,-3.524,-1,1778967669
TSLA,us,1768348800,19.5,13.08,0.279,439.2,-1.789,73.3,0.612,4,0,2.313,0,1778967669
TSLA,us,1768435200,20.53,15.58,0.293,438.57,-0.143,73.3,0.465,4,0,2.392,0,1778967669
TSLA,us,1768521600,18.27,13.08,0.261,437.5,-0.244,75.2,0.489,4,0,-0.526,0,1778967669
TSLA,us,1768867200,15.07,11.2,0.215,419.25,-4.171,69.3,0.357,4,0,2.779,0,1778967669
TSLA,us,1768953600,18.19,13.08,0.26,431.44,2.908,75.2,0.481,4,0,0.005,0,1778967669
TSLA,us,1769040000,33.62,21.7,0.48,449.36,4.154,75.2,0.462,14,0,-7.299,-1,1778967669
TSLA,us,1769126400,41.51,25.38,0.593,449.06,-0.067,75.2,0.463,20,0,-4.153,-1,1778967669
TSLA,us,1769385600,25.47,20.58,0.364,435.2,-3.086,75.2,0.459,4,0,-3.077,-1,1778967669
TSLA,us,1769472000,25.58,20.58,0.365,430.9,-0.988,71.3,0.47,4,0,-2.075,0,1778967669
TSLA,us,1769558400,32.7,22.38,0.467,431.46,0.13,71.3,0.582,10,0,-5.899,-1,1778967669
TSLA,us,1769644800,25.28,19.32,0.361,416.56,-3.453,67.3,0.566,4,0,-4.645,-1,1778967669
TSLA,us,1769731200,27.39,19.95,0.391,430.41,3.325,71.3,0.714,4,0,-4.484,-1,1778967669
TSLA,us,1769990400,25.79,18.08,0.368,421.81,-1.998,69.3,0.741,4,0,-1.064,0,1778967669
TSLA,us,1770076800,25.63,18.08,0.366,421.96,0.036,67.3,0.725,4,0,0.77,0,1778967669
TSLA,us,1770163200,24.52,16.82,0.35,406.01,-3.78,63.4,0.74,4,0,5.483,1,1778967669
TSLA,us,1770249600,23.15,15.58,0.331,397.21,-2.167,63.4,0.727,4,0,5.0,1,1778967669
TSLA,us,1770336000,21.97,14.32,0.314,411.11,3.499,59.4,0.735,4,0,1.54,0,1778967669
TSLA,us,1770595200,21.79,14.32,0.311,417.32,1.511,65.3,0.717,4,0,-1.603,0,1778967669
TSLA,us,1770681600,23.09,15.58,0.33,425.21,1.891,67.3,0.721,4,0,-3.267,-1,1778967669
TSLA,us,1770768000,29.54,17.08,0.422,428.27,0.72,67.3,0.866,9,0,-3.867,-1,1778967669
TSLA,us,1770854400,24.48,15.58,0.35,417.07,-2.615,71.3,0.86,4,0,-1.259,0,1778967669
TSLA,us,1770940800,26.0,15.58,0.371,417.44,0.089,73.3,1.012,4,0,-4.219,-1,1778967669
TSLA,us,1771286400,25.38,14.95,0.363,410.63,-1.631,71.3,1.013,4,0,-0.304,0,1778967669
TSLA,us,1771372800,26.11,13.7,0.373,411.32,0.168,71.3,1.211,4,0,1.478,0,1778967669
TSLA,us,1771459200,24.56,12.45,0.351,411.71,0.095,71.3,1.181,4,0,-0.76,0,1778967669
TSLA,us,1771545600,27.44,15.58,0.392,411.82,0.027,71.3,1.156,4,0,-2.261,0,1778967669
TSLA,us,1771804800,28.42,16.82,0.406,399.83,-2.911,69.3,1.13,4,0,0.873,0,1778967669
TSLA,us,1771891200,30.63,16.82,0.438,409.38,2.389,69.3,1.351,4,0,-4.14,-1,1778967669
TSLA,us,1771977600,46.34,22.62,0.662,417.4,1.959,69.3,1.572,15,0,-2.746,0,1778967669
TSLA,us,1772064000,39.98,22.38,0.571,408.58,-2.113,67.3,1.31,10,0,-0.742,0,1778967669
TSLA,us,1772150400,33.36,19.32,0.477,402.51,-1.486,65.3,1.374,4,0,-1.436,0,1778967669
TSLA,us,1772409600,34.08,20.58,0.487,403.32,0.201,63.4,1.32,4,0,-1.15,0,1778967669
TSLA,us,1772496000,30.22,16.82,0.432,392.43,-2.7,63.4,1.31,4,0,1.735,0,1778967669
TSLA,us,1772582400,32.33,18.7,0.462,405.94,3.443,69.3,1.333,4,0,0.463,0,1778967669
TSLA,us,1772668800,32.32,18.08,0.462,405.55,-0.096,69.3,1.394,4,0,-2.599,0,1778967669
TSLA,us,1772755200,31.32,16.82,0.447,396.73,-2.175,63.4,1.42,4,0,-1.394,0,1778967669
TSLA,us,1773014400,27.67,13.08,0.395,398.68,0.492,61.4,1.429,4,0,-0.783,0,1778967669
TSLA,us,1773100800,27.14,12.45,0.388,399.24,0.14,61.4,1.439,4,0,0.008,0,1778967669
TSLA,us,1773187200,38.35,20.2,0.548,407.82,2.149,71.3,1.435,9,0,-3.688,-1,1778967669
TSLA,us,1773273600,32.55,20.58,0.465,395.01,-3.141,63.4,1.167,4,0,-3.724,-1,1778967669
TSLA,us,1773360000,32.0,19.95,0.457,391.2,-0.965,63.4,1.175,4,0,-5.941,-1,1778967669
TSLA,us,1773619200,32.75,20.58,0.468,395.56,1.115,61.4,1.187,4,0,-3.719,-1,1778967669
TSLA,us,1773705600,35.21,20.58,0.503,399.27,0.938,57.4,1.433,4,0,-4.067,-1,1778967669
TSLA,us,1773792000,32.34,19.95,0.462,392.78,-1.625,51.5,1.209,4,0,-1.739,0,1778967669
TSLA,us,1773878400,25.75,15.58,0.368,380.3,-3.177,47.5,0.987,4,0,-2.154,0,1778967669
TSLA,us,1773964800,16.86,8.7,0.241,367.96,-3.245,47.5,0.786,4,0,-1.666,0,1778967669
TSLA,us,1774224000,17.75,7.45,0.254,380.85,3.503,49.5,1.0,4,0,-6.714,-1,1778967669
TSLA,us,1774310400,17.14,6.82,0.245,383.03,0.572,51.5,1.002,4,0,-2.945,0,1778967669
TSLA,us,1774396800,19.03,8.7,0.272,385.95,0.762,51.5,1.003,4,0,-1.215,0,1778967669
TSLA,us,1774483200,17.12,6.82,0.245,372.11,-3.586,45.5,1.0,4,0,-3.096,-1,1778967669
TSLA,us,1774569600,11.41,1.2,0.163,361.83,-2.763,49.5,0.991,4,0,-2.49,0,1778967669
TSLA,us,1774828800,9.61,1.2,0.137,355.28,-1.81,49.5,0.811,4,0,-2.429,0,1778967669
TSLA,us,1774915200,11.66,1.2,0.167,371.75,4.636,51.5,1.016,4,0,-7.666,-1,1778967669
TSLA,us,1775001600,12.75,2.45,0.182,381.26,2.558,51.5,1.0,4,0,-9.348,-1,1778967669
TSLA,us,1775088000,11.64,1.82,0.166,360.59,-5.422,47.5,0.952,4,0,-3.228,-1,1778967669
TSLA,us,1775433600,10.83,1.2,0.155,352.82,-2.155,45.5,0.933,4,0,-0.113,0,1778967669
TSLA,us,1775520000,8.97,1.2,0.128,346.65,-1.749,41.6,0.747,4,0,5.063,1,1778967669
TSLA,us,1775606400,7.53,1.2,0.108,343.25,-0.981,35.6,0.603,4,0,14.188,1,1778967669
TSLA,us,1775692800,8.14,1.82,0.116,345.62,0.69,43.6,0.602,4,0,12.522,1,1778967669
TSLA,us,1775779200,9.31,1.82,0.133,348.95,0.963,43.6,0.719,4,0,14.807,1,1778967669
TSLA,us,1776038400,11.94,3.08,0.171,352.42,0.994,41.6,0.856,4,0,11.373,1,1778967669
TSLA,us,1776124800,13.21,4.32,0.189,364.2,3.343,43.6,0.859,4,0,6.101,1,1778967669
TSLA,us,1776211200,25.8,8.25,0.369,391.95,7.619,49.5,0.955,15,0,-1.133,0,1778967669
TSLA,us,1776297600,26.26,8.88,0.375,388.9,-0.778,47.5,0.938,15,0,-3.903,-1,1778967669
TSLA,us,1776384000,31.77,8.5,0.454,400.62,3.014,49.5,1.177,20,0,-6.071,-1,1778967669
TSLA,us,1776643200,24.54,4.5,0.351,392.5,-2.027,45.5,1.204,15,0,-3.524,-1,1778967669
TSLA,us,1776729600,22.54,4.5,0.322,386.42,-1.549,43.6,1.004,15,0,-2.691,0,1778967669
TSLA,us,1776816000,22.57,4.5,0.322,387.51,0.282,43.6,1.007,15,0,-3.796,-1,1778967669
TSLA,us,1776902400,21.88,5.75,0.313,373.72,-3.559,37.6,0.813,15,0,2.117,0,1778967669
TSLA,us,1776988800,23.39,5.75,0.334,376.3,0.69,39.6,0.964,15,0,3.859,1,1778967669
TSLA,us,1777248000,25.95,6.38,0.371,378.67,0.63,41.6,1.157,15,0,3.655,1,1778967669
TSLA,us,1777334400,29.39,9.5,0.42,376.02,-0.7,43.6,1.189,15,0,3.55,1,1778967669
TSLA,us,1777420800,27.49,9.5,0.393,372.8,-0.856,35.6,0.999,15,0,6.955,1,1778967669
TSLA,us,1777507200,27.38,9.5,0.391,381.63,2.369,39.6,0.988,15,0,7.903,1,1778967669
TSLA,us,1777593600,32.95,9.12,0.471,390.82,2.408,41.6,1.233,20,0,9.603,1,1778967669
TSLA,us,1777852800,38.22,11.62,0.546,392.51,0.432,43.6,1.51,20,0,13.373,1,1778967669
TSLA,us,1777939200,37.42,14.2,0.535,389.37,-0.8,39.6,1.592,14,0,11.321,1,1778967669
TSLA,us,1778025600,48.12,19.12,0.687,398.73,2.404,41.6,2.021,20,0,11.672,1,1778967669
TSLA,us,1778112000,49.38,20.38,0.705,411.79,3.275,47.5,2.026,20,0,7.652,1,1778967669
TSLA,us,1778198400,48.12,19.12,0.687,428.35,4.021,49.5,2.059,20,0,-1.426,0,1778967669
AMD,us,1763683200,17.84,11.82,0.255,203.78,-1.087,83.2,0.572,4,0,7.842,1,1778967669
AMD,us,1763942400,21.33,12.08,0.305,215.05,5.53,87.1,0.545,9,0,0.088,0,1778967669
AMD,us,1764028800,15.54,9.95,0.222,206.13,-4.148,79.2,0.529,4,0,5.564,1,1778967669
AMD,us,1764115200,20.45,11.45,0.292,214.24,3.934,81.2,0.52,9,0,0.812,0,1778967669
AMD,us,1764288000,20.44,10.82,0.292,217.53,1.536,81.2,0.582,9,0,0.202,0,1778967669
AMD,us,1764547200,21.01,11.45,0.3,219.76,1.025,87.1,0.576,9,0,0.614,0,1778967669
AMD,us,1764633600,20.18,11.45,0.288,215.24,-2.057,79.2,0.493,9,0,2.964,0,1778967669
AMD,us,1764720000,21.02,11.45,0.3,217.6,1.096,79.2,0.577,9,0,1.756,0,1778967669
AMD,us,1764806400,21.72,13.32,0.31,215.98,-0.744,81.2,0.46,9,0,2.523,0,1778967669
AMD,us,1764892800,22.73,13.32,0.325,217.97,0.921,81.2,0.561,9,0,-3.299,-1,1778967669
AMD,us,1765152000,23.77,13.32,0.34,221.11,1.441,83.2,0.665,9,0,-6.119,-1,1778967669
AMD,us,1765238400,24.09,13.95,0.344,221.62,0.231,83.2,0.634,9,0,-5.618,-1,1778967669
AMD,us,1765324800,24.54,13.95,0.351,221.42,-0.09,83.2,0.679,9,0,-10.528,-1,1778967669
AMD,us,1765411200,37.22,20.38,0.532,221.43,0.005,83.2,0.534,20,0,-9.199,-1,1778967669
AMD,us,1765497600,28.11,18.0,0.402,210.78,-4.81,81.2,0.561,10,0,1.257,0,1778967669
AMD,us,1765756800,26.72,20.58,0.382,207.58,-1.518,81.2,0.584,4,0,3.55,1,1778967669
AMD,us,1765843200,33.72,22.38,0.482,209.17,0.766,79.2,0.684,10,0,2.739,0,1778967669
AMD,us,1765929600,27.31,19.95,0.39,198.11,-5.288,79.2,0.706,4,0,8.546,1,1778967669
AMD,us,1766016000,28.39,19.32,0.406,201.06,1.489,79.2,0.877,4,0,6.928,1,1778967669
AMD,us,1766102400,32.0,19.32,0.457,213.43,6.152,85.1,1.238,4,0,1.021,0,1778967669
AMD,us,1766361600,42.51,22.08,0.607,214.95,0.712,83.2,1.663,9,0,0.181,0,1778967669
AMD,us,1766448000,39.59,22.08,0.566,214.9,-0.023,83.2,1.371,9,0,-0.344,0,1778967669
AMD,us,1766534400,43.38,22.08,0.62,215.04,0.065,83.2,1.874,9,0,3.92,1,1778967669
AMD,us,1766707200,41.33,22.08,0.59,214.99,-0.023,83.2,1.545,9,0,2.833,0,1778967669
AMD,us,1766966400,41.41,22.08,0.592,215.61,0.288,85.1,1.553,9,0,-0.584,0,1778967669
AMD,us,1767052800,39.05,22.08,0.558,215.34,-0.125,87.1,1.317,9,0,-2.471,0,1778967669
AMD,us,1767139200,40.55,22.08,0.579,214.16,-0.548,87.1,1.467,9,0,-4.427,-1,1778967669
AMD,us,1767312000,43.79,20.75,0.626,223.47,4.347,87.1,1.504,15,0,-9.084,-1,1778967669
AMD,us,1767571200,41.41,18.88,0.592,221.08,-1.069,83.2,1.453,15,0,-6.057,-1,1778967669
AMD,us,1767657600,34.15,18.62,0.488,214.35,-3.044,77.2,1.103,10,0,3.088,1,1778967669
AMD,us,1767744000,31.96,18.62,0.457,210.02,-2.02,77.2,0.884,10,0,6.466,1,1778967669
AMD,us,1767830400,29.79,18.0,0.426,204.68,-2.543,63.4,0.729,10,0,11.354,1,1778967669
AMD,us,1767916800,26.64,14.88,0.381,203.17,-0.738,63.4,0.726,10,0,14.106,1,1778967669
AMD,us,1768176000,24.91,17.45,0.356,207.69,2.225,71.3,0.716,4,0,11.666,1,1778967669
AMD,us,1768262400,33.23,15.12,0.475,220.97,6.394,77.2,1.011,15,0,13.047,1,1778967669
AMD,us,1768348800,33.4,12.62,0.477,223.6,1.19,79.2,1.278,15,0,13.475,1,1778967669
AMD,us,1768435200,38.41,12.88,0.549,227.92,1.932,79.2,1.403,20,0,13.935,1,1778967669
AMD,us,1768521600,41.25,12.25,0.589,231.83,1.716,79.2,1.791,20,0,8.403,1,1778967669
AMD,us,1768867200,40.62,11.62,0.58,231.92,0.039,81.2,1.857,20,0,8.671,1,1778967669
AMD,us,1768953600,34.75,8.55,0.496,249.8,7.71,83.2,1.874,16,0,1.177,0,1778967669
AMD,us,1769040000,33.5,7.3,0.479,253.73,1.573,83.2,1.932,16,0,-0.611,0,1778967669
AMD,us,1769126400,31.0,4.8,0.443,259.68,2.345,85.1,2.359,16,0,-8.838,-1,1778967669
AMD,us,1769385600,35.0,6.0,0.5,251.31,-3.223,83.2,2.016,20,0,-2.005,0,1778967669
AMD,us,1769472000,31.0,4.8,0.443,252.03,0.286,83.2,2.279,16,0,-3.936,-1,1778967669
AMD,us,1769558400,31.0,4.8,0.443,252.74,0.282,83.2,2.31,16,0,-20.792,-1,1778967669
AMD,us,1769644800,31.0,4.8,0.443,252.18,-0.222,83.2,2.159,16,0,-23.666,-1,1778967669
AMD,us,1769731200,32.25,6.05,0.461,236.73,-6.127,79.2,1.97,16,0,-11.95,-1,1778967669
AMD,us,1769990400,32.25,6.05,0.461,246.27,4.03,83.2,1.969,16,0,-12.291,-1,1778967669
AMD,us,1770076800,37.5,8.5,0.536,242.11,-1.689,79.2,1.819,20,0,-11.788,-1,1778967669
AMD,us,1770163200,16.14,1.2,0.231,200.19,-17.314,59.4,1.464,4,0,6.689,1,1778967669
AMD,us,1770249600,14.88,1.2,0.213,192.5,-3.841,59.4,1.338,4,0,6.982,1,1778967669
AMD,us,1770336000,18.11,1.82,0.259,208.44,8.281,67.3,1.599,4,0,-0.537,0,1778967669
AMD,us,1770595200,20.25,2.45,0.289,216.0,3.627,71.3,1.838,4,0,-5.981,-1,1778967669
AMD,us,1770681600,19.65,3.08,0.281,213.57,-1.125,71.3,1.627,4,0,-6.298,-1,1778967669
AMD,us,1770768000,18.98,3.08,0.271,213.58,0.005,69.3,1.56,4,0,-4.78,-1,1778967669
AMD,us,1770854400,15.35,1.82,0.219,205.94,-3.577,73.3,1.323,4,0,-2.812,0,1778967669
AMD,us,1770940800,13.96,1.2,0.199,207.32,0.67,67.3,1.246,4,0,-5.171,-1,1778967669
AMD,us,1771286400,11.93,1.2,0.17,203.08,-2.045,61.4,1.043,4,0,5.298,1,1778967669
AMD,us,1771372800,10.13,1.2,0.145,200.12,-1.458,59.4,0.863,4,0,5.367,1,1778967669
AMD,us,1771459200,9.32,1.2,0.133,203.37,1.624,69.3,0.782,4,0,0.152,0,1778967669
AMD,us,1771545600,8.58,1.82,0.123,200.15,-1.583,67.3,0.646,4,0,0.03,0,1778967669
AMD,us,1771804800,8.57,3.08,0.122,196.6,-1.774,67.3,0.519,4,0,1.027,0,1778967669
AMD,us,1771891200,11.81,4.32,0.169,213.84,8.769,73.3,0.719,4,0,-10.704,-1,1778967669
AMD,us,1771977600,19.85,9.25,0.284,210.86,-1.394,73.3,0.61,10,0,-4.169,-1,1778967669
AMD,us,1772064000,23.36,13.62,0.334,203.68,-3.405,71.3,0.524,10,0,-2.077,0,1778967669
AMD,us,1772150400,21.75,16.2,0.311,200.21,-1.704,73.3,0.525,4,0,-3.886,-1,1778967669
AMD,us,1772409600,22.42,16.82,0.32,198.62,-0.794,71.3,0.53,4,0,2.044,0,1778967669
AMD,us,1772496000,22.74,18.08,0.325,190.95,-3.862,65.3,0.436,4,0,6.431,1,1778967669
AMD,us,1772582400,26.42,20.58,0.377,202.07,5.824,73.3,0.554,4,0,1.366,0,1778967669
AMD,us,1772668800,26.62,19.95,0.38,199.45,-1.297,75.2,0.637,4,0,-0.857,0,1778967669
AMD,us,1772755200,26.4,19.32,0.377,192.43,-3.52,67.3,0.678,4,0,0.499,0,1778967669
AMD,us,1773014400,27.3,20.58,0.39,202.68,5.327,73.3,0.642,4,0,-3.01,-1,1778967669
AMD,us,1773100800,38.09,23.88,0.544,203.23,0.271,73.3,0.621,15,0,-3.405,-1,1778967669
AMD,us,1773187200,39.01,23.88,0.557,204.83,0.787,73.3,0.713,15,0,-2.622,0,1778967669
AMD,us,1773273600,26.81,20.58,0.383,197.74,-3.461,71.3,0.593,4,0,3.808,1,1778967669
AMD,us,1773360000,26.24,19.95,0.375,193.39,-2.2,71.3,0.599,4,0,4.106,1,1778967669
AMD,us,1773619200,26.33,19.95,0.376,196.58,1.65,71.3,0.608,4,0,3.103,1,1778967669
AMD,us,1773705600,25.86,19.32,0.369,196.31,-0.137,73.3,0.624,4,0,4.615,1,1778967669
AMD,us,1773792000,26.52,18.7,0.379,199.46,1.605,75.2,0.752,4,0,10.433,1,1778967669
AMD,us,1773878400,36.43,20.75,0.52,205.27,2.913,75.2,0.768,15,0,-0.731,0,1778967669
AMD,us,1773964800,35.78,20.12,0.511,201.33,-1.919,77.2,0.766,15,0,0.328,0,1778967669
AMD,us,1774224000,38.49,21.38,0.55,202.68,0.671,75.2,0.911,15,0,-3.276,-1,1778967669
AMD,us,1774310400,39.52,23.88,0.565,205.37,1.327,75.2,0.764,15,0,-0.945,0,1778967669
AMD,us,1774396800,40.81,19.12,0.583,220.27,7.255,81.2,1.019,20,0,-4.567,-1,1778967669
AMD,us,1774483200,34.76,17.0,0.497,203.77,-7.491,77.2,0.976,15,0,6.738,1,1778967669
AMD,us,1774569600,28.2,14.58,0.403,201.99,-0.874,77.2,0.982,9,0,9.005,1,1778967669
AMD,us,1774828800,22.37,12.45,0.32,196.04,-2.946,73.3,0.962,4,0,13.002,1,1778967669
AMD,us,1774915200,32.45,16.45,0.464,203.43,3.77,75.2,1.22,9,0,13.956,1,1778967669
AMD,us,1775001600,37.19,17.0,0.531,210.21,3.333,75.2,1.219,15,0,12.573,1,1778967669
AMD,us,1775088000,39.0,12.25,0.557,217.5,3.468,77.2,1.525,20,0,12.662,1,1778967669
AMD,us,1775433600,40.62,11.62,0.58,220.18,1.232,77.2,1.874,20,0,12.104,1,1778967669
AMD,us,1775520000,40.0,11.0,0.571,221.53,0.613,77.2,1.822,20,0,15.14,1,1778967669
AMD,us,1775606400,39.38,10.38,0.563,231.82,4.645,77.2,1.849,20,0,11.345,1,1778967669
AMD,us,1775692800,38.12,9.12,0.545,236.64,2.079,77.2,1.866,20,0,17.588,1,1778967669
AMD,us,1775779200,32.88,6.68,0.47,245.04,3.55,83.2,2.302,16,0,13.61,1,1778967669
AMD,us,1776038400,31.62,5.42,0.452,246.83,0.73,83.2,2.782,16,0,11.392,1,1778967669
AMD,us,1776124800,31.0,4.8,0.443,255.07,3.338,83.2,2.757,16,0,11.534,1,1778967669
AMD,us,1776211200,31.0,4.8,0.443,258.12,1.196,83.2,3.315,16,0,17.565,1,1778967669
AMD,us,1776297600,31.0,4.8,0.443,278.26,7.803,83.2,3.547,16,0,9.728,1,1778967669
AMD,us,1776384000,31.0,4.8,0.443,278.39,0.047,83.2,3.568,16,0,24.936,1,1778967669
AMD,us,1776643200,31.0,4.8,0.443,274.95,-1.236,83.2,3.624,16,0,21.706,1,1778967669
AMD,us,1776729600,31.0,4.8,0.443,284.49,3.47,83.2,3.67,16,0,13.61,1,1778967669
AMD,us,1776816000,31.0,4.8,0.443,303.46,6.668,83.2,3.811,16,0,11.089,1,1778967669
AMD,us,1776902400,31.0,4.8,0.443,305.33,0.616,83.2,3.792,16,0,16.101,1,1778967669
AMD,us,1776988800,31.0,4.8,0.443,347.81,13.913,85.1,6.345,16,0,3.66,1,1778967669
AMD,us,1777248000,31.0,4.8,0.443,334.63,-3.789,85.1,5.272,16,0,2.065,0,1778967669
AMD,us,1777334400,31.62,5.42,0.452,323.21,-3.413,83.2,5.192,16,0,9.916,1,1778967669
AMD,us,1777420800,32.88,6.68,0.47,337.11,4.301,87.1,5.211,16,0,25.001,1,1778967669
AMD,us,1777507200,32.88,6.68,0.47,354.49,5.156,85.1,5.221,16,0,15.225,1,1778967669
AMD,us,1777593600,32.88,6.68,0.47,360.54,1.707,89.1,5.188,16,0,26.252,1,1778967669
AMD,us,1777852800,34.75,8.55,0.496,341.54,-5.27,89.1,3.729,16,0,34.33,1,1778967669
AMD,us,1777939200,35.38,9.18,0.505,355.26,4.017,89.1,3.951,16,0,26.186,1,1778967669
AMD,us,1778025600,34.12,7.92,0.487,421.39,18.615,93.1,4.257,16,0,5.722,1,1778967669
AMD,us,1778112000,31.62,5.42,0.452,408.46,-3.068,95.0,3.244,16,0,10.096,1,1778967669
AMD,us,1778198400,31.0,4.8,0.443,455.19,11.441,95.0,3.344,16,0,-6.83,-1,1778967669
AVGO,us,1763683200,13.21,6.2,0.189,338.8395,-1.909,73.3,0.671,4,0,13.486,1,1778967669
AVGO,us,1763942400,29.68,10.38,0.424,376.4485,11.099,81.2,0.78,20,0,0.955,0,1778967669
AVGO,us,1764028800,27.68,7.88,0.395,383.4902,1.871,85.1,0.83,20,0,-1.148,0,1778967669
AVGO,us,1764115200,25.95,6.0,0.371,395.9801,3.257,87.1,0.845,20,0,-4.16,-1,1778967669
AVGO,us,1764288000,23.46,4.8,0.335,401.3485,1.356,87.1,0.996,16,0,-3.157,-1,1778967669
AVGO,us,1764547200,27.39,6.0,0.391,384.536,-4.189,77.2,0.989,20,0,3.89,1,1778967669
AVGO,us,1764633600,27.17,6.0,0.388,380.0441,-1.168,77.2,0.967,20,0,6.478,1,1778967669
AVGO,us,1764720000,27.29,6.0,0.39,379.0879,-0.252,73.3,0.979,20,0,8.502,1,1778967669
AVGO,us,1764806400,27.23,6.0,0.389,379.5063,0.11,75.2,0.973,20,0,6.65,1,1778967669
AVGO,us,1764892800,29.35,6.0,0.419,388.6794,2.417,75.2,1.185,20,0,-7.767,-1,1778967669
AVGO,us,1765152000,28.37,4.8,0.405,399.496,2.783,77.2,1.487,16,0,-15.28,-1,1778967669
AVGO,us,1765238400,28.8,4.8,0.411,404.6652,1.294,77.2,1.53,16,0,-15.996,-1,1778967669
AVGO,us,1765324800,31.0,4.8,0.443,411.3185,1.644,77.2,1.863,16,0,-21.055,-1,1778967669
AVGO,us,1765411200,27.63,4.8,0.395,404.7449,-1.598,79.2,1.413,16,0,-18.823,-1,1778967669
AVGO,us,1765497600,24.31,5.75,0.347,358.4906,-11.428,63.4,1.056,15,0,-5.437,-1,1778967669
AVGO,us,1765756800,10.83,2.45,0.155,338.4511,-5.59,49.5,0.808,4,0,0.675,0,1778967669
AVGO,us,1765843200,12.05,2.45,0.172,339.9351,0.438,57.4,0.93,4,0,2.546,0,1778967669
AVGO,us,1765929600,9.62,1.2,0.137,324.7162,-4.477,47.5,0.812,4,0,7.628,1,1778967669
AVGO,us,1766016000,10.42,1.2,0.149,328.5608,1.184,55.4,0.892,4,0,6.949,1,1778967669
AVGO,us,1766102400,15.32,1.2,0.219,338.9988,3.177,63.4,1.382,4,0,2.85,0,1778967669
AVGO,us,1766361600,17.97,1.82,0.257,340.7353,0.512,61.4,1.585,4,0,2.46,0,1778967669
AVGO,us,1766448000,16.8,1.2,0.24,348.5888,2.305,67.3,1.53,4,0,-0.922,0,1778967669
AVGO,us,1766534400,16.16,1.2,0.231,349.4869,0.258,69.3,1.466,4,0,-0.742,0,1778967669
AVGO,us,1766707200,16.39,1.82,0.234,351.3929,0.545,69.3,1.427,4,0,-2.474,0,1778967669
AVGO,us,1766966400,17.06,3.7,0.244,348.6586,-0.778,69.3,1.306,4,0,-1.609,0,1778967669
AVGO,us,1767052800,19.04,4.32,0.272,349.1176,0.132,69.3,1.442,4,0,-1.815,0,1778967669
AVGO,us,1767139200,18.09,3.08,0.258,345.3755,-1.072,69.3,1.471,4,0,-3.935,-1,1778967669
AVGO,us,1767312000,20.5,3.7,0.293,346.8923,0.439,63.4,1.65,4,0,-0.762,0,1778967669
AVGO,us,1767571200,19.19,4.32,0.274,342.7011,-1.208,57.4,1.457,4,0,2.56,0,1778967669
AVGO,us,1767657600,29.02,9.88,0.415,343.0504,0.102,57.4,1.464,10,0,3.153,1,1778967669
AVGO,us,1767744000,28.63,11.12,0.409,342.7809,-0.079,63.4,1.301,10,0,-1.051,0,1778967669
AVGO,us,1767830400,31.58,15.5,0.451,331.784,-3.208,53.5,1.158,10,0,3.17,1,1778967669
AVGO,us,1767916800,36.35,20.5,0.519,344.2479,3.757,65.3,1.135,10,0,1.954,0,1778967669
AVGO,us,1768176000,45.33,23.88,0.648,351.4727,2.099,73.3,1.345,15,0,-5.568,-1,1778967669
AVGO,us,1768262400,49.38,23.88,0.705,353.8677,0.681,69.3,1.927,15,0,-7.278,-1,1778967669
AVGO,us,1768348800,38.38,20.58,0.548,339.1785,-4.151,63.4,2.245,4,0,-4.237,-1,1778967669
AVGO,us,1768435200,38.38,20.58,0.548,342.3019,0.921,61.4,2.08,4,0,-6.696,-1,1778967669
AVGO,us,1768521600,43.38,22.08,0.62,350.9738,2.533,65.3,3.363,9,0,-7.637,-1,1778967669
AVGO,us,1768867200,38.38,20.58,0.548,331.9038,-5.433,63.4,2.433,4,0,0.057,0,1778967669
AVGO,us,1768953600,32.53,19.32,0.465,328.1117,-1.143,59.4,1.291,4,0,1.35,0,1778967669
AVGO,us,1769040000,26.82,16.2,0.383,324.8086,-1.007,57.4,1.032,4,0,1.61,0,1778967669
AVGO,us,1769126400,23.93,15.58,0.342,319.38,-1.671,49.5,0.805,4,0,3.515,1,1778967669
AVGO,us,1769385600,23.82,14.95,0.34,324.17,1.5,57.4,0.857,4,0,1.927,0,1778967669
AVGO,us,1769472000,24.22,14.95,0.346,332.0934,2.444,59.4,0.897,4,0,-3.744,-1,1778967669
AVGO,us,1769558400,26.0,14.95,0.371,332.5424,0.135,57.4,1.075,4,0,-7.559,-1,1778967669
AVGO,us,1769644800,24.51,14.95,0.35,330.0377,-0.753,49.5,0.926,4,0,-6.114,-1,1778967669
AVGO,us,1769731200,26.25,14.95,0.375,330.6065,0.172,55.4,1.1,4,0,0.489,0,1778967669
AVGO,us,1769990400,24.56,14.95,0.351,330.4169,-0.057,53.5,0.931,4,0,3.875,1,1778967669
AVGO,us,1770076800,20.61,11.2,0.294,319.6594,-3.256,55.4,0.911,4,0,6.278,1,1778967669
AVGO,us,1770163200,17.85,10.58,0.255,307.4052,-3.834,51.5,0.697,4,0,11.268,1,1778967669
AVGO,us,1770249600,19.17,9.95,0.274,309.86,0.799,57.4,0.892,4,0,6.654,1,1778967669
AVGO,us,1770336000,26.22,11.45,0.375,332.2231,7.217,57.4,1.097,9,0,-2.328,0,1778967669
AVGO,us,1770595200,32.51,13.25,0.464,343.22,3.31,63.4,1.126,15,0,-3.315,-1,1778967669
AVGO,us,1770681600,31.01,13.25,0.443,339.7274,-1.018,63.4,0.976,15,0,-2.036,0,1778967669
AVGO,us,1770768000,31.59,13.88,0.451,342.0425,0.681,63.4,0.971,15,0,-2.559,0,1778967669
AVGO,us,1770854400,31.88,13.88,0.455,330.4768,-3.381,61.4,1.0,15,0,0.447,0,1778967669
AVGO,us,1770940800,25.51,12.38,0.364,324.4893,-1.812,55.4,0.863,10,0,1.59,0,1778967669
AVGO,us,1771286400,29.24,17.08,0.418,331.8439,2.267,59.4,0.836,9,0,-2.12,0,1778967669
AVGO,us,1771372800,36.15,18.25,0.516,332.8119,0.292,67.3,0.99,15,0,-0.36,0,1778967669
AVGO,us,1771459200,37.53,17.62,0.536,333.2908,0.144,65.3,1.191,15,0,-3.68,-1,1778967669
AVGO,us,1771545600,37.88,17.62,0.541,331.9536,-0.401,65.3,1.226,15,0,-3.938,-1,1778967669
AVGO,us,1771804800,33.94,17.08,0.485,329.6485,-0.694,59.4,1.306,9,0,-3.487,-1,1778967669
AVGO,us,1771891200,32.57,17.38,0.465,324.8086,-1.468,57.4,1.069,10,0,-3.579,-1,1778967669
AVGO,us,1771977600,37.34,18.88,0.533,331.6144,2.095,59.4,1.046,15,0,-4.448,-1,1778967669
AVGO,us,1772064000,28.32,15.5,0.405,321.0266,-3.193,49.5,0.832,10,0,3.441,1,1778967669
AVGO,us,1772150400,18.97,10.58,0.271,318.8811,-0.668,49.5,0.809,4,0,3.42,1,1778967669
AVGO,us,1772409600,16.2,9.32,0.231,318.1526,-0.228,49.5,0.658,4,0,8.447,1,1778967669
AVGO,us,1772496000,13.0,6.2,0.186,313.183,-1.562,51.5,0.65,4,0,9.158,1,1778967669
AVGO,us,1772582400,15.24,6.2,0.218,316.8653,1.176,49.5,0.874,4,0,7.571,1,1778967669
AVGO,us,1772668800,38.67,17.62,0.552,332.0734,4.8,55.4,1.305,15,0,0.962,0,1778967669
AVGO,us,1772755200,40.05,22.62,0.572,329.7882,-0.688,57.4,0.943,15,0,-2.518,0,1778967669
AVGO,us,1773014400,45.34,24.12,0.648,345.0262,4.621,63.4,0.972,20,0,-6.025,-1,1778967669
AVGO,us,1773100800,43.94,24.75,0.628,341.8629,-0.917,53.5,0.769,20,0,-6.209,-1,1778967669
AVGO,us,1773187200,43.29,24.12,0.618,340.855,-0.295,53.5,0.767,20,0,-7.507,-1,1778967669
AVGO,us,1773273600,42.83,24.75,0.612,335.2667,-1.639,53.5,0.658,20,0,-4.801,-1,1778967669
AVGO,us,1773360000,25.95,19.32,0.371,321.4856,-4.11,49.5,0.633,4,0,-3.616,-1,1778967669
AVGO,us,1773619200,26.73,18.7,0.382,324.2399,0.857,53.5,0.773,4,0,-0.534,0,1778967669
AVGO,us,1773705600,23.94,17.45,0.342,320.6374,-1.111,53.5,0.619,4,0,-0.732,0,1778967669
AVGO,us,1773792000,16.28,10.58,0.233,315.2686,-1.674,57.4,0.54,4,0,1.123,0,1778967669
AVGO,us,1773878400,21.25,11.12,0.304,319.1705,1.238,57.4,0.563,10,0,-3.055,-1,1778967669
AVGO,us,1773964800,13.01,7.45,0.186,309.86,-2.917,59.4,0.526,4,0,-2.963,0,1778967669
AVGO,us,1774224000,19.96,9.25,0.285,322.51,4.082,61.4,0.621,10,0,-9.023,-1,1778967669
AVGO,us,1774310400,18.77,8.0,0.268,318.29,-1.308,63.4,0.627,10,0,-2.758,0,1778967669
AVGO,us,1774396800,12.77,6.2,0.182,318.81,0.163,61.4,0.627,4,0,-1.669,0,1778967669
AVGO,us,1774483200,9.87,3.08,0.141,309.42,-2.945,59.4,0.649,4,0,1.658,0,1778967669
AVGO,us,1774569600,8.07,1.2,0.115,300.68,-2.825,59.4,0.657,4,0,4.573,1,1778967669
AVGO,us,1774828800,7.93,1.2,0.113,293.41,-2.418,57.4,0.643,4,0,13.824,1,1778967669
AVGO,us,1774915200,9.17,1.2,0.131,309.51,5.487,59.4,0.767,4,0,13.286,1,1778967669
AVGO,us,1775001600,8.72,1.2,0.125,313.49,1.286,59.4,0.722,4,0,13.213,1,1778967669
AVGO,us,1775088000,8.71,2.45,0.124,314.55,0.338,61.4,0.596,4,0,18.121,1,1778967669
AVGO,us,1775433600,10.47,3.7,0.15,314.43,-0.038,61.4,0.647,4,0,20.774,1,1778967669
AVGO,us,1775520000,26.86,9.12,0.384,333.97,6.214,65.3,0.624,20,0,14.016,1,1778967669
AVGO,us,1775606400,27.36,7.88,0.391,350.63,4.988,67.3,0.798,20,0,13.145,1,1778967669
AVGO,us,1775692800,26.85,6.0,0.384,354.91,1.221,67.3,0.935,20,0,12.274,1,1778967669
AVGO,us,1775779200,24.91,4.8,0.356,371.55,4.689,75.2,1.141,16,0,9.417,1,1778967669
AVGO,us,1776038400,27.93,4.8,0.399,379.75,2.207,75.2,1.443,16,0,5.235,1,1778967669
AVGO,us,1776124800,27.6,4.8,0.394,380.78,0.271,75.2,1.41,16,0,5.617,1,1778967669
AVGO,us,1776211200,31.0,4.8,0.443,396.72,4.186,77.2,1.892,16,0,6.536,1,1778967669
AVGO,us,1776297600,31.0,4.8,0.443,398.47,0.441,79.2,2.347,16,0,5.388,1,1778967669
AVGO,us,1776384000,31.0,4.8,0.443,406.54,2.025,79.2,2.327,16,0,3.99,1,1778967669
AVGO,us,1776643200,31.0,4.8,0.443,399.63,-1.7,77.2,2.836,16,0,4.647,1,1778967669
AVGO,us,1776729600,31.0,4.8,0.443,402.17,0.636,77.2,2.744,16,0,-0.582,0,1778967669
AVGO,us,1776816000,31.0,4.8,0.443,422.65,5.092,81.2,3.517,16,0,-4.07,-1,1778967669
AVGO,us,1776902400,31.0,4.8,0.443,419.94,-0.641,81.2,2.783,16,0,-0.598,0,1778967669
AVGO,us,1776988800,31.62,5.42,0.452,422.76,0.672,81.2,3.572,16,0,-0.35,0,1778967669
AVGO,us,1777248000,32.88,6.68,0.47,418.2,-1.079,79.2,3.805,16,0,-0.407,0,1778967669
AVGO,us,1777334400,35.38,9.18,0.505,399.83,-4.393,79.2,3.911,16,0,6.885,1,1778967669
AVGO,us,1777420800,36.62,10.42,0.523,405.45,1.406,79.2,3.765,16,0,4.93,1,1778967669
AVGO,us,1777507200,37.88,11.68,0.541,417.43,2.955,79.2,3.794,16,0,-1.167,0,1778967669
AVGO,us,1777593600,42.5,13.5,0.607,421.28,0.922,79.2,3.771,20,0,2.07,0,1778967669
AVGO,us,1777852800,44.38,15.38,0.634,416.5,-1.135,79.2,3.65,20,0,2.864,0,1778967669
AVGO,us,1777939200,45.62,16.62,0.652,427.36,2.607,79.2,3.522,20,0,-1.886,0,1778967669
AVGO,us,1778025600,46.25,17.25,0.661,425.44,-0.449,79.2,2.615,20,0,-2.033,0,1778967669
AVGO,us,1778112000,51.25,22.25,0.732,412.56,-3.027,73.3,2.034,20,0,6.6,1,1778967669
AVGO,us,1778198400,53.12,24.12,0.759,430.0,4.227,73.3,1.981,20,0,-1.119,0,1778967669
QCOM,us,1763683200,19.06,7.45,0.272,161.4334,2.325,55.4,1.131,4,0,2.903,0,1778967669
QCOM,us,1763942400,15.89,9.32,0.227,163.1732,1.078,55.4,0.627,4,0,3.417,1,1778967669
QCOM,us,1764028800,16.52,9.32,0.236,161.4334,-1.066,51.5,0.69,4,0,7.208,1,1778967669
QCOM,us,1764115200,19.8,11.2,0.283,163.2523,1.127,53.5,0.83,4,0,6.117,1,1778967669
QCOM,us,1764288000,21.51,11.82,0.307,166.1686,1.786,53.5,0.939,4,0,4.529,1,1778967669
QCOM,us,1764547200,21.98,13.7,0.314,166.1192,-0.03,57.4,0.798,4,0,4.859,1,1778967669
QCOM,us,1764633600,36.01,19.2,0.514,168.7488,1.583,59.4,0.951,14,0,3.632,1,1778967669
QCOM,us,1764720000,37.49,18.58,0.536,173.0688,2.56,59.4,1.161,14,0,4.61,1,1778967669
QCOM,us,1764806400,44.73,22.88,0.639,173.2377,0.098,59.4,1.035,20,0,3.969,1,1778967669
QCOM,us,1764892800,48.04,22.88,0.686,173.6948,0.264,61.4,1.366,20,0,1.991,0,1778967669
QCOM,us,1765152000,49.4,21.0,0.706,174.1916,0.286,61.4,1.69,20,0,2.253,0,1778967669
QCOM,us,1765238400,44.41,19.18,0.634,174.8772,0.394,61.4,1.653,16,0,0.068,0,1778967669
QCOM,us,1765324800,42.32,16.68,0.605,181.0476,3.528,61.4,1.694,16,0,-5.417,-1,1778967669
QCOM,us,1765411200,35.22,12.3,0.503,180.1136,-0.516,63.4,1.422,16,0,-3.906,-1,1778967669
QCOM,us,1765497600,34.11,11.05,0.487,177.1526,-1.644,65.3,1.436,16,0,-1.705,0,1778967669
QCOM,us,1765756800,35.77,9.8,0.511,178.1164,0.544,65.3,1.727,16,0,-2.812,0,1778967669
QCOM,us,1765843200,35.38,9.18,0.505,174.9964,-1.752,61.4,1.815,16,0,-0.778,0,1778967669
QCOM,us,1765929600,40.62,11.62,0.58,171.2406,-2.146,63.4,1.896,20,0,1.41,0,1778967669
QCOM,us,1766016000,41.25,12.25,0.589,173.0788,1.073,65.3,1.91,20,0,0.356,0,1778967669
QCOM,us,1766102400,46.88,17.88,0.67,174.132,0.609,61.4,2.974,20,0,-1.039,0,1778967669
QCOM,us,1766361600,48.75,19.75,0.696,173.1086,-0.588,57.4,2.397,20,0,-0.327,0,1778967669
QCOM,us,1766448000,53.12,24.12,0.759,173.6352,0.304,51.5,2.254,20,0,-2.117,0,1778967669
QCOM,us,1766534400,54.38,25.38,0.777,173.6551,0.011,53.5,2.688,20,0,-1.024,0,1778967669
QCOM,us,1766707200,43.38,22.08,0.62,173.6948,0.023,57.4,2.563,9,0,0.858,0,1778967669
QCOM,us,1766966400,43.38,22.08,0.62,172.3236,-0.789,59.4,2.245,9,0,5.201,1,1778967669
QCOM,us,1767052800,43.38,22.08,0.62,172.5422,0.127,57.4,2.7,9,0,3.766,1,1778967669
QCOM,us,1767139200,43.38,22.08,0.62,169.9588,-1.497,55.4,2.225,9,0,6.326,1,1778967669
QCOM,us,1767312000,42.75,21.45,0.611,171.8765,1.128,55.4,2.201,9,0,2.775,0,1778967669
QCOM,us,1767571200,47.75,22.95,0.682,175.1852,1.925,55.4,2.239,14,0,-3.993,-1,1778967669
QCOM,us,1767657600,51.88,22.88,0.741,181.2861,3.483,71.3,2.296,20,0,-9.405,-1,1778967669
QCOM,us,1767744000,51.25,22.25,0.732,179.0405,-1.239,71.3,1.77,20,0,-8.685,-1,1778967669
QCOM,us,1767830400,50.0,21.0,0.714,180.7098,0.932,73.3,1.782,20,0,-11.261,-1,1778967669
QCOM,us,1767916800,47.24,22.25,0.675,176.6459,-2.249,69.3,1.349,20,0,-10.327,-1,1778967669
QCOM,us,1768176000,28.01,15.58,0.4,168.1902,-4.787,57.4,1.213,4,0,-8.98,-1,1778967669
QCOM,us,1768262400,25.94,13.7,0.371,164.2355,-2.351,53.5,1.194,4,0,-5.397,-1,1778967669
QCOM,us,1768348800,22.68,12.45,0.324,163.4903,-0.454,55.4,0.993,4,0,-4.096,-1,1778967669
QCOM,us,1768435200,18.68,8.7,0.267,160.3604,-1.914,43.6,0.968,4,0,-3.451,-1,1778967669
QCOM,us,1768521600,15.18,5.58,0.217,158.403,-1.221,37.6,0.93,4,0,-3.074,-1,1778967669
QCOM,us,1768867200,8.78,1.2,0.125,153.0871,-3.356,37.6,0.728,4,0,-0.669,0,1778967669
QCOM,us,1768953600,7.16,1.2,0.102,155.3724,1.493,39.6,0.566,4,0,-2.347,0,1778967669
QCOM,us,1769040000,8.35,1.2,0.119,156.7933,0.915,35.6,0.685,4,0,-3.536,-1,1778967669
QCOM,us,1769126400,7.4,1.2,0.106,154.826,-1.255,33.7,0.59,4,0,-2.715,0,1778967669
QCOM,us,1769385600,6.81,1.2,0.097,153.5342,-0.834,31.7,0.531,4,0,-1.23,0,1778967669
QCOM,us,1769472000,6.22,1.2,0.089,152.0637,-0.958,33.7,0.472,4,0,-3.829,-1,1778967669
QCOM,us,1769558400,6.04,1.2,0.086,151.7258,-0.222,25.7,0.454,4,0,-2.495,0,1778967669
QCOM,us,1769644800,5.46,1.2,0.078,151.2489,-0.314,31.7,0.396,4,0,-10.459,-1,1778967669
QCOM,us,1769731200,5.32,1.2,0.076,150.6229,-0.414,31.7,0.382,4,0,-9.4,-1,1778967669
QCOM,us,1769990400,5.51,1.2,0.079,151.6464,0.679,29.7,0.401,4,0,-8.97,-1,1778967669
QCOM,us,1770076800,4.57,1.2,0.065,146.2411,-3.564,29.7,0.307,4,0,-4.817,-1,1778967669
QCOM,us,1770163200,7.63,3.7,0.109,147.9402,1.162,35.6,0.363,4,0,-5.272,-1,1778967669
QCOM,us,1770249600,6.57,3.08,0.094,135.4305,-8.456,31.7,0.319,4,0,1.592,0,1778967669
QCOM,us,1770336000,9.47,5.58,0.135,136.4638,0.763,29.7,0.359,4,0,2.446,0,1778967669
QCOM,us,1770595200,11.62,6.82,0.166,138.0437,1.158,27.7,0.45,4,0,2.663,0,1778967669
QCOM,us,1770681600,13.99,8.08,0.2,139.1963,0.835,25.7,0.561,4,0,2.249,0,1778967669
QCOM,us,1770768000,15.73,8.7,0.225,140.1402,0.678,29.7,0.673,4,0,0.163,0,1778967669
QCOM,us,1770854400,16.76,9.95,0.239,137.5866,-1.822,31.7,0.651,4,0,3.185,1,1778967669
QCOM,us,1770940800,18.87,10.58,0.27,139.8024,1.61,31.7,0.799,4,0,-0.206,0,1778967669
QCOM,us,1771286400,21.84,11.82,0.312,141.7201,1.372,31.7,0.972,4,0,1.507,0,1778967669
QCOM,us,1771372800,24.52,12.45,0.35,142.3262,0.428,29.7,1.177,4,0,1.801,0,1778967669
QCOM,us,1771459200,24.11,13.7,0.344,140.3688,-1.375,29.7,1.011,4,0,3.058,1,1778967669
QCOM,us,1771545600,24.97,14.32,0.357,141.9685,1.14,31.7,1.035,4,0,-0.364,0,1778967669
QCOM,us,1771804800,26.13,15.58,0.373,139.5143,-1.729,35.6,1.025,4,0,0.442,0,1778967669
QCOM,us,1771891200,33.56,17.7,0.479,143.8564,3.112,41.6,1.206,9,0,-4.593,-1,1778967669
QCOM,us,1771977600,35.95,18.32,0.514,144.8898,0.718,41.6,1.383,9,0,-4.327,-1,1778967669
QCOM,us,1772064000,43.19,21.38,0.617,144.6612,-0.158,39.6,1.381,15,0,-5.296,-1,1778967669
QCOM,us,1772150400,38.37,20.5,0.548,141.4518,-2.219,35.6,1.337,10,0,-4.073,-1,1778967669
QCOM,us,1772409600,39.7,21.75,0.567,140.1303,-0.934,35.6,1.345,10,0,-1.442,0,1778967669
QCOM,us,1772496000,32.26,20.58,0.461,137.2488,-2.056,31.7,1.138,4,0,-1.493,0,1778967669
QCOM,us,1772582400,34.56,20.58,0.494,138.62,0.999,31.7,1.368,4,0,-3.246,-1,1778967669
QCOM,us,1772668800,31.66,20.58,0.452,137.0,-1.169,25.7,1.078,4,0,-4.27,-1,1778967669
QCOM,us,1772755200,34.25,20.58,0.489,135.69,-0.956,23.8,1.337,4,0,-4.326,-1,1778967669
QCOM,us,1773014400,33.94,20.58,0.485,138.11,1.783,25.7,1.306,4,0,-6.314,-1,1778967669
QCOM,us,1773100800,29.54,18.7,0.422,135.2,-2.107,27.7,1.054,4,0,-2.67,0,1778967669
QCOM,us,1773187200,27.22,18.08,0.389,134.12,-0.799,25.7,0.884,4,0,-2.721,0,1778967669
QCOM,us,1773273600,23.81,16.2,0.34,131.15,-2.214,25.7,0.731,4,0,0.099,0,1778967669
QCOM,us,1773360000,22.87,14.95,0.327,129.82,-1.014,23.8,0.762,4,0,0.062,0,1778967669
QCOM,us,1773619200,19.89,13.7,0.284,129.39,-0.331,17.8,0.589,4,0,-0.804,0,1778967669
QCOM,us,1773705600,18.63,12.45,0.266,131.59,1.7,21.8,0.588,4,0,-2.219,0,1778967669
QCOM,us,1773792000,16.79,11.82,0.24,130.47,-0.851,19.8,0.467,4,0,-0.092,0,1778967669
QCOM,us,1773878400,16.67,10.58,0.238,131.28,0.621,27.7,0.579,4,0,-0.564,0,1778967669
QCOM,us,1773964800,13.26,9.95,0.189,129.9,-1.051,23.8,0.301,4,0,-2.148,0,1778967669
QCOM,us,1774224000,11.97,8.7,0.171,128.35,-1.193,21.8,0.297,4,0,-0.997,0,1778967669
QCOM,us,1774310400,12.45,9.32,0.178,128.67,0.249,25.7,0.283,4,0,0.085,0,1778967669
QCOM,us,1774396800,14.92,11.82,0.213,130.35,1.306,29.7,0.28,4,0,-2.355,0,1778967669
QCOM,us,1774483200,18.15,14.32,0.259,130.54,0.146,33.7,0.353,4,0,-2.865,0,1778967669
QCOM,us,1774569600,18.85,14.95,0.269,127.11,-2.628,31.7,0.36,4,0,-1.086,0,1778967669
QCOM,us,1774828800,19.43,15.58,0.278,127.07,-0.031,31.7,0.355,4,0,-2.361,0,1778967669
QCOM,us,1774915200,20.3,15.58,0.29,128.78,1.346,29.7,0.442,4,0,-0.986,0,1778967669
QCOM,us,1775001600,20.2,16.2,0.289,127.28,-1.165,27.7,0.37,4,0,0.369,0,1778967669
QCOM,us,1775088000,20.21,16.2,0.289,126.8,-0.377,27.7,0.371,4,0,0.994,0,1778967669
QCOM,us,1775433600,20.85,16.82,0.298,125.73,-0.844,25.7,0.373,4,0,4.382,1,1778967669
QCOM,us,1775520000,21.34,18.08,0.305,124.07,-1.32,23.8,0.296,4,0,7.069,1,1778967669
QCOM,us,1775606400,24.66,20.58,0.352,127.51,2.773,25.7,0.378,4,0,4.345,1,1778967669
QCOM,us,1775692800,25.33,20.58,0.362,127.75,0.188,25.7,0.445,4,0,5.26,1,1778967669
QCOM,us,1775779200,26.05,20.58,0.372,128.06,0.243,27.7,0.517,4,0,6.356,1,1778967669
QCOM,us,1776038400,37.18,23.25,0.531,131.24,2.483,23.8,0.593,15,0,4.785,1,1778967669
QCOM,us,1776124800,36.8,22.0,0.526,132.84,1.219,31.7,0.68,15,0,2.048,0,1778967669
QCOM,us,1776211200,36.13,21.38,0.516,133.05,0.158,21.8,0.675,15,0,2.27,0,1778967669
QCOM,us,1776297600,33.38,17.62,0.477,134.47,1.067,21.8,0.776,15,0,-0.387,0,1778967669
QCOM,us,1776384000,26.25,13.3,0.375,136.2,1.287,21.8,0.775,11,0,9.288,1,1778967669
QCOM,us,1776643200,38.5,12.3,0.55,137.52,0.969,23.8,1.793,16,0,9.264,1,1778967669
QCOM,us,1776729600,36.88,11.38,0.527,135.56,-1.425,21.8,1.781,15,0,10.652,1,1778967669
QCOM,us,1776816000,31.62,8.92,0.452,136.07,0.376,21.8,1.796,11,0,14.647,1,1778967669
QCOM,us,1776902400,32.28,9.5,0.461,133.95,-1.558,23.8,1.478,15,0,34.065,1,1778967669
QCOM,us,1776988800,30.52,4.8,0.436,148.85,11.124,41.6,1.702,16,0,18.918,1,1778967669
QCOM,us,1777248000,31.0,4.8,0.443,150.26,0.947,43.6,2.525,16,0,12.059,1,1778967669
QCOM,us,1777334400,31.0,4.8,0.443,150.0,-0.173,47.5,2.169,16,0,24.367,1,1778967669
QCOM,us,1777420800,31.0,4.8,0.443,156.0,4.0,45.5,2.483,16,0,23.442,1,1778967669
QCOM,us,1777507200,31.0,4.8,0.443,179.58,15.115,67.3,3.712,16,0,12.791,1,1778967669
QCOM,us,1777593600,31.0,4.8,0.443,177.01,-1.431,59.4,3.151,16,0,23.773,1,1778967669
QCOM,us,1777852800,31.0,4.8,0.443,168.38,-4.875,55.4,2.666,16,0,41.068,1,1778967669
QCOM,us,1777939200,31.0,4.8,0.443,186.55,10.791,73.3,3.315,16,0,12.737,1,1778967669
QCOM,us,1778025600,31.0,4.8,0.443,192.57,3.227,75.2,3.512,16,0,10.697,1,1778967669
QCOM,us,1778112000,31.0,4.8,0.443,202.55,5.183,77.2,3.98,16,0,-1.219,0,1778967669
QCOM,us,1778198400,31.0,4.8,0.443,219.09,8.166,77.2,4.31,16,0,-8.033,-1,1778967669
ORCL,us,1763683200,5.5,1.2,0.079,197.546,-5.662,11.9,0.4,4,0,1.097,0,1778967669
ORCL,us,1763942400,6.74,1.2,0.096,199.0567,0.765,13.9,0.524,4,0,0.409,0,1778967669
ORCL,us,1764028800,7.7,2.45,0.11,195.8266,-1.623,4.0,0.495,4,0,5.431,1,1778967669
ORCL,us,1764115200,11.4,4.95,0.163,203.7082,4.025,9.9,0.615,4,0,4.572,1,1778967669
ORCL,us,1764288000,11.71,4.95,0.167,200.7166,-1.469,9.9,0.646,4,0,7.74,1,1778967669
ORCL,us,1764547200,12.71,6.82,0.182,199.7127,-0.5,7.9,0.559,4,0,9.754,1,1778967669
ORCL,us,1764633600,15.61,8.7,0.223,199.8717,0.08,7.9,0.661,4,0,10.159,1,1778967669
ORCL,us,1764720000,19.97,11.82,0.285,206.4612,3.297,11.9,0.785,4,0,7.356,1,1778967669
ORCL,us,1764806400,21.66,13.08,0.309,213.021,3.177,13.9,0.828,4,0,-7.223,-1,1778967669
ORCL,us,1764892800,29.55,15.82,0.422,216.2511,1.516,11.9,0.993,9,0,-12.69,-1,1778967669
ORCL,us,1765152000,38.88,18.88,0.555,219.193,1.36,15.8,1.2,15,0,-16.151,-1,1778967669
ORCL,us,1765238400,40.16,20.12,0.574,220.177,0.449,2.0,1.204,15,0,-14.842,-1,1778967669
ORCL,us,1765324800,39.07,19.58,0.558,221.6479,0.668,0.0,1.569,9,0,-19.977,-1,1778967669
ORCL,us,1765411200,30.34,18.7,0.433,197.6355,-10.834,0.0,1.134,4,0,-9.464,-1,1778967669
ORCL,us,1765497600,28.15,17.45,0.402,188.8097,-4.466,0.0,1.04,4,0,1.053,0,1778967669
ORCL,us,1765756800,24.53,16.2,0.35,183.7906,-2.658,0.0,0.803,4,0,7.279,1,1778967669
ORCL,us,1765843200,25.29,15.58,0.361,187.4978,2.017,0.0,0.941,4,0,3.546,1,1778967669
ORCL,us,1765929600,22.23,14.32,0.318,177.37,-5.402,0.0,0.761,4,0,10.663,1,1778967669
ORCL,us,1766016000,22.61,14.32,0.323,178.9304,0.88,0.0,0.799,4,0,9.976,1,1778967669
ORCL,us,1766102400,25.42,14.32,0.363,190.7975,6.632,0.0,1.08,4,0,1.776,0,1778967669
ORCL,us,1766361600,27.27,13.7,0.39,197.1684,3.339,0.0,1.327,4,0,-0.59,0,1778967669
ORCL,us,1766448000,24.94,13.08,0.356,194.1469,-1.532,0.0,1.156,4,0,-0.22,0,1778967669
ORCL,us,1766534400,26.42,13.08,0.377,196.2838,1.101,0.0,1.304,4,0,-0.901,0,1778967669
ORCL,us,1766707200,25.27,12.45,0.361,196.7807,0.253,2.0,1.252,4,0,-2.727,0,1778967669
ORCL,us,1766966400,23.98,11.2,0.343,194.1867,-1.318,2.0,1.248,4,0,-0.834,0,1778967669
ORCL,us,1767052800,24.46,10.58,0.349,196.0055,0.937,2.0,1.358,4,0,-2.216,0,1778967669
ORCL,us,1767139200,22.68,9.95,0.324,193.7195,-1.166,2.0,1.243,4,0,-2.699,0,1778967669
ORCL,us,1767312000,23.15,10.58,0.331,194.5147,0.41,2.0,1.227,4,0,1.704,0,1778967669
ORCL,us,1767571200,31.91,16.75,0.456,191.4137,-1.594,0.0,1.066,10,0,6.559,1,1778967669
ORCL,us,1767657600,32.91,18.0,0.47,192.5666,0.602,2.0,1.041,10,0,4.684,1,1778967669
ORCL,us,1767744000,33.68,19.88,0.481,191.6622,-0.47,2.0,0.93,10,0,0.665,0,1778967669
ORCL,us,1767830400,35.15,22.38,0.502,188.4917,-1.654,2.0,0.827,10,0,0.37,0,1778967669
ORCL,us,1767916800,39.52,23.88,0.565,197.8291,4.954,4.0,0.764,15,0,-3.743,-1,1778967669
ORCL,us,1768176000,43.05,23.25,0.615,203.9676,3.103,5.9,1.18,15,0,-12.097,-1,1778967669
ORCL,us,1768262400,44.66,22.62,0.638,201.5859,-1.168,7.9,1.404,15,0,-14.044,-1,1778967669
ORCL,us,1768348800,40.92,21.45,0.585,192.9362,-4.291,2.0,1.567,9,0,-7.97,-1,1778967669
ORCL,us,1768435200,33.03,19.95,0.472,189.1892,-1.942,0.0,1.278,4,0,-6.684,-1,1778967669
ORCL,us,1768521600,38.38,20.58,0.548,190.4249,0.653,2.0,1.83,4,0,-4.527,-1,1778967669
ORCL,us,1768867200,34.21,20.58,0.489,179.2938,-5.845,2.0,1.333,4,0,-2.79,0,1778967669
ORCL,us,1768953600,23.98,16.2,0.343,173.2748,-3.357,0.0,0.748,4,0,-0.621,0,1778967669
ORCL,us,1769040000,23.09,15.58,0.33,177.5598,2.473,4.0,0.721,4,0,-5.146,-1,1778967669
ORCL,us,1769126400,22.31,14.95,0.319,176.5434,-0.572,2.0,0.706,4,0,-7.101,-1,1778967669
ORCL,us,1769385600,22.21,14.32,0.317,181.805,2.98,2.0,0.759,4,0,-12.267,-1,1778967669
ORCL,us,1769472000,19.07,12.45,0.272,174.2913,-4.133,2.0,0.632,4,0,-11.567,-1,1778967669
ORCL,us,1769558400,17.95,11.82,0.256,172.1986,-1.201,2.0,0.583,4,0,-15.122,-1,1778967669
ORCL,us,1769644800,15.54,10.58,0.222,168.4218,-2.193,4.0,0.466,4,0,-19.247,-1,1778967669
ORCL,us,1769731200,14.04,9.32,0.201,164.0072,-2.621,4.0,0.442,4,0,-13.222,-1,1778967669
ORCL,us,1769990400,4.97,1.2,0.071,159.5029,-2.746,4.0,0.347,4,0,-2.168,0,1778967669
ORCL,us,1770076800,4.79,1.2,0.068,154.1317,-3.367,4.0,0.329,4,0,3.375,1,1778967669
ORCL,us,1770163200,4.09,1.2,0.058,146.1595,-5.172,2.0,0.259,4,0,7.152,1,1778967669
ORCL,us,1770249600,4.0,1.2,0.057,136.005,-6.948,2.0,0.242,4,0,14.654,1,1778967669
ORCL,us,1770336000,4.69,1.2,0.067,142.3229,4.645,5.9,0.319,4,0,12.127,1,1778967669
ORCL,us,1770595200,5.84,1.82,0.083,156.045,9.641,7.9,0.372,4,0,-1.673,0,1778967669
ORCL,us,1770681600,6.8,2.45,0.097,159.3335,2.107,5.9,0.405,4,0,-2.327,0,1778967669
ORCL,us,1770768000,7.97,3.7,0.114,156.613,-1.707,5.9,0.397,4,0,-0.395,0,1778967669
ORCL,us,1770854400,8.58,4.32,0.123,155.9354,-0.433,7.9,0.396,4,0,-5.368,-1,1778967669
ORCL,us,1770940800,10.41,5.58,0.149,159.5826,2.339,7.9,0.453,4,0,-11.758,-1,1778967669
ORCL,us,1771286400,10.42,6.2,0.149,153.4341,-3.853,5.9,0.392,4,0,-5.085,-1,1778967669
ORCL,us,1771372800,12.28,7.45,0.175,155.6265,1.429,5.9,0.453,4,0,-5.302,-1,1778967669
ORCL,us,1771459200,13.73,8.08,0.196,155.9952,0.237,5.9,0.535,4,0,-3.98,-1,1778967669
ORCL,us,1771545600,13.47,8.7,0.192,147.5646,-5.404,5.9,0.447,4,0,-1.81,0,1778967669
ORCL,us,1771804800,13.38,8.7,0.191,140.8182,-4.572,5.9,0.438,4,0,5.619,1,1778967669
ORCL,us,1771891200,15.27,10.58,0.218,145.6314,3.418,5.9,0.439,4,0,1.964,0,1778967669
ORCL,us,1771977600,23.48,13.62,0.335,147.3753,1.197,5.9,0.536,10,0,3.029,1,1778967669
ORCL,us,1772064000,25.82,14.88,0.369,149.7868,1.636,5.9,0.644,10,0,2.981,0,1778967669
ORCL,us,1772150400,27.07,16.12,0.387,144.8939,-3.267,5.9,0.645,10,0,5.199,1,1778967669
ORCL,us,1772409600,23.51,15.58,0.336,148.7305,2.648,5.9,0.763,4,0,1.548,0,1778967669
ORCL,us,1772496000,25.41,16.82,0.363,148.4914,-0.161,5.9,0.829,4,0,0.262,0,1778967669
ORCL,us,1772582400,33.65,19.58,0.481,151.8397,2.255,4.0,1.027,9,0,7.055,1,1778967669
ORCL,us,1772668800,37.23,20.2,0.532,154.2513,1.588,4.0,1.323,9,0,2.823,0,1778967669
ORCL,us,1772755200,38.76,21.45,0.554,152.4276,-1.182,7.9,1.351,9,0,1.406,0,1778967669
ORCL,us,1773014400,31.56,20.58,0.451,151.0325,-0.915,2.0,1.068,4,0,2.91,0,1778967669
ORCL,us,1773100800,28.13,20.58,0.402,148.88,-1.425,2.0,0.725,4,0,3.541,1,1778967669
ORCL,us,1773187200,39.28,22.62,0.561,162.5523,9.183,9.9,0.866,15,0,-6.265,-1,1778967669
ORCL,us,1773273600,38.32,22.0,0.547,158.6061,-2.428,9.9,0.832,15,0,-2.287,0,1778967669
ORCL,us,1773360000,38.24,22.0,0.546,154.5701,-2.545,4.0,0.824,15,0,-3.501,-1,1778967669
ORCL,us,1773619200,38.95,22.62,0.556,155.4272,0.554,7.9,0.833,15,0,-1.045,0,1778967669
ORCL,us,1773705600,38.22,22.0,0.546,154.1516,-0.821,5.9,0.822,15,0,-4.913,-1,1778967669
ORCL,us,1773792000,37.98,22.62,0.543,152.3678,-1.157,7.9,0.736,15,0,-4.5,-1,1778967669
ORCL,us,1773878400,38.81,23.25,0.554,154.9787,1.714,7.9,0.756,15,0,-8.173,-1,1778967669
ORCL,us,1773964800,34.27,22.38,0.49,149.159,-3.755,9.9,0.739,10,0,-6.694,-1,1778967669
ORCL,us,1774224000,40.63,23.88,0.58,153.8028,3.113,9.9,0.875,15,0,-10.069,-1,1778967669
ORCL,us,1774310400,28.35,20.58,0.405,146.5781,-4.697,5.9,0.747,4,0,0.014,0,1778967669
ORCL,us,1774396800,25.93,19.32,0.37,145.5118,-0.727,4.0,0.631,4,0,-0.541,0,1778967669
ORCL,us,1774483200,24.49,18.7,0.35,142.313,-2.198,5.9,0.549,4,0,2.5,0,1778967669
ORCL,us,1774569600,17.89,11.82,0.256,139.1739,-2.206,5.9,0.577,4,0,4.21,1,1778967669
ORCL,us,1774828800,15.77,10.58,0.225,138.3169,-0.616,4.0,0.489,4,0,3.148,1,1778967669
ORCL,us,1774915200,16.08,9.95,0.23,146.598,5.987,5.9,0.583,4,0,-2.345,0,1778967669
ORCL,us,1775001600,14.68,9.32,0.21,144.7245,-1.278,5.9,0.506,4,0,-4.743,-1,1778967669
ORCL,us,1775088000,13.81,8.7,0.197,145.8705,0.792,7.9,0.481,4,0,-5.334,-1,1778967669
ORCL,us,1775433600,13.53,8.08,0.193,145.0334,-0.574,7.9,0.515,4,0,7.299,1,1778967669
ORCL,us,1775520000,11.24,5.58,0.161,142.6717,-1.628,7.9,0.536,4,0,14.248,1,1778967669
ORCL,us,1775606400,12.34,4.95,0.176,143.16,0.342,7.9,0.709,4,0,18.616,1,1778967669
ORCL,us,1775692800,12.25,8.08,0.175,137.86,-3.702,7.9,0.387,4,0,29.363,1,1778967669
ORCL,us,1775779200,14.9,9.32,0.213,138.09,0.167,9.9,0.528,4,0,26.772,1,1778967669
ORCL,us,1776038400,32.71,13.5,0.467,155.62,12.695,9.9,0.771,20,0,14.111,1,1778967669
ORCL,us,1776124800,27.29,6.62,0.39,163.0,4.742,13.9,0.917,20,0,11.147,1,1778967669
ORCL,us,1776211200,25.4,4.8,0.363,169.81,4.178,13.9,1.19,16,0,10.418,1,1778967669
ORCL,us,1776297600,28.51,4.8,0.407,178.34,5.023,17.8,1.501,16,0,-1.155,0,1778967669
ORCL,us,1776384000,25.12,4.8,0.359,175.06,-1.839,15.8,1.162,16,0,-1.017,0,1778967669
ORCL,us,1776643200,28.01,4.8,0.4,177.58,1.44,13.9,1.451,16,0,-2.602,0,1778967669
ORCL,us,1776729600,28.88,4.8,0.413,181.17,2.022,17.8,1.538,16,0,-8.395,-1,1778967669
ORCL,us,1776816000,31.0,4.8,0.443,187.5,3.494,25.7,1.898,16,0,-12.624,-1,1778967669
ORCL,us,1776902400,35.0,6.0,0.5,176.28,-5.984,21.8,1.755,20,0,-8.447,-1,1778967669
ORCL,us,1776988800,34.45,6.62,0.492,173.28,-1.702,19.8,1.633,20,0,-0.837,0,1778967669
ORCL,us,1777248000,35.46,7.88,0.507,172.96,-0.185,19.8,1.608,20,0,4.238,1,1778967669
ORCL,us,1777334400,35.21,8.5,0.503,165.96,-4.047,17.8,1.521,20,0,11.684,1,1778967669
ORCL,us,1777420800,33.78,9.12,0.483,163.83,-1.283,19.8,1.316,20,0,18.434,1,1778967669
ORCL,us,1777507200,30.02,8.88,0.429,161.39,-1.489,17.8,1.314,15,0,20.571,1,1778967669
ORCL,us,1777593600,36.07,11.0,0.515,171.83,6.469,23.8,1.357,20,0,14.037,1,1778967669
ORCL,us,1777852800,38.64,11.62,0.552,180.29,4.923,29.7,1.552,20,0,7.516,1,1778967669
ORCL,us,1777939200,41.88,12.88,0.598,185.35,2.807,31.7,1.759,20,0,0.798,0,1778967669
ORCL,us,1778025600,42.5,13.5,0.607,194.03,4.683,39.6,1.776,20,0,-2.201,0,1778967669
ORCL,us,1778112000,43.75,14.75,0.625,194.59,0.289,45.5,2.179,20,0,0.524,0,1778967669
ORCL,us,1778198400,45.0,16.0,0.643,195.95,0.699,45.5,2.156,20,0,-1.531,0,1778967669
CRM,us,1763683200,9.92,1.2,0.142,226.1783,0.772,23.8,0.842,4,0,2.519,0,1778967669
CRM,us,1763942400,8.44,1.2,0.121,225.8895,-0.128,23.8,0.694,4,0,3.479,1,1778967669
CRM,us,1764028800,11.0,1.82,0.157,233.1596,3.218,27.7,0.888,4,0,1.965,0,1778967669
CRM,us,1764115200,10.31,1.2,0.147,227.2141,-2.55,21.8,0.881,4,0,8.464,1,1778967669
CRM,us,1764288000,11.66,3.08,0.167,229.5943,1.048,21.8,0.828,4,0,13.026,1,1778967669
CRM,us,1764547200,13.37,4.95,0.191,231.8749,0.993,25.7,0.812,4,0,11.468,1,1778967669
CRM,us,1764633600,14.69,6.2,0.21,233.7472,0.807,25.7,0.819,4,0,11.21,1,1778967669
CRM,us,1764720000,28.1,13.32,0.401,237.7407,1.708,33.7,1.098,9,0,10.674,1,1778967669
CRM,us,1764806400,50.13,23.5,0.716,246.4449,3.661,35.6,1.513,20,0,6.017,1,1778967669
CRM,us,1764892800,40.0,11.0,0.571,259.5011,5.298,43.6,2.125,20,0,0.637,0,1778967669
CRM,us,1765152000,37.38,9.12,0.534,258.4653,-0.399,47.5,1.676,20,0,-1.907,0,1778967669
CRM,us,1765238400,31.13,5.42,0.445,259.9492,0.574,49.5,1.701,16,0,-2.341,0,1778967669
CRM,us,1765324800,31.0,4.8,0.443,263.1162,1.218,53.5,1.75,16,0,-2.294,0,1778967669
CRM,us,1765411200,28.5,4.8,0.407,261.2738,-0.7,51.5,1.5,16,0,-1.557,0,1778967669
CRM,us,1765497600,28.41,4.8,0.406,261.1543,-0.046,49.5,1.491,16,0,-0.725,0,1778967669
CRM,us,1765756800,25.88,4.8,0.37,253.5356,-2.917,43.6,1.238,16,0,4.115,1,1778967669
CRM,us,1765843200,31.53,6.0,0.45,253.8643,0.13,41.6,1.403,20,0,3.509,1,1778967669
CRM,us,1765929600,30.06,4.8,0.429,257.0811,1.267,53.5,1.656,16,0,2.924,0,1778967669
CRM,us,1766016000,32.88,6.68,0.47,257.2067,0.049,45.5,2.022,16,0,3.192,1,1778967669
CRM,us,1766102400,34.12,7.92,0.487,259.2616,0.799,45.5,2.714,16,0,2.432,0,1778967669
CRM,us,1766361600,35.38,9.18,0.505,263.9698,1.816,51.5,2.679,16,0,0.487,0,1778967669
CRM,us,1766448000,36.62,10.42,0.523,262.7728,-0.453,45.5,2.892,16,0,0.562,0,1778967669
CRM,us,1766534400,37.25,11.05,0.532,264.5983,0.695,49.5,2.722,16,0,-4.388,-1,1778967669
CRM,us,1766707200,45.0,16.0,0.643,265.4162,0.309,47.5,3.369,20,0,-3.691,-1,1778967669
CRM,us,1766966400,48.12,19.12,0.687,265.5658,0.056,51.5,3.384,20,0,-1.251,0,1778967669
CRM,us,1767052800,50.62,21.62,0.723,265.2566,-0.116,59.4,2.993,20,0,0.075,0,1778967669
CRM,us,1767139200,54.38,25.38,0.777,264.2491,-0.38,61.4,2.61,20,0,-1.653,0,1778967669
CRM,us,1767312000,43.38,22.08,0.62,252.9873,-4.262,49.5,1.912,9,0,2.492,0,1778967669
CRM,us,1767571200,42.41,22.08,0.606,255.6207,1.041,49.5,1.653,9,0,1.225,0,1778967669
CRM,us,1767657600,51.04,24.75,0.729,262.2441,2.591,47.5,1.479,20,0,-8.307,-1,1778967669
CRM,us,1767744000,53.12,24.12,0.759,265.4561,1.225,53.5,1.966,20,0,-9.977,-1,1778967669
CRM,us,1767830400,46.01,22.0,0.657,259.88,-2.101,55.4,1.601,15,0,-10.363,-1,1778967669
CRM,us,1767916800,43.54,22.62,0.622,259.2915,-0.226,53.5,1.292,15,0,-12.63,-1,1778967669
CRM,us,1768176000,37.62,20.2,0.537,258.7529,-0.208,49.5,1.362,9,0,-15.162,-1,1778967669
CRM,us,1768262400,28.39,16.2,0.406,240.4586,-7.07,29.7,1.189,4,0,-8.081,-1,1778967669
CRM,us,1768348800,26.54,14.32,0.379,238.9723,-0.618,33.7,1.192,4,0,-4.792,-1,1778967669
CRM,us,1768435200,21.27,11.82,0.304,232.9474,-2.521,29.7,0.915,4,0,-2.347,0,1778967669
CRM,us,1768521600,15.93,8.7,0.228,226.5434,-2.749,19.8,0.693,4,0,1.008,0,1778967669
CRM,us,1768867200,10.69,4.95,0.153,219.521,-3.1,19.8,0.544,4,0,3.844,1,1778967669
CRM,us,1768953600,6.12,1.2,0.087,221.0272,0.686,15.8,0.462,4,0,2.879,0,1778967669
CRM,us,1769040000,6.51,1.2,0.093,227.521,2.938,17.8,0.501,4,0,-6.142,-1,1778967669
CRM,us,1769126400,6.28,1.2,0.09,227.4811,-0.018,17.8,0.478,4,0,-6.911,-1,1778967669
CRM,us,1769385600,6.78,1.2,0.097,228.8277,0.592,19.8,0.528,4,0,-8.104,-1,1778967669
CRM,us,1769472000,6.11,1.2,0.087,227.9599,-0.379,21.8,0.461,4,0,-14.068,-1,1778967669
CRM,us,1769558400,6.68,2.45,0.095,227.3913,-0.249,23.8,0.393,4,0,-12.511,-1,1778967669
CRM,us,1769644800,4.99,1.2,0.071,213.5459,-6.089,15.8,0.349,4,0,-11.262,-1,1778967669
CRM,us,1769731200,4.81,1.2,0.069,211.7604,-0.836,13.9,0.331,4,0,-9.864,-1,1778967669
CRM,us,1769990400,4.85,1.2,0.069,210.2841,-0.697,13.9,0.335,4,0,-7.96,-1,1778967669
CRM,us,1770076800,4.04,1.2,0.058,195.8901,-6.845,11.9,0.254,4,0,-1.492,0,1778967669
CRM,us,1770163200,5.08,1.2,0.073,198.9424,1.558,13.9,0.358,4,0,-7.24,-1,1778967669
CRM,us,1770249600,4.33,1.2,0.062,189.4961,-4.748,13.9,0.283,4,0,-2.39,0,1778967669
CRM,us,1770336000,5.17,1.2,0.074,190.8726,0.726,11.9,0.367,4,0,-0.852,0,1778967669
CRM,us,1770595200,7.85,3.08,0.112,193.5459,1.401,15.8,0.447,4,0,-5.02,-1,1778967669
CRM,us,1770681600,8.89,4.32,0.127,192.9674,-0.299,11.9,0.427,4,0,-2.926,0,1778967669
CRM,us,1770768000,8.82,4.32,0.126,184.5385,-4.368,11.9,0.42,4,0,0.157,0,1778967669
CRM,us,1770854400,10.03,4.32,0.143,184.9674,0.232,13.9,0.541,4,0,-0.146,0,1778967669
CRM,us,1770940800,11.94,4.95,0.171,189.2467,2.314,13.9,0.669,4,0,-6.093,-1,1778967669
CRM,us,1771286400,11.32,4.32,0.162,183.8302,-2.862,11.9,0.67,4,0,0.613,0,1778967669
CRM,us,1771372800,11.31,3.08,0.162,187.3215,1.899,11.9,0.793,4,0,2.109,0,1778967669
CRM,us,1771459200,10.05,3.08,0.144,184.8277,-1.331,13.9,0.667,4,0,7.653,1,1778967669
CRM,us,1771545600,11.57,5.58,0.165,184.6981,-0.07,11.9,0.569,4,0,5.201,1,1778967669
CRM,us,1771804800,12.62,6.82,0.18,177.7155,-3.781,21.8,0.55,4,0,8.302,1,1778967669
CRM,us,1771891200,16.85,10.58,0.241,184.9574,4.075,21.8,0.597,4,0,5.733,1,1778967669
CRM,us,1771977600,23.5,15.58,0.336,191.2716,3.414,21.8,0.762,4,0,0.694,0,1778967669
CRM,us,1772064000,38.46,20.75,0.549,198.9724,4.026,23.8,0.971,15,0,0.963,0,1778967669
CRM,us,1772150400,39.84,22.0,0.569,194.304,-2.346,27.7,0.984,15,0,3.758,1,1778967669
CRM,us,1772409600,34.54,20.82,0.493,192.4686,-0.945,21.8,0.992,9,0,3.027,1,1778967669
CRM,us,1772496000,43.23,23.88,0.618,195.5609,1.607,25.7,1.135,15,0,-0.581,0,1778967669
CRM,us,1772582400,43.93,23.88,0.628,192.5983,-1.515,15.8,1.205,15,0,0.544,0,1778967669
CRM,us,1772668800,42.15,22.62,0.602,200.8876,4.304,19.8,1.153,15,0,-1.048,0,1778967669
CRM,us,1772755200,44.52,22.0,0.636,201.6058,0.358,21.8,1.452,15,0,-4.592,-1,1778967669
CRM,us,1773014400,41.61,21.38,0.594,198.2941,-1.643,13.9,1.223,15,0,-0.226,0,1778967669
CRM,us,1773100800,38.89,20.75,0.556,194.4238,-1.952,11.9,1.014,15,0,0.205,0,1778967669
CRM,us,1773187200,38.54,20.12,0.551,193.6457,-0.4,11.9,1.042,15,0,0.108,0,1778967669
CRM,us,1773273600,41.46,19.5,0.592,198.7828,2.653,21.8,1.396,15,0,-2.153,0,1778967669
CRM,us,1773360000,40.6,21.38,0.58,192.3489,-3.237,17.8,1.122,15,0,1.322,0,1778967669
CRM,us,1773619200,39.87,20.75,0.57,197.8452,2.857,21.8,1.112,15,0,-1.593,0,1778967669
CRM,us,1773705600,41.3,22.0,0.59,194.8228,-1.528,15.8,1.13,15,0,-6.293,-1,1778967669
CRM,us,1773792000,33.8,20.2,0.483,193.8552,-0.497,15.8,0.98,9,0,-6.37,-1,1778967669
CRM,us,1773878400,41.79,22.62,0.597,194.5036,0.334,19.8,1.117,15,0,-4.795,-1,1778967669
CRM,us,1773964800,45.63,23.88,0.652,194.8926,0.2,19.8,1.375,15,0,-8.225,-1,1778967669
CRM,us,1774224000,34.8,20.58,0.497,194.6931,-0.102,19.8,1.392,4,0,-5.2,-1,1778967669
CRM,us,1774310400,31.25,19.95,0.446,182.5634,-6.23,13.9,1.1,4,0,1.994,0,1778967669
CRM,us,1774396800,28.32,19.32,0.405,181.5061,-0.579,13.9,0.87,4,0,2.352,0,1778967669
CRM,us,1774483200,26.64,18.7,0.381,185.1769,2.022,15.8,0.764,4,0,0.83,0,1778967669
CRM,us,1774569600,21.97,13.7,0.314,178.8627,-3.41,15.8,0.797,4,0,3.19,1,1778967669
CRM,us,1774828800,21.5,11.82,0.307,184.5684,3.19,19.8,0.938,4,0,-1.119,0,1778967669
CRM,us,1774915200,17.61,8.08,0.252,186.2043,0.886,17.8,0.923,4,0,-5.518,-1,1778967669
CRM,us,1775001600,16.97,7.45,0.242,185.7754,-0.23,21.8,0.922,4,0,-8.034,-1,1778967669
CRM,us,1775088000,19.8,10.58,0.283,186.713,0.505,19.8,0.892,4,0,-11.651,-1,1778967669
CRM,us,1775433600,20.83,13.08,0.298,184.5684,-1.149,17.8,0.745,4,0,-6.365,-1,1778967669
CRM,us,1775520000,21.99,14.32,0.314,182.5036,-1.119,17.8,0.737,4,0,-6.133,-1,1778967669
CRM,us,1775606400,13.3,5.58,0.19,175.93,-3.602,13.9,0.742,4,0,0.949,0,1778967669
CRM,us,1775692800,10.91,3.7,0.156,170.85,-2.888,13.9,0.691,4,0,6.07,1,1778967669
CRM,us,1775779200,7.54,2.45,0.108,164.96,-3.447,13.9,0.479,4,0,10.415,1,1778967669
CRM,us,1776038400,8.07,1.82,0.115,172.82,4.765,11.9,0.595,4,0,7.783,1,1778967669
CRM,us,1776124800,6.89,1.82,0.098,171.31,-0.874,9.9,0.477,4,0,9.223,1,1778967669
CRM,us,1776211200,8.7,2.45,0.124,177.6,3.672,9.9,0.595,4,0,6.869,1,1778967669
CRM,us,1776297600,11.08,3.7,0.158,181.22,2.038,11.9,0.708,4,0,-4.37,-1,1778967669
CRM,us,1776384000,23.21,7.62,0.332,182.14,0.508,11.9,0.759,15,0,-2.185,0,1778967669
CRM,us,1776643200,24.1,8.88,0.344,186.27,2.267,11.9,0.722,15,0,-3.269,-1,1778967669
CRM,us,1776729600,27.5,10.75,0.393,187.11,0.451,11.9,0.875,15,0,-3.094,-1,1778967669
CRM,us,1776816000,28.69,9.5,0.41,189.8,1.438,11.9,1.119,15,0,-4.521,-1,1778967669
CRM,us,1776902400,16.86,6.2,0.241,173.3,-8.693,9.9,1.036,4,0,1.864,0,1778967669
CRM,us,1776988800,17.51,6.82,0.25,178.16,2.804,9.9,1.039,4,0,3.177,1,1778967669
CRM,us,1777248000,24.89,8.95,0.356,180.18,1.134,11.9,1.214,9,0,2.942,0,1778967669
CRM,us,1777334400,31.3,11.38,0.447,181.32,0.633,15.8,1.192,15,0,3.127,1,1778967669
CRM,us,1777420800,31.09,12.62,0.444,181.22,-0.055,15.8,1.047,15,0,-0.017,0,1778967669
CRM,us,1777507200,26.51,11.75,0.379,176.53,-2.588,15.8,1.026,10,0,5.557,1,1778967669
CRM,us,1777593600,34.07,15.75,0.487,183.82,4.13,15.8,1.032,15,0,-1.088,0,1778967669
CRM,us,1777852800,35.35,15.12,0.505,185.48,0.903,15.8,1.223,15,0,-4.308,-1,1778967669
CRM,us,1777939200,40.74,14.75,0.582,186.99,0.814,17.8,1.449,20,0,-8.385,-1,1778967669
CRM,us,1778025600,30.66,12.08,0.438,181.19,-3.102,13.9,1.478,9,0,-8.472,-1,1778967669
CRM,us,1778112000,48.75,19.75,0.696,186.34,2.842,13.9,1.996,20,0,-10.068,-1,1778967669
CRM,us,1778198400,42.12,20.82,0.602,181.82,-2.426,13.9,2.067,9,0,-4.57,-1,1778967669
ADBE,us,1763683200,9.9,2.45,0.141,324.19,3.774,19.8,0.715,4,0,-0.413,0,1778967669
ADBE,us,1763942400,14.13,8.08,0.202,318.73,-1.684,17.8,0.575,4,0,1.28,0,1778967669
ADBE,us,1764028800,26.16,19.95,0.374,319.55,0.257,17.8,0.591,4,0,2.263,0,1778967669
ADBE,us,1764115200,26.66,19.95,0.381,317.52,-0.635,15.8,0.641,4,0,3.53,1,1778967669
ADBE,us,1764288000,26.71,20.58,0.382,320.13,0.822,13.9,0.583,4,0,8.162,1,1778967669
ADBE,us,1764547200,26.68,20.58,0.381,322.85,0.85,19.8,0.58,4,0,5.039,1,1778967669
ADBE,us,1764633600,26.68,20.58,0.381,322.81,-0.012,15.8,0.58,4,0,6.663,1,1778967669
ADBE,us,1764720000,32.97,22.08,0.471,326.78,1.23,19.8,0.709,9,0,5.003,1,1778967669
ADBE,us,1764806400,33.2,22.08,0.474,328.73,0.597,15.8,0.732,9,0,6.601,1,1778967669
ADBE,us,1764892800,44.57,22.88,0.637,346.26,5.333,27.7,1.019,20,0,2.937,0,1778967669
ADBE,us,1765152000,36.39,18.25,0.52,339.12,-2.062,19.8,1.014,15,0,3.547,1,1778967669
ADBE,us,1765238400,36.71,14.75,0.524,344.32,1.533,27.7,1.046,20,0,1.037,0,1778967669
ADBE,us,1765324800,33.8,14.12,0.483,343.13,-0.346,29.7,0.818,20,0,3.36,1,1778967669
ADBE,us,1765411200,26.45,7.92,0.378,350.43,2.127,25.7,0.983,16,0,1.535,0,1778967669
ADBE,us,1765497600,25.43,4.8,0.363,356.43,1.712,33.7,1.193,16,0,-0.16,0,1778967669
ADBE,us,1765756800,24.68,4.8,0.353,351.15,-1.481,31.7,1.118,16,0,1.817,0,1778967669
ADBE,us,1765843200,24.47,4.8,0.35,347.89,-0.928,25.7,1.097,16,0,1.302,0,1778967669
ADBE,us,1765929600,26.44,4.8,0.378,354.66,1.946,33.7,1.294,16,0,-0.474,0,1778967669
ADBE,us,1766016000,28.65,4.8,0.409,355.81,0.324,33.7,1.515,16,0,-0.565,0,1778967669
ADBE,us,1766102400,32.25,6.05,0.461,355.86,0.014,29.7,1.956,16,0,-0.759,0,1778967669
ADBE,us,1766361600,31.62,5.42,0.452,357.53,0.469,27.7,1.9,16,0,-1.404,0,1778967669
ADBE,us,1766448000,37.5,8.5,0.536,352.42,-1.429,27.7,2.046,20,0,-0.69,0,1778967669
ADBE,us,1766534400,39.38,10.38,0.563,352.98,0.159,29.7,1.961,20,0,-5.575,-1,1778967669
ADBE,us,1766707200,40.62,11.62,0.58,353.8,0.232,25.7,2.228,20,0,-6.286,-1,1778967669
ADBE,us,1766966400,43.75,14.75,0.625,353.16,-0.181,25.7,1.965,20,0,-4.862,-1,1778967669
ADBE,us,1767052800,47.8,19.12,0.683,352.51,-0.184,29.7,1.718,20,0,-4.088,-1,1778967669
ADBE,us,1767139200,50.0,21.0,0.714,349.99,-0.715,31.7,1.821,20,0,-3.129,-1,1778967669
ADBE,us,1767312000,33.55,18.7,0.479,333.3,-4.769,17.8,1.455,4,0,0.195,0,1778967669
ADBE,us,1767571200,31.55,19.32,0.451,331.56,-0.522,15.8,1.193,4,0,-1.179,0,1778967669
ADBE,us,1767657600,27.98,16.82,0.4,335.99,1.336,15.8,1.086,4,0,-7.756,-1,1778967669
ADBE,us,1767744000,29.46,16.2,0.421,338.1,0.628,19.8,1.296,4,0,-9.956,-1,1778967669
ADBE,us,1767830400,33.53,17.08,0.479,339.04,0.278,21.8,1.265,9,0,-10.309,-1,1778967669
ADBE,us,1767916800,26.1,11.82,0.373,333.95,-1.501,17.8,1.398,4,0,-11.328,-1,1778967669
ADBE,us,1768176000,20.17,9.95,0.288,327.65,-1.887,17.8,0.992,4,0,-11.378,-1,1778967669
ADBE,us,1768262400,14.83,7.45,0.212,309.93,-5.408,11.9,0.708,4,0,-5.066,-1,1778967669
ADBE,us,1768348800,9.16,1.82,0.131,304.44,-1.771,11.9,0.704,4,0,-1.547,0,1778967669
ADBE,us,1768435200,8.44,1.2,0.121,304.09,-0.115,13.9,0.694,4,0,-0.993,0,1778967669
ADBE,us,1768521600,6.53,1.2,0.093,296.12,-2.621,11.9,0.503,4,0,2.904,0,1778967669
ADBE,us,1768867200,5.4,1.2,0.077,290.37,-1.942,11.9,0.39,4,0,2.428,0,1778967669
ADBE,us,1768953600,4.9,1.2,0.07,294.23,1.329,11.9,0.34,4,0,1.818,0,1778967669
ADBE,us,1769040000,5.23,1.2,0.075,299.73,1.869,9.9,0.373,4,0,-2.696,0,1778967669
ADBE,us,1769126400,6.19,1.2,0.088,301.07,0.447,9.9,0.469,4,0,-2.597,0,1778967669
ADBE,us,1769385600,8.58,3.08,0.123,304.72,1.212,9.9,0.52,4,0,-3.721,-1,1778967669
ADBE,us,1769472000,8.61,3.7,0.123,297.42,-2.396,9.9,0.461,4,0,-8.57,-1,1778967669
ADBE,us,1769558400,10.75,4.95,0.154,299.58,0.726,9.9,0.55,4,0,-6.633,-1,1778967669
ADBE,us,1769644800,10.94,5.58,0.156,291.65,-2.647,9.9,0.506,4,0,-7.632,-1,1778967669
ADBE,us,1769731200,13.27,6.82,0.19,293.25,0.549,11.9,0.615,4,0,-8.481,-1,1778967669
ADBE,us,1769990400,15.28,7.45,0.218,293.38,0.044,11.9,0.753,4,0,-9.026,-1,1778967669
ADBE,us,1770076800,13.61,6.2,0.194,271.93,-7.311,9.9,0.711,4,0,-2.67,0,1778967669
ADBE,us,1770163200,15.13,6.82,0.216,279.71,2.861,15.8,0.801,4,0,-8.062,-1,1778967669
ADBE,us,1770249600,14.52,7.45,0.207,269.39,-3.69,17.8,0.677,4,0,-2.558,0,1778967669
ADBE,us,1770336000,16.07,9.95,0.23,268.38,-0.375,9.9,0.582,4,0,-1.643,0,1778967669
ADBE,us,1770595200,16.44,10.58,0.235,266.9,-0.551,9.9,0.556,4,0,-2.417,0,1778967669
ADBE,us,1770681600,17.52,11.82,0.25,264.67,-0.836,9.9,0.54,4,0,-0.567,0,1778967669
ADBE,us,1770768000,16.18,10.58,0.231,257.16,-2.837,9.9,0.53,4,0,0.797,0,1778967669
ADBE,us,1770854400,17.78,10.58,0.254,262.5,2.077,11.9,0.69,4,0,-1.482,0,1778967669
ADBE,us,1770940800,19.23,10.58,0.275,263.97,0.56,9.9,0.835,4,0,-6.55,-1,1778967669
ADBE,us,1771286400,17.77,8.7,0.254,260.45,-1.333,9.9,0.877,4,0,-2.027,0,1778967669
ADBE,us,1771372800,18.45,7.45,0.264,263.17,1.044,9.9,1.07,4,0,-2.037,0,1778967669
ADBE,us,1771459200,16.27,6.82,0.232,259.21,-1.505,9.9,0.915,4,0,-0.066,0,1778967669
ADBE,us,1771545600,15.29,7.45,0.218,258.61,-0.231,9.9,0.754,4,0,1.469,0,1778967669
ADBE,us,1771804800,12.08,5.58,0.173,246.68,-4.613,13.9,0.62,4,0,5.756,1,1778967669
ADBE,us,1771891200,18.51,11.82,0.264,255.17,3.442,9.9,0.639,4,0,6.2,1,1778967669
ADBE,us,1771977600,23.36,15.58,0.334,257.81,1.035,9.9,0.748,4,0,5.938,1,1778967669
ADBE,us,1772064000,26.79,18.7,0.383,259.04,0.477,9.9,0.779,4,0,8.763,1,1778967669
ADBE,us,1772150400,29.74,19.95,0.425,262.41,1.301,11.9,0.949,4,0,8.083,1,1778967669
ADBE,us,1772409600,29.03,20.58,0.415,260.88,-0.583,11.9,0.815,4,0,8.264,1,1778967669
ADBE,us,1772496000,40.31,23.88,0.576,270.99,3.875,15.8,0.843,15,0,1.528,0,1778967669
ADBE,us,1772582400,41.59,23.25,0.594,273.12,0.786,13.9,1.034,15,0,0.216,0,1778967669
ADBE,us,1772668800,40.5,22.62,0.579,281.74,3.156,15.8,0.988,15,0,-4.245,-1,1778967669
ADBE,us,1772755200,41.96,22.0,0.599,283.62,0.667,17.8,1.196,15,0,-12.094,-1,1778967669
ADBE,us,1773014400,41.5,21.38,0.593,282.44,-0.416,17.8,1.212,15,0,-10.827,-1,1778967669
ADBE,us,1773100800,40.72,20.12,0.582,275.13,-2.588,13.9,1.26,15,0,-7.607,-1,1778967669
ADBE,us,1773187200,40.32,19.5,0.576,273.71,-0.516,13.9,1.282,15,0,-10.124,-1,1778967669
ADBE,us,1773273600,39.79,19.5,0.568,269.78,-1.436,13.9,1.229,15,0,-8.818,-1,1778967669
ADBE,us,1773360000,29.18,16.75,0.417,249.32,-7.584,11.9,0.793,10,0,-0.469,0,1778967669
ADBE,us,1773619200,23.29,14.32,0.333,251.86,1.019,11.9,0.867,4,0,-1.676,0,1778967669
ADBE,us,1773705600,24.39,13.7,0.348,254.2,0.929,9.9,1.039,4,0,-6.031,-1,1778967669
ADBE,us,1773792000,21.36,12.45,0.305,246.0,-3.226,5.9,0.861,4,0,-3.557,-1,1778967669
ADBE,us,1773878400,20.63,11.82,0.295,245.99,-0.004,5.9,0.851,4,0,-2.077,0,1778967669
ADBE,us,1773964800,21.85,10.58,0.312,248.15,0.878,7.9,1.097,4,0,-5.364,-1,1778967669
ADBE,us,1774224000,22.48,10.58,0.321,247.64,-0.206,7.9,1.16,4,0,-2.629,0,1778967669
ADBE,us,1774310400,18.1,8.08,0.259,238.87,-3.541,7.9,0.972,4,0,1.762,0,1778967669
ADBE,us,1774396800,13.56,4.95,0.194,237.25,-0.678,9.9,0.831,4,0,1.737,0,1778967669
ADBE,us,1774483200,11.48,3.08,0.164,240.88,1.53,9.9,0.81,4,0,0.847,0,1778967669
ADBE,us,1774569600,8.49,1.2,0.121,234.84,-2.507,7.9,0.699,4,0,4.054,1,1778967669
ADBE,us,1774828800,9.41,1.2,0.134,241.13,2.678,9.9,0.791,4,0,-0.411,0,1778967669
ADBE,us,1774915200,9.19,1.2,0.131,243.08,0.809,7.9,0.769,4,0,-1.551,0,1778967669
ADBE,us,1775001600,9.52,2.45,0.136,241.37,-0.703,11.9,0.677,4,0,-4.735,-1,1778967669
ADBE,us,1775088000,11.1,4.32,0.159,242.92,0.642,11.9,0.648,4,0,-7.233,-1,1778967669
ADBE,us,1775433600,14.6,8.08,0.209,244.36,0.593,13.9,0.622,4,0,-1.739,0,1778967669
ADBE,us,1775520000,18.45,11.82,0.264,240.14,-1.727,13.9,0.633,4,0,-1.841,0,1778967669
ADBE,us,1775606400,21.0,14.32,0.3,239.31,-0.346,9.9,0.638,4,0,2.236,0,1778967669
ADBE,us,1775692800,24.6,18.08,0.351,229.94,-3.915,11.9,0.622,4,0,7.924,1,1778967669
ADBE,us,1775779200,25.65,18.7,0.366,225.35,-1.996,11.9,0.665,4,0,8.476,1,1778967669
ADBE,us,1776038400,29.44,19.32,0.421,240.11,6.55,13.9,0.982,4,0,3.548,1,1778967669
ADBE,us,1776124800,27.82,20.58,0.397,235.72,-1.828,11.9,0.694,4,0,4.862,1,1778967669
ADBE,us,1776211200,38.54,23.88,0.551,244.66,3.793,11.9,0.666,15,0,4.61,1,1778967669
ADBE,us,1776297600,39.76,23.25,0.568,248.16,1.431,9.9,0.851,15,0,-3.699,-1,1778967669
ADBE,us,1776384000,39.5,23.25,0.564,244.45,-1.495,9.9,0.825,15,0,0.405,0,1778967669
ADBE,us,1776643200,37.94,22.62,0.542,248.63,1.71,9.9,0.732,15,0,-3.749,-1,1778967669
ADBE,us,1776729600,37.73,22.62,0.539,247.18,-0.583,9.9,0.711,15,0,-1.61,0,1778967669
ADBE,us,1776816000,37.45,20.12,0.535,255.94,3.544,9.9,0.933,15,0,-4.833,-1,1778967669
ADBE,us,1776902400,25.76,16.82,0.368,238.98,-6.627,7.9,0.864,4,0,2.979,0,1778967669
ADBE,us,1776988800,35.84,18.88,0.512,245.44,2.703,7.9,0.896,15,0,2.147,0,1778967669
ADBE,us,1777248000,25.98,16.82,0.371,239.31,-2.498,7.9,0.886,4,0,6.122,1,1778967669
ADBE,us,1777334400,36.4,19.5,0.52,243.2,1.626,11.9,0.89,15,0,5.107,1,1778967669
ADBE,us,1777420800,35.44,18.88,0.506,243.57,0.152,9.9,0.856,15,0,2.71,0,1778967669
ADBE,us,1777507200,36.38,18.25,0.52,246.1,1.039,11.9,1.013,15,0,4.23,1,1778967669
ADBE,us,1777593600,33.53,15.12,0.479,250.71,1.873,13.9,1.041,15,0,0.929,0,1778967669
ADBE,us,1777852800,37.82,15.38,0.54,253.96,1.296,11.9,1.094,20,0,-3.075,-1,1778967669
ADBE,us,1777939200,38.71,14.75,0.553,255.62,0.654,11.9,1.246,20,0,-5.786,-1,1778967669
ADBE,us,1778025600,32.98,12.62,0.471,250.17,-2.132,11.9,1.236,15,0,-5.636,-1,1778967669
ADBE,us,1778112000,41.59,14.75,0.594,256.51,2.534,9.9,1.534,20,0,-7.602,-1,1778967669
ADBE,us,1778198400,49.92,22.25,0.713,253.04,-1.353,11.9,1.617,20,0,-2.15,0,1778967669
NOW,us,1763683200,6.65,1.2,0.095,162.686,1.62,27.7,0.515,4,0,1.062,0,1778967669
NOW,us,1763942400,8.19,2.45,0.117,163.168,0.296,25.7,0.544,4,0,1.047,0,1778967669
NOW,us,1764028800,10.37,3.7,0.148,165.062,1.161,21.8,0.637,4,0,0.92,0,1778967669
NOW,us,1764115200,10.58,3.7,0.151,160.544,-2.737,17.8,0.658,4,0,4.503,1,1778967669
NOW,us,1764288000,12.04,6.2,0.172,162.482,1.207,17.8,0.554,4,0,5.164,1,1778967669
NOW,us,1764547200,15.41,8.08,0.22,164.414,1.189,23.8,0.703,4,0,3.826,1,1778967669
NOW,us,1764633600,18.83,9.95,0.269,164.876,0.281,21.8,0.858,4,0,3.703,1,1778967669
NOW,us,1764720000,21.88,11.2,0.313,166.58,1.034,25.7,1.038,4,0,2.48,0,1778967669
NOW,us,1764806400,30.21,13.95,0.432,167.774,0.717,21.8,1.246,9,0,3.412,1,1778967669
NOW,us,1764892800,40.99,17.0,0.586,170.872,1.847,23.8,1.599,15,0,1.252,0,1778967669
NOW,us,1765152000,38.31,17.62,0.547,170.704,-0.098,27.7,1.269,15,0,-10.348,-1,1778967669
NOW,us,1765238400,38.59,18.25,0.551,170.982,0.163,25.7,1.234,15,0,-8.631,-1,1778967669
NOW,us,1765324800,38.6,18.88,0.551,170.712,-0.158,23.8,1.172,15,0,-8.338,-1,1778967669
NOW,us,1765411200,34.51,17.68,0.493,173.498,1.632,21.8,1.163,11,0,-11.596,-1,1778967669
NOW,us,1765497600,33.37,16.42,0.477,173.012,-0.28,21.8,1.175,11,0,-10.232,-1,1778967669
NOW,us,1765756800,18.31,10.58,0.262,153.04,-11.544,9.9,0.743,4,0,2.378,0,1778967669
NOW,us,1765843200,19.41,9.32,0.277,156.224,2.081,7.9,0.979,4,0,-1.193,0,1778967669
NOW,us,1765929600,21.17,8.7,0.302,156.478,0.163,9.9,1.217,4,0,-2.485,0,1778967669
NOW,us,1766016000,19.91,7.45,0.284,153.38,-1.98,7.9,1.216,4,0,0.333,0,1778967669
NOW,us,1766102400,24.09,6.82,0.344,155.31,1.258,9.9,1.697,4,0,-0.47,0,1778967669
NOW,us,1766361600,24.6,6.82,0.351,156.68,0.882,9.9,1.748,4,0,-1.564,0,1778967669
NOW,us,1766448000,19.75,5.58,0.282,154.36,-1.481,9.9,1.387,4,0,-0.758,0,1778967669
NOW,us,1766534400,16.45,3.7,0.235,152.59,-1.147,9.9,1.245,4,0,-3.369,-1,1778967669
NOW,us,1766707200,18.09,3.08,0.258,153.89,0.852,9.9,1.471,4,0,-4.087,-1,1778967669
NOW,us,1766966400,17.79,2.45,0.254,154.58,0.448,9.9,1.504,4,0,-3.733,-1,1778967669
NOW,us,1767052800,15.43,1.82,0.22,154.23,-0.226,9.9,1.331,4,0,-2.159,0,1778967669
NOW,us,1767139200,13.3,1.2,0.19,153.19,-0.674,9.9,1.18,4,0,-4.569,-1,1778967669
NOW,us,1767312000,11.67,1.2,0.167,147.45,-3.747,7.9,1.017,4,0,-3.832,-1,1778967669
NOW,us,1767571200,12.1,1.2,0.173,147.6,0.102,5.9,1.06,4,0,-3.36,-1,1778967669
NOW,us,1767657600,12.72,1.82,0.182,148.81,0.82,7.9,1.06,4,0,-7.137,-1,1778967669
NOW,us,1767744000,15.54,3.08,0.222,150.9,1.404,7.9,1.216,4,0,-10.795,-1,1778967669
NOW,us,1767830400,16.01,4.95,0.229,146.19,-3.121,7.9,1.076,4,0,-10.274,-1,1778967669
NOW,us,1767916800,16.29,5.58,0.233,141.8,-3.003,7.9,1.041,4,0,-10.219,-1,1778967669
NOW,us,1768176000,20.93,9.95,0.299,142.64,0.592,7.9,1.068,4,0,-12.086,-1,1778967669
NOW,us,1768262400,23.53,13.08,0.336,138.19,-3.12,2.0,1.015,4,0,-9.328,-1,1778967669
NOW,us,1768348800,20.66,8.7,0.295,134.61,-2.591,0.0,1.166,4,0,-4.494,-1,1778967669
NOW,us,1768435200,13.81,4.95,0.197,131.17,-2.556,2.0,0.856,4,0,1.479,0,1778967669
NOW,us,1768521600,7.82,1.2,0.112,127.31,-2.943,0.0,0.632,4,0,7.093,1,1778967669
NOW,us,1768867200,7.36,1.2,0.105,125.4,-1.5,0.0,0.586,4,0,5.104,1,1778967669
NOW,us,1768953600,5.12,1.2,0.073,125.3,-0.08,2.0,0.362,4,0,3.448,1,1778967669
NOW,us,1769040000,5.24,1.2,0.075,128.56,2.602,2.0,0.374,4,0,-9.202,-1,1778967669
NOW,us,1769126400,7.35,1.82,0.105,133.11,3.539,4.0,0.523,4,0,-12.095,-1,1778967669
NOW,us,1769385600,10.02,3.08,0.143,136.34,2.427,7.9,0.664,4,0,-13.452,-1,1778967669
NOW,us,1769472000,9.76,3.7,0.139,131.8,-3.33,4.0,0.576,4,0,-16.715,-1,1778967669
NOW,us,1769558400,9.25,4.32,0.132,129.62,-1.654,4.0,0.463,4,0,-14.311,-1,1778967669
NOW,us,1769644800,6.33,2.45,0.09,116.73,-9.944,2.0,0.358,4,0,-12.079,-1,1778967669
NOW,us,1769731200,6.47,1.2,0.092,117.01,0.24,2.0,0.497,4,0,-13.905,-1,1778967669
NOW,us,1769990400,7.62,1.2,0.109,118.0,0.846,2.0,0.612,4,0,-11.975,-1,1778967669
NOW,us,1770076800,6.33,1.2,0.09,109.77,-6.975,2.0,0.483,4,0,-2.997,0,1778967669
NOW,us,1770163200,7.59,1.2,0.108,111.07,1.184,4.0,0.609,4,0,-9.444,-1,1778967669
NOW,us,1770249600,6.57,1.2,0.094,102.63,-7.599,4.0,0.507,4,0,0.643,0,1778967669
NOW,us,1770336000,6.11,1.2,0.087,100.74,-1.842,2.0,0.461,4,0,6.293,1,1778967669
NOW,us,1770595200,7.09,1.2,0.101,103.87,3.107,4.0,0.559,4,0,1.964,0,1778967669
NOW,us,1770681600,8.12,1.82,0.116,106.48,2.513,4.0,0.6,4,0,1.249,0,1778967669
NOW,us,1770768000,7.24,1.2,0.103,100.58,-5.541,2.0,0.574,4,0,6.751,1,1778967669
NOW,us,1770854400,8.49,1.2,0.121,103.29,2.694,4.0,0.699,4,0,0.949,0,1778967669
NOW,us,1770940800,10.3,1.82,0.147,107.08,3.669,2.0,0.818,4,0,-5.865,-1,1778967669
NOW,us,1771286400,9.47,1.2,0.135,105.91,-1.093,4.0,0.797,4,0,-3.229,-1,1778967669
NOW,us,1771372800,12.01,2.45,0.172,107.81,1.794,4.0,0.926,4,0,-3.321,-1,1778967669
NOW,us,1771459200,13.36,3.7,0.191,107.37,-0.408,4.0,0.936,4,0,1.798,0,1778967669
NOW,us,1771545600,13.61,4.95,0.194,104.27,-2.887,4.0,0.836,4,0,3.587,1,1778967669
NOW,us,1771804800,14.88,7.45,0.213,100.8,-3.328,4.0,0.713,4,0,8.552,1,1778967669
NOW,us,1771891200,17.42,9.95,0.249,102.49,1.677,4.0,0.717,4,0,10.44,1,1778967669
NOW,us,1771977600,24.5,16.2,0.35,104.23,1.698,2.0,0.8,4,0,9.239,1,1778967669
NOW,us,1772064000,39.63,22.0,0.566,109.3,4.864,4.0,0.963,15,0,10.137,1,1778967669
NOW,us,1772150400,41.75,22.62,0.596,108.01,-1.18,4.0,1.113,15,0,15.119,1,1778967669
NOW,us,1772409600,42.43,23.88,0.606,109.42,1.305,2.0,1.055,15,0,11.433,1,1778967669
NOW,us,1772496000,42.38,23.88,0.605,113.19,3.445,4.0,1.05,15,0,3.021,1,1778967669
NOW,us,1772582400,40.49,22.05,0.578,113.86,0.592,2.0,1.324,11,0,1.555,0,1778967669
NOW,us,1772668800,38.1,20.18,0.544,120.38,5.726,2.0,1.272,11,0,-6.156,-1,1778967669
NOW,us,1772755200,41.33,18.92,0.59,124.34,3.29,9.9,1.721,11,0,-8.622,-1,1778967669
NOW,us,1773014400,41.0,18.3,0.586,121.93,-1.938,9.9,1.891,11,0,-5.782,-1,1778967669
NOW,us,1773100800,41.95,18.88,0.599,116.61,-4.363,4.0,1.507,15,0,0.094,0,1778967669
NOW,us,1773187200,38.91,18.25,0.556,115.63,-0.84,4.0,1.266,15,0,-1.66,0,1778967669
NOW,us,1773273600,40.72,19.5,0.582,112.97,-2.3,5.9,1.322,15,0,0.266,0,1778967669
NOW,us,1773360000,40.01,19.5,0.572,113.62,0.575,5.9,1.251,15,0,-2.852,0,1778967669
NOW,us,1773619200,39.41,19.5,0.563,114.88,1.109,4.0,1.191,15,0,-3.421,-1,1778967669
NOW,us,1773705600,43.15,20.12,0.616,116.72,1.602,4.0,1.503,15,0,-10.341,-1,1778967669
NOW,us,1773792000,41.04,20.12,0.586,113.71,-2.579,4.0,1.292,15,0,-9.366,-1,1778967669
NOW,us,1773878400,41.19,20.12,0.588,113.27,-0.387,4.0,1.307,15,0,-8.502,-1,1778967669
NOW,us,1773964800,35.93,18.62,0.513,110.38,-2.551,2.0,1.281,10,0,-9.938,-1,1778967669
NOW,us,1774224000,33.77,17.45,0.482,110.95,0.516,2.0,1.602,4,0,-5.39,-1,1778967669
NOW,us,1774310400,31.32,18.08,0.447,104.65,-5.678,2.0,1.294,4,0,-0.096,0,1778967669
NOW,us,1774396800,28.62,17.45,0.409,103.06,-1.519,2.0,1.087,4,0,0.951,0,1778967669
NOW,us,1774483200,25.85,15.58,0.369,103.64,0.563,2.0,0.997,4,0,-1.582,0,1778967669
NOW,us,1774569600,23.41,13.08,0.334,99.41,-4.081,4.0,1.003,4,0,3.028,1,1778967669
NOW,us,1774828800,21.77,11.2,0.311,104.97,5.593,5.9,1.027,4,0,-4.211,-1,1778967669
NOW,us,1774915200,17.36,8.7,0.248,104.55,-0.4,2.0,0.836,4,0,-6.772,-1,1778967669
NOW,us,1775001600,14.69,7.45,0.21,104.04,-0.488,2.0,0.694,4,0,-13.677,-1,1778967669
NOW,us,1775088000,11.64,6.2,0.166,102.0,-1.961,2.0,0.514,4,0,-18.627,-1,1778967669
NOW,us,1775433600,15.23,10.58,0.218,102.42,0.412,4.0,0.435,4,0,-13.044,-1,1778967669
NOW,us,1775520000,18.52,13.7,0.265,100.55,-1.826,5.9,0.452,4,0,-12.69,-1,1778967669
NOW,us,1775606400,16.69,11.82,0.238,97.47,-3.063,2.0,0.457,4,0,-3.365,-1,1778967669
NOW,us,1775692800,6.77,2.45,0.097,89.81,-7.859,2.0,0.402,4,0,7.382,1,1778967669
NOW,us,1775779200,4.92,1.2,0.07,83.0,-7.583,2.0,0.342,4,0,16.458,1,1778967669
NOW,us,1776038400,5.54,1.2,0.079,89.06,7.301,2.0,0.404,4,0,11.969,1,1778967669
NOW,us,1776124800,4.78,1.2,0.068,87.79,-1.426,2.0,0.328,4,0,14.068,1,1778967669
NOW,us,1776211200,6.45,2.45,0.092,94.19,7.29,2.0,0.37,4,0,9.428,1,1778967669
NOW,us,1776297600,8.61,3.7,0.123,96.44,2.389,2.0,0.461,4,0,-12.09,-1,1778967669
NOW,us,1776384000,10.07,4.32,0.144,96.66,0.228,2.0,0.545,4,0,-6.714,-1,1778967669
NOW,us,1776643200,16.9,6.45,0.241,99.72,3.166,2.0,0.665,9,0,-9.296,-1,1778967669
NOW,us,1776729600,18.62,7.7,0.266,100.14,0.421,2.0,0.712,9,0,-9.637,-1,1778967669
NOW,us,1776816000,21.29,8.32,0.304,103.07,2.926,4.0,0.917,9,0,-13.758,-1,1778967669
NOW,us,1776902400,12.97,5.58,0.185,84.78,-17.745,2.0,0.709,4,0,4.164,1,1778967669
NOW,us,1776988800,13.23,4.95,0.189,90.17,6.358,2.0,0.798,4,0,1.098,0,1778967669
NOW,us,1777248000,14.88,4.95,0.213,90.45,0.311,2.0,0.963,4,0,1.68,0,1778967669
NOW,us,1777334400,17.46,7.45,0.249,90.49,0.044,2.0,0.971,4,0,1.68,0,1778967669
NOW,us,1777420800,18.03,8.08,0.258,88.89,-1.768,2.0,0.965,4,0,0.18,0,1778967669
NOW,us,1777507200,24.33,10.5,0.348,88.31,-0.652,2.0,0.933,10,0,5.979,1,1778967669
NOW,us,1777593600,28.19,13.0,0.403,91.16,3.227,2.0,1.069,10,0,0.022,0,1778967669
NOW,us,1777852800,31.14,15.5,0.445,91.97,0.889,2.0,1.114,10,0,-0.522,0,1778967669
NOW,us,1777939200,28.98,16.2,0.414,92.01,0.043,4.0,1.248,4,0,-3.271,-1,1778967669
NOW,us,1778025600,30.08,17.45,0.43,89.05,-3.217,2.0,1.233,4,0,-2.246,0,1778967669
NOW,us,1778112000,39.15,19.58,0.559,93.59,5.098,4.0,1.577,9,0,-3.302,-1,1778967669
NOW,us,1778198400,37.12,19.32,0.53,91.18,-2.575,2.0,1.848,4,0,4.266,1,1778967669
PANW,us,1763683200,6.22,1.2,0.089,182.9,-1.173,41.6,0.472,4,0,2.641,0,1778967669
PANW,us,1763942400,7.61,1.2,0.109,183.89,0.541,41.6,0.611,4,0,3.257,1,1778967669
PANW,us,1764028800,7.79,1.2,0.111,186.27,1.294,41.6,0.629,4,0,3.951,1,1778967669
PANW,us,1764115200,7.69,1.2,0.11,185.35,-0.494,43.6,0.619,4,0,5.573,1,1778967669
PANW,us,1764288000,7.82,1.2,0.112,190.13,2.579,45.5,0.632,4,0,4.581,1,1778967669
PANW,us,1764547200,8.12,2.45,0.116,187.73,-1.262,43.6,0.537,4,0,4.059,1,1778967669
PANW,us,1764633600,9.81,3.08,0.14,189.88,1.145,41.6,0.643,4,0,2.696,0,1778967669
PANW,us,1764720000,12.34,4.32,0.176,193.63,1.975,47.5,0.772,4,0,-0.346,0,1778967669
PANW,us,1764806400,14.04,4.95,0.201,195.68,1.059,43.6,0.879,4,0,-2.719,0,1778967669
PANW,us,1764892800,21.74,7.7,0.311,198.84,1.615,45.5,1.024,9,0,-3.596,-1,1778967669
PANW,us,1765152000,15.97,6.82,0.228,195.35,-1.755,45.5,0.885,4,0,-4.848,-1,1778967669
PANW,us,1765238400,16.16,8.08,0.231,195.0,-0.179,45.5,0.778,4,0,-4.056,-1,1778967669
PANW,us,1765324800,16.46,9.32,0.235,192.96,-1.046,39.6,0.684,4,0,-4.934,-1,1778967669
PANW,us,1765411200,22.98,11.75,0.328,190.36,-1.347,33.7,0.673,10,0,-2.353,0,1778967669
PANW,us,1765497600,24.84,12.38,0.355,191.69,0.699,35.6,0.796,10,0,-2.509,0,1778967669
PANW,us,1765756800,24.74,13.62,0.353,185.88,-3.031,27.7,0.662,10,0,1.942,0,1778967669
PANW,us,1765843200,26.57,14.25,0.38,187.09,0.651,31.7,0.782,10,0,0.551,0,1778967669
PANW,us,1765929600,21.78,13.7,0.311,183.44,-1.951,23.8,0.778,4,0,2.061,0,1778967669
PANW,us,1766016000,24.97,14.95,0.357,185.88,1.33,25.7,0.972,4,0,1.383,0,1778967669
PANW,us,1766102400,32.35,15.58,0.462,186.88,0.538,25.7,1.647,4,0,-0.016,0,1778967669
PANW,us,1766361600,34.0,16.2,0.486,189.49,1.397,31.7,2.076,4,0,-1.393,0,1778967669
PANW,us,1766448000,34.15,18.08,0.488,188.12,-0.723,29.7,1.577,4,0,-2.084,0,1778967669
PANW,us,1766534400,32.31,18.08,0.462,187.22,-0.478,27.7,1.393,4,0,-4.193,-1,1778967669
PANW,us,1766707200,36.08,19.32,0.515,188.45,0.657,29.7,1.646,4,0,-3.359,-1,1778967669
PANW,us,1766966400,33.43,18.7,0.478,186.85,-0.849,21.8,1.443,4,0,-0.53,0,1778967669
PANW,us,1767052800,34.77,18.7,0.497,186.85,0.0,25.7,1.577,4,0,3.773,1,1778967669
PANW,us,1767139200,30.42,16.82,0.435,184.2,-1.418,23.8,1.33,4,0,3.583,1,1778967669
PANW,us,1767312000,25.06,14.32,0.358,179.37,-2.622,15.8,1.044,4,0,5.38,1,1778967669
PANW,us,1767571200,26.16,14.95,0.374,182.12,1.533,19.8,1.091,4,0,3.712,1,1778967669
PANW,us,1767657600,30.79,19.32,0.44,185.86,2.054,19.8,1.117,4,0,2.685,0,1778967669
PANW,us,1767744000,45.73,23.88,0.653,193.9,4.326,33.7,1.385,15,0,-1.532,0,1778967669
PANW,us,1767830400,44.83,23.88,0.64,190.8,-1.599,25.7,1.295,15,0,-1.609,0,1778967669
PANW,us,1767916800,44.68,23.88,0.638,189.02,-0.933,23.8,1.28,15,0,-0.72,0,1778967669
PANW,us,1768176000,45.07,23.88,0.644,188.88,-0.074,23.8,1.319,15,0,-2.552,0,1778967669
PANW,us,1768262400,45.08,23.88,0.644,190.85,1.043,33.7,1.32,15,0,-4.915,-1,1778967669
PANW,us,1768348800,47.21,22.62,0.674,190.93,0.042,35.6,1.659,15,0,-4.536,-1,1778967669
PANW,us,1768435200,43.22,22.0,0.617,187.73,-1.676,33.7,1.322,15,0,-4.022,-1,1778967669
PANW,us,1768521600,38.76,22.08,0.554,187.66,-0.037,31.7,1.288,9,0,-1.833,0,1778967669
PANW,us,1768867200,29.62,19.32,0.423,184.06,-1.918,35.6,1.0,4,0,-0.304,0,1778967669
PANW,us,1768953600,22.55,16.2,0.322,181.47,-1.407,25.7,0.605,4,0,1.251,0,1778967669
PANW,us,1769040000,21.61,14.95,0.309,182.27,0.441,21.8,0.636,4,0,-3.33,-1,1778967669
PANW,us,1769126400,25.51,14.88,0.364,180.18,-1.147,25.7,0.613,10,0,-1.782,0,1778967669
PANW,us,1769385600,25.88,14.25,0.37,184.22,2.242,27.7,0.713,10,0,-4.777,-1,1778967669
PANW,us,1769472000,17.71,11.2,0.253,183.5,-0.391,25.7,0.621,4,0,-9.406,-1,1778967669
PANW,us,1769558400,16.69,9.32,0.238,183.74,0.131,29.7,0.707,4,0,-9.263,-1,1778967669
PANW,us,1769644800,12.03,5.58,0.172,176.2,-4.104,21.8,0.615,4,0,-12.162,-1,1778967669
PANW,us,1769731200,10.83,3.08,0.155,176.97,0.437,25.7,0.745,4,0,-9.973,-1,1778967669
PANW,us,1769990400,9.77,1.82,0.14,175.42,-0.876,23.8,0.765,4,0,-5.37,-1,1778967669
PANW,us,1770076800,7.42,1.2,0.106,166.24,-5.233,19.8,0.592,4,0,-0.439,0,1778967669
PANW,us,1770163200,7.97,1.2,0.114,166.72,0.289,23.8,0.647,4,0,-0.852,0,1778967669
PANW,us,1770249600,6.3,1.2,0.09,154.77,-7.168,23.8,0.48,4,0,5.195,1,1778967669
PANW,us,1770336000,7.77,1.2,0.111,159.32,2.94,23.8,0.627,4,0,4.789,1,1778967669
PANW,us,1770595200,10.67,1.2,0.152,166.0,4.193,25.7,0.917,4,0,-1.506,0,1778967669
PANW,us,1770681600,8.5,1.2,0.121,165.51,-0.295,21.8,0.7,4,0,-7.951,-1,1778967669
PANW,us,1770768000,6.77,1.82,0.097,165.3,-0.127,21.8,0.465,4,0,-8.657,-1,1778967669
PANW,us,1770854400,7.17,3.08,0.102,162.81,-1.506,23.8,0.379,4,0,-8.667,-1,1778967669
PANW,us,1770940800,9.32,4.32,0.133,166.95,2.543,29.7,0.47,4,0,-13.663,-1,1778967669
PANW,us,1771286400,9.69,4.95,0.138,163.5,-2.066,25.7,0.444,4,0,-13.352,-1,1778967669
PANW,us,1771372800,7.38,3.08,0.105,152.35,-6.82,17.8,0.4,4,0,-4.929,-1,1778967669
PANW,us,1771459200,5.36,1.2,0.077,150.99,-0.893,15.8,0.386,4,0,-1.053,0,1778967669
PANW,us,1771545600,4.61,1.2,0.066,148.7,-1.517,15.8,0.311,4,0,0.148,0,1778967669
PANW,us,1771804800,4.42,1.2,0.063,144.14,-3.067,23.8,0.292,4,0,4.17,1,1778967669
PANW,us,1771891200,4.0,1.2,0.057,141.67,-1.714,19.8,0.246,4,0,10.179,1,1778967669
PANW,us,1771977600,5.06,1.82,0.072,144.84,2.238,15.8,0.294,4,0,9.473,1,1778967669
PANW,us,1772064000,6.62,3.08,0.095,149.4,3.148,17.8,0.324,4,0,9.21,1,1778967669
PANW,us,1772150400,7.91,4.32,0.113,148.92,-0.321,25.7,0.329,4,0,10.831,1,1778967669
PANW,us,1772409600,9.19,5.58,0.131,150.15,0.826,27.7,0.331,4,0,9.957,1,1778967669
PANW,us,1772496000,14.67,10.58,0.21,156.09,3.956,27.7,0.379,4,0,6.08,1,1778967669
PANW,us,1772582400,21.45,13.32,0.306,158.56,1.582,29.7,0.433,9,0,4.017,1,1778967669
PANW,us,1772668800,28.66,16.38,0.409,163.16,2.901,29.7,0.428,15,0,3.04,1,1778967669
PANW,us,1772755200,21.95,13.32,0.314,165.05,1.158,27.7,0.483,9,0,1.194,0,1778967669
PANW,us,1773014400,27.3,14.5,0.39,165.1,0.03,29.7,0.48,15,0,1.423,0,1778967669
PANW,us,1773100800,27.94,15.75,0.399,165.58,0.291,29.7,0.419,15,0,2.18,0,1778967669
PANW,us,1773187200,25.07,15.18,0.358,164.93,-0.393,31.7,0.469,11,0,2.413,0,1778967669
PANW,us,1773273600,24.33,12.68,0.348,168.12,1.934,37.6,0.645,11,0,0.964,0,1778967669
PANW,us,1773360000,24.28,12.05,0.347,167.02,-0.654,37.6,0.703,11,0,-2.437,0,1778967669
PANW,us,1773619200,23.84,12.05,0.341,167.45,0.257,35.6,0.659,11,0,-2.03,0,1778967669
PANW,us,1773705600,23.22,10.18,0.332,169.19,1.039,37.6,0.784,11,0,-7.081,-1,1778967669
PANW,us,1773792000,22.82,8.3,0.326,168.91,-0.165,41.6,0.932,11,0,-9.289,-1,1778967669
PANW,us,1773878400,24.17,7.68,0.345,169.74,0.491,41.6,1.129,11,0,-7.883,-1,1778967669
PANW,us,1773964800,27.87,10.18,0.398,162.95,-4.0,37.6,1.249,11,0,-9.776,-1,1778967669
PANW,us,1774224000,44.95,19.5,0.642,164.05,0.675,39.6,1.745,15,0,-5.913,-1,1778967669
PANW,us,1774310400,38.38,20.58,0.548,157.21,-4.169,33.7,2.317,4,0,1.978,0,1778967669
PANW,us,1774396800,38.38,20.58,0.548,153.22,-2.538,33.7,1.862,4,0,4.862,1,1778967669
PANW,us,1774483200,38.38,20.58,0.548,156.36,2.049,35.6,1.756,4,0,4.381,1,1778967669
PANW,us,1774569600,37.21,19.95,0.532,147.02,-5.973,33.7,1.696,4,0,10.155,1,1778967669
PANW,us,1774828800,38.38,20.58,0.548,154.35,4.986,35.6,1.763,4,0,10.055,1,1778967669
PANW,us,1774915200,38.07,20.58,0.544,160.32,3.868,35.6,1.719,4,0,8.396,1,1778967669
PANW,us,1775001600,37.75,20.58,0.539,160.67,0.218,37.6,1.687,4,0,3.934,1,1778967669
PANW,us,1775088000,41.29,21.45,0.59,163.21,1.581,39.6,1.604,9,0,-4.583,-1,1778967669
PANW,us,1775433600,34.58,20.58,0.494,161.95,-0.772,37.6,1.37,4,0,0.346,0,1778967669
PANW,us,1775520000,48.0,22.88,0.686,169.87,4.89,43.6,1.362,20,0,-4.874,-1,1778967669
PANW,us,1775606400,46.35,20.38,0.662,173.78,2.302,43.6,1.447,20,0,-5.565,-1,1778967669
PANW,us,1775692800,38.65,17.95,0.552,166.99,-3.907,37.6,1.34,14,0,-0.012,0,1778967669
PANW,us,1775779200,24.6,14.32,0.351,155.73,-6.743,33.7,0.998,4,0,7.783,1,1778967669
PANW,us,1776038400,31.49,15.82,0.45,162.51,4.354,35.6,1.187,9,0,4.338,1,1778967669
PANW,us,1776124800,32.02,17.38,0.457,161.59,-0.566,33.7,1.014,10,0,8.274,1,1778967669
PANW,us,1776211200,42.86,21.0,0.612,164.11,1.56,27.7,1.036,20,0,10.414,1,1778967669
PANW,us,1776297600,45.14,21.62,0.645,166.97,1.743,29.7,1.202,20,0,3.737,1,1778967669
PANW,us,1776384000,45.83,22.25,0.655,167.85,0.527,25.7,1.208,20,0,6.369,1,1778967669
PANW,us,1776643200,46.61,19.12,0.666,169.56,1.019,25.7,1.599,20,0,7.867,1,1778967669
PANW,us,1776729600,41.39,14.12,0.591,174.96,3.185,35.6,1.577,20,0,3.447,1,1778967669
PANW,us,1776816000,41.88,12.88,0.598,181.2,3.567,37.6,1.883,20,0,0.188,0,1778967669
PANW,us,1776902400,41.88,12.88,0.598,173.21,-4.409,35.6,1.863,20,0,3.528,1,1778967669
PANW,us,1776988800,40.62,11.62,0.58,178.54,3.077,43.6,1.859,20,0,1.423,0,1778967669
PANW,us,1777248000,41.88,12.88,0.598,182.9,2.442,45.5,2.502,20,0,0.908,0,1778967669
PANW,us,1777334400,42.5,13.5,0.607,180.99,-1.044,41.6,1.955,20,0,1.652,0,1778967669
PANW,us,1777420800,40.62,11.62,0.58,181.54,0.304,39.6,1.885,20,0,1.179,0,1778967669
PANW,us,1777507200,36.02,11.68,0.515,179.32,-1.223,35.6,1.564,16,0,9.597,1,1778967669
PANW,us,1777593600,35.49,11.05,0.507,181.08,0.981,37.6,1.574,16,0,14.8,1,1778967669
PANW,us,1777852800,34.75,8.55,0.496,184.56,1.922,41.6,1.811,16,0,15.767,1,1778967669
PANW,us,1777939200,31.0,7.3,0.443,183.98,-0.314,41.6,1.5,16,0,17.187,1,1778967669
PANW,us,1778025600,29.87,6.62,0.427,183.68,-0.163,37.6,1.175,20,0,24.015,1,1778967669
PANW,us,1778112000,29.59,4.8,0.423,196.53,6.996,49.5,1.609,16,0,21.208,1,1778967669
PANW,us,1778198400,31.0,4.8,0.443,207.88,5.775,63.4,2.593,16,0,16.813,1,1778967669
ANET,us,1763683200,5.62,1.2,0.08,117.43,-1.806,17.8,0.412,4,0,9.095,1,1778967669
ANET,us,1763942400,6.16,1.2,0.088,122.17,4.036,21.8,0.466,4,0,4.134,1,1778967669
ANET,us,1764028800,8.14,2.45,0.116,125.04,2.349,25.7,0.539,4,0,2.207,0,1778967669
ANET,us,1764115200,9.32,3.7,0.133,127.65,2.087,27.7,0.532,4,0,0.705,0,1778967669
ANET,us,1764288000,11.19,4.95,0.16,130.68,2.374,33.7,0.594,4,0,-1.599,0,1778967669
ANET,us,1764547200,13.13,6.82,0.188,128.11,-1.967,31.7,0.601,4,0,0.781,0,1778967669
ANET,us,1764633600,15.67,9.32,0.224,127.22,-0.695,29.7,0.605,4,0,2.217,0,1778967669
ANET,us,1764720000,19.77,12.45,0.282,127.8,0.456,23.8,0.702,4,0,3.568,1,1778967669
ANET,us,1764806400,30.77,18.32,0.44,128.55,0.587,23.8,0.865,9,0,4.543,1,1778967669
ANET,us,1764892800,33.43,18.95,0.478,128.59,0.031,25.7,1.068,9,0,-2.978,0,1778967669
ANET,us,1765152000,39.63,21.38,0.566,129.11,0.404,25.7,1.025,15,0,-2.494,0,1778967669
ANET,us,1765238400,41.29,23.25,0.59,130.04,0.72,17.8,1.004,15,0,-3.007,-1,1778967669
ANET,us,1765324800,43.67,23.88,0.624,132.36,1.784,21.8,1.179,15,0,-7.555,-1,1778967669
ANET,us,1765411200,39.69,22.68,0.567,134.39,1.534,27.7,1.181,11,0,-7.27,-1,1778967669
ANET,us,1765497600,39.01,22.38,0.557,124.76,-7.166,13.9,1.213,10,0,5.098,1,1778967669
ANET,us,1765756800,38.43,22.38,0.549,125.89,0.906,17.8,1.155,10,0,3.845,1,1778967669
ANET,us,1765843200,41.27,21.75,0.59,126.13,0.191,17.8,1.502,10,0,4.115,1,1778967669
ANET,us,1765929600,35.69,19.32,0.51,122.36,-2.989,15.8,1.607,4,0,6.873,1,1778967669
ANET,us,1766016000,34.68,18.7,0.495,124.62,1.847,15.8,1.568,4,0,5.794,1,1778967669
ANET,us,1766102400,49.38,23.88,0.705,131.12,5.216,19.8,2.306,15,0,2.311,0,1778967669
ANET,us,1766361600,49.38,23.88,0.705,130.73,-0.297,19.8,3.087,15,0,1.308,0,1778967669
ANET,us,1766448000,49.38,23.88,0.705,131.32,0.451,19.8,2.787,15,0,-0.221,0,1778967669
ANET,us,1766534400,49.38,23.88,0.705,130.77,-0.419,19.8,2.449,15,0,2.164,0,1778967669
ANET,us,1766707200,48.12,22.62,0.687,131.84,0.818,21.8,2.342,15,0,4.058,1,1778967669
ANET,us,1766966400,47.5,22.0,0.679,134.15,1.752,27.7,2.409,15,0,-1.17,0,1778967669
ANET,us,1767052800,46.25,20.75,0.661,132.44,-1.275,21.8,2.452,15,0,-1.782,0,1778967669
ANET,us,1767139200,40.25,18.95,0.575,131.03,-1.065,17.8,2.589,9,0,-5.579,-1,1778967669
ANET,us,1767312000,39.0,17.7,0.557,133.6,1.961,29.7,2.571,9,0,-8.016,-1,1778967669
ANET,us,1767571200,45.38,19.18,0.648,137.19,2.687,33.7,2.731,16,0,-10.037,-1,1778967669
ANET,us,1767657600,43.75,18.25,0.625,132.58,-3.36,17.8,2.059,15,0,-1.999,0,1778967669
ANET,us,1767744000,36.95,16.75,0.528,130.08,-1.886,15.8,1.57,10,0,-3.836,-1,1778967669
ANET,us,1767830400,31.68,14.88,0.453,123.72,-4.889,9.9,1.23,10,0,5.553,1,1778967669
ANET,us,1767916800,18.71,8.7,0.267,122.89,-0.671,9.9,0.971,4,0,5.647,1,1778967669
ANET,us,1768176000,17.79,7.45,0.254,123.42,0.431,11.9,1.004,4,0,3.322,1,1778967669
ANET,us,1768262400,27.66,10.82,0.395,129.93,5.275,19.8,1.304,9,0,-2.032,0,1778967669
ANET,us,1768348800,18.93,8.08,0.27,125.09,-3.725,19.8,1.055,4,0,10.648,1,1778967669
ANET,us,1768435200,26.09,11.45,0.373,130.59,4.397,23.8,1.084,9,0,4.403,1,1778967669
ANET,us,1768521600,25.3,13.7,0.361,129.83,-0.582,23.8,1.13,4,0,10.699,1,1778967669
ANET,us,1768867200,25.32,15.58,0.362,127.52,-1.779,25.7,0.944,4,0,15.033,1,1778967669
ANET,us,1768953600,20.35,13.08,0.291,127.29,-0.18,23.8,0.697,4,0,17.959,1,1778967669
ANET,us,1769040000,34.08,12.88,0.487,138.41,8.736,39.6,0.97,20,0,7.037,1,1778967669
ANET,us,1769126400,27.06,7.25,0.387,136.34,-1.496,35.6,0.831,20,0,3.961,1,1778967669
ANET,us,1769385600,27.41,6.0,0.392,143.72,5.413,41.6,0.991,20,0,-3.723,-1,1778967669
ANET,us,1769472000,28.26,6.0,0.404,146.69,2.067,53.5,1.076,20,0,-4.976,-1,1778967669
ANET,us,1769558400,28.57,6.0,0.408,150.15,2.359,63.4,1.107,20,0,-13.233,-1,1778967669
ANET,us,1769644800,23.91,4.8,0.342,148.15,-1.332,59.4,1.041,16,0,-13.149,-1,1778967669
ANET,us,1769731200,27.58,6.0,0.394,141.74,-4.327,45.5,1.008,20,0,-2.998,0,1778967669
ANET,us,1769990400,26.2,6.0,0.374,138.37,-2.378,43.6,0.87,20,0,2.436,0,1778967669
ANET,us,1770076800,26.04,6.0,0.372,139.39,0.737,53.5,0.854,20,0,2.913,0,1778967669
ANET,us,1770163200,15.56,3.0,0.222,130.28,-6.536,39.6,0.806,10,0,7.967,1,1778967669
ANET,us,1770249600,9.39,1.2,0.134,128.67,-1.236,37.6,0.789,4,0,5.013,1,1778967669
ANET,us,1770336000,30.95,9.75,0.442,137.49,6.855,53.5,0.97,20,0,2.982,0,1778967669
ANET,us,1770595200,33.52,10.38,0.479,141.74,3.091,53.5,1.164,20,0,0.593,0,1778967669
ANET,us,1770681600,34.43,11.62,0.492,143.45,1.206,59.4,1.131,20,0,-2.726,0,1778967669
ANET,us,1770768000,33.16,12.25,0.474,140.66,-1.945,55.4,0.941,20,0,-2.439,0,1778967669
ANET,us,1770854400,21.91,9.58,0.313,135.12,-3.939,53.5,0.853,9,0,-1.724,0,1778967669
ANET,us,1770940800,28.92,11.7,0.413,141.59,4.788,61.4,0.992,14,0,-10.001,-1,1778967669
ANET,us,1771286400,31.81,12.95,0.454,142.58,0.699,63.4,1.156,14,0,-9.686,-1,1778967669
ANET,us,1771372800,26.99,12.08,0.386,139.54,-2.132,57.4,1.111,9,0,-4.766,-1,1778967669
ANET,us,1771459200,28.31,13.32,0.404,137.23,-1.655,59.4,1.119,9,0,-5.086,-1,1778967669
ANET,us,1771545600,25.91,13.32,0.37,132.79,-3.235,51.5,0.879,9,0,0.535,0,1778967669
ANET,us,1771804800,19.53,10.58,0.279,127.43,-4.036,51.5,0.865,4,0,1.467,0,1778967669
ANET,us,1771891200,19.28,10.58,0.275,128.77,1.052,53.5,0.84,4,0,-3.238,-1,1778967669
ANET,us,1771977600,30.79,14.5,0.44,132.89,3.199,55.4,0.829,15,0,1.46,0,1778967669
ANET,us,1772064000,26.4,14.88,0.377,130.25,-1.987,53.5,0.702,10,0,7.025,1,1778967669
ANET,us,1772150400,28.8,16.45,0.411,133.5,2.495,59.4,0.855,9,0,-0.457,0,1778967669
ANET,us,1772409600,23.76,14.95,0.339,129.3,-3.146,51.5,0.851,4,0,6.087,1,1778967669
ANET,us,1772496000,22.03,13.08,0.315,124.6,-3.635,49.5,0.865,4,0,12.055,1,1778967669
ANET,us,1772582400,33.14,17.32,0.473,134.83,8.21,57.4,0.852,14,0,2.522,0,1778967669
ANET,us,1772668800,42.07,19.75,0.601,139.4,3.389,65.3,1.082,20,0,-3.852,-1,1778967669
ANET,us,1772755200,27.77,16.2,0.397,132.89,-4.67,55.4,1.127,4,0,0.512,0,1778967669
ANET,us,1773014400,38.11,19.82,0.544,137.17,3.221,57.4,1.099,14,0,-1.327,0,1778967669
ANET,us,1773100800,44.57,22.25,0.637,139.62,1.786,63.4,1.082,20,0,-4.691,-1,1778967669
ANET,us,1773187200,46.47,25.38,0.664,138.23,-0.996,59.4,0.959,20,0,-1.563,0,1778967669
ANET,us,1773273600,41.63,23.88,0.595,134.03,-3.038,57.4,0.975,15,0,1.664,0,1778967669
ANET,us,1773360000,37.45,21.75,0.535,133.57,-0.343,57.4,1.12,10,0,-1.759,0,1778967669
ANET,us,1773619200,46.19,25.38,0.66,135.35,1.333,59.4,0.931,20,0,0.392,0,1778967669
ANET,us,1773705600,34.41,22.38,0.492,133.07,-1.685,59.4,0.753,10,0,-1.706,0,1778967669
ANET,us,1773792000,46.23,25.38,0.66,136.07,2.254,67.3,0.935,20,0,-0.779,0,1778967669
ANET,us,1773878400,47.68,25.38,0.681,136.26,0.14,67.3,1.08,20,0,-10.062,-1,1778967669
ANET,us,1773964800,36.56,21.75,0.522,131.22,-3.699,61.4,1.031,10,0,-7.964,-1,1778967669
ANET,us,1774224000,50.02,25.38,0.715,135.88,3.551,63.4,1.314,20,0,-14.535,-1,1778967669
ANET,us,1774310400,31.22,20.58,0.446,130.8,-3.739,59.4,1.034,4,0,-6.132,-1,1778967669
ANET,us,1774396800,40.88,23.58,0.584,135.01,3.219,63.4,1.0,14,0,-7.525,-1,1778967669
ANET,us,1774483200,26.32,16.2,0.376,122.55,-9.229,49.5,0.982,4,0,3.37,1,1778967669
ANET,us,1774569600,19.28,11.2,0.275,120.77,-1.452,51.5,0.778,4,0,4.538,1,1778967669
ANET,us,1774828800,10.46,2.45,0.149,116.13,-3.842,47.5,0.771,4,0,15.078,1,1778967669
ANET,us,1774915200,11.07,1.2,0.158,122.78,5.726,47.5,0.957,4,0,18.154,1,1778967669
ANET,us,1775001600,10.79,1.2,0.154,124.85,1.686,49.5,0.929,4,0,16.98,1,1778967669
ANET,us,1775088000,10.93,1.82,0.156,126.68,1.466,51.5,0.881,4,0,16.317,1,1778967669
ANET,us,1775433600,11.38,1.82,0.163,126.25,-0.339,49.5,0.926,4,0,20.412,1,1778967669
ANET,us,1775520000,28.49,7.88,0.407,133.64,5.853,59.4,0.911,20,0,15.512,1,1778967669
ANET,us,1775606400,27.65,6.0,0.395,145.07,8.553,63.4,1.015,20,0,6.383,1,1778967669
ANET,us,1775692800,29.56,6.0,0.422,146.05,0.676,63.4,1.206,20,0,10.243,1,1778967669
ANET,us,1775779200,32.07,6.0,0.458,147.35,0.89,67.3,1.457,20,0,11.456,1,1778967669
ANET,us,1776038400,35.0,6.0,0.5,152.02,3.169,73.3,1.762,20,0,9.755,1,1778967669
ANET,us,1776124800,34.96,6.0,0.499,154.37,1.546,73.3,1.746,20,0,11.978,1,1778967669
ANET,us,1776211200,35.0,6.0,0.5,154.33,-0.026,71.3,1.751,20,0,15.162,1,1778967669
ANET,us,1776297600,31.0,4.8,0.443,161.01,4.328,77.2,1.79,16,0,7.167,1,1778967669
ANET,us,1776384000,31.0,4.8,0.443,164.23,2.0,77.2,1.868,16,0,7.721,1,1778967669
ANET,us,1776643200,31.0,4.8,0.443,166.85,1.595,79.2,2.591,16,0,3.368,1,1778967669
ANET,us,1776729600,31.0,4.8,0.443,172.86,3.602,79.2,2.658,16,0,-4.379,-1,1778967669
ANET,us,1776816000,31.0,4.8,0.443,177.73,2.817,79.2,3.647,16,0,-5.092,-1,1778967669
ANET,us,1776902400,31.0,4.8,0.443,172.55,-2.915,77.2,2.778,16,0,0.093,0,1778967669
ANET,us,1776988800,31.0,4.8,0.443,176.91,2.527,77.2,3.735,16,0,-2.38,0,1778967669
ANET,us,1777248000,32.25,6.05,0.461,172.47,-2.51,77.2,3.632,16,0,0.087,0,1778967669
ANET,us,1777334400,38.12,9.12,0.545,165.29,-4.163,71.3,3.647,20,0,2.983,0,1778967669
ANET,us,1777420800,35.38,9.18,0.505,168.68,2.051,75.2,3.596,16,0,-12.817,-1,1778967669
ANET,us,1777507200,36.62,10.42,0.523,172.71,2.389,75.2,3.632,16,0,-17.926,-1,1778967669
ANET,us,1777593600,41.88,12.88,0.598,172.7,-0.006,75.2,2.769,20,0,-17.91,-1,1778967669
ANET,us,1777852800,43.75,14.75,0.625,172.62,-0.046,75.2,2.498,20,0,-20.965,-1,1778967669
ANET,us,1777939200,44.73,16.0,0.639,170.22,-1.39,75.2,1.723,20,0,-16.261,-1,1778967669
ANET,us,1778025600,26.49,13.32,0.378,147.06,-13.606,53.5,0.937,9,0,-4.332,-1,1778967669
ANET,us,1778112000,18.69,11.2,0.267,141.75,-3.611,41.6,0.719,4,0,4.275,1,1778967669
ANET,us,1778198400,19.88,11.2,0.284,141.77,0.014,43.6,0.838,4,0,0.141,0,1778967669
MU,us,1763683200,33.74,20.82,0.482,207.1992,2.98,97.0,0.912,9,0,15.957,1,1778967669
MU,us,1763942400,40.06,22.62,0.572,223.7456,7.986,97.0,0.944,15,0,6.949,1,1778967669
MU,us,1764028800,34.14,20.82,0.488,224.3451,0.268,97.0,0.952,9,0,4.289,1,1778967669
MU,us,1764115200,33.96,20.82,0.485,230.0704,2.552,97.0,0.934,9,0,-1.568,0,1778967669
MU,us,1764288000,39.94,22.32,0.571,236.2852,2.701,97.0,1.032,14,0,0.313,0,1778967669
MU,us,1764547200,41.31,22.32,0.59,240.262,1.683,97.0,1.169,14,0,2.687,0,1778967669
MU,us,1764633600,38.52,21.08,0.55,239.2928,-0.403,97.0,1.014,14,0,5.399,1,1778967669
MU,us,1764720000,39.93,22.32,0.57,233.9672,-2.226,97.0,1.031,14,0,12.62,1,1778967669
MU,us,1764806400,32.51,20.2,0.464,226.4633,-3.207,97.0,0.851,9,0,14.035,1,1778967669
MU,us,1764892800,37.14,21.7,0.531,237.0246,4.664,97.0,0.814,14,0,1.652,0,1778967669
MU,us,1765152000,43.62,22.25,0.623,246.7166,4.089,97.0,0.987,20,0,-3.815,-1,1778967669
MU,us,1765238400,43.2,22.25,0.617,252.2121,2.227,97.0,0.945,20,0,-7.888,-1,1778967669
MU,us,1765324800,38.76,16.0,0.554,263.4928,4.473,97.0,1.126,20,0,-14.482,-1,1778967669
MU,us,1765411200,32.02,13.55,0.457,258.2471,-1.991,97.0,0.977,16,0,-3.834,-1,1778967669
MU,us,1765497600,36.27,14.75,0.518,240.9414,-6.701,97.0,1.002,20,0,10.276,1,1778967669
MU,us,1765756800,34.62,15.38,0.495,237.3044,-1.509,97.0,0.774,20,0,16.459,1,1778967669
MU,us,1765843200,29.84,13.88,0.426,232.3185,-2.101,97.0,0.796,15,0,18.821,1,1778967669
MU,us,1765929600,22.35,10.82,0.319,225.3343,-3.006,97.0,0.773,9,0,27.12,1,1778967669
MU,us,1766016000,36.5,13.5,0.521,248.3453,10.212,97.0,1.15,20,0,14.581,1,1778967669
MU,us,1766102400,44.91,16.0,0.642,265.701,6.989,97.0,1.741,20,0,10.743,1,1778967669
MU,us,1766361600,44.0,15.38,0.629,276.3622,4.012,97.0,1.712,20,0,5.842,1,1778967669
MU,us,1766448000,35.86,10.38,0.512,276.0425,-0.116,97.0,1.398,20,0,3.35,1,1778967669
MU,us,1766534400,29.41,6.68,0.42,286.4439,3.768,97.0,1.403,16,0,10.07,1,1778967669
MU,us,1766707200,29.72,6.0,0.425,284.5555,-0.659,97.0,1.222,20,0,9.651,1,1778967669
MU,us,1766966400,30.3,6.0,0.433,294.2464,3.406,97.0,1.28,20,0,16.666,1,1778967669
MU,us,1767052800,28.46,6.0,0.407,292.5071,-0.591,97.0,1.096,20,0,16.034,1,1778967669
MU,us,1767139200,28.48,6.0,0.407,285.2902,-2.467,97.0,1.098,20,0,14.579,1,1778967669
MU,us,1767312000,31.14,6.0,0.445,315.2876,10.515,97.0,1.364,20,0,9.407,1,1778967669
MU,us,1767571200,26.54,4.8,0.379,312.0189,-1.037,97.0,1.304,16,0,10.802,1,1778967669
MU,us,1767657600,27.64,4.8,0.395,343.2858,10.021,97.0,1.414,16,0,-1.543,0,1778967669
MU,us,1767744000,25.28,4.8,0.361,339.4074,-1.13,97.0,1.178,16,0,-1.826,0,1778967669
MU,us,1767830400,23.48,4.8,0.335,326.8827,-3.69,97.0,0.998,16,0,2.939,0,1778967669
MU,us,1767916800,23.84,4.8,0.341,344.9451,5.526,97.0,1.034,16,0,5.118,1,1778967669
MU,us,1768176000,25.27,4.8,0.361,345.7248,0.226,97.0,1.177,16,0,5.531,1,1778967669
MU,us,1768262400,25.97,5.42,0.371,337.988,-2.238,97.0,1.185,16,0,15.077,1,1778967669
MU,us,1768348800,31.53,7.88,0.45,333.21,-1.414,97.0,1.215,20,0,19.268,1,1778967669
MU,us,1768435200,35.38,9.75,0.505,336.4886,0.984,97.0,1.413,20,0,18.721,1,1778967669
MU,us,1768521600,36.0,9.8,0.514,362.5977,7.759,97.0,1.89,16,0,7.261,1,1778967669
MU,us,1768867200,37.25,11.05,0.532,364.8467,0.62,97.0,1.822,16,0,12.395,1,1778967669
MU,us,1768953600,36.62,10.42,0.523,388.9466,6.605,97.0,1.797,16,0,11.866,1,1778967669
MU,us,1769040000,36.0,9.8,0.514,397.413,2.177,97.0,1.835,16,0,9.611,1,1778967669
MU,us,1769126400,36.0,9.8,0.514,399.4822,0.521,97.0,2.196,16,0,3.811,1,1778967669
MU,us,1769385600,36.62,10.42,0.523,388.9266,-2.642,97.0,1.841,16,0,12.519,1,1778967669
MU,us,1769472000,36.62,10.42,0.523,410.0677,5.436,97.0,2.162,16,0,2.243,0,1778967669
MU,us,1769558400,35.38,9.18,0.505,435.0972,6.104,97.0,2.237,16,0,-12.838,-1,1778967669
MU,us,1769644800,35.38,9.18,0.505,435.607,0.117,97.0,2.727,16,0,-12.139,-1,1778967669
MU,us,1769731200,39.12,12.92,0.559,414.7058,-4.798,97.0,2.323,16,0,-4.866,-1,1778967669
MU,us,1769990400,37.88,11.68,0.541,437.6161,5.524,97.0,2.302,16,0,-12.403,-1,1778967669
MU,us,1770076800,41.62,15.42,0.595,419.2639,-4.194,97.0,2.221,16,0,-11.012,-1,1778967669
MU,us,1770163200,41.12,17.0,0.587,379.2407,-9.546,97.0,1.612,15,0,8.155,1,1778967669
MU,us,1770249600,49.38,20.38,0.705,382.7292,0.92,97.0,1.967,20,0,8.117,1,1778967669
MU,us,1770336000,50.62,21.62,0.723,394.5243,3.082,97.0,2.428,20,0,4.3,1,1778967669
MU,us,1770595200,46.88,21.38,0.67,383.339,-2.835,97.0,2.004,15,0,4.245,1,1778967669
MU,us,1770681600,41.43,20.82,0.592,373.0933,-2.673,97.0,1.681,9,0,12.78,1,1778967669
MU,us,1770768000,54.38,25.38,0.777,410.1677,9.937,97.0,2.012,20,0,1.708,0,1778967669
MU,us,1770854400,54.38,25.38,0.777,413.7962,0.885,97.0,2.361,20,0,3.43,1,1778967669
MU,us,1770940800,54.38,25.38,0.777,411.4872,-0.558,97.0,1.987,20,0,2.262,0,1778967669
MU,us,1771286400,42.37,22.08,0.605,399.6121,-2.886,97.0,1.649,9,0,4.56,1,1778967669
MU,us,1771372800,46.81,23.58,0.669,420.7733,5.295,97.0,1.593,14,0,1.912,0,1778967669
MU,us,1771459200,44.06,23.58,0.629,417.1747,-0.855,97.0,1.318,14,0,-0.429,0,1778967669
MU,us,1771545600,48.51,24.12,0.693,427.9902,2.593,97.0,1.289,20,0,-3.69,-1,1778967669
MU,us,1771804800,39.98,21.7,0.571,420.7932,-1.682,97.0,1.098,14,0,-1.972,0,1778967669
MU,us,1771891200,41.73,23.58,0.596,417.8345,-0.703,97.0,1.085,14,0,-9.17,-1,1778967669
MU,us,1771977600,45.6,23.5,0.651,428.8199,2.629,97.0,1.06,20,0,-6.58,-1,1778967669
MU,us,1772064000,45.46,25.38,0.649,415.3855,-3.133,97.0,0.858,20,0,-4.454,-1,1778967669
MU,us,1772150400,43.88,25.38,0.627,412.1968,-0.768,97.0,0.7,20,0,-10.202,-1,1778967669
MU,us,1772409600,45.63,25.38,0.652,412.4967,0.073,97.0,0.875,20,0,-5.658,-1,1778967669
MU,us,1772496000,38.89,23.88,0.556,379.5206,-7.994,97.0,0.701,15,0,6.171,1,1778967669
MU,us,1772582400,34.58,22.08,0.494,400.6017,5.555,97.0,0.87,9,0,4.471,1,1778967669
MU,us,1772668800,35.3,22.08,0.504,396.8833,-0.928,97.0,0.942,9,0,2.09,0,1778967669
MU,us,1772755200,32.14,20.82,0.459,370.1445,-6.737,97.0,0.752,9,0,15.077,1,1778967669
MU,us,1773014400,29.6,18.32,0.423,389.1565,5.136,97.0,0.748,9,0,13.48,1,1778967669
MU,us,1773100800,34.38,21.45,0.491,402.9407,3.542,97.0,0.913,9,0,14.532,1,1778967669
MU,us,1773187200,48.02,25.38,0.686,418.5142,3.865,97.0,1.114,20,0,10.28,1,1778967669
MU,us,1773273600,33.94,21.45,0.485,405.1798,-3.186,97.0,0.869,9,0,9.602,1,1778967669
MU,us,1773360000,44.13,24.12,0.63,425.9511,5.126,97.0,0.851,20,0,-0.758,0,1778967669
MU,us,1773619200,44.59,22.25,0.637,441.6145,3.677,97.0,1.084,20,0,-8.477,-1,1778967669
MU,us,1773705600,38.48,13.5,0.55,461.4961,4.502,97.0,1.348,20,0,-14.33,-1,1778967669
MU,us,1773792000,38.18,12.25,0.545,461.5361,0.009,97.0,1.443,20,0,-17.248,-1,1778967669
MU,us,1773878400,34.64,11.0,0.495,444.0834,-3.781,97.0,1.214,20,0,-19.99,-1,1778967669
MU,us,1773964800,31.92,11.0,0.456,422.7224,-4.81,97.0,0.942,20,0,-15.531,-1,1778967669
MU,us,1774224000,25.02,8.25,0.357,404.1802,-4.386,97.0,0.877,15,0,-20.382,-1,1778967669
MU,us,1774310400,18.16,5.82,0.259,395.3639,-2.181,97.0,0.854,9,0,-14.55,-1,1778967669
MU,us,1774396800,11.03,3.7,0.158,381.9296,-3.398,97.0,0.703,4,0,-3.686,-1,1778967669
MU,us,1774483200,9.51,2.45,0.136,355.3107,-6.97,97.0,0.676,4,0,3.076,1,1778967669
MU,us,1774569600,10.23,1.82,0.146,357.07,0.495,97.0,0.811,4,0,5.794,1,1778967669
MU,us,1774828800,8.0,1.2,0.114,321.8,-9.878,97.0,0.65,4,0,17.334,1,1778967669
MU,us,1774915200,9.91,1.2,0.142,337.84,4.984,97.0,0.841,4,0,20.391,1,1778967669
MU,us,1775001600,10.71,1.2,0.153,367.85,8.883,97.0,0.921,4,0,14.587,1,1778967669
MU,us,1775088000,10.35,1.2,0.148,366.24,-0.438,97.0,0.885,4,0,14.84,1,1778967669
MU,us,1775433600,12.39,1.82,0.177,377.76,3.145,97.0,1.027,4,0,12.918,1,1778967669
MU,us,1775520000,10.98,1.82,0.157,377.58,-0.048,97.0,0.886,4,0,23.328,1,1778967669
MU,us,1775606400,20.64,4.2,0.295,406.73,7.72,97.0,0.914,14,0,12.17,1,1778967669
MU,us,1775692800,20.88,4.2,0.298,421.51,3.634,97.0,0.938,14,0,8.474,1,1778967669
MU,us,1775779200,20.8,4.2,0.297,420.59,-0.218,97.0,0.93,14,0,8.198,1,1778967669
MU,us,1776038400,26.76,6.0,0.382,426.56,1.419,97.0,0.926,20,0,5.125,1,1778967669
MU,us,1776124800,26.93,6.0,0.385,465.66,9.166,97.0,0.943,20,0,-3.496,-1,1778967669
MU,us,1776211200,26.18,6.62,0.374,456.23,-2.025,97.0,0.806,20,0,6.85,1,1778967669
MU,us,1776297600,22.38,6.05,0.32,457.23,0.219,97.0,0.763,16,0,5.356,1,1778967669
MU,us,1776384000,22.32,5.42,0.319,455.07,-0.472,97.0,0.82,16,0,9.152,1,1778967669
MU,us,1776643200,22.21,4.8,0.317,448.42,-1.461,97.0,0.871,16,0,16.98,1,1778967669
MU,us,1776729600,23.84,4.8,0.341,449.38,0.214,97.0,1.034,16,0,12.219,1,1778967669
MU,us,1776816000,26.06,4.8,0.372,487.48,8.478,97.0,1.256,16,0,6.355,1,1778967669
MU,us,1776902400,26.6,4.8,0.38,481.72,-1.182,97.0,1.31,16,0,7.357,1,1778967669
MU,us,1776988800,29.68,4.8,0.424,496.72,3.114,97.0,1.618,16,0,9.158,1,1778967669
MU,us,1777248000,29.55,4.8,0.422,524.56,5.605,97.0,1.605,16,0,9.892,1,1778967669
MU,us,1777334400,33.5,7.3,0.479,504.29,-3.864,97.0,1.752,16,0,26.951,1,1778967669
MU,us,1777420800,32.97,7.92,0.471,518.46,2.81,97.0,1.635,16,0,28.571,1,1778967669
MU,us,1777507200,31.05,9.8,0.444,517.16,-0.251,97.0,1.255,16,0,25.035,1,1778967669
MU,us,1777593600,37.64,12.92,0.538,542.21,4.844,97.0,1.602,16,0,37.734,1,1778967669
MU,us,1777852800,35.3,10.42,0.504,576.45,6.315,97.0,1.618,16,0,37.97,1,1778967669
MU,us,1777939200,32.88,6.68,0.47,640.2,11.059,97.0,2.112,16,0,19.741,1,1778967669
MU,us,1778025600,31.0,4.8,0.443,666.59,4.122,97.0,2.137,16,0,20.558,1,1778967669
MU,us,1778112000,30.19,4.8,0.431,646.63,-2.994,97.0,1.669,16,0,20.008,1,1778967669
MU,us,1778198400,31.0,4.8,0.443,746.81,15.493,97.0,2.13,16,0,-2.966,0,1778967669
LRCX,us,1763683200,24.38,12.7,0.348,142.2451,2.192,91.1,0.788,9,0,8.51,1,1778967669
LRCX,us,1763942400,24.55,12.08,0.351,149.9532,5.419,91.1,0.867,9,0,5.194,1,1778967669
LRCX,us,1764028800,25.33,11.45,0.362,151.4988,1.031,89.1,1.008,9,0,5.32,1,1778967669
LRCX,us,1764115200,30.59,13.58,0.437,154.6997,2.113,89.1,0.971,14,0,1.424,0,1778967669
LRCX,us,1764288000,31.36,14.82,0.448,155.5572,0.554,93.1,0.924,14,0,1.898,0,1778967669
LRCX,us,1764547200,32.17,15.45,0.46,154.3506,-0.776,93.1,0.942,14,0,5.309,1,1778967669
LRCX,us,1764633600,33.09,16.08,0.473,157.741,2.197,93.1,0.971,14,0,4.99,1,1778967669
LRCX,us,1764720000,33.85,14.82,0.484,159.5588,1.152,93.1,1.173,14,0,5.327,1,1778967669
LRCX,us,1764806400,40.44,19.12,0.578,156.902,-1.665,93.1,0.982,20,0,7.397,1,1778967669
LRCX,us,1764892800,44.0,21.0,0.629,158.5101,1.025,93.1,1.15,20,0,1.147,0,1778967669
LRCX,us,1765152000,44.08,18.5,0.63,162.5453,2.546,93.1,1.408,20,0,0.959,0,1778967669
LRCX,us,1765238400,40.49,17.92,0.578,165.6116,1.886,93.1,1.387,16,0,-1.538,0,1778967669
LRCX,us,1765324800,36.93,11.68,0.528,168.0586,1.478,93.1,1.655,16,0,-7.893,-1,1778967669
LRCX,us,1765411200,35.18,9.8,0.503,168.5081,0.267,93.1,1.668,16,0,-2.377,0,1778967669
LRCX,us,1765497600,35.04,9.18,0.501,160.3279,-4.854,93.1,1.716,16,0,7.32,1,1778967669
LRCX,us,1765756800,39.38,10.38,0.563,164.1034,2.355,93.1,2.276,20,0,6.671,1,1778967669
LRCX,us,1765843200,41.25,12.25,0.589,163.0646,-0.633,93.1,2.364,20,0,7.289,1,1778967669
LRCX,us,1765929600,39.38,13.88,0.563,154.7945,-5.072,91.1,2.38,15,0,14.421,1,1778967669
LRCX,us,1766016000,46.25,17.25,0.661,164.5029,6.272,95.0,2.448,20,0,8.118,1,1778967669
LRCX,us,1766102400,53.12,24.12,0.759,172.0639,4.596,95.0,3.947,20,0,2.09,0,1778967669
LRCX,us,1766361600,53.75,24.75,0.768,175.0503,1.736,95.0,3.88,20,0,-0.844,0,1778967669
LRCX,us,1766448000,53.12,24.12,0.759,174.9504,-0.057,95.0,2.995,20,0,-2.272,0,1778967669
LRCX,us,1766534400,52.5,23.5,0.75,177.1178,1.239,95.0,2.865,20,0,4.359,1,1778967669
LRCX,us,1766707200,48.75,19.75,0.696,177.8569,0.417,95.0,2.807,20,0,9.373,1,1778967669
LRCX,us,1766966400,46.88,17.88,0.67,175.6595,-1.235,95.0,2.421,20,0,17.678,1,1778967669
LRCX,us,1767052800,51.88,22.88,0.741,173.572,-1.188,95.0,2.492,20,0,16.86,1,1778967669
LRCX,us,1767139200,52.5,23.5,0.75,170.9751,-1.496,95.0,2.134,20,0,17.397,1,1778967669
LRCX,us,1767312000,44.38,15.38,0.634,184.8385,8.108,95.0,2.165,20,0,17.994,1,1778967669
LRCX,us,1767571200,31.0,4.8,0.443,194.5269,5.242,95.0,2.803,16,0,13.165,1,1778967669
LRCX,us,1767657600,31.0,4.8,0.443,206.7123,6.264,95.0,3.0,16,0,3.585,1,1778967669
LRCX,us,1767744000,31.0,4.8,0.443,202.837,-1.875,95.0,2.214,16,0,2.812,0,1778967669
LRCX,us,1767830400,31.0,4.8,0.443,200.7195,-1.044,95.0,1.753,16,0,8.216,1,1778967669
LRCX,us,1767916800,31.0,4.8,0.443,218.0987,8.658,95.0,1.842,16,0,2.107,0,1778967669
LRCX,us,1768176000,31.0,4.8,0.443,220.1362,0.934,95.0,1.851,16,0,0.912,0,1778967669
LRCX,us,1768262400,31.0,4.8,0.443,214.1235,-2.731,95.0,1.822,16,0,6.535,1,1778967669
LRCX,us,1768348800,28.17,5.42,0.402,208.5401,-2.608,95.0,1.405,16,0,5.704,1,1778967669
LRCX,us,1768435200,30.94,5.42,0.442,217.2098,4.157,95.0,1.682,16,0,0.216,0,1778967669
LRCX,us,1768521600,33.5,7.3,0.479,222.6932,2.524,95.0,2.101,16,0,-0.04,0,1778967669
LRCX,us,1768867200,33.6,7.92,0.48,222.1438,-0.247,95.0,1.698,16,0,7.216,1,1778967669
LRCX,us,1768953600,30.88,7.92,0.441,228.1167,2.689,95.0,1.426,16,0,4.9,1,1778967669
LRCX,us,1769040000,29.48,9.18,0.421,220.4359,-3.367,95.0,1.16,16,0,12.447,1,1778967669
LRCX,us,1769126400,33.72,11.0,0.482,217.6792,-1.251,95.0,1.122,20,0,7.121,1,1778967669
LRCX,us,1769385600,35.69,12.25,0.51,222.6033,2.262,95.0,1.194,20,0,6.564,1,1778967669
LRCX,us,1769472000,36.93,12.88,0.528,238.1747,6.995,95.0,1.255,20,0,-3.506,-1,1778967669
LRCX,us,1769558400,35.85,12.3,0.512,239.2933,0.47,95.0,1.485,16,0,-12.438,-1,1778967669
LRCX,us,1769644800,39.03,12.92,0.558,247.873,3.585,95.0,1.741,16,0,-14.047,-1,1778967669
LRCX,us,1769731200,42.82,16.0,0.612,233.1806,-5.927,95.0,1.532,20,0,-1.049,0,1778967669
LRCX,us,1769990400,44.19,17.25,0.631,237.2158,1.73,95.0,1.544,20,0,-3.461,-1,1778967669
LRCX,us,1770076800,41.87,17.88,0.598,229.8246,-3.116,95.0,1.249,20,0,-1.517,0,1778967669
LRCX,us,1770163200,34.51,17.0,0.493,209.529,-8.831,95.0,0.951,15,0,12.079,1,1778967669
LRCX,us,1770249600,31.7,16.45,0.453,213.0547,1.683,95.0,1.145,9,0,8.429,1,1778967669
LRCX,us,1770336000,45.9,20.38,0.656,230.7336,8.298,95.0,1.402,20,0,1.957,0,1778967669
LRCX,us,1770595200,44.7,21.62,0.639,229.0056,-0.749,95.0,1.158,20,0,2.748,0,1778967669
LRCX,us,1770681600,37.84,20.45,0.541,226.3388,-1.165,95.0,1.009,14,0,5.949,1,1778967669
LRCX,us,1770768000,47.56,24.12,0.679,234.8386,3.755,95.0,1.194,20,0,0.965,0,1778967669
LRCX,us,1770854400,49.61,25.38,0.709,231.0132,-1.629,95.0,1.273,20,0,5.893,1,1778967669
LRCX,us,1770940800,49.14,25.38,0.702,235.2481,1.833,95.0,1.226,20,0,2.862,0,1778967669
LRCX,us,1771286400,42.52,23.58,0.607,235.2981,0.021,95.0,1.164,14,0,3.68,1,1778967669
LRCX,us,1771372800,49.58,24.12,0.708,239.8027,1.914,95.0,1.396,20,0,3.911,1,1778967669
LRCX,us,1771459200,40.99,21.7,0.586,237.1059,-1.125,95.0,1.199,14,0,0.708,0,1778967669
LRCX,us,1771545600,48.11,22.25,0.687,244.6269,3.172,95.0,1.436,20,0,-4.504,-1,1778967669
LRCX,us,1771804800,51.34,25.38,0.733,241.9801,-1.082,95.0,1.446,20,0,-4.652,-1,1778967669
LRCX,us,1771891200,51.18,25.38,0.731,243.9577,0.817,95.0,1.43,20,0,-11.046,-1,1778967669
LRCX,us,1771977600,41.96,19.18,0.599,249.1814,2.141,95.0,1.408,16,0,-10.511,-1,1778967669
LRCX,us,1772064000,43.08,20.38,0.615,238.7839,-4.173,95.0,1.12,20,0,-10.094,-1,1778967669
LRCX,us,1772150400,39.82,23.25,0.569,233.6101,-2.167,95.0,0.857,15,0,-14.674,-1,1778967669
LRCX,us,1772409600,38.57,21.38,0.551,230.7236,-1.236,93.1,0.919,15,0,-8.484,-1,1778967669
LRCX,us,1772496000,25.58,14.58,0.365,217.01,-5.944,93.1,0.72,9,0,-0.82,0,1778967669
LRCX,us,1772582400,26.61,13.95,0.38,222.99,2.756,95.0,0.886,9,0,-1.848,0,1778967669
LRCX,us,1772668800,29.3,15.82,0.419,214.68,-3.727,95.0,0.968,9,0,-2.418,0,1778967669
LRCX,us,1772755200,16.58,8.7,0.237,199.33,-7.15,93.1,0.758,4,0,6.457,1,1778967669
LRCX,us,1773014400,20.29,8.95,0.29,211.15,5.93,95.0,0.754,9,0,3.907,1,1778967669
LRCX,us,1773100800,20.78,7.7,0.297,215.23,1.932,95.0,0.928,9,0,5.222,1,1778967669
LRCX,us,1773187200,21.03,6.45,0.3,218.87,1.691,93.1,1.078,9,0,2.668,0,1778967669
LRCX,us,1773273600,13.5,4.32,0.193,209.49,-4.286,93.1,0.888,4,0,11.695,1,1778967669
LRCX,us,1773360000,14.79,3.7,0.211,212.2,1.294,93.1,1.079,4,0,7.615,1,1778967669
LRCX,us,1773619200,18.51,3.95,0.264,219.4,3.393,93.1,1.076,9,0,6.34,1,1778967669
LRCX,us,1773705600,25.03,6.7,0.358,226.47,3.222,95.0,1.103,14,0,5.462,1,1778967669
LRCX,us,1773792000,17.84,5.2,0.255,224.71,-0.777,95.0,0.884,9,0,3.889,1,1778967669
LRCX,us,1773878400,30.38,8.5,0.434,233.99,4.13,95.0,1.038,20,0,-9.56,-1,1778967669
LRCX,us,1773964800,22.84,7.95,0.326,228.36,-2.406,95.0,0.759,14,0,-7.422,-1,1778967669
LRCX,us,1774224000,32.12,11.62,0.459,233.31,2.168,95.0,0.9,20,0,-14.307,-1,1778967669
LRCX,us,1774310400,33.23,12.88,0.475,238.84,2.37,93.1,0.885,20,0,-10.543,-1,1778967669
LRCX,us,1774396800,33.12,14.12,0.473,233.45,-2.257,93.1,0.75,20,0,-4.9,-1,1778967669
LRCX,us,1774483200,23.59,11.75,0.337,211.62,-9.351,93.1,0.734,10,0,3.223,1,1778967669
LRCX,us,1774569600,24.48,12.38,0.35,211.41,-0.099,93.1,0.76,10,0,4.371,1,1778967669
LRCX,us,1774828800,16.5,8.7,0.236,199.93,-5.43,93.1,0.75,4,0,12.214,1,1778967669
LRCX,us,1774915200,18.34,8.7,0.262,213.66,6.867,93.1,0.934,4,0,15.366,1,1778967669
LRCX,us,1775001600,30.14,12.62,0.431,222.01,3.908,93.1,0.952,15,0,16.553,1,1778967669
LRCX,us,1775088000,26.07,11.75,0.372,218.44,-1.608,93.1,0.982,10,0,20.701,1,1778967669
LRCX,us,1775433600,36.6,17.0,0.523,220.65,1.012,93.1,1.16,15,0,21.151,1,1778967669
LRCX,us,1775520000,31.17,16.45,0.445,224.35,1.677,93.1,1.092,9,0,21.422,1,1778967669
LRCX,us,1775606400,36.58,14.12,0.523,246.49,9.869,93.1,1.096,20,0,7.574,1,1778967669
LRCX,us,1775692800,30.6,7.88,0.437,258.76,4.978,93.1,1.122,20,0,0.85,0,1778967669
LRCX,us,1775779200,31.03,6.0,0.443,263.66,1.894,95.0,1.353,20,0,1.494,0,1778967669
LRCX,us,1776038400,31.02,6.0,0.443,267.32,1.388,95.0,1.352,20,0,-1.556,0,1778967669
LRCX,us,1776124800,30.9,6.0,0.441,272.41,1.904,95.0,1.34,20,0,-5.154,-1,1778967669
LRCX,us,1776211200,28.35,6.0,0.405,265.16,-2.661,95.0,1.085,20,0,0.147,0,1778967669
LRCX,us,1776297600,24.89,4.8,0.356,260.96,-1.584,95.0,1.139,16,0,-0.92,0,1778967669
LRCX,us,1776384000,24.71,4.8,0.353,267.6,2.544,95.0,1.121,16,0,0.067,0,1778967669
LRCX,us,1776643200,27.77,4.8,0.397,263.16,-1.659,95.0,1.427,16,0,-1.402,0,1778967669
LRCX,us,1776729600,25.25,4.8,0.361,258.37,-1.82,93.1,1.175,16,0,-2.763,0,1778967669
LRCX,us,1776816000,25.54,4.8,0.365,265.55,2.779,93.1,1.204,16,0,-6.326,-1,1778967669
LRCX,us,1776902400,24.99,4.8,0.357,258.56,-2.632,89.1,1.149,16,0,-0.271,0,1778967669
LRCX,us,1776988800,31.32,7.3,0.447,267.78,3.566,93.1,1.532,16,0,-4.13,-1,1778967669
LRCX,us,1777248000,37.29,10.38,0.533,259.47,-3.103,91.1,1.541,20,0,-0.347,0,1778967669
LRCX,us,1777334400,34.25,10.75,0.489,251.23,-3.176,93.1,1.55,15,0,9.78,1,1778967669
LRCX,us,1777420800,26.85,10.82,0.384,248.75,-0.987,91.1,1.223,9,0,19.465,1,1778967669
LRCX,us,1777507200,33.07,13.58,0.472,257.86,3.662,91.1,1.219,14,0,11.115,1,1778967669
LRCX,us,1777593600,31.62,15.82,0.452,256.72,-0.442,93.1,1.2,9,0,14.541,1,1778967669
LRCX,us,1777852800,38.18,22.08,0.545,258.57,0.721,91.1,1.23,9,0,14.495,1,1778967669
LRCX,us,1777939200,49.79,25.38,0.711,275.8,6.664,93.1,1.291,20,0,4.873,1,1778967669
LRCX,us,1778025600,49.62,24.75,0.709,297.17,7.748,91.1,1.337,20,0,-0.582,0,1778967669
LRCX,us,1778112000,45.9,23.5,0.656,286.52,-3.584,91.1,1.09,20,0,4.408,1,1778967669
LRCX,us,1778198400,42.14,19.75,0.602,294.05,2.628,91.1,1.089,20,0,-3.173,-1,1778967669
KLAC,us,1763683200,27.25,17.7,0.389,1095.6963,-0.483,85.1,0.575,9,0,5.474,1,1778967669
KLAC,us,1763942400,26.42,16.45,0.377,1135.2549,3.61,83.2,0.617,9,0,4.674,1,1778967669
KLAC,us,1764028800,25.54,14.58,0.365,1144.403,0.806,83.2,0.716,9,0,5.747,1,1778967669
KLAC,us,1764115200,29.03,18.32,0.415,1157.5658,1.15,83.2,0.691,9,0,4.228,1,1778967669
KLAC,us,1764288000,35.56,19.82,0.508,1173.9446,1.415,83.2,0.844,14,0,3.317,1,1778967669
KLAC,us,1764547200,30.77,18.32,0.44,1155.6783,-1.556,83.2,0.865,9,0,5.825,1,1778967669
KLAC,us,1764633600,41.81,21.62,0.597,1188.3159,2.824,85.1,0.869,20,0,3.005,1,1778967669
KLAC,us,1764720000,43.0,21.0,0.614,1210.1775,1.84,81.2,1.05,20,0,2.241,0,1778967669
KLAC,us,1764806400,42.75,22.25,0.611,1206.5122,-0.303,79.2,0.9,20,0,3.154,1,1778967669
KLAC,us,1764892800,42.66,20.38,0.609,1212.8839,0.528,79.2,1.078,20,0,-1.691,0,1778967669
KLAC,us,1765152000,43.16,18.5,0.617,1223.0009,0.834,81.2,1.316,20,0,0.042,0,1778967669
KLAC,us,1765238400,41.72,17.25,0.596,1224.0195,0.083,81.2,1.297,20,0,-0.183,0,1778967669
KLAC,us,1765324800,40.42,13.5,0.577,1237.3022,1.085,81.2,1.542,20,0,-5.399,-1,1778967669
KLAC,us,1765411200,35.93,11.68,0.513,1244.5629,0.587,81.2,1.555,16,0,-1.909,0,1778967669
KLAC,us,1765497600,39.42,12.25,0.563,1192.3707,-4.194,83.2,1.567,20,0,4.334,1,1778967669
KLAC,us,1765756800,40.62,11.62,0.58,1223.5201,2.612,83.2,2.133,20,0,3.31,1,1778967669
KLAC,us,1765843200,41.55,12.88,0.594,1221.7825,-0.142,83.2,1.717,20,0,3.709,1,1778967669
KLAC,us,1765929600,36.88,11.38,0.527,1170.499,-4.197,81.2,1.778,15,0,8.956,1,1778967669
KLAC,us,1766016000,41.25,12.25,0.589,1220.8037,4.298,85.1,1.792,20,0,4.68,1,1778967669
KLAC,us,1766102400,45.62,16.62,0.652,1244.0535,1.904,83.2,2.56,20,0,1.182,0,1778967669
KLAC,us,1766361600,52.5,23.5,0.75,1264.0176,1.605,85.1,3.604,20,0,-1.739,0,1778967669
KLAC,us,1766448000,52.5,23.5,0.75,1267.1035,0.244,85.1,3.366,20,0,-4.23,-1,1778967669
KLAC,us,1766534400,53.12,24.12,0.759,1275.3328,0.649,85.1,3.187,20,0,-0.197,0,1778967669
KLAC,us,1766707200,53.12,24.12,0.759,1277.9395,0.204,85.1,2.995,20,0,5.693,1,1778967669
KLAC,us,1766966400,53.75,24.75,0.768,1258.7544,-1.501,87.1,2.508,20,0,10.68,1,1778967669
KLAC,us,1767052800,54.38,25.38,0.777,1242.0361,-1.328,85.1,2.633,20,0,9.331,1,1778967669
KLAC,us,1767139200,43.38,22.08,0.62,1213.5032,-2.297,81.2,2.135,9,0,9.013,1,1778967669
KLAC,us,1767312000,53.75,24.75,0.768,1272.816,4.888,83.2,2.139,20,0,9.85,1,1778967669
KLAC,us,1767571200,44.12,17.92,0.63,1350.6948,6.119,89.1,2.777,16,0,5.599,1,1778967669
KLAC,us,1767657600,31.0,4.8,0.443,1393.1897,3.146,91.1,2.881,16,0,3.356,1,1778967669
KLAC,us,1767744000,35.0,6.0,0.5,1357.9254,-2.531,87.1,2.238,20,0,5.502,1,1778967669
KLAC,us,1767830400,35.0,6.0,0.5,1322.881,-2.581,87.1,1.776,20,0,16.636,1,1778967669
KLAC,us,1767916800,35.0,6.0,0.5,1398.1832,5.692,89.1,1.838,20,0,11.987,1,1778967669
KLAC,us,1768176000,31.0,4.8,0.443,1426.3167,2.012,91.1,1.827,16,0,4.062,1,1778967669
KLAC,us,1768262400,35.0,6.0,0.5,1439.9489,0.956,91.1,2.428,20,0,5.422,1,1778967669
KLAC,us,1768348800,35.0,6.0,0.5,1432.6384,-0.508,91.1,1.859,20,0,4.566,1,1778967669
KLAC,us,1768435200,31.0,4.8,0.443,1542.9551,7.7,91.1,2.43,16,0,-2.083,0,1778967669
KLAC,us,1768521600,31.0,4.8,0.443,1565.7854,1.48,91.1,3.286,16,0,-1.581,0,1778967669
KLAC,us,1768867200,35.62,6.62,0.509,1484.2515,-5.207,91.1,2.182,20,0,8.757,1,1778967669
KLAC,us,1768953600,31.0,4.8,0.443,1518.0275,2.276,91.1,2.074,16,0,7.053,1,1778967669
KLAC,us,1769040000,30.42,4.8,0.435,1498.0535,-1.316,91.1,1.692,16,0,12.314,1,1778967669
KLAC,us,1769126400,36.24,7.25,0.518,1510.8169,0.852,91.1,1.749,20,0,-5.608,-1,1778967669
KLAC,us,1769385600,35.0,6.0,0.5,1541.0276,2.0,91.1,1.896,20,0,-8.592,-1,1778967669
KLAC,us,1769472000,35.0,6.0,0.5,1614.2324,4.75,91.1,2.013,20,0,-16.135,-1,1778967669
KLAC,us,1769558400,31.0,4.8,0.443,1625.0883,0.673,91.1,2.38,16,0,-19.664,-1,1778967669
KLAC,us,1769644800,31.0,4.8,0.443,1682.5237,3.534,91.1,2.776,16,0,-20.994,-1,1778967669
KLAC,us,1769731200,35.62,10.12,0.509,1426.0869,-15.241,89.1,2.046,15,0,1.051,0,1778967669
KLAC,us,1769990400,29.69,9.58,0.424,1408.6196,-1.225,87.1,1.631,9,0,2.106,0,1778967669
KLAC,us,1770076800,26.4,10.2,0.377,1353.7809,-3.893,87.1,1.24,9,0,5.555,1,1778967669
KLAC,us,1770163200,23.49,9.58,0.336,1305.5236,-3.565,85.1,1.011,9,0,13.179,1,1778967669
KLAC,us,1770249600,25.24,9.58,0.361,1329.3027,1.821,87.1,1.186,9,0,9.002,1,1778967669
KLAC,us,1770336000,28.79,10.82,0.411,1441.0774,8.409,89.1,1.417,9,0,1.468,0,1778967669
KLAC,us,1770595200,26.85,11.45,0.384,1438.2911,-0.193,89.1,1.16,9,0,2.218,0,1778967669
KLAC,us,1770681600,26.18,12.08,0.374,1428.9832,-0.647,89.1,1.03,9,0,3.591,1,1778967669
KLAC,us,1770768000,28.12,13.95,0.402,1477.5801,3.401,89.1,1.037,9,0,-0.52,0,1778967669
KLAC,us,1770854400,28.64,14.58,0.409,1448.9672,-1.936,89.1,1.026,9,0,3.246,1,1778967669
KLAC,us,1770940800,28.81,15.2,0.412,1462.23,0.915,89.1,0.981,9,0,1.739,0,1778967669
KLAC,us,1771286400,28.79,15.82,0.411,1470.1899,0.544,89.1,0.917,9,0,2.48,0,1778967669
KLAC,us,1771372800,36.21,17.95,0.517,1480.3,0.688,89.1,1.096,14,0,4.484,1,1778967669
KLAC,us,1771459200,30.18,17.08,0.431,1469.9,-0.703,89.1,0.93,9,0,3.702,1,1778967669
KLAC,us,1771545600,43.15,21.0,0.616,1496.0,1.776,89.1,1.065,20,0,1.908,0,1778967669
KLAC,us,1771804800,42.3,21.62,0.604,1487.66,-0.557,89.1,0.918,20,0,3.179,1,1778967669
KLAC,us,1771891200,38.47,21.05,0.55,1506.65,1.277,89.1,0.872,16,0,-4.334,-1,1778967669
KLAC,us,1771977600,39.49,22.3,0.564,1546.6801,2.657,89.1,0.849,16,0,-4.576,-1,1778967669
KLAC,us,1772064000,39.9,24.18,0.57,1524.3101,-1.446,89.1,0.702,16,0,-6.229,-1,1778967669
KLAC,us,1772150400,43.62,25.38,0.623,1524.55,0.016,91.1,0.674,20,0,-11.807,-1,1778967669
KLAC,us,1772409600,45.3,24.75,0.647,1534.95,0.682,91.1,0.905,20,0,-6.896,-1,1778967669
KLAC,us,1772496000,40.57,23.25,0.58,1441.35,-6.098,89.1,0.932,15,0,0.804,0,1778967669
KLAC,us,1772582400,43.2,23.58,0.617,1475.91,2.398,89.1,1.232,14,0,-0.739,0,1778967669
KLAC,us,1772668800,38.93,22.08,0.556,1429.36,-3.154,89.1,1.305,9,0,-1.385,0,1778967669
KLAC,us,1772755200,31.07,20.58,0.444,1344.55,-5.933,89.1,1.019,4,0,5.51,1,1778967669
KLAC,us,1773014400,34.98,21.45,0.5,1429.1,6.288,89.1,0.973,9,0,0.64,0,1778967669
KLAC,us,1773100800,38.08,21.45,0.544,1452.9399,1.668,89.1,1.283,9,0,1.955,0,1778967669
KLAC,us,1773187200,41.35,22.08,0.591,1465.0,0.83,89.1,1.547,9,0,1.185,0,1778967669
KLAC,us,1773273600,30.25,18.08,0.432,1409.5699,-3.784,89.1,1.187,4,0,7.233,1,1778967669
KLAC,us,1773360000,37.4,18.32,0.534,1418.64,0.643,89.1,1.528,9,0,5.641,1,1778967669
KLAC,us,1773619200,36.7,17.7,0.524,1438.24,1.382,89.1,1.52,9,0,5.089,1,1778967669
KLAC,us,1773705600,41.39,18.58,0.591,1481.35,2.997,91.1,1.551,14,0,5.727,1,1778967669
KLAC,us,1773792000,41.08,17.95,0.587,1482.36,0.068,91.1,1.583,14,0,4.146,1,1778967669
KLAC,us,1773878400,42.12,17.32,0.602,1511.52,1.967,91.1,1.877,14,0,-3.995,-1,1778967669
KLAC,us,1773964800,37.42,16.7,0.535,1498.67,-0.85,91.1,1.342,14,0,-3.701,-1,1778967669
KLAC,us,1774224000,45.65,17.88,0.652,1511.4301,0.851,91.1,1.627,20,0,-8.525,-1,1778967669
KLAC,us,1774310400,45.17,17.25,0.645,1566.1899,3.623,91.1,1.642,20,0,-5.988,-1,1778967669
KLAC,us,1774396800,42.75,17.25,0.611,1543.8199,-1.428,91.1,1.4,20,0,-1.553,0,1778967669
KLAC,us,1774483200,32.9,14.25,0.47,1451.13,-6.004,89.1,1.415,10,0,4.528,1,1778967669
KLAC,us,1774569600,30.55,14.25,0.436,1443.21,-0.546,89.1,1.18,10,0,6.711,1,1778967669
KLAC,us,1774828800,22.08,11.82,0.315,1382.58,-4.201,89.1,0.996,4,0,12.026,1,1778967669
KLAC,us,1774915200,40.63,16.62,0.58,1472.41,6.497,89.1,1.251,20,0,13.578,1,1778967669
KLAC,us,1775001600,38.22,14.12,0.546,1519.84,3.221,89.1,1.26,20,0,13.647,1,1778967669
KLAC,us,1775088000,37.56,12.88,0.537,1516.84,-0.197,89.1,1.318,20,0,14.533,1,1778967669
KLAC,us,1775433600,48.11,21.0,0.687,1540.0601,1.531,91.1,1.561,20,0,14.851,1,1778967669
KLAC,us,1775520000,44.85,18.5,0.641,1548.85,0.571,89.1,1.485,20,0,15.951,1,1778967669
KLAC,us,1775606400,36.89,10.38,0.527,1672.34,7.973,91.1,1.501,20,0,4.531,1,1778967669
KLAC,us,1775692800,34.55,7.88,0.494,1727.26,3.284,91.1,1.517,20,0,0.439,0,1778967669
KLAC,us,1775779200,35.0,6.0,0.5,1737.28,0.58,91.1,1.915,20,0,3.118,1,1778967669
KLAC,us,1776038400,31.0,4.8,0.443,1768.78,1.813,91.1,1.847,16,0,2.066,0,1778967669
KLAC,us,1776124800,35.0,6.0,0.5,1795.91,1.534,89.1,1.834,20,0,-0.587,0,1778967669
KLAC,us,1776211200,31.96,6.0,0.457,1748.11,-2.662,89.1,1.446,20,0,3.658,1,1778967669
KLAC,us,1776297600,25.51,4.8,0.364,1734.85,-0.759,89.1,1.201,16,0,4.645,1,1778967669
KLAC,us,1776384000,25.19,4.8,0.36,1791.4399,3.262,87.1,1.169,16,0,8.014,1,1778967669
KLAC,us,1776643200,30.21,4.8,0.432,1805.3199,0.775,89.1,1.671,16,0,5.245,1,1778967669
KLAC,us,1776729600,26.92,4.8,0.385,1785.37,-1.105,89.1,1.342,16,0,1.322,0,1778967669
KLAC,us,1776816000,26.78,4.8,0.383,1812.0601,1.495,87.1,1.328,16,0,0.229,0,1778967669
KLAC,us,1776902400,29.91,4.8,0.427,1815.4301,0.186,87.1,1.641,16,0,-3.585,-1,1778967669
KLAC,us,1776988800,31.0,4.8,0.443,1935.0,6.586,87.1,2.211,16,0,-10.788,-1,1778967669
KLAC,us,1777248000,32.88,6.68,0.47,1900.0,-1.809,87.1,2.086,16,0,-9.825,-1,1778967669
KLAC,us,1777334400,40.62,11.62,0.58,1808.97,-4.791,85.1,1.964,20,0,-4.205,-1,1778967669
KLAC,us,1777420800,41.88,12.88,0.598,1816.21,0.4,85.1,1.961,20,0,0.004,0,1778967669
KLAC,us,1777507200,34.26,12.62,0.489,1750.35,-3.626,83.2,1.364,15,0,0.737,0,1778967669
KLAC,us,1777593600,29.92,12.7,0.427,1726.26,-1.376,83.2,1.342,9,0,8.28,1,1778967669
KLAC,us,1777852800,28.83,13.32,0.412,1713.3199,-0.75,83.2,1.171,9,0,7.697,1,1778967669
KLAC,us,1777939200,35.86,19.58,0.512,1732.9,1.143,83.2,1.248,9,0,4.527,1,1778967669
KLAC,us,1778025600,49.73,25.38,0.71,1816.29,4.812,83.2,1.285,20,0,1.84,0,1778967669
KLAC,us,1778112000,36.16,22.08,0.517,1763.25,-2.92,83.2,1.028,9,0,7.355,1,1778967669
KLAC,us,1778198400,47.14,24.75,0.673,1869.1899,6.008,87.1,1.089,20,0,-3.47,-1,1778967669
AMAT,us,1763683200,32.53,17.08,0.465,223.731,1.716,89.1,1.165,9,0,13.723,1,1778967669
AMAT,us,1763942400,43.05,19.75,0.615,230.6224,3.08,89.1,1.18,20,0,14.906,1,1778967669
AMAT,us,1764028800,43.97,18.5,0.628,242.158,5.002,91.1,1.397,20,0,10.794,1,1778967669
AMAT,us,1764115200,40.36,14.75,0.577,249.6586,3.097,93.1,1.411,20,0,7.789,1,1778967669
AMAT,us,1764288000,38.05,10.38,0.544,251.9358,0.912,95.0,1.617,20,0,6.244,1,1778967669
AMAT,us,1764547200,36.22,8.5,0.517,254.4327,0.991,95.0,1.622,20,0,5.264,1,1778967669
AMAT,us,1764633600,30.19,4.8,0.431,264.9995,4.153,95.0,1.669,16,0,0.682,0,1778967669
AMAT,us,1764720000,31.0,4.8,0.443,268.2954,1.244,95.0,2.01,16,0,2.427,0,1778967669
AMAT,us,1764806400,31.0,4.8,0.443,269.1044,0.302,95.0,1.994,16,0,0.249,0,1778967669
AMAT,us,1764892800,31.0,4.8,0.443,267.6662,-0.534,95.0,2.14,16,0,-3.28,-1,1778967669
AMAT,us,1765152000,31.0,4.8,0.443,267.826,0.06,95.0,2.572,16,0,-2.569,0,1778967669
AMAT,us,1765238400,31.0,4.8,0.443,266.8073,-0.38,95.0,2.214,16,0,-3.107,-1,1778967669
AMAT,us,1765324800,31.0,4.8,0.443,274.8073,2.998,95.0,2.666,16,0,-9.769,-1,1778967669
AMAT,us,1765411200,31.0,4.8,0.443,269.7735,-1.832,95.0,2.184,16,0,-6.149,-1,1778967669
AMAT,us,1765497600,32.88,6.68,0.47,258.8871,-4.035,95.0,2.513,16,0,-1.08,0,1778967669
AMAT,us,1765756800,34.12,7.92,0.487,260.9445,0.795,95.0,2.315,16,0,-0.865,0,1778967669
AMAT,us,1765843200,39.38,10.38,0.563,258.5176,-0.93,95.0,1.874,20,0,0.537,0,1778967669
AMAT,us,1765929600,29.62,8.32,0.423,247.9608,-4.084,93.1,2.049,9,0,5.039,1,1778967669
AMAT,us,1766016000,36.25,10.75,0.518,253.1842,2.107,91.1,2.046,15,0,3.314,1,1778967669
AMAT,us,1766102400,37.5,12.0,0.536,256.0906,1.148,91.1,3.256,15,0,2.59,0,1778967669
AMAT,us,1766361600,38.38,13.58,0.548,258.6874,1.014,91.1,3.136,14,0,0.371,0,1778967669
AMAT,us,1766448000,34.62,13.32,0.495,259.9059,0.471,91.1,3.001,9,0,-1.245,0,1778967669
AMAT,us,1766534400,35.88,14.58,0.513,260.4552,0.211,91.1,2.81,9,0,3.102,1,1778967669
AMAT,us,1766707200,36.5,15.2,0.521,261.5738,0.429,91.1,2.622,9,0,8.561,1,1778967669
AMAT,us,1766966400,42.12,17.32,0.602,262.7223,0.439,91.1,2.613,14,0,12.53,1,1778967669
AMAT,us,1767052800,38.38,17.08,0.548,259.6462,-1.171,91.1,2.292,9,0,12.398,1,1778967669
AMAT,us,1767139200,38.38,17.08,0.548,256.6699,-1.146,91.1,1.91,9,0,9.592,1,1778967669
AMAT,us,1767312000,43.38,18.58,0.62,268.5351,4.623,93.1,1.899,14,0,12.017,1,1778967669
AMAT,us,1767571200,46.88,17.88,0.67,283.9659,5.746,93.1,1.995,20,0,8.061,1,1778967669
AMAT,us,1767657600,41.0,14.8,0.586,295.6413,4.112,93.1,2.483,16,0,2.993,0,1778967669
AMAT,us,1767744000,39.75,13.55,0.568,291.836,-1.287,93.1,2.003,16,0,3.316,1,1778967669
AMAT,us,1767830400,39.75,13.55,0.568,281.2892,-3.614,93.1,1.938,16,0,13.294,1,1778967669
AMAT,us,1767916800,38.5,12.3,0.55,300.8048,6.938,93.1,2.01,16,0,8.576,1,1778967669
AMAT,us,1768176000,36.62,10.42,0.523,306.8573,2.012,93.1,2.568,16,0,3.577,1,1778967669
AMAT,us,1768262400,35.38,9.18,0.505,304.4902,-0.771,93.1,2.54,16,0,6.682,1,1778967669
AMAT,us,1768348800,34.75,8.55,0.496,301.514,-0.977,93.1,2.02,16,0,5.598,1,1778967669
AMAT,us,1768435200,32.25,6.05,0.461,318.6825,5.694,93.1,2.621,16,0,1.034,0,1778967669
AMAT,us,1768521600,31.0,4.8,0.443,326.6027,2.485,93.1,3.668,16,0,-2.309,0,1778967669
AMAT,us,1768867200,31.0,4.8,0.443,317.8336,-2.685,93.1,2.587,16,0,4.55,1,1778967669
AMAT,us,1768953600,31.0,4.8,0.443,324.8349,2.203,93.1,2.141,16,0,3.539,1,1778967669
AMAT,us,1769040000,31.62,5.42,0.452,318.3929,-1.983,93.1,1.769,16,0,7.074,1,1778967669
AMAT,us,1769126400,32.88,6.68,0.47,321.9785,1.126,93.1,1.821,16,0,-0.019,0,1778967669
AMAT,us,1769385600,36.86,9.12,0.527,319.0621,-0.906,93.1,1.624,20,0,2.798,0,1778967669
AMAT,us,1769472000,39.35,10.38,0.562,332.2956,4.148,93.1,1.747,20,0,-4.22,-1,1778967669
AMAT,us,1769558400,40.62,11.62,0.58,336.3305,1.214,93.1,1.862,20,0,-11.626,-1,1778967669
AMAT,us,1769644800,37.25,11.05,0.532,340.9148,1.363,93.1,2.097,16,0,-10.942,-1,1778967669
AMAT,us,1769731200,45.0,16.0,0.643,321.9185,-5.572,93.1,1.84,20,0,0.059,0,1778967669
AMAT,us,1769990400,46.25,17.25,0.661,327.9909,1.886,93.1,1.838,20,0,0.661,0,1778967669
AMAT,us,1770076800,43.21,17.88,0.617,318.2731,-2.963,93.1,1.383,20,0,3.264,1,1778967669
AMAT,us,1770163200,28.79,14.58,0.411,297.2293,-6.612,93.1,1.041,9,0,14.207,1,1778967669
AMAT,us,1770249600,32.03,15.82,0.458,303.6113,2.147,93.1,1.241,9,0,8.027,1,1778967669
AMAT,us,1770336000,40.48,18.58,0.578,322.1083,6.092,93.1,1.46,14,0,10.046,1,1778967669
AMAT,us,1770595200,46.2,20.38,0.66,330.1582,2.499,93.1,1.432,20,0,8.64,1,1778967669
AMAT,us,1770681600,44.67,21.0,0.638,328.6601,-0.454,93.1,1.217,20,0,12.225,1,1778967669
AMAT,us,1770768000,46.97,21.0,0.671,339.4566,3.285,93.1,1.447,20,0,8.948,1,1778967669
AMAT,us,1770854400,47.58,22.25,0.68,327.981,-3.381,93.1,1.383,20,0,14.452,1,1778967669
AMAT,us,1770940800,45.69,19.75,0.653,354.4679,8.076,93.1,1.444,20,0,5.383,1,1778967669
AMAT,us,1771286400,44.7,19.12,0.639,358.6827,1.189,93.1,1.408,20,0,5.366,1,1778967669
AMAT,us,1771372800,45.0,16.0,0.643,368.84,2.832,93.1,1.76,20,0,7.079,1,1778967669
AMAT,us,1771459200,43.64,14.75,0.623,369.83,0.268,93.1,1.739,20,0,1.593,0,1778967669
AMAT,us,1771545600,43.12,14.12,0.616,375.38,1.501,93.1,2.069,20,0,-0.821,0,1778967669
AMAT,us,1771804800,42.5,13.5,0.607,373.55,-0.488,93.1,1.77,20,0,-0.367,0,1778967669
AMAT,us,1771891200,37.88,11.68,0.541,377.93,1.173,93.1,2.014,16,0,-7.041,-1,1778967669
AMAT,us,1771977600,36.0,9.8,0.514,394.95,4.503,93.1,2.044,16,0,-9.416,-1,1778967669
AMAT,us,1772064000,33.99,8.55,0.486,375.72,-4.869,93.1,1.674,16,0,-7.769,-1,1778967669
AMAT,us,1772150400,30.35,7.92,0.434,372.3,-0.91,93.1,1.373,16,0,-12.775,-1,1778967669
AMAT,us,1772409600,36.39,10.38,0.52,372.18,-0.032,95.0,1.451,20,0,-8.931,-1,1778967669
AMAT,us,1772496000,36.47,12.88,0.521,351.32,-5.605,95.0,1.209,20,0,-1.548,0,1778967669
AMAT,us,1772582400,40.5,14.12,0.579,357.76,1.833,93.1,1.488,20,0,-1.87,0,1778967669
AMAT,us,1772668800,39.6,14.5,0.566,346.53,-3.139,93.1,1.71,15,0,-2.672,0,1778967669
AMAT,us,1772755200,31.41,13.95,0.449,324.74,-6.288,95.0,1.366,9,0,5.17,1,1778967669
AMAT,us,1773014400,32.21,14.58,0.46,338.94,4.373,93.1,1.383,9,0,2.136,0,1778967669
AMAT,us,1773100800,32.01,14.58,0.457,345.88,2.048,93.1,1.363,9,0,1.902,0,1778967669
AMAT,us,1773187200,35.51,15.82,0.507,351.07,1.501,95.0,1.589,9,0,-0.456,0,1778967669
AMAT,us,1773273600,32.4,15.2,0.463,337.27,-3.931,95.0,1.34,9,0,5.912,1,1778967669
AMAT,us,1773360000,37.5,17.08,0.536,341.53,1.263,95.0,1.662,9,0,4.547,1,1778967669
AMAT,us,1773619200,34.27,15.82,0.49,346.18,1.362,95.0,1.465,9,0,4.509,1,1778967669
AMAT,us,1773705600,32.34,14.58,0.462,352.46,1.814,93.1,1.396,9,0,6.108,1,1778967669
AMAT,us,1773792000,29.77,14.58,0.425,349.47,-0.848,93.1,1.139,9,0,5.686,1,1778967669
AMAT,us,1773878400,36.61,17.95,0.523,357.21,2.215,93.1,1.136,14,0,-5.224,-1,1778967669
AMAT,us,1773964800,33.72,18.58,0.482,357.06,-0.042,93.1,0.784,14,0,-5.57,-1,1778967669
AMAT,us,1774224000,41.86,21.0,0.598,361.79,1.325,93.1,0.936,20,0,-10.689,-1,1778967669
AMAT,us,1774310400,41.96,21.0,0.599,373.99,3.372,95.0,0.946,20,0,-8.61,-1,1778967669
AMAT,us,1774396800,41.37,22.25,0.591,369.34,-1.243,95.0,0.762,20,0,-4.208,-1,1778967669
AMAT,us,1774483200,37.47,22.0,0.535,338.55,-8.336,95.0,0.747,15,0,2.93,0,1778967669
AMAT,us,1774569600,32.38,20.82,0.463,337.17,-0.408,95.0,0.776,9,0,4.582,1,1778967669
AMAT,us,1774828800,26.69,18.7,0.381,323.12,-4.167,95.0,0.769,4,0,9.653,1,1778967669
AMAT,us,1774915200,33.75,20.2,0.482,341.79,5.778,95.0,0.975,9,0,12.853,1,1778967669
AMAT,us,1775001600,46.0,24.75,0.657,353.8,3.514,95.0,0.975,20,0,12.439,1,1778967669
AMAT,us,1775088000,46.23,24.75,0.66,348.47,-1.506,95.0,0.998,20,0,14.641,1,1778967669
AMAT,us,1775433600,48.72,25.38,0.696,352.62,1.191,95.0,1.184,20,0,12.226,1,1778967669
AMAT,us,1775520000,47.81,25.38,0.683,354.31,0.479,95.0,1.093,20,0,11.665,1,1778967669
AMAT,us,1775606400,42.43,19.75,0.606,385.72,8.865,95.0,1.118,20,0,2.214,0,1778967669
AMAT,us,1775692800,38.2,15.38,0.546,397.81,3.134,95.0,1.132,20,0,-1.988,0,1778967669
AMAT,us,1775779200,36.89,11.62,0.527,399.49,0.422,93.1,1.377,20,0,-0.638,0,1778967669
AMAT,us,1776038400,33.52,10.38,0.479,395.73,-0.941,93.1,1.164,20,0,-1.039,0,1778967669
AMAT,us,1776124800,30.61,9.12,0.437,395.64,-0.023,93.1,0.999,20,0,-0.331,0,1778967669
AMAT,us,1776211200,28.46,8.5,0.407,394.26,-0.349,93.1,0.846,20,0,2.339,0,1778967669
AMAT,us,1776297600,23.85,6.68,0.341,389.9,-1.106,93.1,0.847,16,0,3.593,1,1778967669
AMAT,us,1776384000,22.53,5.42,0.322,396.94,1.806,93.1,0.841,16,0,5.064,1,1778967669
AMAT,us,1776643200,23.97,4.8,0.342,391.62,-1.34,91.1,1.047,16,0,3.381,1,1778967669
AMAT,us,1776729600,23.78,4.8,0.34,394.33,0.692,91.1,1.028,16,0,-3.353,-1,1778967669
AMAT,us,1776816000,23.57,4.8,0.337,403.48,2.32,91.1,1.007,16,0,-5.177,-1,1778967669
AMAT,us,1776902400,25.42,4.8,0.363,403.91,0.107,93.1,1.192,16,0,-2.332,0,1778967669
AMAT,us,1776988800,30.12,5.42,0.43,417.04,3.251,91.1,1.6,16,0,-6.704,-1,1778967669
AMAT,us,1777248000,32.12,7.3,0.459,404.86,-2.921,93.1,1.612,16,0,-3.33,-1,1778967669
AMAT,us,1777334400,28.15,9.58,0.402,381.11,-5.866,91.1,1.477,9,0,7.796,1,1778967669
AMAT,us,1777420800,28.69,10.82,0.41,382.59,0.388,93.1,1.407,9,0,12.031,1,1778967669
AMAT,us,1777507200,38.3,16.7,0.547,394.49,3.11,93.1,1.43,14,0,4.094,1,1778967669
AMAT,us,1777593600,34.45,16.45,0.492,389.08,-1.371,91.1,1.42,9,0,11.915,1,1778967669
AMAT,us,1777852800,40.64,22.08,0.581,391.38,0.591,93.1,1.476,9,0,13.348,1,1778967669
AMAT,us,1777939200,52.14,25.38,0.745,410.82,4.967,91.1,1.526,20,0,4.961,1,1778967669
AMAT,us,1778025600,51.42,24.75,0.735,428.62,4.333,89.1,1.517,20,0,1.864,0,1778967669
AMAT,us,1778112000,47.61,24.12,0.68,410.64,-4.195,89.1,1.199,20,0,7.286,1,1778967669
AMAT,us,1778198400,45.44,21.62,0.649,435.44,6.039,89.1,1.232,20,0,0.271,0,1778967669
MRVL,us,1763683200,12.99,4.95,0.186,77.3556,1.004,61.4,0.774,4,0,17.624,1,1778967669
MRVL,us,1763942400,17.76,5.82,0.254,83.6879,8.186,65.3,0.814,9,0,10.86,1,1778967669
MRVL,us,1764028800,16.58,4.58,0.237,83.3283,-0.43,65.3,0.82,9,0,20.101,1,1778967669
MRVL,us,1764115200,21.66,6.08,0.309,87.6131,5.142,67.3,0.828,14,0,11.936,1,1778967669
MRVL,us,1764288000,22.21,5.45,0.317,89.291,1.915,79.2,0.946,14,0,10.638,1,1778967669
MRVL,us,1764547200,24.09,7.95,0.344,90.989,1.902,79.2,0.884,14,0,0.988,0,1778967669
MRVL,us,1764633600,31.31,7.88,0.447,92.7768,1.965,81.2,1.193,20,0,-4.295,-1,1778967669
MRVL,us,1764720000,34.01,6.0,0.486,100.0779,7.87,87.1,1.651,20,0,-7.715,-1,1778967669
MRVL,us,1764806400,30.76,6.0,0.439,98.0703,-2.006,85.1,1.326,20,0,-8.921,-1,1778967669
MRVL,us,1764892800,30.43,6.0,0.435,98.7894,0.733,85.1,1.293,20,0,-14.64,-1,1778967669
MRVL,us,1765152000,29.11,6.0,0.416,91.8879,-6.986,79.2,1.161,20,0,-8.413,-1,1778967669
MRVL,us,1765238400,28.46,7.25,0.407,88.7916,-3.37,75.2,0.971,20,0,-5.433,-1,1778967669
MRVL,us,1765324800,30.21,7.25,0.432,92.3573,4.016,79.2,1.146,20,0,-11.647,-1,1778967669
MRVL,us,1765411200,29.95,7.25,0.428,89.321,-3.288,77.2,1.12,20,0,-5.546,-1,1778967669
MRVL,us,1765497600,18.48,3.0,0.264,84.3271,-5.591,73.3,1.098,10,0,-0.403,0,1778967669
MRVL,us,1765756800,18.5,3.0,0.264,84.1573,-0.201,69.3,1.1,10,0,0.641,0,1778967669
MRVL,us,1765843200,19.5,3.62,0.279,83.9675,-0.225,69.3,1.138,10,0,4.294,1,1778967669
MRVL,us,1765929600,18.26,6.2,0.261,81.6004,-2.819,69.3,1.176,4,0,5.863,1,1778967669
MRVL,us,1766016000,18.84,6.82,0.269,84.367,3.39,71.3,1.172,4,0,2.214,0,1778967669
MRVL,us,1766102400,20.81,8.7,0.297,83.9875,-0.45,69.3,1.181,4,0,1.986,0,1778967669
MRVL,us,1766361600,21.11,9.32,0.302,84.6966,0.844,71.3,1.149,4,0,2.311,0,1778967669
MRVL,us,1766448000,26.78,12.08,0.383,87.5731,3.396,71.3,1.09,9,0,-3.079,-1,1778967669
MRVL,us,1766534400,25.88,14.32,0.37,86.3846,-1.357,65.3,1.126,4,0,3.353,1,1778967669
MRVL,us,1766707200,24.21,13.7,0.346,86.2347,-0.173,67.3,1.021,4,0,4.505,1,1778967669
MRVL,us,1766966400,22.56,13.08,0.322,85.6555,-0.672,67.3,0.918,4,0,2.88,0,1778967669
MRVL,us,1767052800,21.52,12.45,0.307,86.6543,1.166,67.3,0.877,4,0,-2.444,0,1778967669
MRVL,us,1767139200,21.29,14.32,0.304,84.8764,-2.052,65.3,0.667,4,0,-1.8,0,1778967669
MRVL,us,1767312000,33.9,21.7,0.484,89.281,5.189,71.3,0.49,14,0,-6.835,-1,1778967669
MRVL,us,1767571200,43.53,25.38,0.622,90.12,0.94,73.3,0.665,20,0,-8.069,-1,1778967669
MRVL,us,1767657600,41.73,25.38,0.596,88.1225,-2.217,61.4,0.485,20,0,-5.803,-1,1778967669
MRVL,us,1767744000,32.33,22.38,0.462,84.5368,-4.069,51.5,0.545,10,0,-3.983,-1,1778967669
MRVL,us,1767830400,32.08,21.75,0.458,83.3483,-1.406,49.5,0.583,10,0,-3.61,-1,1778967669
MRVL,us,1767916800,25.11,20.58,0.359,83.1784,-0.204,51.5,0.423,4,0,-3.317,-1,1778967669
MRVL,us,1768176000,25.26,20.58,0.361,82.8485,-0.397,55.4,0.438,4,0,-3.728,-1,1778967669
MRVL,us,1768262400,25.77,19.95,0.368,83.0085,0.193,57.4,0.552,4,0,-0.602,0,1778967669
MRVL,us,1768348800,24.41,18.7,0.349,81.1694,-2.216,53.5,0.541,4,0,2.327,0,1778967669
MRVL,us,1768435200,22.31,16.82,0.319,80.3398,-1.022,47.5,0.519,4,0,-0.187,0,1778967669
MRVL,us,1768521600,23.2,16.2,0.331,80.4197,0.1,45.5,0.67,4,0,1.628,0,1778967669
MRVL,us,1768867200,20.51,14.95,0.293,79.7601,-0.82,49.5,0.526,4,0,3.922,1,1778967669
MRVL,us,1768953600,21.74,14.32,0.311,82.5087,3.446,61.4,0.712,4,0,1.296,0,1778967669
MRVL,us,1769040000,21.32,13.7,0.305,83.0584,0.666,65.3,0.732,4,0,-2.118,0,1778967669
MRVL,us,1769126400,19.36,13.08,0.277,80.1899,-3.454,61.4,0.598,4,0,-1.633,0,1778967669
MRVL,us,1769385600,19.69,12.45,0.281,81.7291,1.919,61.4,0.694,4,0,-3.803,-1,1778967669
MRVL,us,1769472000,21.26,13.08,0.304,82.8885,1.419,65.3,0.788,4,0,-8.911,-1,1778967669
MRVL,us,1769558400,23.1,13.7,0.33,83.5782,0.832,65.3,0.91,4,0,-11.827,-1,1778967669
MRVL,us,1769644800,22.34,14.32,0.319,81.2993,-2.727,55.4,0.772,4,0,-8.766,-1,1778967669
MRVL,us,1769731200,17.72,9.95,0.253,78.8805,-2.975,47.5,0.747,4,0,1.723,0,1778967669
MRVL,us,1769990400,21.3,14.95,0.304,78.6207,-0.329,49.5,0.605,4,0,4.691,1,1778967669
MRVL,us,1770076800,20.83,16.2,0.298,75.5022,-3.966,39.6,0.433,4,0,8.565,1,1778967669
MRVL,us,1770163200,19.1,14.32,0.273,73.6931,-2.396,41.6,0.448,4,0,10.321,1,1778967669
MRVL,us,1770249600,13.73,7.45,0.196,74.1729,0.651,45.5,0.598,4,0,5.417,1,1778967669
MRVL,us,1770336000,16.07,8.08,0.23,80.2398,8.179,51.5,0.769,4,0,-2.08,0,1778967669
MRVL,us,1770595200,29.86,12.62,0.427,82.3088,2.578,49.5,0.924,15,0,-4.056,-1,1778967669
MRVL,us,1770681600,23.84,10.82,0.341,81.969,-0.413,51.5,0.922,9,0,-3.561,-1,1778967669
MRVL,us,1770768000,25.15,13.32,0.359,81.2993,-0.817,51.5,0.803,9,0,-2.127,0,1778967669
MRVL,us,1770854400,18.36,9.95,0.262,78.1909,-3.823,49.5,0.811,4,0,1.598,0,1778967669
MRVL,us,1770940800,18.52,8.7,0.265,78.5707,0.486,51.5,0.952,4,0,-1.043,0,1778967669
MRVL,us,1771286400,16.97,7.45,0.242,78.9705,0.509,49.5,0.922,4,0,-0.785,0,1778967669
MRVL,us,1771372800,17.68,6.2,0.253,79.0504,0.101,51.5,1.118,4,0,2.314,0,1778967669
MRVL,us,1771459200,21.87,11.2,0.312,79.5702,0.657,53.5,1.037,4,0,-0.402,0,1778967669
MRVL,us,1771545600,29.41,16.12,0.42,79.4402,-0.163,59.4,0.879,10,0,2.781,0,1778967669
MRVL,us,1771804800,22.94,13.7,0.328,77.7511,-2.126,57.4,0.894,4,0,3.947,1,1778967669
MRVL,us,1771891200,30.52,17.38,0.436,78.3508,0.771,59.4,0.864,10,0,-1.123,0,1778967669
MRVL,us,1771977600,36.08,19.5,0.515,80.8795,3.227,63.4,0.858,15,0,-3.497,-1,1778967669
MRVL,us,1772064000,37.19,22.0,0.531,79.2503,-2.014,57.4,0.719,15,0,-4.553,-1,1778967669
MRVL,us,1772150400,39.42,22.0,0.563,81.6491,3.027,61.4,0.942,15,0,9.646,1,1778967669
MRVL,us,1772409600,33.24,20.2,0.475,80.8195,-1.016,61.4,0.924,9,0,14.581,1,1778967669
MRVL,us,1772496000,28.15,18.7,0.402,77.4712,-4.143,59.4,0.915,4,0,20.372,1,1778967669
MRVL,us,1772582400,33.05,20.58,0.472,78.0509,0.748,55.4,1.217,4,0,15.815,1,1778967669
MRVL,us,1772668800,30.9,20.58,0.441,75.6421,-3.086,53.5,1.002,4,0,15.843,1,1778967669
MRVL,us,1772755200,41.88,15.38,0.598,89.5252,18.354,75.2,1.5,20,0,-1.909,0,1778967669
MRVL,us,1773014400,29.64,4.8,0.423,92.6036,3.439,75.2,1.614,16,0,-1.155,0,1778967669
MRVL,us,1773100800,30.54,4.8,0.436,93.2533,0.702,75.2,1.704,16,0,-2.69,0,1778967669
MRVL,us,1773187200,33.64,6.0,0.481,90.3948,-3.065,75.2,1.614,20,0,-3.118,-1,1778967669
MRVL,us,1773273600,33.1,6.0,0.473,87.6261,-3.063,75.2,1.56,20,0,2.122,0,1778967669
MRVL,us,1773360000,35.0,6.0,0.5,87.816,0.217,75.2,1.81,20,0,0.057,0,1778967669
MRVL,us,1773619200,35.0,6.0,0.5,91.5342,4.234,75.2,1.868,20,0,-1.551,0,1778967669
MRVL,us,1773705600,34.08,6.0,0.487,90.7446,-0.863,79.2,1.658,20,0,1.729,0,1778967669
MRVL,us,1773792000,32.63,6.62,0.466,87.5762,-3.492,77.2,1.451,20,0,12.36,1,1778967669
MRVL,us,1773878400,33.66,7.25,0.481,89.4852,2.18,77.2,1.491,20,0,9.103,1,1778967669
MRVL,us,1773964800,33.57,8.5,0.48,87.866,-1.809,75.2,1.357,20,0,7.929,1,1778967669
MRVL,us,1774224000,35.9,9.12,0.513,90.1149,2.559,77.2,1.528,20,0,-2.606,0,1778967669
MRVL,us,1774310400,38.09,11.0,0.544,92.3138,2.44,81.2,1.559,20,0,7.243,1,1778967669
MRVL,us,1774396800,31.66,6.68,0.452,98.4007,6.594,83.2,1.628,16,0,8.39,1,1778967669
MRVL,us,1774483200,33.21,6.62,0.474,97.6311,-0.782,81.2,1.509,20,0,9.654,1,1778967669
MRVL,us,1774569600,32.88,8.5,0.47,94.8325,-2.867,81.2,1.288,20,0,15.419,1,1778967669
MRVL,us,1774828800,24.0,7.7,0.343,87.7661,-7.452,79.2,1.25,9,0,24.564,1,1778967669
MRVL,us,1774915200,42.39,14.75,0.606,99.0004,12.8,83.2,1.614,20,0,15.548,1,1778967669
MRVL,us,1775001600,41.88,12.88,0.598,106.6566,7.733,85.1,1.765,20,0,12.389,1,1778967669
MRVL,us,1775088000,45.0,16.0,0.643,107.0564,0.375,85.1,2.413,20,0,20.021,1,1778967669
MRVL,us,1775433600,35.0,6.0,0.5,109.4552,2.241,85.1,1.971,20,0,19.958,1,1778967669
MRVL,us,1775520000,32.77,6.0,0.468,109.3253,-0.119,85.1,1.527,20,0,22.415,1,1778967669
MRVL,us,1775606400,28.94,4.8,0.413,114.3927,4.635,85.1,1.544,16,0,17.665,1,1778967669
MRVL,us,1775692800,31.0,4.8,0.443,119.87,4.788,85.1,1.944,16,0,11.262,1,1778967669
MRVL,us,1775779200,31.0,4.8,0.443,128.49,7.191,87.1,2.486,16,0,8.717,1,1778967669
MRVL,us,1776038400,31.0,4.8,0.443,131.3,2.187,89.1,2.612,16,0,12.597,1,1778967669
MRVL,us,1776124800,31.0,4.8,0.443,133.83,1.927,91.1,2.742,16,0,13.061,1,1778967669
MRVL,us,1776211200,31.0,4.8,0.443,134.6,0.575,91.1,3.186,16,0,16.88,1,1778967669
MRVL,us,1776297600,31.0,4.8,0.443,133.37,-0.914,91.1,3.069,16,0,24.136,1,1778967669
MRVL,us,1776384000,31.0,4.8,0.443,139.69,4.739,91.1,3.169,16,0,17.625,1,1778967669
MRVL,us,1776643200,31.0,4.8,0.443,147.84,5.834,93.1,4.331,16,0,7.014,1,1778967669
MRVL,us,1776729600,31.0,4.8,0.443,151.31,2.347,95.0,4.502,16,0,1.269,0,1778967669
MRVL,us,1776816000,31.0,4.8,0.443,157.32,3.972,95.0,4.666,16,0,-0.477,0,1778967669
MRVL,us,1776902400,31.0,4.8,0.443,165.56,5.238,95.0,4.804,16,0,-0.248,0,1778967669
MRVL,us,1776988800,31.0,4.8,0.443,164.31,-0.755,95.0,4.325,16,0,0.39,0,1778967669
MRVL,us,1777248000,32.25,6.05,0.461,158.21,-3.712,95.0,3.863,16,0,3.445,1,1778967669
MRVL,us,1777334400,35.38,9.18,0.505,153.23,-3.148,95.0,3.701,16,0,10.129,1,1778967669
MRVL,us,1777420800,37.25,11.05,0.532,156.57,2.18,95.0,3.474,16,0,9.951,1,1778967669
MRVL,us,1777507200,38.5,12.3,0.55,165.15,5.48,95.0,3.297,16,0,-3.112,-1,1778967669
MRVL,us,1777593600,39.12,12.92,0.559,164.95,-0.121,95.0,2.846,16,0,3.14,1,1778967669
MRVL,us,1777852800,40.38,14.18,0.577,163.66,-0.782,95.0,2.451,16,0,4.387,1,1778967669
MRVL,us,1777939200,41.62,15.42,0.595,168.75,3.11,95.0,2.931,16,0,-2.519,0,1778967669
MRVL,us,1778025600,42.25,16.05,0.604,172.15,2.015,95.0,2.887,16,0,3.369,1,1778967669
MRVL,us,1778112000,47.5,18.5,0.679,160.01,-7.052,93.1,2.282,20,0,14.105,1,1778967669
MRVL,us,1778198400,48.75,19.75,0.696,170.13,6.325,93.1,2.159,20,0,3.973,1,1778967669
FTNT,us,1763683200,9.91,1.2,0.142,78.86,1.051,49.5,0.841,4,0,3.753,1,1778967669
FTNT,us,1763942400,11.9,1.2,0.17,79.77,1.154,49.5,1.04,4,0,3.974,1,1778967669
FTNT,us,1764028800,12.97,2.45,0.185,80.87,1.379,49.5,1.022,4,0,2.337,0,1778967669
FTNT,us,1764115200,19.76,4.88,0.282,80.55,-0.396,49.5,1.038,10,0,5.748,1,1778967669
FTNT,us,1764288000,15.66,3.7,0.224,81.13,0.72,49.5,1.166,4,0,7.137,1,1778967669
FTNT,us,1764547200,21.8,6.45,0.311,81.82,0.85,51.5,1.155,9,0,2.09,0,1778967669
FTNT,us,1764633600,23.23,8.32,0.332,82.94,1.369,53.5,1.111,9,0,0.675,0,1778967669
FTNT,us,1764720000,31.89,12.62,0.456,82.76,-0.217,51.5,1.127,15,0,-1.402,0,1778967669
FTNT,us,1764806400,37.15,14.75,0.531,85.18,2.924,53.5,1.09,20,0,-3.181,-1,1778967669
FTNT,us,1764892800,39.17,11.62,0.56,86.92,2.043,57.4,1.605,20,0,-5.407,-1,1778967669
FTNT,us,1765152000,34.9,11.0,0.499,83.53,-3.9,51.5,1.24,20,0,-2.406,0,1778967669
FTNT,us,1765238400,32.64,11.0,0.466,83.5,-0.036,51.5,1.014,20,0,-1.234,0,1778967669
FTNT,us,1765324800,21.71,9.25,0.31,81.6,-2.275,45.5,0.796,10,0,-2.721,0,1778967669
FTNT,us,1765411200,28.28,10.75,0.404,82.47,1.066,43.6,0.953,15,0,-3.298,-1,1778967669
FTNT,us,1765497600,29.61,12.0,0.423,82.22,-0.303,41.6,0.961,15,0,-2.408,0,1778967669
FTNT,us,1765756800,23.49,11.12,0.336,81.52,-0.851,41.6,0.787,10,0,0.27,0,1778967669
FTNT,us,1765843200,28.9,11.38,0.413,82.47,1.165,43.6,0.952,15,0,-2.195,0,1778967669
FTNT,us,1765929600,15.54,6.2,0.222,79.38,-3.747,41.6,0.904,4,0,2.268,0,1778967669
FTNT,us,1766016000,19.08,7.45,0.273,79.75,0.466,39.6,1.133,4,0,2.27,0,1778967669
FTNT,us,1766102400,30.59,13.08,0.437,80.24,0.614,35.6,1.721,4,0,0.723,0,1778967669
FTNT,us,1766361600,32.29,14.95,0.461,81.74,1.869,35.6,1.704,4,0,-1.749,0,1778967669
FTNT,us,1766448000,31.25,16.82,0.446,80.66,-1.321,35.6,1.413,4,0,-1.55,0,1778967669
FTNT,us,1766534400,31.35,17.45,0.448,81.18,0.645,35.6,1.36,4,0,-4.065,-1,1778967669
FTNT,us,1766707200,34.65,18.7,0.495,81.56,0.468,35.6,1.565,4,0,-4.438,-1,1778967669
FTNT,us,1766966400,32.67,18.7,0.467,80.82,-0.907,35.6,1.367,4,0,-2.945,0,1778967669
FTNT,us,1767052800,28.73,16.2,0.41,80.31,-0.631,35.6,1.223,4,0,-0.361,0,1778967669
FTNT,us,1767139200,26.13,14.95,0.373,79.41,-1.121,33.7,1.088,4,0,-1.713,0,1778967669
FTNT,us,1767312000,22.55,11.82,0.322,77.88,-1.927,27.7,1.043,4,0,1.721,0,1778967669
FTNT,us,1767571200,23.69,13.08,0.338,77.94,0.077,23.8,1.031,4,0,0.924,0,1778967669
FTNT,us,1767657600,30.62,19.95,0.437,78.44,0.642,25.7,1.037,4,0,-0.14,0,1778967669
FTNT,us,1767744000,33.82,20.58,0.483,80.02,2.014,31.7,1.294,4,0,-4.536,-1,1778967669
FTNT,us,1767830400,33.23,20.58,0.475,78.05,-2.462,23.8,1.235,4,0,-2.217,0,1778967669
FTNT,us,1767916800,36.27,20.58,0.518,79.22,1.499,25.7,1.539,4,0,-4.847,-1,1778967669
FTNT,us,1768176000,34.19,20.58,0.488,78.66,-0.707,27.7,1.331,4,0,-4.068,-1,1778967669
FTNT,us,1768262400,33.81,20.58,0.483,78.33,-0.42,31.7,1.293,4,0,-3.294,-1,1778967669
FTNT,us,1768348800,29.52,17.45,0.422,76.39,-2.477,29.7,1.177,4,0,1.61,0,1778967669
FTNT,us,1768435200,26.87,16.82,0.384,76.32,-0.092,25.7,0.975,4,0,6.971,1,1778967669
FTNT,us,1768521600,20.85,10.58,0.298,75.38,-1.232,25.7,0.997,4,0,10.202,1,1778967669
FTNT,us,1768867200,18.77,8.7,0.268,75.46,0.106,29.7,0.977,4,0,8.283,1,1778967669
FTNT,us,1768953600,10.93,3.08,0.156,75.75,0.384,29.7,0.755,4,0,8.356,1,1778967669
FTNT,us,1769040000,17.82,9.95,0.255,77.62,2.469,33.7,0.757,4,0,5.012,1,1778967669
FTNT,us,1769126400,34.28,12.88,0.49,81.64,5.179,43.6,0.99,20,0,-0.465,0,1778967669
FTNT,us,1769385600,28.17,6.0,0.402,83.07,1.752,49.5,1.067,20,0,-2.143,0,1778967669
FTNT,us,1769472000,26.88,6.0,0.384,81.71,-1.637,41.6,0.938,20,0,-2.949,0,1778967669
FTNT,us,1769558400,28.34,6.0,0.405,82.08,0.453,43.6,1.084,20,0,-1.17,0,1778967669
FTNT,us,1769644800,27.68,6.0,0.395,81.51,-0.694,43.6,1.018,20,0,-3.165,-1,1778967669
FTNT,us,1769731200,26.97,6.0,0.385,81.26,-0.307,51.5,0.947,20,0,1.846,0,1778967669
FTNT,us,1769990400,29.5,6.0,0.421,81.29,0.037,51.5,1.2,20,0,5.708,1,1778967669
FTNT,us,1770076800,22.98,5.12,0.328,79.3,-2.448,49.5,0.986,15,0,7.856,1,1778967669
FTNT,us,1770163200,27.57,6.0,0.394,81.12,2.295,55.4,1.007,20,0,8.259,1,1778967669
FTNT,us,1770249600,15.68,3.62,0.224,78.93,-2.7,55.4,0.756,10,0,6.753,1,1778967669
FTNT,us,1770336000,27.85,6.0,0.398,82.76,4.852,55.4,1.035,20,0,3.383,1,1778967669
FTNT,us,1770595200,24.53,4.8,0.35,85.93,3.83,61.4,1.103,16,0,-4.934,-1,1778967669
FTNT,us,1770681600,23.95,4.8,0.342,85.53,-0.465,61.4,1.045,16,0,-5.659,-1,1778967669
FTNT,us,1770768000,25.94,4.8,0.371,87.82,2.677,65.3,1.244,16,0,-7.003,-1,1778967669
FTNT,us,1770854400,31.0,6.62,0.443,84.26,-4.054,59.4,1.288,20,0,-5.056,-1,1778967669
FTNT,us,1770940800,34.27,7.25,0.49,85.56,1.543,63.4,1.552,20,0,-11.641,-1,1778967669
FTNT,us,1771286400,25.01,5.2,0.357,81.69,-4.523,55.4,1.601,9,0,-7.908,-1,1778967669
FTNT,us,1771372800,18.78,4.95,0.268,80.69,-1.224,49.5,1.353,4,0,-4.139,-1,1778967669
FTNT,us,1771459200,33.25,12.0,0.475,81.67,1.215,49.5,1.325,15,0,-3.024,-1,1778967669
FTNT,us,1771545600,22.85,11.2,0.326,80.0,-2.045,49.5,1.135,4,0,-1.213,0,1778967669
FTNT,us,1771804800,14.7,5.58,0.21,75.6,-5.5,49.5,0.882,4,0,4.735,1,1778967669
FTNT,us,1771891200,11.83,4.32,0.169,75.23,-0.489,47.5,0.721,4,0,7.803,1,1778967669
FTNT,us,1771977600,11.64,3.08,0.166,77.35,2.818,49.5,0.826,4,0,7.033,1,1778967669
FTNT,us,1772064000,17.87,4.88,0.255,79.2,2.392,51.5,0.849,10,0,6.591,1,1778967669
FTNT,us,1772150400,11.74,3.08,0.168,79.03,-0.215,55.4,0.836,4,0,5.871,1,1778967669
FTNT,us,1772409600,13.19,3.08,0.188,79.18,0.19,57.4,0.981,4,0,5.847,1,1778967669
FTNT,us,1772496000,23.15,6.08,0.331,81.1,2.425,61.4,0.977,14,0,3.822,1,1778967669
FTNT,us,1772582400,26.15,7.32,0.374,82.79,2.084,61.4,1.153,14,0,0.833,0,1778967669
FTNT,us,1772668800,30.59,7.88,0.437,84.42,1.969,67.3,1.121,20,0,-0.024,0,1778967669
FTNT,us,1772755200,26.41,6.7,0.377,83.67,-0.888,65.3,1.241,14,0,-0.275,0,1778967669
FTNT,us,1773014400,31.08,8.5,0.444,83.81,0.167,59.4,1.108,20,0,0.811,0,1778967669
FTNT,us,1773100800,34.21,12.25,0.489,84.2,0.465,57.4,1.046,20,0,-1.235,0,1778967669
FTNT,us,1773187200,36.48,14.12,0.521,83.48,-0.855,61.4,1.086,20,0,-0.108,0,1778967669
FTNT,us,1773273600,38.54,16.62,0.551,84.4,1.102,67.3,1.042,20,0,-1.517,0,1778967669
FTNT,us,1773360000,36.47,16.68,0.521,83.44,-1.137,69.3,1.109,16,0,-2.445,0,1778967669
FTNT,us,1773619200,36.7,17.3,0.524,84.49,1.258,69.3,1.07,16,0,-2.036,0,1778967669
FTNT,us,1773705600,37.09,17.3,0.53,83.16,-1.574,69.3,1.109,16,0,-4.594,-1,1778967669
FTNT,us,1773792000,43.19,18.5,0.617,83.39,0.277,69.3,1.319,20,0,-5.396,-1,1778967669
FTNT,us,1773878400,40.69,17.88,0.581,83.12,-0.324,69.3,1.131,20,0,-2.514,0,1778967669
FTNT,us,1773964800,35.91,18.25,0.513,81.4,-2.069,69.3,0.966,15,0,-3.931,-1,1778967669
FTNT,us,1774224000,46.94,23.5,0.671,82.77,1.683,65.3,1.194,20,0,-4.494,-1,1778967669
FTNT,us,1774310400,33.68,20.58,0.481,79.34,-4.144,61.4,1.28,4,0,3.0,0,1778967669
FTNT,us,1774396800,31.45,20.58,0.449,78.89,-0.567,57.4,1.057,4,0,2.865,0,1778967669
FTNT,us,1774483200,36.22,22.08,0.517,81.03,2.713,63.4,1.034,9,0,1.851,0,1778967669
FTNT,us,1774569600,30.38,19.95,0.434,78.2,-3.493,63.4,1.013,4,0,5.23,1,1778967669
FTNT,us,1774828800,30.04,19.32,0.429,79.05,1.087,61.4,1.042,4,0,5.908,1,1778967669
FTNT,us,1774915200,35.44,21.45,0.506,81.72,3.378,63.4,1.019,9,0,2.19,0,1778967669
FTNT,us,1775001600,31.81,19.58,0.454,81.15,-0.698,63.4,0.843,9,0,-0.604,0,1778967669
FTNT,us,1775088000,38.46,22.95,0.549,82.53,1.701,65.3,0.821,14,0,-7.064,-1,1778967669
FTNT,us,1775433600,38.75,22.95,0.554,82.29,-0.291,63.4,0.85,14,0,-4.314,-1,1778967669
FTNT,us,1775520000,45.24,25.38,0.646,83.72,1.738,67.3,0.836,20,0,-5.996,-1,1778967669
FTNT,us,1775606400,43.69,25.38,0.624,83.51,-0.251,59.4,0.681,20,0,-4.634,-1,1778967669
FTNT,us,1775692800,27.58,20.58,0.394,80.66,-3.413,55.4,0.67,4,0,2.157,0,1778967669
FTNT,us,1775779200,19.08,13.7,0.273,76.7,-4.91,51.5,0.508,4,0,6.701,1,1778967669
FTNT,us,1776038400,19.55,13.08,0.279,78.74,2.66,51.5,0.617,4,0,4.902,1,1778967669
FTNT,us,1776124800,19.08,13.7,0.273,78.7,-0.051,51.5,0.508,4,0,8.335,1,1778967669
FTNT,us,1776211200,26.08,15.5,0.373,79.64,1.194,51.5,0.608,10,0,9.355,1,1778967669
FTNT,us,1776297600,36.85,19.12,0.526,82.4,3.466,55.4,0.623,20,0,0.437,0,1778967669
FTNT,us,1776384000,39.31,21.62,0.562,81.84,-0.68,53.5,0.619,20,0,3.055,1,1778967669
FTNT,us,1776643200,39.6,19.75,0.566,82.6,0.929,55.4,0.835,20,0,3.717,1,1778967669
FTNT,us,1776729600,33.37,13.5,0.477,85.26,3.22,61.4,0.837,20,0,0.54,0,1778967669
FTNT,us,1776816000,34.37,12.88,0.491,87.09,2.146,61.4,0.999,20,0,-1.125,0,1778967669
FTNT,us,1776902400,34.48,12.88,0.493,82.76,-4.972,53.5,1.01,20,0,1.873,0,1778967669
FTNT,us,1776988800,33.44,11.62,0.478,84.34,1.909,53.5,1.032,20,0,2.312,0,1778967669
FTNT,us,1777248000,35.77,11.0,0.511,85.67,1.577,57.4,1.327,20,0,4.167,1,1778967669
FTNT,us,1777334400,34.52,10.38,0.493,85.72,0.058,59.4,1.264,20,0,4.9,1,1778967669
FTNT,us,1777420800,32.67,9.12,0.467,86.11,0.455,59.4,1.205,20,0,4.459,1,1778967669
FTNT,us,1777507200,32.53,9.12,0.465,84.31,-2.09,49.5,1.191,20,0,28.063,1,1778967669
FTNT,us,1777593600,31.28,7.88,0.447,86.29,2.348,55.4,1.19,20,0,32.194,1,1778967669
FTNT,us,1777852800,27.43,4.8,0.392,89.24,3.419,61.4,1.393,16,0,29.359,1,1778967669
FTNT,us,1777939200,27.08,4.8,0.387,89.92,0.762,57.4,1.358,16,0,26.635,1,1778967669
FTNT,us,1778025600,35.0,6.0,0.5,89.95,0.033,55.4,1.751,20,0,30.839,1,1778967669
FTNT,us,1778112000,31.0,4.8,0.443,107.97,20.033,75.2,2.615,16,0,12.865,1,1778967669
FTNT,us,1778198400,31.0,4.8,0.443,114.07,5.65,75.2,4.537,16,0,7.636,1,1778967669
SNOW,us,1763683200,22.93,12.45,0.328,234.03,-4.345,79.2,1.018,4,0,7.679,1,1778967669
SNOW,us,1763942400,18.51,8.08,0.264,241.99,3.401,79.2,1.013,4,0,7.31,1,1778967669
SNOW,us,1764028800,23.35,9.58,0.334,250.32,3.442,81.2,0.997,9,0,5.864,1,1778967669
SNOW,us,1764115200,20.95,8.95,0.299,248.66,-0.663,69.3,0.82,9,0,-5.586,-1,1778967669
SNOW,us,1764288000,21.62,10.2,0.309,251.24,1.038,67.3,0.762,9,0,-8.936,-1,1778967669
SNOW,us,1764547200,22.43,11.45,0.32,252.0,0.302,69.3,0.718,9,0,-10.591,-1,1778967669
SNOW,us,1764633600,33.0,17.95,0.471,259.68,3.048,73.3,0.775,14,0,-14.279,-1,1778967669
SNOW,us,1764720000,37.54,17.95,0.536,265.0,2.049,75.2,1.229,14,0,-18.283,-1,1778967669
SNOW,us,1764806400,18.49,10.58,0.264,234.77,-11.408,61.4,0.761,4,0,-6.074,-1,1778967669
SNOW,us,1764892800,13.24,6.2,0.189,228.79,-2.547,59.4,0.674,4,0,-4.747,-1,1778967669
SNOW,us,1765152000,8.62,1.82,0.123,225.31,-1.521,59.4,0.65,4,0,-4.452,-1,1778967669
SNOW,us,1765238400,7.07,1.2,0.101,222.6,-1.203,57.4,0.557,4,0,-0.898,0,1778967669
SNOW,us,1765324800,6.17,1.2,0.088,216.55,-2.718,49.5,0.467,4,0,-0.12,0,1778967669
SNOW,us,1765411200,6.96,1.2,0.099,220.51,1.829,53.5,0.546,4,0,0.363,0,1778967669
SNOW,us,1765497600,6.93,1.2,0.099,217.93,-1.17,43.6,0.543,4,0,2.079,0,1778967669
SNOW,us,1765756800,6.23,1.2,0.089,215.28,-1.216,45.5,0.473,4,0,5.37,1,1778967669
SNOW,us,1765843200,6.98,1.2,0.1,220.6,2.471,53.5,0.548,4,0,2.04,0,1778967669
SNOW,us,1765929600,6.49,1.2,0.093,216.29,-1.954,55.4,0.499,4,0,2.608,0,1778967669
SNOW,us,1766016000,7.79,1.82,0.111,221.31,2.321,61.4,0.567,4,0,1.161,0,1778967669
SNOW,us,1766102400,8.82,1.82,0.126,222.46,0.52,57.4,0.67,4,0,0.198,0,1778967669
SNOW,us,1766361600,9.19,1.2,0.131,226.84,1.969,63.4,0.769,4,0,-2.112,0,1778967669
SNOW,us,1766448000,8.84,1.82,0.126,225.1,-0.767,59.4,0.672,4,0,-2.55,0,1778967669
SNOW,us,1766534400,10.76,4.32,0.154,221.93,-1.408,47.5,0.614,4,0,-2.352,0,1778967669
SNOW,us,1766707200,13.13,6.2,0.188,223.88,0.879,51.5,0.663,4,0,0.214,0,1778967669
SNOW,us,1766966400,13.96,7.45,0.199,222.9,-0.438,53.5,0.621,4,0,5.218,1,1778967669
SNOW,us,1767052800,15.17,9.32,0.217,222.05,-0.381,53.5,0.555,4,0,5.156,1,1778967669
SNOW,us,1767139200,22.09,13.0,0.316,219.36,-1.211,51.5,0.459,10,0,2.02,0,1778967669
SNOW,us,1767312000,23.83,20.58,0.34,216.71,-1.208,45.5,0.295,4,0,1.098,0,1778967669
SNOW,us,1767571200,36.9,23.88,0.527,224.36,3.53,53.5,0.502,15,0,-1.819,0,1778967669
SNOW,us,1767657600,38.54,23.25,0.551,234.53,4.533,55.4,0.729,15,0,-10.719,-1,1778967669
SNOW,us,1767744000,37.84,22.0,0.541,233.5,-0.439,67.3,0.784,15,0,-11.709,-1,1778967669
SNOW,us,1767830400,37.54,21.38,0.536,223.79,-4.158,47.5,0.816,15,0,-7.172,-1,1778967669
SNOW,us,1767916800,28.11,18.7,0.402,219.09,-2.1,41.6,0.911,4,0,-3.976,-1,1778967669
SNOW,us,1768176000,27.08,18.08,0.387,220.28,0.543,41.6,0.87,4,0,-6.387,-1,1778967669
SNOW,us,1768262400,24.36,16.2,0.348,209.39,-4.944,35.6,0.786,4,0,-1.38,0,1778967669
SNOW,us,1768348800,23.83,15.58,0.34,206.16,-1.543,31.7,0.795,4,0,2.411,0,1778967669
SNOW,us,1768435200,23.23,14.95,0.332,207.74,0.766,35.6,0.798,4,0,0.939,0,1778967669
SNOW,us,1768521600,24.51,14.32,0.35,210.38,1.271,33.7,0.989,4,0,0.423,0,1778967669
SNOW,us,1768867200,21.93,13.7,0.313,206.21,-1.982,39.6,0.793,4,0,3.172,1,1778967669
SNOW,us,1768953600,20.53,13.08,0.293,206.5,0.141,37.6,0.715,4,0,4.6,1,1778967669
SNOW,us,1769040000,20.7,13.08,0.296,211.13,2.242,37.6,0.732,4,0,-5.57,-1,1778967669
SNOW,us,1769126400,19.63,11.82,0.28,209.69,-0.682,37.6,0.751,4,0,-8.102,-1,1778967669
SNOW,us,1769385600,20.17,11.2,0.288,211.27,0.753,33.7,0.867,4,0,-9.746,-1,1778967669
SNOW,us,1769472000,21.05,11.82,0.301,212.75,0.701,37.6,0.893,4,0,-18.571,-1,1778967669
SNOW,us,1769558400,24.03,13.08,0.343,216.0,1.528,37.6,1.065,4,0,-23.477,-1,1778967669
SNOW,us,1769644800,18.76,9.32,0.268,199.37,-7.699,27.7,0.914,4,0,-21.397,-1,1778967669
SNOW,us,1769731200,16.86,8.08,0.241,192.7,-3.346,17.8,0.848,4,0,-12.595,-1,1778967669
SNOW,us,1769990400,16.01,7.45,0.229,190.68,-1.048,17.8,0.826,4,0,-7.725,-1,1778967669
SNOW,us,1770076800,10.94,4.95,0.156,173.24,-9.146,13.9,0.569,4,0,5.391,1,1778967669
SNOW,us,1770163200,5.33,1.2,0.076,165.29,-4.589,9.9,0.383,4,0,8.192,1,1778967669
SNOW,us,1770249600,5.1,1.2,0.073,156.71,-5.191,9.9,0.36,4,0,10.338,1,1778967669
SNOW,us,1770336000,6.47,1.2,0.092,168.43,7.479,13.9,0.497,4,0,8.229,1,1778967669
SNOW,us,1770595200,7.91,1.2,0.113,175.95,4.465,17.8,0.641,4,0,0.654,0,1778967669
SNOW,us,1770681600,9.95,2.45,0.142,182.58,3.768,19.8,0.72,4,0,-3.56,-1,1778967669
SNOW,us,1770768000,9.49,1.82,0.136,178.83,-2.054,19.8,0.737,4,0,0.207,0,1778967669
SNOW,us,1770854400,8.78,1.2,0.125,172.91,-3.31,19.8,0.728,4,0,-0.237,0,1778967669
SNOW,us,1770940800,9.85,1.82,0.141,182.29,5.425,21.8,0.773,4,0,-13.544,-1,1778967669
SNOW,us,1771286400,9.3,2.45,0.133,177.1,-2.847,21.8,0.655,4,0,-9.057,-1,1778967669
SNOW,us,1771372800,9.9,3.08,0.141,176.08,-0.576,21.8,0.652,4,0,-3.902,-1,1778967669
SNOW,us,1771459200,11.8,4.95,0.169,179.2,1.772,25.7,0.655,4,0,-3.426,-1,1778967669
SNOW,us,1771545600,12.83,6.82,0.183,172.5,-3.739,25.7,0.571,4,0,-2.371,0,1778967669
SNOW,us,1771804800,12.35,6.82,0.176,157.6,-8.638,15.8,0.523,4,0,8.077,1,1778967669
SNOW,us,1771891200,14.14,8.08,0.202,161.06,2.195,15.8,0.576,4,0,2.937,0,1778967669
SNOW,us,1771977600,22.47,11.12,0.321,169.21,5.06,23.8,0.685,10,0,-0.561,0,1778967669
SNOW,us,1772064000,25.57,13.0,0.365,173.06,2.275,19.8,0.807,10,0,2.537,0,1778967669
SNOW,us,1772150400,20.01,11.82,0.286,168.41,-2.687,13.9,0.789,4,0,7.167,1,1778967669
SNOW,us,1772409600,22.27,13.08,0.318,170.33,1.14,13.9,0.889,4,0,7.345,1,1778967669
SNOW,us,1772496000,23.22,14.32,0.332,165.79,-2.665,11.9,0.86,4,0,5.748,1,1778967669
SNOW,us,1772582400,25.13,14.32,0.359,168.26,1.49,11.9,1.051,4,0,6.639,1,1778967669
SNOW,us,1772668800,41.25,18.88,0.589,177.45,5.462,11.9,1.437,15,0,-0.113,0,1778967669
SNOW,us,1772755200,43.35,22.08,0.619,180.48,1.708,13.9,1.747,9,0,-1.008,0,1778967669
SNOW,us,1773014400,44.75,20.12,0.639,182.84,1.308,23.8,1.663,15,0,-4.616,-1,1778967669
SNOW,us,1773100800,36.74,18.95,0.525,175.32,-4.113,21.8,1.399,9,0,-0.411,0,1778967669
SNOW,us,1773187200,43.65,22.62,0.624,179.43,2.344,29.7,1.303,15,0,-3.444,-1,1778967669
SNOW,us,1773273600,45.43,23.88,0.649,177.25,-1.215,29.7,1.355,15,0,-1.044,0,1778967669
SNOW,us,1773360000,45.1,21.38,0.644,178.66,0.795,31.7,1.572,15,0,-5.955,-1,1778967669
SNOW,us,1773619200,45.08,23.88,0.644,174.4,-2.384,29.7,1.32,15,0,-0.115,0,1778967669
SNOW,us,1773705600,47.39,23.88,0.677,174.6,0.115,29.7,1.551,15,0,-7.595,-1,1778967669
SNOW,us,1773792000,47.36,23.88,0.677,173.25,-0.773,29.7,1.548,15,0,-7.296,-1,1778967669
SNOW,us,1773878400,47.49,23.88,0.678,175.4,1.241,29.7,1.561,15,0,-7.452,-1,1778967669
SNOW,us,1773964800,36.06,19.95,0.515,168.02,-4.208,29.7,1.581,4,0,-9.058,-1,1778967669
SNOW,us,1774224000,49.38,23.88,0.705,174.2,3.678,29.7,2.135,15,0,-11.785,-1,1778967669
SNOW,us,1774310400,38.1,20.58,0.544,161.34,-7.382,19.8,1.722,4,0,-6.52,-1,1778967669
SNOW,us,1774396800,32.46,19.32,0.464,160.61,-0.452,19.8,1.284,4,0,-4.663,-1,1778967669
SNOW,us,1774483200,27.21,16.82,0.389,162.33,1.071,27.7,1.009,4,0,-6.456,-1,1778967669
SNOW,us,1774569600,20.71,9.32,0.296,152.8,-5.871,21.8,1.109,4,0,-2.238,0,1778967669
SNOW,us,1774828800,19.25,8.08,0.275,153.67,0.569,17.8,1.087,4,0,-2.883,0,1778967669
SNOW,us,1774915200,17.89,6.82,0.256,150.82,-1.855,15.8,1.077,4,0,-0.55,0,1778967669
SNOW,us,1775001600,17.54,6.2,0.251,153.12,1.525,17.8,1.104,4,0,-13.636,-1,1778967669
SNOW,us,1775088000,13.83,4.95,0.198,151.85,-0.829,17.8,0.858,4,0,-20.244,-1,1778967669
SNOW,us,1775433600,11.24,4.32,0.161,149.38,-1.627,15.8,0.662,4,0,-10.135,-1,1778967669
SNOW,us,1775520000,9.25,3.7,0.132,149.24,-0.094,15.8,0.525,4,0,-9.227,-1,1778967669
SNOW,us,1775606400,10.02,3.08,0.143,149.99,0.503,11.9,0.664,4,0,-3.674,-1,1778967669
SNOW,us,1775692800,7.47,2.45,0.107,132.24,-11.834,5.9,0.472,4,0,8.553,1,1778967669
SNOW,us,1775779200,5.22,1.2,0.075,121.11,-8.417,4.0,0.372,4,0,18.884,1,1778967669
SNOW,us,1776038400,6.41,1.2,0.092,134.24,10.841,7.9,0.491,4,0,12.068,1,1778967669
SNOW,us,1776124800,7.61,1.2,0.109,135.47,0.916,5.9,0.611,4,0,11.346,1,1778967669
SNOW,us,1776211200,9.35,2.45,0.134,144.48,6.651,7.9,0.66,4,0,7.676,1,1778967669
SNOW,us,1776297600,10.38,3.7,0.148,143.55,-0.644,7.9,0.638,4,0,1.985,0,1778967669
SNOW,us,1776384000,11.29,4.32,0.161,143.98,0.3,5.9,0.667,4,0,-2.542,0,1778967669
SNOW,us,1776643200,18.14,6.45,0.259,150.44,4.487,5.9,0.789,9,0,-4.115,-1,1778967669
SNOW,us,1776729600,26.09,10.12,0.373,150.84,0.266,7.9,0.797,15,0,-5.489,-1,1778967669
SNOW,us,1776816000,29.0,12.0,0.414,155.57,3.136,5.9,0.9,15,0,-9.224,-1,1778967669
SNOW,us,1776902400,18.94,9.95,0.271,146.4,-5.894,5.9,0.869,4,0,-6.783,-1,1778967669
SNOW,us,1776988800,18.79,11.2,0.268,140.32,-4.153,5.9,0.729,4,0,0.485,0,1778967669
SNOW,us,1777248000,20.49,11.82,0.293,144.25,2.801,5.9,0.837,4,0,-0.028,0,1778967669
SNOW,us,1777334400,20.39,12.45,0.291,142.56,-1.172,5.9,0.764,4,0,-0.596,0,1778967669
SNOW,us,1777420800,27.36,14.88,0.391,141.22,-0.94,5.9,0.798,10,0,-1.048,0,1778967669
SNOW,us,1777507200,27.41,16.12,0.392,136.47,-3.364,5.9,0.679,10,0,12.64,1,1778967669
SNOW,us,1777593600,29.4,16.75,0.42,141.0,3.319,5.9,0.815,10,0,8.121,1,1778967669
SNOW,us,1777852800,36.27,18.88,0.518,144.21,2.277,7.9,0.939,15,0,5.055,1,1778967669
SNOW,us,1777939200,25.83,16.2,0.369,141.71,-1.734,7.9,0.933,4,0,7.247,1,1778967669
SNOW,us,1778025600,25.14,16.82,0.359,139.74,-1.39,7.9,0.802,4,0,9.038,1,1778967669
SNOW,us,1778112000,39.42,20.12,0.563,153.72,10.004,11.9,1.13,15,0,-1.926,0,1778967669
SNOW,us,1778198400,44.78,22.62,0.64,152.45,-0.826,9.9,1.416,15,0,3.293,1,1778967669
DDOG,us,1763683200,18.74,7.7,0.268,157.55,-1.266,81.2,0.724,9,0,0.222,0,1778967669
DDOG,us,1763942400,26.04,10.12,0.372,158.44,0.565,77.2,0.792,15,0,-1.237,0,1778967669
DDOG,us,1764028800,27.44,10.75,0.392,158.99,0.347,77.2,0.869,15,0,-1.988,0,1778967669
DDOG,us,1764115200,22.19,9.58,0.317,158.4,-0.371,73.3,0.881,9,0,-3.409,-1,1778967669
DDOG,us,1764288000,22.8,10.2,0.326,160.01,1.016,71.3,0.88,9,0,-5.375,-1,1778967669
DDOG,us,1764547200,21.07,9.58,0.301,157.9,-1.319,67.3,0.769,9,0,-2.293,0,1778967669
DDOG,us,1764633600,13.4,5.58,0.191,156.48,-0.899,67.3,0.752,4,0,-2.499,0,1778967669
DDOG,us,1764720000,13.41,5.58,0.192,155.83,-0.415,67.3,0.753,4,0,-2.971,0,1778967669
DDOG,us,1764806400,12.98,4.95,0.185,153.0,-1.816,67.3,0.773,4,0,-2.026,0,1778967669
DDOG,us,1764892800,9.27,4.95,0.132,151.41,-1.039,65.3,0.402,4,0,-3.573,-1,1778967669
DDOG,us,1765152000,9.14,5.58,0.131,154.28,1.896,65.3,0.326,4,0,-7.927,-1,1778967669
DDOG,us,1765238400,15.88,13.08,0.227,152.57,-1.108,65.3,0.224,4,0,-8.206,-1,1778967669
DDOG,us,1765324800,17.12,14.32,0.245,151.2,-0.898,59.4,0.234,4,0,-9.583,-1,1778967669
DDOG,us,1765411200,17.75,14.95,0.254,149.9,-0.86,59.4,0.24,4,0,-7.745,-1,1778967669
DDOG,us,1765497600,18.38,15.58,0.263,146.0,-2.602,57.4,0.243,4,0,-3.842,-1,1778967669
DDOG,us,1765756800,19.62,16.82,0.28,142.05,-2.705,57.4,0.243,4,0,-0.148,0,1778967669
DDOG,us,1765843200,20.25,17.45,0.289,140.05,-1.408,51.5,0.243,4,0,0.843,0,1778967669
DDOG,us,1765929600,20.88,18.08,0.298,136.71,-2.385,45.5,0.242,4,0,0.973,0,1778967669
DDOG,us,1766016000,22.85,19.32,0.326,138.29,1.156,47.5,0.323,4,0,0.018,0,1778967669
DDOG,us,1766102400,24.48,19.32,0.35,140.39,1.519,49.5,0.486,4,0,-1.745,0,1778967669
DDOG,us,1766361600,25.07,18.7,0.358,141.84,1.033,45.5,0.607,4,0,-3.074,-1,1778967669
DDOG,us,1766448000,23.43,18.7,0.335,141.23,-0.43,47.5,0.443,4,0,-3.71,-1,1778967669
DDOG,us,1766534400,22.04,18.08,0.315,138.04,-2.259,43.6,0.366,4,0,-3.093,-1,1778967669
DDOG,us,1766707200,22.53,18.08,0.322,138.315,0.199,41.6,0.415,4,0,-3.38,-1,1778967669
DDOG,us,1766966400,23.78,19.95,0.34,137.94,-0.271,37.6,0.353,4,0,-0.609,0,1778967669
DDOG,us,1767052800,24.54,20.58,0.351,137.48,-0.333,41.6,0.366,4,0,2.884,0,1778967669
DDOG,us,1767139200,24.86,20.58,0.355,135.99,-1.084,37.6,0.398,4,0,-3.905,-1,1778967669
DDOG,us,1767312000,24.96,20.58,0.357,133.77,-1.632,33.7,0.408,4,0,-6.19,-1,1778967669
DDOG,us,1767571200,24.95,20.58,0.356,133.64,-0.097,29.7,0.407,4,0,-5.29,-1,1778967669
DDOG,us,1767657600,26.51,20.58,0.379,137.1,2.589,29.7,0.563,4,0,-8.461,-1,1778967669
DDOG,us,1767744000,38.0,23.88,0.543,141.445,3.169,39.6,0.612,15,0,-13.458,-1,1778967669
DDOG,us,1767830400,26.62,20.58,0.38,130.68,-7.611,15.8,0.574,4,0,-7.515,-1,1778967669
DDOG,us,1767916800,25.41,19.95,0.363,125.49,-3.972,13.9,0.516,4,0,-5.156,-1,1778967669
DDOG,us,1768176000,27.24,19.95,0.389,126.57,0.861,15.8,0.699,4,0,-7.561,-1,1778967669
DDOG,us,1768262400,25.15,18.08,0.359,125.5,-0.845,13.9,0.677,4,0,-1.625,0,1778967669
DDOG,us,1768348800,23.74,16.82,0.339,122.41,-2.462,13.9,0.662,4,0,7.222,1,1778967669
DDOG,us,1768435200,20.33,13.7,0.29,120.86,-1.266,11.9,0.633,4,0,7.67,1,1778967669
DDOG,us,1768521600,15.08,8.7,0.215,119.02,-1.522,13.9,0.608,4,0,14.804,1,1778967669
DDOG,us,1768867200,11.89,6.82,0.17,117.0,-1.697,13.9,0.477,4,0,18.128,1,1778967669
DDOG,us,1768953600,11.88,6.2,0.17,123.46,5.521,19.8,0.538,4,0,13.851,1,1778967669
DDOG,us,1769040000,18.67,8.32,0.267,131.25,6.31,31.7,0.655,9,0,-2.339,0,1778967669
DDOG,us,1769126400,14.18,7.45,0.203,130.13,-0.853,31.7,0.643,4,0,-0.622,0,1778967669
DDOG,us,1769385600,26.39,10.75,0.377,136.64,5.003,35.6,0.764,15,0,-5.555,-1,1778967669
DDOG,us,1769472000,27.87,11.38,0.398,138.21,1.149,39.6,0.849,15,0,-13.422,-1,1778967669
DDOG,us,1769558400,20.89,7.08,0.298,140.56,1.7,39.6,1.001,9,0,-17.679,-1,1778967669
DDOG,us,1769644800,15.18,6.2,0.217,128.18,-8.808,29.7,0.868,4,0,-16.734,-1,1778967669
DDOG,us,1769731200,24.81,10.5,0.354,129.32,0.889,39.6,0.981,10,0,-13.633,-1,1778967669
DDOG,us,1769990400,24.47,10.5,0.35,129.05,-0.209,27.7,0.947,10,0,-11.654,-1,1778967669
DDOG,us,1770076800,12.91,3.7,0.184,119.66,-7.276,25.7,0.891,4,0,8.365,1,1778967669
DDOG,us,1770163200,10.97,3.08,0.157,115.71,-3.301,21.8,0.759,4,0,10.042,1,1778967669
DDOG,us,1770249600,7.72,1.2,0.11,106.73,-7.761,19.8,0.622,4,0,18.177,1,1778967669
DDOG,us,1770336000,9.15,1.2,0.131,111.69,4.647,21.8,0.765,4,0,12.096,1,1778967669
DDOG,us,1770595200,11.51,1.2,0.164,114.01,2.077,11.9,1.001,4,0,7.499,1,1778967669
DDOG,us,1770681600,24.32,4.5,0.347,129.67,13.736,27.7,1.182,15,0,-6.085,-1,1778967669
DDOG,us,1770768000,17.77,2.7,0.254,127.33,-1.805,23.8,1.127,9,0,-5.285,-1,1778967669
DDOG,us,1770854400,18.77,3.95,0.268,126.13,-0.942,27.7,1.102,9,0,-8.301,-1,1778967669
DDOG,us,1770940800,19.99,5.2,0.286,125.2,-0.737,25.7,1.099,9,0,-18.039,-1,1778967669
DDOG,us,1771286400,15.73,4.32,0.225,122.56,-2.109,23.8,1.111,4,0,-14.793,-1,1778967669
DDOG,us,1771372800,16.04,4.95,0.229,121.78,-0.636,25.7,1.079,4,0,-9.402,-1,1778967669
DDOG,us,1771459200,14.24,4.95,0.203,120.6,-0.969,23.8,0.899,4,0,-3.433,-1,1778967669
DDOG,us,1771545600,11.92,4.32,0.17,115.66,-4.096,23.8,0.73,4,0,-3.199,-1,1778967669
DDOG,us,1771804800,8.2,1.2,0.117,102.615,-11.279,9.9,0.67,4,0,8.279,1,1778967669
DDOG,us,1771891200,8.44,1.2,0.121,104.43,1.769,11.9,0.694,4,0,7.029,1,1778967669
DDOG,us,1771977600,9.09,1.82,0.13,110.33,5.65,19.8,0.697,4,0,7.251,1,1778967669
DDOG,us,1772064000,18.31,6.75,0.262,116.46,5.556,25.7,0.706,10,0,5.066,1,1778967669
DDOG,us,1772150400,21.21,9.25,0.303,111.96,-3.864,23.8,0.746,10,0,12.317,1,1778967669
DDOG,us,1772409600,16.53,9.95,0.236,111.11,-0.759,19.8,0.628,4,0,15.705,1,1778967669
DDOG,us,1772496000,18.74,11.2,0.268,111.77,0.594,17.8,0.724,4,0,10.119,1,1778967669
DDOG,us,1772582400,25.73,13.32,0.368,118.33,5.869,27.7,0.861,9,0,7.741,1,1778967669
DDOG,us,1772668800,26.55,12.7,0.379,122.36,3.406,31.7,1.005,9,0,3.923,1,1778967669
DDOG,us,1772755200,36.06,16.38,0.515,125.75,2.771,33.7,1.168,15,0,-0.978,0,1778967669
DDOG,us,1773014400,38.82,16.0,0.555,128.56,2.235,39.6,1.132,20,0,-1.548,0,1778967669
DDOG,us,1773100800,32.3,15.12,0.461,123.08,-4.263,35.6,0.918,15,0,4.704,1,1778967669
DDOG,us,1773187200,37.59,19.12,0.537,127.49,3.583,39.6,0.697,20,0,2.957,0,1778967669
DDOG,us,1773273600,38.74,19.75,0.553,127.16,-0.259,43.6,0.749,20,0,2.186,0,1778967669
DDOG,us,1773360000,31.28,18.3,0.447,124.52,-2.076,41.6,0.778,11,0,0.45,0,1778967669
DDOG,us,1773619200,37.22,19.18,0.532,126.57,1.646,43.6,0.934,16,0,2.102,0,1778967669
DDOG,us,1773705600,34.36,14.8,0.491,128.87,1.817,45.5,1.086,16,0,-4.889,-1,1778967669
DDOG,us,1773792000,38.42,13.5,0.549,131.26,1.855,55.4,1.342,20,0,-6.072,-1,1778967669
DDOG,us,1773878400,28.7,6.68,0.41,129.94,-1.006,55.4,1.332,16,0,-4.34,-1,1778967669
DDOG,us,1773964800,26.74,7.0,0.382,125.08,-3.74,51.5,1.174,15,0,-8.475,-1,1778967669
DDOG,us,1774224000,49.92,22.25,0.713,129.23,3.318,55.4,1.617,20,0,-10.385,-1,1778967669
DDOG,us,1774310400,39.72,22.38,0.567,122.57,-5.154,45.5,1.284,10,0,-3.688,-1,1778967669
DDOG,us,1774396800,44.1,23.88,0.63,123.29,0.587,45.5,1.222,15,0,-3.747,-1,1778967669
DDOG,us,1774483200,42.23,23.58,0.603,124.3,0.819,51.5,1.135,14,0,-3.17,-1,1778967669
DDOG,us,1774569600,31.92,20.58,0.456,114.48,-7.9,45.5,1.104,4,0,1.764,0,1778967669
DDOG,us,1774828800,35.65,20.58,0.509,115.81,1.162,45.5,1.477,4,0,0.63,0,1778967669
DDOG,us,1774915200,35.23,20.58,0.503,118.05,1.934,45.5,1.435,4,0,-1.313,0,1778967669
DDOG,us,1775001600,34.79,20.58,0.497,118.67,0.525,45.5,1.391,4,0,-8.165,-1,1778967669
DDOG,us,1775088000,33.17,19.32,0.474,120.36,1.424,45.5,1.355,4,0,-12.454,-1,1778967669
DDOG,us,1775433600,30.37,18.7,0.434,116.5,-3.207,35.6,1.137,4,0,-5.511,-1,1778967669
DDOG,us,1775520000,29.52,18.08,0.422,116.54,0.034,39.6,1.114,4,0,-5.123,-1,1778967669
DDOG,us,1775606400,28.3,16.82,0.404,116.5,-0.034,33.7,1.118,4,0,3.914,1,1778967669
DDOG,us,1775692800,24.13,14.95,0.345,108.98,-6.455,27.7,0.888,4,0,13.296,1,1778967669
DDOG,us,1775779200,21.54,13.08,0.308,105.37,-3.313,29.7,0.816,4,0,20.158,1,1778967669
DDOG,us,1776038400,22.59,12.45,0.323,110.08,4.47,33.7,0.984,4,0,17.86,1,1778967669
DDOG,us,1776124800,22.07,11.82,0.315,110.57,0.445,29.7,0.995,4,0,16.93,1,1778967669
DDOG,us,1776211200,33.25,15.45,0.475,121.06,9.487,37.6,1.05,14,0,9.152,1,1778967669
DDOG,us,1776297600,35.12,16.7,0.502,123.47,1.991,41.6,1.112,14,0,3.556,1,1778967669
DDOG,us,1776384000,43.16,18.5,0.617,126.61,2.543,41.6,1.316,20,0,2.267,0,1778967669
DDOG,us,1776643200,45.62,16.62,0.652,129.74,2.472,49.5,1.879,20,0,2.251,0,1778967669
DDOG,us,1776729600,42.85,16.0,0.612,129.29,-0.347,47.5,1.535,20,0,1.748,0,1778967669
DDOG,us,1776816000,42.5,13.5,0.607,132.14,2.204,47.5,1.871,20,0,1.392,0,1778967669
DDOG,us,1776902400,38.52,12.25,0.55,127.86,-3.239,45.5,1.477,20,0,3.387,1,1778967669
DDOG,us,1776988800,37.83,11.62,0.54,129.48,1.267,47.5,1.471,20,0,8.534,1,1778967669
DDOG,us,1777248000,36.88,7.88,0.527,132.66,2.456,47.5,1.865,20,0,10.576,1,1778967669
DDOG,us,1777334400,34.74,7.88,0.496,131.55,-0.837,45.5,1.536,20,0,10.779,1,1778967669
DDOG,us,1777420800,30.03,6.05,0.429,133.98,1.847,43.6,1.528,16,0,7.262,1,1778967669
DDOG,us,1777507200,25.37,4.8,0.362,132.19,-1.336,47.5,1.187,16,0,42.772,1,1778967669
DDOG,us,1777593600,26.06,4.8,0.372,140.53,6.309,53.5,1.256,16,0,42.432,1,1778967669
DDOG,us,1777852800,28.87,4.8,0.412,146.69,4.383,57.4,1.537,16,0,37.924,1,1778967669
DDOG,us,1777939200,26.13,4.8,0.373,145.73,-0.654,55.4,1.263,16,0,37.199,1,1778967669
DDOG,us,1778025600,25.01,4.8,0.357,143.71,-1.386,57.4,1.151,16,0,42.864,1,1778967669
DDOG,us,1778112000,31.0,4.8,0.443,188.73,31.327,81.2,1.929,16,0,7.476,1,1778967669
DDOG,us,1778198400,31.0,4.8,0.443,200.16,6.056,83.2,2.698,16,0,3.907,1,1778967669
ZS,us,1763683200,7.76,1.2,0.111,275.01,-1.687,51.5,0.626,4,0,-11.538,-1,1778967669
ZS,us,1763942400,8.3,1.2,0.119,280.35,1.942,51.5,0.68,4,0,-13.793,-1,1778967669
ZS,us,1764028800,9.7,1.2,0.139,289.73,3.346,55.4,0.82,4,0,-15.901,-1,1778967669
ZS,us,1764115200,6.83,1.2,0.098,251.97,-13.033,23.8,0.533,4,0,-4.016,-1,1778967669
ZS,us,1764288000,5.93,1.2,0.085,251.5,-0.187,23.8,0.443,4,0,-3.507,-1,1778967669
ZS,us,1764547200,4.9,1.2,0.07,243.28,-3.268,15.8,0.34,4,0,0.658,0,1778967669
ZS,us,1764633600,4.26,1.2,0.061,241.68,-0.658,11.9,0.276,4,0,0.55,0,1778967669
ZS,us,1764720000,5.02,1.2,0.072,243.66,0.819,15.8,0.352,4,0,-0.152,0,1778967669
ZS,us,1764806400,4.99,1.2,0.071,241.85,-0.743,5.9,0.349,4,0,0.095,0,1778967669
ZS,us,1764892800,5.68,1.2,0.081,242.68,0.343,4.0,0.418,4,0,-2.637,0,1778967669
ZS,us,1765152000,5.85,1.2,0.084,244.88,0.907,7.9,0.435,4,0,-5.95,-1,1778967669
ZS,us,1765238400,7.23,3.08,0.103,243.01,-0.764,7.9,0.385,4,0,-4.21,-1,1778967669
ZS,us,1765324800,9.17,4.95,0.131,243.29,0.115,9.9,0.392,4,0,-6.93,-1,1778967669
ZS,us,1765411200,10.4,6.2,0.149,242.08,-0.497,7.9,0.39,4,0,-4.54,-1,1778967669
ZS,us,1765497600,10.94,6.82,0.156,236.28,-2.396,7.9,0.382,4,0,-1.579,0,1778967669
ZS,us,1765756800,11.61,7.45,0.166,230.31,-2.527,5.9,0.386,4,0,0.756,0,1778967669
ZS,us,1765843200,13.66,8.7,0.195,232.78,1.072,5.9,0.466,4,0,-1.486,0,1778967669
ZS,us,1765929600,14.2,9.32,0.203,226.43,-2.728,5.9,0.458,4,0,1.4,0,1778967669
ZS,us,1766016000,16.12,10.58,0.23,231.09,2.058,5.9,0.524,4,0,-0.247,0,1778967669
ZS,us,1766102400,18.18,11.2,0.26,232.55,0.632,7.9,0.668,4,0,-1.948,0,1778967669
ZS,us,1766361600,18.8,11.82,0.269,232.05,-0.215,7.9,0.668,4,0,-1.995,0,1778967669
ZS,us,1766448000,20.4,14.32,0.291,229.32,-1.176,7.9,0.578,4,0,-1.919,0,1778967669
ZS,us,1766534400,24.55,19.32,0.351,229.6,0.122,5.9,0.493,4,0,-3.933,-1,1778967669
ZS,us,1766707200,28.23,20.58,0.403,230.52,0.401,5.9,0.735,4,0,-3.366,-1,1778967669
ZS,us,1766966400,28.83,20.58,0.412,228.02,-1.085,4.0,0.795,4,0,-2.627,0,1778967669
ZS,us,1767052800,29.47,19.95,0.421,227.42,-0.263,4.0,0.922,4,0,1.645,0,1778967669
ZS,us,1767139200,30.16,19.32,0.431,224.92,-1.099,4.0,1.054,4,0,-2.045,0,1778967669
ZS,us,1767312000,26.59,18.08,0.38,220.57,-1.934,4.0,0.821,4,0,-1.741,0,1778967669
ZS,us,1767571200,27.7,17.45,0.396,222.76,0.993,4.0,0.995,4,0,-2.752,0,1778967669
ZS,us,1767657600,25.77,17.45,0.368,222.03,-0.328,4.0,0.802,4,0,-2.335,0,1778967669
ZS,us,1767744000,32.67,20.82,0.467,231.16,4.112,5.9,0.805,9,0,-7.307,-1,1778967669
ZS,us,1767830400,28.71,20.58,0.41,220.32,-4.689,4.0,0.783,4,0,-4.421,-1,1778967669
ZS,us,1767916800,27.18,20.58,0.388,216.73,-1.629,2.0,0.63,4,0,-1.269,0,1778967669
ZS,us,1768176000,27.15,20.58,0.388,216.63,-0.046,2.0,0.627,4,0,-4.759,-1,1778967669
ZS,us,1768262400,28.06,19.95,0.401,216.845,0.099,0.0,0.781,4,0,-3.775,-1,1778967669
ZS,us,1768348800,26.03,18.08,0.372,214.27,-1.187,4.0,0.765,4,0,-2.782,0,1778967669
ZS,us,1768435200,20.48,14.32,0.293,210.58,-1.722,5.9,0.586,4,0,-0.456,0,1778967669
ZS,us,1768521600,19.63,11.82,0.28,213.98,1.615,5.9,0.751,4,0,0.266,0,1778967669
ZS,us,1768867200,16.95,10.58,0.242,206.32,-3.58,5.9,0.607,4,0,6.471,1,1778967669
ZS,us,1768953600,15.27,9.95,0.218,208.66,1.134,7.9,0.502,4,0,2.535,0,1778967669
ZS,us,1769040000,14.72,9.32,0.21,208.31,-0.168,7.9,0.51,4,0,-3.687,-1,1778967669
ZS,us,1769126400,15.26,8.7,0.218,209.62,0.629,5.9,0.626,4,0,-4.584,-1,1778967669
ZS,us,1769385600,16.97,9.95,0.242,214.55,2.352,4.0,0.672,4,0,-6.497,-1,1778967669
ZS,us,1769472000,24.2,12.08,0.346,219.67,2.386,7.9,0.832,9,0,-14.394,-1,1778967669
ZS,us,1769558400,21.61,13.08,0.309,213.95,-2.604,5.9,0.823,4,0,-13.162,-1,1778967669
ZS,us,1769644800,16.9,9.32,0.241,200.63,-6.226,5.9,0.728,4,0,-15.571,-1,1778967669
ZS,us,1769731200,14.83,7.45,0.212,200.01,-0.309,5.9,0.708,4,0,-16.339,-1,1778967669
ZS,us,1769990400,13.69,4.95,0.196,200.61,0.3,5.9,0.844,4,0,-15.169,-1,1778967669
ZS,us,1770076800,11.28,4.32,0.161,188.05,-6.261,5.9,0.666,4,0,-7.291,-1,1778967669
ZS,us,1770163200,10.41,3.7,0.149,185.79,-1.202,5.9,0.641,4,0,-7.961,-1,1778967669
ZS,us,1770249600,7.59,2.45,0.108,169.39,-8.827,5.9,0.484,4,0,0.891,0,1778967669
ZS,us,1770336000,5.92,1.2,0.085,167.33,-1.216,4.0,0.442,4,0,6.209,1,1778967669
ZS,us,1770595200,7.14,1.2,0.102,170.18,1.703,2.0,0.564,4,0,1.416,0,1778967669
ZS,us,1770681600,8.36,1.2,0.119,174.34,2.444,2.0,0.686,4,0,-1.268,0,1778967669
ZS,us,1770768000,7.2,1.2,0.103,171.0,-1.916,4.0,0.57,4,0,-1.175,0,1778967669
ZS,us,1770854400,7.14,1.2,0.102,170.9,-0.058,2.0,0.564,4,0,-6.524,-1,1778967669
ZS,us,1770940800,8.35,1.2,0.119,177.72,3.991,4.0,0.685,4,0,-19.379,-1,1778967669
ZS,us,1771286400,7.24,1.2,0.103,172.59,-2.887,2.0,0.574,4,0,-13.46,-1,1778967669
ZS,us,1771372800,7.08,1.2,0.101,172.13,-0.267,2.0,0.558,4,0,-9.545,-1,1778967669
ZS,us,1771459200,6.03,1.2,0.086,168.99,-1.824,2.0,0.453,4,0,-0.965,0,1778967669
ZS,us,1771545600,5.77,1.2,0.082,159.75,-5.468,0.0,0.427,4,0,-7.987,-1,1778967669
ZS,us,1771804800,4.82,1.2,0.069,143.28,-10.31,0.0,0.332,4,0,3.699,1,1778967669
ZS,us,1771891200,5.6,1.2,0.08,149.36,4.243,0.0,0.41,4,0,3.555,1,1778967669
ZS,us,1771977600,6.85,2.45,0.098,155.7,4.245,0.0,0.41,4,0,0.328,0,1778967669
ZS,us,1772064000,13.6,7.45,0.194,167.36,7.489,0.0,0.585,4,0,-3.227,-1,1778967669
ZS,us,1772150400,13.26,8.08,0.189,146.99,-12.171,0.0,0.488,4,0,11.613,1,1778967669
ZS,us,1772409600,15.61,9.32,0.223,148.58,1.082,0.0,0.599,4,0,9.449,1,1778967669
ZS,us,1772496000,17.24,10.58,0.246,154.67,4.099,0.0,0.636,4,0,1.254,0,1778967669
ZS,us,1772582400,19.4,11.82,0.277,156.21,0.996,0.0,0.728,4,0,-1.536,0,1778967669
ZS,us,1772668800,21.17,12.45,0.302,161.96,3.681,0.0,0.842,4,0,-6.39,-1,1778967669
ZS,us,1772755200,28.19,14.58,0.403,164.06,1.297,0.0,0.981,9,0,-6.278,-1,1778967669
ZS,us,1773014400,30.01,15.82,0.429,162.62,-0.878,0.0,1.039,9,0,-5.491,-1,1778967669
ZS,us,1773100800,24.12,14.95,0.345,156.61,-3.696,0.0,0.887,4,0,-0.39,0,1778967669
ZS,us,1773187200,23.63,15.58,0.338,153.81,-1.788,0.0,0.775,4,0,1.417,0,1778967669
ZS,us,1773273600,24.32,16.2,0.347,151.61,-1.43,0.0,0.782,4,0,2.5,0,1778967669
ZS,us,1773360000,32.0,18.62,0.457,153.76,1.418,0.0,0.888,10,0,-1.489,0,1778967669
ZS,us,1773619200,31.58,19.25,0.451,153.69,-0.046,0.0,0.783,10,0,-1.23,0,1778967669
ZS,us,1773705600,33.85,20.5,0.484,156.0,1.503,0.0,0.885,10,0,-10.635,-1,1778967669
ZS,us,1773792000,29.34,19.95,0.419,155.99,-0.006,0.0,0.909,4,0,-10.61,-1,1778967669
ZS,us,1773878400,41.35,23.88,0.591,155.4,-0.378,0.0,0.947,15,0,-8.945,-1,1778967669
ZS,us,1773964800,35.89,22.38,0.513,151.47,-2.529,0.0,0.901,10,0,-12.088,-1,1778967669
ZS,us,1774224000,32.01,20.58,0.457,151.8,0.218,0.0,1.113,4,0,-9.578,-1,1778967669
ZS,us,1774310400,27.73,18.7,0.396,139.41,-8.162,0.0,0.873,4,0,0.631,0,1778967669
ZS,us,1774396800,26.36,17.45,0.377,139.44,0.022,0.0,0.861,4,0,-1.987,0,1778967669
ZS,us,1774483200,25.09,17.45,0.358,141.5,1.477,0.0,0.734,4,0,-2.078,0,1778967669
ZS,us,1774569600,24.34,14.95,0.348,133.16,-5.894,0.0,0.909,4,0,4.776,1,1778967669
ZS,us,1774828800,23.2,14.32,0.331,137.26,3.079,0.0,0.858,4,0,3.519,1,1778967669
ZS,us,1774915200,21.54,13.08,0.308,140.29,2.207,0.0,0.816,4,0,-1.739,0,1778967669
ZS,us,1775001600,16.43,9.32,0.235,136.67,-2.58,0.0,0.681,4,0,-10.566,-1,1778967669
ZS,us,1775088000,16.62,9.95,0.237,138.56,1.383,0.0,0.637,4,0,-14.802,-1,1778967669
ZS,us,1775433600,19.38,13.08,0.277,139.52,0.693,0.0,0.6,4,0,-12.113,-1,1778967669
ZS,us,1775520000,21.81,14.32,0.312,142.09,1.842,0.0,0.719,4,0,-13.66,-1,1778967669
ZS,us,1775606400,21.94,14.32,0.313,137.85,-2.984,0.0,0.732,4,0,-4.962,-1,1778967669
ZS,us,1775692800,12.14,5.58,0.173,122.23,-11.331,0.0,0.626,4,0,9.899,1,1778967669
ZS,us,1775779200,10.33,4.32,0.148,118.05,-3.42,0.0,0.571,4,0,14.087,1,1778967669
ZS,us,1776038400,9.55,3.08,0.136,122.62,3.871,0.0,0.617,4,0,9.933,1,1778967669
ZS,us,1776124800,10.14,2.45,0.145,122.68,0.049,0.0,0.739,4,0,13.8,1,1778967669
ZS,us,1776211200,11.22,3.08,0.16,131.01,6.79,0.0,0.784,4,0,8.892,1,1778967669
ZS,us,1776297600,13.72,4.32,0.196,134.33,2.534,0.0,0.91,4,0,-1.012,0,1778967669
ZS,us,1776384000,21.7,6.75,0.31,134.68,0.261,0.0,1.045,10,0,0.609,0,1778967669
ZS,us,1776643200,23.5,9.95,0.336,134.8,0.089,0.0,1.325,4,0,-0.512,0,1778967669
ZS,us,1776729600,33.36,15.82,0.477,139.61,3.568,0.0,1.374,9,0,-2.536,0,1778967669
ZS,us,1776816000,41.31,16.38,0.59,142.66,2.185,0.0,1.693,15,0,-5.559,-1,1778967669
ZS,us,1776902400,27.73,13.7,0.396,132.97,-6.792,0.0,1.373,4,0,-1.722,0,1778967669
ZS,us,1776988800,34.13,16.45,0.488,135.5,1.903,0.0,1.388,9,0,3.181,1,1778967669
ZS,us,1777248000,35.47,16.45,0.507,134.11,-1.026,0.0,1.522,9,0,6.032,1,1778967669
ZS,us,1777334400,35.14,16.45,0.502,136.07,1.461,0.0,1.489,9,0,3.888,1,1778967669
ZS,us,1777420800,40.17,18.88,0.574,134.73,-0.985,0.0,1.329,15,0,3.043,1,1778967669
ZS,us,1777507200,34.74,16.75,0.496,130.68,-3.006,0.0,1.349,10,0,16.919,1,1778967669
ZS,us,1777593600,40.28,18.25,0.575,139.81,6.987,0.0,1.403,15,0,8.812,1,1778967669
ZS,us,1777852800,38.74,16.38,0.553,142.2,1.709,0.0,1.436,15,0,4.691,1,1778967669
ZS,us,1777939200,38.73,18.25,0.553,141.36,-0.591,0.0,1.248,15,0,3.403,1,1778967669
ZS,us,1778025600,37.63,17.0,0.538,138.83,-1.79,0.0,1.263,15,0,9.796,1,1778967669
ZS,us,1778112000,42.5,13.5,0.607,152.79,10.055,2.0,1.943,20,0,0.596,0,1778967669
ZS,us,1778198400,43.75,14.75,0.625,152.13,-0.432,4.0,2.171,20,0,5.863,1,1778967669
CRWD,us,1763683200,19.13,11.2,0.273,490.67,-2.122,75.2,0.763,4,0,2.743,0,1778967669
CRWD,us,1763942400,23.17,11.45,0.331,506.82,3.291,73.3,0.792,9,0,1.92,0,1778967669
CRWD,us,1764028800,21.85,10.82,0.312,512.34,1.089,73.3,0.723,9,0,2.309,0,1778967669
CRWD,us,1764115200,21.1,10.2,0.301,501.54,-2.108,65.3,0.71,9,0,2.309,0,1778967669
CRWD,us,1764288000,22.15,10.2,0.316,509.16,1.519,69.3,0.815,9,0,0.564,0,1778967669
CRWD,us,1764547200,20.11,9.58,0.287,504.13,-0.988,71.3,0.673,9,0,2.194,0,1778967669
CRWD,us,1764633600,23.86,12.08,0.341,516.55,2.464,71.3,0.798,9,0,0.277,0,1778967669
CRWD,us,1764720000,32.83,14.2,0.469,524.17,1.475,71.3,1.133,14,0,-0.883,0,1778967669
CRWD,us,1764806400,26.68,13.32,0.381,513.12,-2.108,73.3,0.956,9,0,0.883,0,1778967669
CRWD,us,1764892800,26.86,13.32,0.384,512.03,-0.212,73.3,0.974,9,0,-1.416,0,1778967669
CRWD,us,1765152000,27.81,14.58,0.397,515.19,0.617,73.3,0.943,9,0,-5.381,-1,1778967669
CRWD,us,1765238400,42.5,21.62,0.607,517.98,0.542,73.3,0.938,20,0,-5.686,-1,1778967669
CRWD,us,1765324800,41.19,22.95,0.588,519.54,0.301,73.3,1.094,14,0,-9.532,-1,1778967669
CRWD,us,1765411200,47.81,25.38,0.683,517.65,-0.364,71.3,1.093,20,0,-7.803,-1,1778967669
CRWD,us,1765497600,37.69,22.38,0.538,504.78,-2.486,67.3,1.081,10,0,-4.655,-1,1778967669
CRWD,us,1765756800,30.02,20.58,0.429,487.47,-3.429,67.3,0.914,4,0,-0.888,0,1778967669
CRWD,us,1765843200,30.0,19.32,0.429,488.53,0.217,67.3,1.038,4,0,-1.984,0,1778967669
CRWD,us,1765929600,26.37,15.58,0.377,470.02,-3.789,49.5,1.049,4,0,1.508,0,1778967669
CRWD,us,1766016000,25.24,14.32,0.361,477.26,1.54,57.4,1.062,4,0,0.823,0,1778967669
CRWD,us,1766102400,26.75,12.45,0.382,481.28,0.842,59.4,1.4,4,0,-1.116,0,1778967669
CRWD,us,1766361600,29.62,11.82,0.423,483.14,0.386,59.4,1.755,4,0,-1.554,0,1778967669
CRWD,us,1766448000,25.4,10.58,0.363,478.84,-0.89,57.4,1.452,4,0,-2.105,0,1778967669
CRWD,us,1766534400,21.62,8.08,0.309,477.11,-0.361,51.5,1.324,4,0,-4.932,-1,1778967669
CRWD,us,1766707200,20.62,4.95,0.295,481.19,0.855,53.5,1.537,4,0,-5.121,-1,1778967669
CRWD,us,1766966400,16.63,2.45,0.238,475.91,-1.097,47.5,1.388,4,0,-3.696,-1,1778967669
CRWD,us,1767052800,16.01,1.2,0.229,475.63,-0.059,49.5,1.451,4,0,0.69,0,1778967669
CRWD,us,1767139200,12.5,1.2,0.179,468.76,-1.444,49.5,1.1,4,0,-1.043,0,1778967669
CRWD,us,1767312000,8.74,1.2,0.125,453.58,-3.238,43.6,0.724,4,0,3.755,1,1778967669
CRWD,us,1767571200,10.73,1.2,0.153,456.55,0.655,41.6,0.923,4,0,2.287,0,1778967669
CRWD,us,1767657600,13.18,1.2,0.188,458.32,0.388,37.6,1.168,4,0,2.116,0,1778967669
CRWD,us,1767744000,16.25,3.08,0.232,478.91,4.492,47.5,1.287,4,0,-3.802,-1,1778967669
CRWD,us,1767830400,17.62,6.82,0.252,463.87,-3.14,41.6,1.05,4,0,-1.912,0,1778967669
CRWD,us,1767916800,25.76,14.95,0.368,470.61,1.453,49.5,1.051,4,0,-3.555,-1,1778967669
CRWD,us,1768176000,28.29,17.45,0.404,466.99,-0.769,43.6,1.054,4,0,-5.195,-1,1778967669
CRWD,us,1768262400,33.04,19.32,0.472,468.02,0.221,45.5,1.342,4,0,-4.731,-1,1778967669
CRWD,us,1768348800,33.29,20.58,0.476,460.7,-1.564,45.5,1.241,4,0,-1.504,0,1778967669
CRWD,us,1768435200,31.05,20.58,0.444,455.0,-1.237,45.5,1.017,4,0,-0.552,0,1778967669
CRWD,us,1768521600,26.21,16.2,0.374,453.88,-0.246,43.6,0.971,4,0,3.184,1,1778967669
CRWD,us,1768867200,23.81,15.58,0.34,442.73,-2.457,43.6,0.793,4,0,7.664,1,1778967669
CRWD,us,1768953600,21.22,13.7,0.303,445.88,0.711,41.6,0.722,4,0,5.228,1,1778967669
CRWD,us,1769040000,22.19,14.95,0.317,453.77,1.77,43.6,0.694,4,0,-2.016,0,1778967669
CRWD,us,1769126400,22.89,15.58,0.327,452.49,-0.282,41.6,0.701,4,0,-2.45,0,1778967669
CRWD,us,1769385600,34.81,18.88,0.497,468.33,3.501,45.5,0.793,15,0,-6.295,-1,1778967669
CRWD,us,1769472000,35.43,18.88,0.506,476.66,1.779,55.4,0.855,15,0,-11.524,-1,1778967669
CRWD,us,1769558400,29.11,17.08,0.416,469.19,-1.567,47.5,0.823,9,0,-11.473,-1,1778967669
CRWD,us,1769644800,23.06,15.58,0.329,444.62,-5.237,39.6,0.718,4,0,-15.173,-1,1778967669
CRWD,us,1769731200,21.6,14.32,0.309,441.405,-0.723,43.6,0.698,4,0,-10.4,-1,1778967669
CRWD,us,1769990400,18.76,11.2,0.268,438.85,-0.579,35.6,0.726,4,0,-7.021,-1,1778967669
CRWD,us,1770076800,15.36,9.32,0.219,421.73,-3.901,37.6,0.574,4,0,-1.978,0,1778967669
CRWD,us,1770163200,9.73,4.95,0.139,415.36,-1.51,31.7,0.448,4,0,0.108,0,1778967669
CRWD,us,1770249600,4.54,1.2,0.065,377.16,-9.197,27.7,0.304,4,0,9.115,1,1778967669
CRWD,us,1770336000,5.84,1.2,0.083,395.5,4.863,31.7,0.434,4,0,8.632,1,1778967669
CRWD,us,1770595200,5.93,1.2,0.085,408.04,3.171,31.7,0.443,4,0,1.53,0,1778967669
CRWD,us,1770681600,6.88,1.2,0.098,413.39,1.311,33.7,0.538,4,0,0.573,0,1778967669
CRWD,us,1770768000,7.45,1.82,0.106,415.81,0.585,35.6,0.533,4,0,1.522,0,1778967669
CRWD,us,1770854400,6.86,1.2,0.098,411.54,-1.027,35.6,0.536,4,0,-5.574,-1,1778967669
CRWD,us,1770940800,10.67,3.7,0.152,429.64,4.398,39.6,0.667,4,0,-18.46,-1,1778967669
CRWD,us,1771286400,10.5,3.7,0.15,414.285,-3.574,37.6,0.65,4,0,-15.457,-1,1778967669
CRWD,us,1771372800,10.58,2.45,0.151,415.76,0.356,33.7,0.783,4,0,-12.615,-1,1778967669
CRWD,us,1771459200,11.64,3.7,0.166,422.14,1.535,39.6,0.764,4,0,-9.722,-1,1778967669
CRWD,us,1771545600,7.38,1.2,0.105,388.6,-7.945,27.7,0.588,4,0,-4.277,-1,1778967669
CRWD,us,1771804800,6.04,1.2,0.086,350.33,-9.848,25.7,0.454,4,0,9.856,1,1778967669
CRWD,us,1771891200,5.24,1.2,0.075,350.25,-0.023,23.8,0.374,4,0,11.754,1,1778967669
CRWD,us,1771977600,6.3,1.82,0.09,363.31,3.729,25.7,0.418,4,0,12.213,1,1778967669
CRWD,us,1772064000,14.7,4.88,0.21,381.1,4.897,27.7,0.532,10,0,11.824,1,1778967669
CRWD,us,1772150400,9.33,3.7,0.133,371.98,-2.393,29.7,0.533,4,0,15.326,1,1778967669
CRWD,us,1772409600,10.81,4.32,0.154,384.86,3.463,29.7,0.619,4,0,12.802,1,1778967669
CRWD,us,1772496000,13.61,5.58,0.194,391.42,1.705,35.6,0.773,4,0,11.474,1,1778967669
CRWD,us,1772582400,26.31,12.7,0.376,407.68,4.154,35.6,0.981,9,0,8.426,1,1778967669
CRWD,us,1772668800,28.82,8.88,0.412,426.16,4.533,43.6,1.194,15,0,3.609,1,1778967669
CRWD,us,1772755200,25.53,7.08,0.365,428.99,0.664,45.5,1.465,9,0,2.981,0,1778967669
CRWD,us,1773014400,30.65,8.25,0.438,434.13,1.198,47.5,1.44,15,0,-2.37,0,1778967669
CRWD,us,1773100800,30.14,7.62,0.431,436.33,0.507,49.5,1.452,15,0,-0.717,0,1778967669
CRWD,us,1773187200,33.85,7.88,0.484,442.03,1.306,51.5,1.447,20,0,-1.407,0,1778967669
CRWD,us,1773273600,31.94,7.25,0.456,441.54,-0.111,51.5,1.319,20,0,-3.026,-1,1778967669
CRWD,us,1773360000,28.92,5.42,0.413,441.78,0.054,53.5,1.48,16,0,-7.42,-1,1778967669
CRWD,us,1773619200,23.24,5.18,0.332,423.84,-4.061,49.5,1.286,11,0,-2.484,0,1778967669
CRWD,us,1773705600,24.04,3.92,0.343,433.2,2.208,51.5,1.492,11,0,-9.282,-1,1778967669
CRWD,us,1773792000,29.05,5.42,0.415,435.81,0.602,49.5,1.493,16,0,-11.461,-1,1778967669
CRWD,us,1773878400,22.18,3.3,0.317,428.18,-1.751,51.5,1.368,11,0,-8.305,-1,1778967669
CRWD,us,1773964800,22.83,4.88,0.326,409.0,-4.479,43.6,1.345,10,0,-9.638,-1,1778967669
CRWD,us,1774224000,37.5,12.0,0.536,413.31,1.054,43.6,2.148,15,0,-8.045,-1,1778967669
CRWD,us,1774310400,33.38,15.58,0.477,392.99,-4.916,39.6,2.434,4,0,-0.657,0,1778967669
CRWD,us,1774396800,38.38,20.58,0.548,385.86,-1.814,37.6,1.981,4,0,1.931,0,1778967669
CRWD,us,1774483200,38.38,20.58,0.548,392.62,1.752,41.6,1.854,4,0,1.656,0,1778967670
CRWD,us,1774569600,37.75,19.95,0.539,369.58,-5.868,39.6,1.798,4,0,7.855,1,1778967670
CRWD,us,1774828800,37.12,19.32,0.53,380.06,2.836,39.6,1.818,4,0,11.359,1,1778967670
CRWD,us,1774915200,35.62,18.7,0.509,390.41,2.723,41.6,1.662,4,0,9.247,1,1778967670
CRWD,us,1775001600,32.31,17.45,0.462,393.31,0.743,43.6,1.456,4,0,0.348,0,1778967670
CRWD,us,1775088000,30.38,16.82,0.434,399.12,1.477,43.6,1.326,4,0,-5.036,-1,1778967670
CRWD,us,1775433600,27.65,16.2,0.395,398.61,-0.128,47.5,1.115,4,0,0.911,0,1778967670
CRWD,us,1775520000,39.14,20.45,0.559,423.23,6.176,47.5,1.139,14,0,-5.846,-1,1778967670
CRWD,us,1775606400,41.46,22.32,0.592,426.51,0.775,47.5,1.184,14,0,-3.599,-1,1778967670
CRWD,us,1775692800,30.22,20.58,0.432,394.68,-7.463,39.6,0.934,4,0,5.959,1,1778967670
CRWD,us,1775779200,28.82,20.58,0.412,379.02,-3.968,37.6,0.794,4,0,11.854,1,1778967670
CRWD,us,1776038400,29.26,20.58,0.418,402.24,6.126,39.6,0.838,4,0,7.684,1,1778967670
CRWD,us,1776124800,35.35,22.38,0.505,398.49,-0.932,37.6,0.847,10,0,12.828,1,1778967670
CRWD,us,1776211200,40.39,23.88,0.577,411.16,3.18,35.6,0.851,15,0,13.503,1,1778967670
CRWD,us,1776297600,45.44,25.38,0.649,418.2,1.712,39.6,0.856,20,0,6.502,1,1778967670
CRWD,us,1776384000,46.64,25.38,0.666,423.95,1.375,39.6,0.976,20,0,5.704,1,1778967670
CRWD,us,1776643200,49.06,24.12,0.701,433.15,2.17,41.6,1.344,20,0,4.954,1,1778967670
CRWD,us,1776729600,46.59,21.62,0.666,449.61,3.8,49.5,1.347,20,0,1.197,0,1778967670
CRWD,us,1776816000,37.22,12.3,0.532,466.68,3.797,49.5,1.622,16,0,-3.064,-1,1778967670
CRWD,us,1776902400,39.91,12.25,0.57,445.39,-4.562,49.5,1.616,20,0,0.081,0,1778967670
CRWD,us,1776988800,39.22,11.62,0.56,448.13,0.615,49.5,1.61,20,0,1.676,0,1778967670
CRWD,us,1777248000,40.62,11.62,0.58,454.61,1.446,49.5,2.146,20,0,3.218,1,1778967670
CRWD,us,1777334400,41.25,12.25,0.589,454.99,0.084,49.5,2.034,20,0,4.734,1,1778967670
CRWD,us,1777420800,41.25,12.25,0.589,452.38,-0.574,47.5,1.751,20,0,3.468,1,1778967670
CRWD,us,1777507200,36.12,12.3,0.516,445.75,-1.466,43.6,1.512,16,0,13.454,1,1778967670
CRWD,us,1777593600,35.94,12.3,0.513,455.64,2.219,45.5,1.494,16,0,15.83,1,1778967670
CRWD,us,1777852800,36.51,11.05,0.522,469.24,2.985,49.5,1.676,16,0,15.561,1,1778967670
CRWD,us,1777939200,31.19,6.68,0.446,476.53,1.554,53.5,1.581,16,0,14.616,1,1778967670
CRWD,us,1778025600,30.92,6.62,0.442,468.07,-1.775,51.5,1.28,20,0,20.189,1,1778967670
CRWD,us,1778112000,31.0,4.8,0.443,505.72,8.044,69.3,1.831,16,0,14.678,1,1778967670
CRWD,us,1778198400,31.0,4.8,0.443,527.77,4.36,69.3,3.404,16,0,12.564,1,1778967670
JPM,us,1763683200,16.92,6.2,0.242,295.1711,-0.121,47.5,1.042,4,0,3.657,1,1778967670
JPM,us,1763942400,14.31,5.58,0.204,295.1513,-0.007,45.5,0.843,4,0,3.315,1,1778967670
JPM,us,1764028800,13.98,4.95,0.2,300.1035,1.678,47.5,0.873,4,0,3.013,1,1778967670
JPM,us,1764115200,24.66,8.58,0.352,304.6992,1.531,51.5,0.878,14,0,2.75,0,1778967670
JPM,us,1764288000,23.65,7.95,0.338,310.0872,1.768,51.5,0.84,14,0,0.626,0,1778967670
JPM,us,1764547200,22.76,8.58,0.325,305.9669,-1.329,49.5,0.688,14,0,2.036,0,1778967670
JPM,us,1764633600,23.42,9.2,0.335,304.9369,-0.337,49.5,0.692,14,0,-2.394,0,1778967670
JPM,us,1764720000,23.74,7.95,0.339,309.1463,1.38,49.5,0.849,14,0,-0.647,0,1778967670
JPM,us,1764806400,30.06,9.75,0.429,313.0783,1.272,49.5,0.881,20,0,0.405,0,1778967670
JPM,us,1764892800,28.03,9.12,0.4,312.0285,-0.335,51.5,0.741,20,0,1.105,0,1778967670
JPM,us,1765152000,28.04,9.12,0.401,312.1968,0.054,53.5,0.742,20,0,1.526,0,1778967670
JPM,us,1765238400,17.56,7.38,0.251,297.6374,-4.664,41.6,0.568,10,0,5.005,1,1778967670
JPM,us,1765324800,32.12,12.88,0.459,307.1455,3.195,47.5,0.774,20,0,1.57,0,1778967670
JPM,us,1765411200,37.04,17.88,0.529,314.3461,2.344,47.5,0.766,20,0,-1.38,0,1778967670
JPM,us,1765497600,33.06,12.25,0.472,315.4752,0.359,47.5,0.931,20,0,-0.411,0,1778967670
JPM,us,1765756800,30.43,7.25,0.435,316.9608,0.471,47.5,1.168,20,0,0.959,0,1778967670
JPM,us,1765843200,31.07,7.88,0.444,312.5336,-1.397,45.5,1.169,20,0,3.289,1,1778967670
JPM,us,1765929600,34.1,11.0,0.487,311.969,-0.181,51.5,1.16,20,0,4.505,1,1778967670
JPM,us,1766016000,29.93,12.95,0.428,310.0079,-0.629,43.6,0.968,14,0,4.764,1,1778967670
JPM,us,1766102400,45.68,21.0,0.653,314.1777,1.345,47.5,1.318,20,0,2.062,0,1778967670
JPM,us,1766361600,51.2,23.5,0.731,320.0015,1.854,47.5,1.62,20,0,0.102,0,1778967670
JPM,us,1766448000,54.38,25.38,0.777,322.8143,0.879,53.5,1.979,20,0,-1.138,0,1778967670
JPM,us,1766534400,51.88,22.88,0.741,326.0234,0.994,57.4,1.912,20,0,-1.121,0,1778967670
JPM,us,1766707200,48.17,19.75,0.688,324.7754,-0.383,49.5,1.692,20,0,1.869,0,1778967670
JPM,us,1766966400,41.46,15.38,0.592,320.6552,-1.269,49.5,1.458,20,0,3.821,1,1778967670
JPM,us,1767052800,40.55,17.3,0.579,320.3284,-0.102,51.5,1.455,16,0,1.56,0,1778967670
JPM,us,1767139200,48.7,22.25,0.696,319.1398,-0.371,53.5,1.495,20,0,2.811,0,1778967670
JPM,us,1767312000,48.01,21.62,0.686,322.3687,1.012,57.4,1.489,20,0,1.596,0,1778967670
JPM,us,1767571200,33.78,7.25,0.483,330.8468,2.63,61.4,1.503,20,0,-2.421,0,1778967670
JPM,us,1767657600,34.95,6.0,0.499,332.9062,0.622,59.4,1.745,20,0,-7.086,-1,1778967670
JPM,us,1767744000,31.96,6.0,0.457,325.3251,-2.277,59.4,1.446,20,0,-5.847,-1,1778967670
JPM,us,1767830400,49.38,20.38,0.705,328.1108,0.856,65.3,2.037,20,0,-6.225,-1,1778967670
JPM,us,1767916800,52.01,24.75,0.743,327.5139,-0.182,67.3,1.576,20,0,-5.079,-1,1778967670
JPM,us,1768176000,49.06,25.38,0.701,322.8378,-1.428,59.4,1.218,20,0,-6.703,-1,1778967670
JPM,us,1768262400,26.14,16.82,0.373,309.317,-4.188,49.5,0.902,4,0,-2.85,0,1778967670
JPM,us,1768348800,12.24,5.58,0.175,306.3024,-0.975,47.5,0.636,4,0,-1.377,0,1778967670
JPM,us,1768435200,11.4,3.08,0.163,307.6854,0.451,51.5,0.802,4,0,-3.731,-1,1778967670
JPM,us,1768521600,17.71,3.95,0.253,310.879,1.038,53.5,0.996,9,0,-3.658,-1,1778967670
JPM,us,1768867200,11.33,1.2,0.162,301.1985,-3.114,53.5,0.983,4,0,-0.803,0,1778967670
JPM,us,1768953600,8.53,1.2,0.122,300.5021,-0.231,49.5,0.703,4,0,-0.42,0,1778967670
JPM,us,1769040000,8.71,1.2,0.124,302.084,0.526,49.5,0.721,4,0,0.919,0,1778967670
JPM,us,1769126400,7.62,1.2,0.109,296.2041,-1.946,45.5,0.612,4,0,2.744,0,1778967670
JPM,us,1769385600,8.17,1.2,0.117,299.5072,1.115,43.6,0.667,4,0,2.358,0,1778967670
JPM,us,1769472000,7.83,1.2,0.112,298.7809,-0.242,45.5,0.633,4,0,4.842,1,1778967670
JPM,us,1769558400,8.95,1.2,0.128,299.2386,0.153,41.6,0.745,4,0,5.486,1,1778967670
JPM,us,1769644800,10.34,1.2,0.148,304.8598,1.879,51.5,0.884,4,0,1.221,0,1778967670
JPM,us,1769731200,9.88,1.2,0.141,304.3325,-0.173,57.4,0.838,4,0,5.397,1,1778967670
JPM,us,1769990400,11.9,3.08,0.17,306.5711,0.736,57.4,0.852,4,0,4.53,1,1778967670
JPM,us,1770076800,29.91,9.75,0.427,313.2469,2.178,59.4,0.866,20,0,1.089,0,1778967670
JPM,us,1770163200,31.33,11.0,0.448,315.6545,0.769,67.3,0.883,20,0,-2.033,0,1778967670
JPM,us,1770249600,28.24,11.38,0.403,308.5808,-2.241,61.4,0.886,15,0,-2.425,0,1778967670
JPM,us,1770336000,34.32,13.5,0.49,320.7585,3.946,65.3,0.932,20,0,-6.157,-1,1778967670
JPM,us,1770595200,36.49,16.0,0.521,320.46,-0.093,59.4,0.899,20,0,-4.648,-1,1778967670
JPM,us,1770681600,38.57,17.88,0.551,316.6594,-1.186,55.4,0.919,20,0,-2.985,0,1778967670
JPM,us,1770768000,34.99,17.0,0.5,309.2374,-2.344,53.5,0.999,15,0,-0.891,0,1778967670
JPM,us,1770854400,30.49,14.88,0.436,301.0991,-2.632,51.5,1.111,10,0,2.693,0,1778967670
JPM,us,1770940800,27.79,14.25,0.397,301.0095,-0.03,53.5,0.904,10,0,-1.613,0,1778967670
JPM,us,1771286400,28.56,15.5,0.408,305.5662,1.514,53.5,0.856,10,0,-3.201,-1,1778967670
JPM,us,1771372800,36.51,18.25,0.522,307.2078,0.537,55.4,1.026,15,0,-1.775,0,1778967670
JPM,us,1771459200,34.36,19.25,0.491,306.4815,-0.236,55.4,1.061,10,0,-0.623,0,1778967670
JPM,us,1771545600,39.73,21.38,0.568,309.2076,0.889,57.4,1.035,15,0,-3.375,-1,1778967670
JPM,us,1771804800,27.92,17.45,0.399,296.1544,-4.221,53.5,1.017,4,0,-0.037,0,1778967670
JPM,us,1771891200,22.02,13.7,0.315,295.7862,-0.124,51.5,0.802,4,0,0.996,0,1778967670
JPM,us,1771977600,26.13,16.2,0.373,301.7557,2.018,51.5,0.963,4,0,-1.289,0,1778967670
JPM,us,1772064000,29.02,19.32,0.415,304.5713,0.933,59.4,0.94,4,0,-4.109,-1,1778967670
JPM,us,1772150400,22.34,14.95,0.319,298.771,-1.904,57.4,0.709,4,0,-3.603,-1,1778967670
JPM,us,1772409600,18.17,10.58,0.26,296.0449,-0.912,55.4,0.729,4,0,-2.568,0,1778967670
JPM,us,1772496000,17.57,9.95,0.251,298.7312,0.907,55.4,0.732,4,0,-3.84,-1,1778967670
JPM,us,1772582400,16.15,9.95,0.231,297.8656,-0.29,53.5,0.59,4,0,-3.965,-1,1778967670
JPM,us,1772668800,14.93,9.95,0.213,292.0553,-1.951,49.5,0.468,4,0,-3.631,-1,1778967670
JPM,us,1772755200,13.55,8.7,0.194,288.0061,-1.386,51.5,0.455,4,0,-2.087,0,1778967670
JPM,us,1773014400,13.18,8.7,0.188,288.4438,0.152,49.5,0.418,4,0,-1.297,0,1778967670
JPM,us,1773100800,15.15,10.58,0.216,287.2599,-0.41,51.5,0.427,4,0,-0.637,0,1778967670
JPM,us,1773187200,17.01,12.45,0.243,286.056,-0.419,47.5,0.426,4,0,0.077,0,1778967670
JPM,us,1773273600,13.11,8.7,0.187,281.4496,-1.61,49.5,0.411,4,0,1.796,0,1778967670
JPM,us,1773360000,11.69,6.2,0.167,281.9968,0.194,51.5,0.519,4,0,1.101,0,1778967670
JPM,us,1773619200,11.45,4.95,0.164,284.703,0.96,51.5,0.62,4,0,1.31,0,1778967670
JPM,us,1773705600,11.46,4.95,0.164,285.4293,0.255,47.5,0.621,4,0,1.921,0,1778967670
JPM,us,1773792000,12.93,6.2,0.185,286.2749,0.296,47.5,0.643,4,0,2.669,0,1778967670
JPM,us,1773878400,15.36,7.45,0.219,286.5038,0.08,49.5,0.761,4,0,1.281,0,1778967670
JPM,us,1773964800,21.75,15.58,0.311,285.1009,-0.49,53.5,0.587,4,0,-1.298,0,1778967670
JPM,us,1774224000,25.72,18.08,0.367,288.4339,1.169,51.5,0.734,4,0,-2.118,0,1778967670
JPM,us,1774310400,34.4,21.45,0.491,290.9112,0.859,55.4,0.915,9,0,0.602,0,1778967670
JPM,us,1774396800,41.38,23.88,0.591,293.9158,1.033,55.4,0.95,15,0,-0.014,0,1778967670
JPM,us,1774483200,40.16,23.88,0.574,290.175,-1.273,57.4,0.828,15,0,1.008,0,1778967670
JPM,us,1774569600,29.79,20.58,0.426,281.3999,-3.024,55.4,0.891,4,0,4.993,1,1778967670
JPM,us,1774828800,31.58,20.58,0.451,282.3251,0.329,59.4,1.07,4,0,5.34,1,1778967670
JPM,us,1774915200,42.83,23.88,0.612,292.6622,3.661,57.4,1.095,15,0,5.231,1,1778967670
JPM,us,1775001600,44.85,23.88,0.641,293.876,0.415,57.4,1.297,15,0,5.599,1,1778967670
JPM,us,1775088000,45.06,23.25,0.644,293.1,-0.264,55.4,1.381,15,0,5.722,1,1778967670
JPM,us,1775433600,47.03,22.0,0.672,295.45,0.802,57.4,1.703,15,0,6.17,1,1778967670
JPM,us,1775520000,45.86,21.38,0.655,297.4,0.66,53.5,1.648,15,0,4.613,1,1778967670
JPM,us,1775606400,44.75,18.55,0.639,307.97,3.554,55.4,1.988,16,0,-0.662,0,1778967670
JPM,us,1775692800,34.75,8.55,0.496,310.33,0.766,57.4,2.426,16,0,-0.122,0,1778967670
JPM,us,1775779200,31.0,4.8,0.443,309.87,-0.148,53.5,2.773,16,0,0.136,0,1778967670
JPM,us,1776038400,31.0,4.8,0.443,313.68,1.23,55.4,2.759,16,0,1.055,0,1778967670
JPM,us,1776124800,35.0,6.0,0.5,311.12,-0.816,53.5,2.149,20,0,0.604,0,1778967670
JPM,us,1776211200,34.97,6.0,0.5,305.93,-1.668,53.5,1.747,20,0,2.318,0,1778967670
JPM,us,1776297600,34.72,6.0,0.496,309.95,1.314,51.5,1.722,20,0,0.561,0,1778967670
JPM,us,1776384000,30.88,4.8,0.441,310.29,0.11,51.5,1.738,16,0,-0.648,0,1778967670
JPM,us,1776643200,31.0,4.8,0.443,316.99,2.159,53.5,2.684,16,0,-1.691,0,1778967670
JPM,us,1776729600,31.62,5.42,0.452,313.0,-1.259,51.5,2.174,16,0,-0.495,0,1778967670
JPM,us,1776816000,31.62,5.42,0.452,313.02,0.006,55.4,2.081,16,0,-1.204,0,1778967670
JPM,us,1776902400,32.19,6.68,0.46,311.69,-0.425,55.4,1.681,16,0,0.494,0,1778967670
JPM,us,1776988800,38.75,9.75,0.554,308.28,-1.094,55.4,1.772,20,0,1.359,0,1778967670
JPM,us,1777248000,41.25,12.25,0.589,311.63,1.087,59.4,2.249,20,0,-1.277,0,1778967670
JPM,us,1777334400,46.25,17.25,0.661,311.45,-0.058,57.4,1.782,20,0,-0.658,0,1778967670
JPM,us,1777420800,39.1,17.95,0.559,309.25,-0.706,53.5,1.385,14,0,1.827,0,1778967670
JPM,us,1777507200,45.38,20.38,0.648,313.23,1.287,53.5,1.35,20,0,-2.222,0,1778967670
JPM,us,1777593600,41.99,21.08,0.6,312.47,-0.243,49.5,1.361,14,0,-3.319,-1,1778967670
JPM,us,1777852800,37.22,22.08,0.532,307.65,-1.543,47.5,1.134,9,0,-2.487,0,1778967670
JPM,us,1777939200,43.02,23.88,0.615,309.4,0.569,45.5,1.114,15,0,-1.461,0,1778967670
JPM,us,1778025600,47.13,24.75,0.673,314.9,1.778,45.5,1.088,20,0,-4.652,-1,1778967670
JPM,us,1778112000,33.63,20.82,0.48,306.27,-2.741,37.6,0.901,9,0,-2.077,0,1778967670
JPM,us,1778198400,32.66,20.2,0.467,302.1,-1.362,37.6,0.866,9,0,-1.42,0,1778967670
BAC,us,1763683200,34.02,18.95,0.486,51.0051,1.098,53.5,1.127,9,0,3.258,1,1778967670
BAC,us,1763942400,33.52,17.7,0.479,51.3711,0.718,53.5,1.202,9,0,2.426,0,1778967670
BAC,us,1764028800,41.35,18.88,0.591,51.9152,1.059,53.5,1.447,15,0,3.068,1,1778967670
BAC,us,1764115200,42.33,17.95,0.605,52.4197,0.972,55.4,1.708,14,0,2.208,0,1778967670
BAC,us,1764288000,47.04,19.12,0.672,53.0726,1.246,55.4,1.642,20,0,1.082,0,1778967670
BAC,us,1764547200,38.2,17.32,0.546,52.667,-0.764,55.4,1.358,14,0,1.766,0,1778967670
BAC,us,1764633600,35.6,17.32,0.509,52.6176,-0.094,55.4,1.098,14,0,1.181,0,1778967670
BAC,us,1764720000,36.57,15.45,0.522,53.5079,1.692,53.5,1.382,14,0,0.501,0,1778967670
BAC,us,1764806400,45.0,16.0,0.643,53.5771,0.129,55.4,1.82,20,0,1.262,0,1778967670
BAC,us,1764892800,43.63,14.75,0.623,53.6467,0.13,55.4,1.738,20,0,2.206,0,1778967670
BAC,us,1765152000,39.12,12.92,0.559,53.597,-0.093,57.4,1.78,16,0,2.653,0,1778967670
BAC,us,1765238400,39.14,13.5,0.559,53.239,-0.668,59.4,1.414,20,0,2.372,0,1778967670
BAC,us,1765324800,38.96,12.25,0.557,53.776,1.009,55.4,1.521,20,0,0.869,0,1778967670
BAC,us,1765411200,34.16,10.42,0.488,54.2533,0.888,55.4,1.504,16,0,-0.55,0,1778967670
BAC,us,1765497600,36.0,9.8,0.514,54.83,1.063,59.4,1.875,16,0,0.236,0,1778967670
BAC,us,1765756800,34.75,8.55,0.496,55.019,0.345,59.4,2.281,16,0,0.994,0,1778967670
BAC,us,1765843200,34.75,8.55,0.496,54.5019,-0.94,59.4,2.307,16,0,2.116,0,1778967670
BAC,us,1765929600,39.38,10.38,0.563,54.2434,-0.474,65.3,1.864,20,0,3.116,1,1778967670
BAC,us,1766016000,35.68,11.0,0.51,53.955,-0.532,63.4,1.318,20,0,3.52,1,1778967670
BAC,us,1766102400,36.17,10.42,0.517,54.9593,1.861,67.3,1.705,16,0,0.145,0,1778967670
BAC,us,1766361600,36.47,11.05,0.521,55.5659,1.104,65.3,1.672,16,0,-1.074,0,1778967670
BAC,us,1766448000,37.36,12.92,0.534,55.6554,0.161,65.3,1.574,16,0,-1.733,0,1778967670
BAC,us,1766534400,36.48,12.92,0.521,55.9338,0.5,67.3,1.486,16,0,-0.533,0,1778967670
BAC,us,1766707200,34.82,12.92,0.497,55.8542,-0.142,65.3,1.32,16,0,1.282,0,1778967670
BAC,us,1766966400,39.37,16.0,0.562,55.0389,-1.46,63.4,1.187,20,0,3.433,1,1778967670
BAC,us,1767052800,40.45,16.62,0.578,54.9692,-0.126,65.3,1.233,20,0,0.651,0,1778967670
BAC,us,1767139200,47.27,22.25,0.675,54.6908,-0.507,67.3,1.352,20,0,2.145,0,1778967670
BAC,us,1767312000,48.14,23.5,0.688,55.6355,1.727,67.3,1.314,20,0,-0.179,0,1778967670
BAC,us,1767571200,43.68,19.12,0.624,56.5702,1.68,69.3,1.306,20,0,-2.988,0,1778967670
BAC,us,1767657600,41.11,16.62,0.587,56.9282,0.633,73.3,1.299,20,0,-4.734,-1,1778967670
BAC,us,1767744000,43.0,19.12,0.614,55.3272,-2.812,69.3,1.238,20,0,-5.679,-1,1778967670
BAC,us,1767830400,52.5,25.38,0.75,55.8642,0.971,75.2,1.562,20,0,-6.39,-1,1778967670
BAC,us,1767916800,49.15,25.38,0.702,55.536,-0.587,75.2,1.227,20,0,-5.157,-1,1778967670
BAC,us,1768176000,35.54,22.08,0.508,54.8798,-1.182,67.3,0.966,9,0,-5.599,-1,1778967670
BAC,us,1768262400,32.82,21.45,0.469,54.2334,-1.178,67.3,0.757,9,0,-4.529,-1,1778967670
BAC,us,1768348800,16.43,10.58,0.235,52.185,-3.777,59.4,0.555,4,0,-0.057,0,1778967670
BAC,us,1768435200,11.72,4.32,0.167,52.2944,0.21,53.5,0.71,4,0,-1.654,0,1778967670
BAC,us,1768521600,12.35,3.08,0.176,52.6722,0.723,55.4,0.897,4,0,-1.793,0,1778967670
BAC,us,1768867200,11.39,1.2,0.163,51.8071,-1.642,59.4,0.989,4,0,0.134,0,1778967670
BAC,us,1768953600,8.74,1.2,0.125,51.7773,-0.058,55.4,0.724,4,0,-0.499,0,1778967670
BAC,us,1769040000,8.68,1.2,0.124,52.1552,0.73,59.4,0.718,4,0,1.201,0,1778967670
BAC,us,1769126400,7.63,1.2,0.109,51.4293,-1.392,53.5,0.613,4,0,2.862,0,1778967670
BAC,us,1769385600,7.94,1.2,0.113,51.7276,0.58,55.4,0.644,4,0,3.864,1,1778967670
BAC,us,1769472000,8.79,1.2,0.126,51.8767,0.288,51.5,0.729,4,0,4.37,1,1778967670
BAC,us,1769558400,8.56,1.2,0.122,51.5188,-0.69,51.5,0.706,4,0,6.891,1,1778967670
BAC,us,1769644800,10.29,1.82,0.147,52.7816,2.451,61.4,0.817,4,0,3.504,1,1778967670
BAC,us,1769731200,12.09,2.45,0.173,52.9009,0.226,65.3,0.934,4,0,6.259,1,1778967670
BAC,us,1769990400,24.18,7.32,0.345,53.7263,1.56,63.4,0.956,14,0,4.405,1,1778967670
BAC,us,1770076800,25.57,8.58,0.365,54.1439,0.777,63.4,0.969,14,0,1.726,0,1778967670
BAC,us,1770163200,29.99,11.05,0.428,55.0687,1.708,69.3,1.024,16,0,-2.763,0,1778967670
BAC,us,1770249600,35.06,12.88,0.501,54.6312,-0.795,69.3,1.068,20,0,-4.405,-1,1778967670
BAC,us,1770336000,31.35,11.68,0.448,56.2122,2.894,69.3,1.097,16,0,-7.041,-1,1778967670
BAC,us,1770595200,30.69,11.05,0.438,56.0929,-0.212,67.3,1.094,16,0,-6.506,-1,1778967670
BAC,us,1770681600,34.62,12.25,0.495,55.0786,-1.808,65.3,1.087,20,0,-3.665,-1,1778967670
BAC,us,1770768000,30.73,12.0,0.439,53.5473,-2.78,61.4,1.073,15,0,-2.006,0,1778967670
BAC,us,1770854400,27.19,11.12,0.388,52.2248,-2.47,57.4,1.157,10,0,1.028,0,1778967670
BAC,us,1770940800,26.67,11.12,0.381,52.2546,0.057,57.4,1.105,10,0,-2.816,0,1778967670
BAC,us,1771286400,24.99,9.88,0.357,52.4435,0.362,57.4,1.061,10,0,-4.418,-1,1778967670
BAC,us,1771372800,30.67,13.0,0.438,53.06,1.176,61.4,1.317,10,0,-3.13,-1,1778967670
BAC,us,1771459200,26.12,13.08,0.373,52.4734,-1.106,61.4,1.274,4,0,-0.891,0,1778967670
BAC,us,1771545600,26.81,13.7,0.383,52.7617,0.55,61.4,1.281,4,0,-6.087,-1,1778967670
BAC,us,1771804800,23.72,11.2,0.339,50.7829,-3.75,55.4,1.222,4,0,-2.467,0,1778967670
BAC,us,1771891200,17.05,6.82,0.244,50.1266,-1.292,55.4,0.993,4,0,-0.873,0,1778967670
BAC,us,1771977600,16.8,6.2,0.24,51.3994,2.539,53.5,1.03,4,0,-2.689,0,1778967670
BAC,us,1772064000,20.45,7.45,0.292,52.006,1.18,61.4,1.27,4,0,-4.761,-1,1778967670
BAC,us,1772150400,13.7,3.7,0.196,49.5499,-4.723,53.5,0.97,4,0,-1.836,0,1778967670
BAC,us,1772409600,9.68,1.2,0.138,49.53,-0.04,53.5,0.818,4,0,-3.291,-1,1778967670
BAC,us,1772496000,10.02,1.2,0.143,49.6891,0.321,53.5,0.852,4,0,-2.272,0,1778967670
BAC,us,1772582400,9.88,1.2,0.141,50.0172,0.66,51.5,0.838,4,0,-2.993,0,1778967670
BAC,us,1772668800,8.22,1.2,0.117,49.53,-0.974,51.5,0.672,4,0,-4.846,-1,1778967670
BAC,us,1772755200,8.04,1.2,0.115,48.64,-1.797,49.5,0.654,4,0,-3.947,-1,1778967670
BAC,us,1773014400,7.28,1.82,0.104,47.9,-1.521,45.5,0.516,4,0,-1.754,0,1778967670
BAC,us,1773100800,11.58,4.95,0.165,48.56,1.378,47.5,0.633,4,0,-2.636,0,1778967670
BAC,us,1773187200,15.4,8.7,0.22,48.52,-0.082,49.5,0.64,4,0,-3.483,-1,1778967670
BAC,us,1773273600,12.17,5.58,0.174,47.13,-2.865,47.5,0.629,4,0,-0.255,0,1778967670
BAC,us,1773360000,11.02,4.32,0.157,46.72,-0.87,47.5,0.64,4,0,0.942,0,1778967670
BAC,us,1773619200,11.13,4.32,0.159,47.06,0.728,45.5,0.651,4,0,0.977,0,1778967670
BAC,us,1773705600,11.73,4.95,0.168,47.28,0.467,43.6,0.648,4,0,1.819,0,1778967670
BAC,us,1773792000,12.04,6.2,0.172,46.83,-0.952,43.6,0.554,4,0,4.1,1,1778967670
BAC,us,1773878400,15.08,8.08,0.215,47.01,0.384,43.6,0.67,4,0,2.616,0,1778967670
BAC,us,1773964800,18.38,10.58,0.263,47.16,0.319,49.5,0.75,4,0,-0.403,0,1778967670
BAC,us,1774224000,20.58,11.2,0.294,47.52,0.763,47.5,0.908,4,0,-0.61,0,1778967670
BAC,us,1774310400,23.14,11.82,0.331,48.14,1.305,49.5,1.102,4,0,1.267,0,1778967670
BAC,us,1774396800,35.39,20.82,0.506,48.75,1.267,49.5,1.077,9,0,1.067,0,1778967670
BAC,us,1774483200,34.85,22.08,0.498,48.24,-1.046,53.5,0.897,9,0,2.363,0,1778967670
BAC,us,1774569600,30.68,20.58,0.438,46.97,-2.633,53.5,0.98,4,0,6.579,1,1778967670
BAC,us,1774828800,32.73,20.58,0.468,47.23,0.554,55.4,1.185,4,0,6.458,1,1778967670
BAC,us,1774915200,43.68,23.88,0.624,48.75,3.218,53.5,1.18,15,0,6.421,1,1778967670
BAC,us,1775001600,43.65,23.88,0.624,49.27,1.067,55.4,1.177,15,0,6.982,1,1778967670
BAC,us,1775088000,45.66,23.88,0.652,49.38,0.223,57.4,1.378,15,0,6.399,1,1778967670
BAC,us,1775433600,42.71,20.8,0.61,50.06,1.377,59.4,1.671,11,0,6.572,1,1778967670
BAC,us,1775520000,41.0,18.3,0.586,50.28,0.439,57.4,2.193,11,0,6.106,1,1778967670
BAC,us,1775606400,44.12,17.92,0.63,51.88,3.182,57.4,2.139,16,0,4.703,1,1778967670
BAC,us,1775692800,39.12,12.92,0.559,52.71,1.6,59.4,2.712,16,0,1.518,0,1778967670
BAC,us,1775779200,35.38,9.18,0.505,52.54,-0.323,57.4,3.211,16,0,2.608,0,1778967670
BAC,us,1776038400,31.0,4.8,0.443,53.35,1.542,59.4,4.501,16,0,1.125,0,1778967670
BAC,us,1776124800,31.0,4.8,0.443,53.35,0.0,57.4,3.249,16,0,0.244,0,1778967670
BAC,us,1776211200,31.0,4.8,0.443,54.32,1.818,59.4,3.423,16,0,-2.209,0,1778967670
BAC,us,1776297600,31.0,4.8,0.443,53.51,-1.491,57.4,3.525,16,0,-1.944,0,1778967670
BAC,us,1776384000,31.0,4.8,0.443,53.91,0.748,57.4,3.554,16,0,-3.45,-1,1778967670
BAC,us,1776643200,31.62,5.42,0.452,53.95,0.074,59.4,3.353,16,0,-2.447,0,1778967670
BAC,us,1776729600,33.5,7.3,0.479,53.48,-0.871,55.4,2.583,16,0,-1.533,0,1778967670
BAC,us,1776816000,34.12,7.92,0.487,53.12,-0.673,53.5,2.136,16,0,-0.452,0,1778967670
BAC,us,1776902400,38.75,9.75,0.554,52.47,-1.224,51.5,1.758,20,0,1.887,0,1778967670
BAC,us,1776988800,40.0,11.0,0.571,52.05,-0.8,51.5,1.774,20,0,2.286,0,1778967670
BAC,us,1777248000,43.12,14.12,0.616,52.63,1.114,53.5,2.195,20,0,-0.836,0,1778967670
BAC,us,1777334400,46.88,17.88,0.67,52.66,0.057,51.5,2.095,20,0,0.874,0,1778967670
BAC,us,1777420800,48.75,19.75,0.696,52.88,0.418,55.4,1.992,20,0,1.362,0,1778967670
BAC,us,1777507200,49.38,20.38,0.705,53.46,1.097,51.5,1.965,20,0,-1.328,0,1778967670
BAC,us,1777593600,44.93,21.08,0.642,53.24,-0.412,47.5,1.655,14,0,-3.625,-1,1778967670
BAC,us,1777852800,38.98,22.08,0.557,52.19,-1.972,45.5,1.31,9,0,-3.142,-1,1778967670
BAC,us,1777939200,43.98,23.58,0.628,53.12,1.782,47.5,1.31,14,0,-4.405,-1,1778967670
BAC,us,1778025600,49.68,25.38,0.71,53.6,0.904,43.6,1.28,20,0,-7.015,-1,1778967670
BAC,us,1778112000,36.51,22.08,0.522,52.75,-1.586,39.6,1.063,9,0,-5.498,-1,1778967670
BAC,us,1778198400,34.28,20.2,0.49,51.31,-2.73,35.6,1.028,9,0,-3.001,-1,1778967670
GS,us,1763683200,27.52,16.2,0.393,766.1795,0.043,57.4,1.102,4,0,4.758,1,1778967670
GS,us,1763942400,33.5,18.32,0.479,782.6903,2.155,59.4,1.138,9,0,3.61,1,1778967670
GS,us,1764028800,44.43,21.0,0.635,794.1825,1.468,59.4,1.193,20,0,4.786,1,1778967670
GS,us,1764115200,47.26,21.0,0.675,807.7337,1.706,59.4,1.476,20,0,3.183,1,1778967670
GS,us,1764288000,37.28,11.62,0.533,817.6619,1.229,61.4,1.416,20,0,3.965,1,1778967670
GS,us,1764547200,35.99,11.0,0.514,802.6359,-1.838,61.4,1.349,20,0,7.415,1,1778967670
GS,us,1764633600,38.21,10.38,0.546,810.9423,1.035,61.4,1.633,20,0,7.528,1,1778967670
GS,us,1764720000,36.53,8.5,0.522,832.1904,2.62,61.4,1.653,20,0,6.296,1,1778967670
GS,us,1764806400,35.17,7.25,0.502,833.4438,0.151,63.4,1.642,20,0,8.737,1,1778967670
GS,us,1764892800,31.0,4.8,0.443,850.0862,1.997,67.3,1.995,16,0,3.908,1,1778967670
GS,us,1765152000,31.0,4.8,0.443,862.1527,1.419,67.3,2.544,16,0,2.642,0,1778967670
GS,us,1765238400,31.0,4.8,0.443,871.991,1.141,67.3,2.593,16,0,0.293,0,1778967670
GS,us,1765324800,31.0,4.8,0.443,884.5847,1.444,67.3,2.668,16,0,-1.902,0,1778967670
GS,us,1765411200,31.0,4.8,0.443,906.2606,2.45,73.3,2.645,16,0,-3.812,-1,1778967670
GS,us,1765497600,31.0,4.8,0.443,883.3114,-2.532,69.3,2.61,16,0,0.622,0,1778967670
GS,us,1765756800,31.0,4.8,0.443,884.9329,0.184,71.3,3.538,16,0,1.058,0,1778967670
GS,us,1765843200,31.62,5.42,0.452,874.5475,-1.174,71.3,3.424,16,0,2.566,0,1778967670
GS,us,1765929600,36.88,7.88,0.527,867.7632,-0.776,71.3,2.641,20,0,4.408,1,1778967670
GS,us,1766016000,38.12,9.12,0.545,871.7124,0.455,73.3,2.687,20,0,3.508,1,1778967670
GS,us,1766102400,34.75,8.55,0.496,888.8024,1.961,75.2,3.966,16,0,-0.145,0,1778967670
GS,us,1766361600,36.0,9.8,0.514,894.2936,0.618,77.2,3.875,16,0,-1.622,0,1778967670
GS,us,1766448000,36.62,10.42,0.523,896.9894,0.301,77.2,3.754,16,0,-2.519,0,1778967670
GS,us,1766534400,37.88,11.68,0.541,906.0119,1.006,77.2,3.594,16,0,0.391,0,1778967670
GS,us,1766707200,42.5,13.5,0.607,902.2914,-0.411,75.2,3.062,20,0,4.564,1,1778967670
GS,us,1766966400,43.75,14.75,0.625,887.5093,-1.638,75.2,2.578,20,0,7.094,1,1778967670
GS,us,1767052800,45.0,16.0,0.643,879.7899,-0.87,75.2,2.646,20,0,6.4,1,1778967670
GS,us,1767139200,37.75,16.45,0.539,874.3983,-0.613,77.2,2.214,9,0,6.352,1,1778967670
GS,us,1767312000,50.0,21.0,0.714,909.5533,4.02,81.2,2.251,20,0,2.695,0,1778967670
GS,us,1767571200,48.12,19.12,0.687,943.4747,3.729,81.2,2.414,20,0,0.117,0,1778967670
GS,us,1767657600,42.25,16.05,0.604,950.4679,0.741,83.2,2.39,16,0,-1.813,0,1778967670
GS,us,1767744000,46.25,17.25,0.661,936.0936,-1.512,83.2,1.828,20,0,-0.887,0,1778967670
GS,us,1767830400,43.65,17.25,0.624,929.936,-0.658,83.2,1.49,20,0,4.389,1,1778967670
GS,us,1767916800,42.41,16.62,0.606,934.0642,0.444,81.2,1.429,20,0,2.452,0,1778967670
GS,us,1768176000,41.5,16.0,0.593,944.5789,1.126,81.2,1.4,20,0,-0.651,0,1778967670
GS,us,1768262400,42.13,16.0,0.602,933.2386,-1.201,81.2,1.463,20,0,1.584,0,1778967670
GS,us,1768348800,39.8,16.62,0.569,927.7873,-0.584,83.2,1.168,20,0,2.357,0,1778967670
GS,us,1768435200,42.27,15.38,0.604,970.7512,4.631,83.2,1.539,20,0,-5.839,-1,1778967670
GS,us,1768521600,42.15,16.0,0.602,956.9637,-1.42,83.2,1.465,20,0,-3.133,-1,1778967670
GS,us,1768867200,41.76,18.5,0.597,938.4313,-1.937,83.2,1.176,20,0,-1.447,0,1778967670
GS,us,1768953600,41.76,19.75,0.597,948.0208,1.022,81.2,1.051,20,0,-1.7,0,1778967670
GS,us,1769040000,43.51,21.0,0.622,949.6522,0.172,81.2,1.101,20,0,-1.522,0,1778967670
GS,us,1769126400,36.26,19.5,0.518,914.0695,-3.747,81.2,0.876,15,0,1.799,0,1778967670
GS,us,1769385600,31.65,18.32,0.452,926.9815,1.413,81.2,0.953,9,0,1.553,0,1778967670
GS,us,1769472000,31.9,18.95,0.456,924.8527,-0.23,79.2,0.915,9,0,0.997,0,1778967670
GS,us,1769558400,39.46,21.7,0.564,931.9056,0.763,79.2,1.046,14,0,-2.51,0,1778967670
GS,us,1769644800,49.28,25.38,0.704,935.1983,0.353,79.2,1.24,20,0,-5.288,-1,1778967670
GS,us,1769731200,37.91,22.08,0.542,930.5129,-0.501,81.2,1.203,9,0,-0.712,0,1778967670
GS,us,1769990400,42.46,23.58,0.607,941.3758,1.167,77.2,1.158,14,0,-0.286,0,1778967670
GS,us,1770076800,40.88,23.88,0.584,934.0742,-0.776,77.2,0.9,15,0,1.065,0,1778967670
GS,us,1770163200,31.81,20.82,0.454,908.5187,-2.736,79.2,0.719,9,0,3.426,1,1778967670
GS,us,1770249600,30.44,19.58,0.435,885.7485,-2.506,75.2,0.706,9,0,1.588,0,1778967670
GS,us,1770336000,31.23,18.95,0.446,923.8878,4.306,79.2,0.848,9,0,-2.542,0,1778967670
GS,us,1770595200,41.97,21.62,0.6,938.6799,1.601,79.2,0.885,20,0,-2.923,0,1778967670
GS,us,1770681600,36.39,19.82,0.52,944.0219,0.569,79.2,0.927,14,0,-1.608,0,1778967670
GS,us,1770768000,34.92,18.58,0.499,939.6449,-0.464,77.2,0.904,14,0,-2.958,0,1778967670
GS,us,1770854400,29.08,16.45,0.415,899.8145,-4.239,75.2,0.883,9,0,1.956,0,1778967670
GS,us,1770940800,28.67,16.45,0.41,900.4014,0.065,75.2,0.842,9,0,-1.417,0,1778967670
GS,us,1771286400,33.61,19.58,0.48,911.2443,1.204,75.2,1.023,9,0,-1.503,0,1778967670
GS,us,1771372800,40.62,21.08,0.58,928.8417,1.931,77.2,1.224,14,0,-1.323,0,1778967670
GS,us,1771459200,33.73,19.58,0.482,911.8512,-1.829,75.2,1.035,9,0,1.347,0,1778967670
GS,us,1771545600,33.54,19.58,0.479,917.4119,0.61,75.2,1.016,9,0,-6.795,-1,1778967670
GS,us,1771804800,26.62,15.58,0.38,887.6386,-3.245,75.2,1.074,4,0,-2.922,0,1778967670
GS,us,1771891200,22.57,11.82,0.322,897.5464,1.116,75.2,1.045,4,0,-3.896,-1,1778967670
GS,us,1771977600,35.38,15.12,0.505,916.5564,2.118,77.2,1.226,15,0,-5.38,-1,1778967670
GS,us,1772064000,40.64,16.62,0.581,924.1365,0.827,75.2,1.252,20,0,-9.596,-1,1778967670
GS,us,1772150400,17.45,8.08,0.249,855.07,-7.474,75.2,0.907,4,0,-3.935,-1,1778967670
GS,us,1772409600,17.4,6.2,0.249,861.7,0.775,75.2,1.09,4,0,-3.443,-1,1778967670
GS,us,1772496000,16.31,4.32,0.233,862.58,0.102,75.2,1.169,4,0,-3.335,-1,1778967670
GS,us,1772582400,16.56,2.45,0.237,867.25,0.541,75.2,1.381,4,0,-5.015,-1,1778967670
GS,us,1772668800,15.6,1.2,0.223,835.46,-3.666,73.3,1.41,4,0,-5.738,-1,1778967670
GS,us,1772755200,16.09,1.2,0.23,821.42,-1.681,71.3,1.459,4,0,-4.773,-1,1778967670
GS,us,1773014400,16.45,1.2,0.235,832.03,1.292,69.3,1.495,4,0,-4.478,-1,1778967670
GS,us,1773100800,16.24,1.2,0.232,833.81,0.214,71.3,1.474,4,0,-3.211,-1,1778967670
GS,us,1773187200,13.45,1.2,0.192,823.76,-1.205,63.4,1.195,4,0,-2.219,0,1778967670
GS,us,1773273600,13.03,1.2,0.186,787.52,-4.399,59.4,1.153,4,0,2.791,0,1778967670
GS,us,1773360000,13.32,1.2,0.19,782.21,-0.674,59.4,1.182,4,0,4.004,1,1778967670
GS,us,1773619200,13.1,1.2,0.187,794.77,1.606,57.4,1.16,4,0,4.593,1,1778967670
GS,us,1773705600,13.08,1.2,0.187,807.04,1.544,61.4,1.158,4,0,3.554,1,1778967670
GS,us,1773792000,12.9,2.45,0.184,805.48,-0.193,61.4,1.015,4,0,4.514,1,1778967670
GS,us,1773878400,15.13,3.08,0.216,809.5,0.499,65.3,1.175,4,0,1.623,0,1778967670
GS,us,1773964800,17.18,4.32,0.245,813.53,0.498,67.3,1.256,4,0,-1.308,0,1778967670
GS,us,1774224000,20.37,4.95,0.291,831.27,2.181,69.3,1.512,4,0,-2.847,0,1778967670
GS,us,1774310400,26.47,7.7,0.378,835.72,0.535,69.3,1.497,9,0,1.229,0,1778967670
GS,us,1774396800,35.53,12.62,0.508,841.84,0.732,69.3,1.491,15,0,2.182,0,1778967670
GS,us,1774483200,30.12,13.0,0.43,822.64,-2.281,69.3,1.262,10,0,4.911,1,1778967670
GS,us,1774569600,26.95,11.82,0.385,802.89,-2.401,69.3,1.483,4,0,7.867,1,1778967670
GS,us,1774828800,28.19,13.7,0.403,807.6,0.587,69.3,1.419,4,0,7.002,1,1778967670
GS,us,1774915200,39.26,17.62,0.561,845.99,4.754,69.3,1.364,15,0,7.064,1,1778967670
GS,us,1775001600,35.75,17.05,0.511,860.21,1.681,69.3,1.35,11,0,5.058,1,1778967670
GS,us,1775088000,38.69,16.42,0.553,863.04,0.329,69.3,1.707,11,0,5.186,1,1778967670
GS,us,1775433600,36.0,13.3,0.514,866.05,0.349,69.3,2.11,11,0,2.857,0,1778967670
GS,us,1775520000,34.85,12.68,0.498,864.15,-0.219,69.3,1.697,11,0,5.263,1,1778967670
GS,us,1775606400,39.58,13.55,0.565,905.75,4.814,69.3,1.733,16,0,-0.691,0,1778967670
GS,us,1775692800,37.88,11.68,0.541,903.72,-0.224,69.3,1.783,16,0,-0.412,0,1778967670
GS,us,1775779200,36.62,10.42,0.523,907.8,0.451,71.3,2.469,16,0,1.999,0,1778967670
GS,us,1776038400,41.25,12.25,0.589,890.79,-1.874,65.3,2.158,20,0,5.72,1,1778967670
GS,us,1776124800,41.25,12.25,0.589,909.63,2.115,69.3,2.214,20,0,1.86,0,1778967670
GS,us,1776211200,41.87,12.88,0.598,899.49,-1.115,67.3,1.749,20,0,3.93,1,1778967670
GS,us,1776297600,39.12,12.92,0.559,900.0,0.057,69.3,2.063,16,0,3.478,1,1778967670
GS,us,1776384000,38.5,12.3,0.55,925.95,2.883,69.3,2.137,16,0,0.104,0,1778967670
GS,us,1776643200,36.0,9.8,0.514,941.74,1.705,69.3,2.027,16,0,-0.417,0,1778967670
GS,us,1776729600,35.14,9.8,0.502,926.55,-1.613,69.3,1.664,16,0,0.0,0,1778967670
GS,us,1776816000,34.34,9.18,0.491,934.84,0.895,69.3,1.646,16,0,-3.128,-1,1778967670
GS,us,1776902400,31.86,9.18,0.455,931.3,-0.379,69.3,1.398,16,0,-0.809,0,1778967670
GS,us,1776988800,40.26,14.12,0.575,926.91,-0.471,71.3,1.464,20,0,-0.345,0,1778967670
GS,us,1777248000,44.12,17.92,0.63,937.81,1.176,71.3,1.758,16,0,-3.683,-1,1778967670
GS,us,1777334400,46.82,20.38,0.669,926.55,-1.201,67.3,1.494,20,0,-0.827,0,1778967670
GS,us,1777420800,41.37,21.38,0.591,905.6,-2.261,63.4,1.199,15,0,3.506,1,1778967670
GS,us,1777507200,47.65,24.12,0.681,923.77,2.006,65.3,1.203,20,0,0.227,0,1778967670
GS,us,1777593600,47.17,25.38,0.674,923.71,-0.006,63.4,1.029,20,0,1.382,0,1778967670
GS,us,1777852800,34.66,22.08,0.495,903.27,-2.213,63.4,0.878,9,0,4.604,1,1778967670
GS,us,1777939200,47.11,25.38,0.673,918.89,1.729,59.4,1.023,20,0,2.939,0,1778967670
GS,us,1778025600,46.42,24.75,0.663,937.35,2.009,69.3,1.017,20,0,1.928,0,1778967670
GS,us,1778112000,41.09,23.58,0.587,925.87,-1.225,61.4,1.021,14,0,4.654,1,1778967670
GS,us,1778198400,39.84,22.32,0.569,936.48,1.146,59.4,1.022,14,0,1.28,0,1778967670
MS,us,1763683200,20.85,13.08,0.298,156.462,-0.334,63.4,0.747,4,0,6.512,1,1778967670
MS,us,1763942400,27.29,15.2,0.39,161.0717,2.946,61.4,0.829,9,0,3.844,1,1778967670
MS,us,1764028800,39.13,17.88,0.559,163.6436,1.597,61.4,0.975,20,0,5.011,1,1778967670
MS,us,1764115200,38.44,15.38,0.549,166.1265,1.517,63.4,1.156,20,0,4.138,1,1778967670
MS,us,1764288000,35.41,12.88,0.506,167.8279,1.024,63.4,1.103,20,0,4.037,1,1778967670
MS,us,1764547200,34.98,12.25,0.5,166.6508,-0.701,63.4,1.123,20,0,4.962,1,1778967670
MS,us,1764633600,35.74,11.0,0.511,167.2641,0.368,63.4,1.324,20,0,5.76,1,1778967670
MS,us,1764720000,33.96,9.12,0.485,171.8441,2.738,65.3,1.334,20,0,3.448,1,1778967670
MS,us,1764806400,30.99,6.0,0.443,173.0015,0.673,69.3,1.349,20,0,3.088,1,1778967670
MS,us,1764892800,33.38,6.0,0.477,174.604,0.926,69.3,1.588,20,0,1.076,0,1778967670
MS,us,1765152000,31.0,4.8,0.443,174.9205,0.181,69.3,2.054,16,0,0.543,0,1778967670
MS,us,1765238400,31.0,4.8,0.443,176.8989,1.131,69.3,2.032,16,0,-1.297,0,1778967670
MS,us,1765324800,31.0,4.8,0.443,177.7694,0.492,69.3,2.122,16,0,-2.732,0,1778967670
MS,us,1765411200,31.0,4.8,0.443,178.3431,0.323,67.3,2.141,16,0,-4.066,-1,1778967670
MS,us,1765497600,31.0,4.8,0.443,176.4835,-1.043,71.3,2.208,16,0,-0.802,0,1778967670
MS,us,1765756800,31.0,4.8,0.443,175.8701,-0.348,75.2,2.302,16,0,1.108,0,1778967670
MS,us,1765843200,32.25,6.05,0.461,174.604,-0.72,73.3,2.23,16,0,1.694,0,1778967670
MS,us,1765929600,37.5,8.5,0.536,172.9124,-0.969,73.3,1.802,20,0,3.919,1,1778967670
MS,us,1766016000,35.06,9.75,0.501,171.0923,-1.053,67.3,1.381,20,0,5.151,1,1778967670
MS,us,1766102400,40.0,11.0,0.571,175.0689,2.324,73.3,1.786,20,0,1.673,0,1778967670
MS,us,1766361600,37.88,11.68,0.541,177.8189,1.571,75.2,2.373,16,0,-0.378,0,1778967670
MS,us,1766448000,43.12,14.12,0.616,177.5617,-0.145,75.2,1.896,20,0,-1.097,0,1778967670
MS,us,1766534400,44.38,15.38,0.634,179.6885,1.198,75.2,1.821,20,0,0.138,0,1778967670
MS,us,1766707200,45.0,16.0,0.643,179.9061,0.121,77.2,1.762,20,0,2.568,0,1778967670
MS,us,1766966400,44.8,17.25,0.64,177.9969,-1.061,77.2,1.605,20,0,4.34,1,1778967670
MS,us,1767052800,50.0,21.62,0.714,177.1462,-0.478,77.2,1.688,20,0,3.189,1,1778967670
MS,us,1767139200,40.5,22.08,0.579,175.613,-0.866,79.2,1.462,9,0,4.027,1,1778967670
MS,us,1767312000,51.09,25.38,0.73,179.9358,2.462,79.2,1.421,20,0,2.43,0,1778967670
MS,us,1767571200,49.06,22.88,0.701,184.5257,2.551,79.2,1.468,20,0,0.016,0,1778967670
MS,us,1767657600,45.1,19.12,0.644,185.7226,0.649,81.2,1.448,20,0,-2.658,0,1778967670
MS,us,1767744000,41.77,18.5,0.597,182.7946,-1.577,79.2,1.177,20,0,-2.17,0,1778967670
MS,us,1767830400,39.42,17.88,0.563,182.6857,-0.06,81.2,1.004,20,0,3.547,1,1778967670
MS,us,1767916800,33.76,15.42,0.482,184.308,0.888,79.2,0.964,16,0,1.487,0,1778967670
MS,us,1768176000,36.74,16.0,0.525,184.5553,0.134,79.2,0.924,20,0,-2.396,0,1778967670
MS,us,1768262400,37.07,16.62,0.53,180.7865,-2.042,79.2,0.895,20,0,0.306,0,1778967670
MS,us,1768348800,32.17,15.75,0.46,178.8279,-1.083,77.2,0.842,15,0,1.256,0,1778967670
MS,us,1768435200,39.24,15.38,0.561,189.165,5.781,81.2,1.236,20,0,-6.395,-1,1778967670
MS,us,1768521600,39.22,16.0,0.56,187.0481,-1.119,81.2,1.172,20,0,-3.813,-1,1778967670
MS,us,1768867200,37.87,18.88,0.541,180.1336,-3.697,79.2,1.099,15,0,0.308,0,1778967670
MS,us,1768953600,39.94,20.75,0.571,181.3404,0.67,79.2,1.119,15,0,-0.535,0,1778967670
MS,us,1769040000,37.6,20.75,0.537,181.0734,-0.147,79.2,0.885,15,0,-0.355,0,1778967670
MS,us,1769126400,30.31,18.32,0.433,177.0671,-2.213,77.2,0.819,9,0,2.686,0,1778967670
MS,us,1769385600,30.87,18.32,0.441,179.916,1.609,77.2,0.875,9,0,2.331,0,1778967670
MS,us,1769472000,31.25,18.32,0.446,180.6876,0.429,77.2,0.913,9,0,0.689,0,1778967670
MS,us,1769558400,32.11,19.58,0.459,180.371,-0.175,75.2,0.873,9,0,-0.695,0,1778967670
MS,us,1769644800,33.51,19.58,0.479,180.4304,0.033,75.2,1.013,9,0,-3.065,-1,1778967670
MS,us,1769731200,36.38,20.82,0.52,181.8229,0.772,75.2,1.176,9,0,-1.554,0,1778967670
MS,us,1769990400,41.73,22.32,0.596,184.1106,1.258,75.2,1.211,14,0,-1.486,0,1778967670
MS,us,1770076800,40.51,22.62,0.579,181.9323,-1.183,73.3,0.989,15,0,-2.745,0,1778967670
MS,us,1770163200,39.11,22.62,0.559,179.1174,-1.547,73.3,0.849,15,0,-1.888,0,1778967670
MS,us,1770249600,29.39,17.7,0.42,174.9001,-2.355,73.3,0.789,9,0,-4.424,-1,1778967670
MS,us,1770336000,29.61,16.45,0.423,178.9981,2.343,73.3,0.936,9,0,-4.896,-1,1778967670
MS,us,1770595200,42.1,21.0,0.601,181.3753,1.328,73.3,0.96,20,0,-5.928,-1,1778967670
MS,us,1770681600,27.97,16.45,0.4,176.9391,-2.446,73.3,0.772,9,0,-0.731,0,1778967670
MS,us,1770768000,25.37,13.95,0.362,175.7356,-0.68,73.3,0.762,9,0,-1.307,0,1778967670
MS,us,1770854400,8.68,1.2,0.124,167.1617,-4.879,69.3,0.718,4,0,4.373,1,1778967670
MS,us,1770940800,9.56,2.45,0.137,170.2352,1.839,71.3,0.681,4,0,-2.542,0,1778967670
MS,us,1771286400,11.47,3.08,0.164,170.6231,0.228,73.3,0.809,4,0,-1.603,0,1778967670
MS,us,1771372800,13.33,3.08,0.19,175.6461,2.944,73.3,0.995,4,0,-1.62,0,1778967670
MS,us,1771459200,9.36,1.2,0.134,173.4379,-1.257,73.3,0.786,4,0,1.789,0,1778967670
MS,us,1771545600,12.0,2.45,0.171,174.4724,0.596,73.3,0.925,4,0,-5.074,-1,1778967670
MS,us,1771804800,10.83,1.2,0.155,165.9084,-4.908,71.3,0.933,4,0,0.12,0,1778967670
MS,us,1771891200,10.96,1.2,0.157,167.8878,1.193,67.3,0.946,4,0,-1.683,0,1778967670
MS,us,1771977600,11.82,1.82,0.169,172.8014,2.927,71.3,0.97,4,0,-3.54,-1,1778967670
MS,us,1772064000,25.09,5.75,0.358,176.5413,2.164,73.3,1.134,15,0,-8.417,-1,1778967670
MS,us,1772150400,10.38,1.2,0.148,165.6199,-6.186,69.3,0.888,4,0,-3.748,-1,1778967670
MS,us,1772409600,10.58,1.2,0.151,166.1073,0.294,69.3,0.908,4,0,-3.922,-1,1778967670
MS,us,1772496000,10.39,2.45,0.148,165.0629,-0.629,67.3,0.764,4,0,-3.133,-1,1778967670
MS,us,1772582400,13.55,4.32,0.194,166.6842,0.982,67.3,0.893,4,0,-3.992,-1,1778967670
MS,us,1772668800,11.71,2.45,0.167,161.6811,-3.002,63.4,0.896,4,0,-5.032,-1,1778967670
MS,us,1772755200,10.62,1.2,0.152,159.4133,-1.403,59.4,0.912,4,0,-3.369,-1,1778967670
MS,us,1773014400,10.43,1.2,0.149,159.5923,0.112,55.4,0.893,4,0,-2.96,0,1778967670
MS,us,1773100800,11.41,2.45,0.163,159.8907,0.187,55.4,0.866,4,0,-1.816,0,1778967670
MS,us,1773187200,14.33,3.08,0.205,160.03,0.087,55.4,1.095,4,0,-1.218,0,1778967670
MS,us,1773273600,11.95,1.2,0.171,153.5448,-4.052,55.4,1.045,4,0,2.708,0,1778967670
MS,us,1773360000,15.39,1.2,0.22,154.0422,0.324,55.4,1.389,4,0,4.262,1,1778967670
MS,us,1773619200,14.79,1.2,0.211,154.8677,0.536,55.4,1.329,4,0,5.536,1,1778967670
MS,us,1773705600,14.81,1.2,0.212,156.9864,1.368,55.4,1.331,4,0,5.094,1,1778967670
MS,us,1773792000,16.52,2.45,0.236,158.0805,0.697,59.4,1.377,4,0,4.228,1,1778967670
MS,us,1773878400,17.96,3.7,0.257,157.7025,-0.239,59.4,1.396,4,0,2.952,0,1778967670
MS,us,1773964800,20.92,4.95,0.299,160.6069,1.842,65.3,1.567,4,0,-1.907,0,1778967670
MS,us,1774224000,28.38,7.08,0.405,163.4417,1.765,67.3,1.99,9,0,-3.621,-1,1778967670
MS,us,1774310400,29.0,7.7,0.414,164.9834,0.943,67.3,1.963,9,0,-0.784,0,1778967670
MS,us,1774396800,36.92,12.62,0.527,164.7645,-0.133,67.3,1.63,15,0,0.314,0,1778967670
MS,us,1774483200,40.59,18.88,0.58,162.3575,-1.461,67.3,1.371,15,0,1.581,0,1778967670
MS,us,1774569600,35.35,19.95,0.505,157.5434,-2.965,65.3,1.51,4,0,5.152,1,1778967670
MS,us,1774828800,33.14,20.58,0.473,157.5235,-0.013,63.4,1.226,4,0,6.352,1,1778967670
MS,us,1774915200,47.1,23.88,0.673,163.6903,3.915,67.3,1.522,15,0,6.958,1,1778967670
MS,us,1775001600,43.42,22.68,0.62,165.2818,0.972,67.3,1.554,11,0,7.216,1,1778967670
MS,us,1775088000,46.76,22.62,0.668,164.9237,-0.217,67.3,1.614,15,0,7.135,1,1778967670
MS,us,1775433600,46.88,21.38,0.67,165.6597,0.446,67.3,1.961,15,0,8.76,1,1778967670
MS,us,1775520000,44.38,18.88,0.634,167.5297,1.129,63.4,1.931,15,0,8.852,1,1778967670
MS,us,1775606400,39.75,13.55,0.568,175.0791,4.506,65.3,2.001,16,0,8.863,1,1778967670
MS,us,1775692800,34.12,7.92,0.487,177.2077,1.216,65.3,1.997,16,0,5.141,1,1778967670
MS,us,1775779200,32.88,6.68,0.47,176.6905,-0.292,65.3,2.336,16,0,6.294,1,1778967670
MS,us,1776038400,31.0,4.8,0.443,180.1718,1.97,69.3,2.343,16,0,5.278,1,1778967670
MS,us,1776124800,31.0,4.8,0.443,182.36,1.215,71.3,2.423,16,0,3.256,1,1778967670
MS,us,1776211200,31.0,4.8,0.443,190.5957,4.516,73.3,2.504,16,0,-0.297,0,1778967670
MS,us,1776297600,31.0,4.8,0.443,186.3187,-2.244,71.3,1.866,16,0,0.71,0,1778967670
MS,us,1776384000,31.0,4.8,0.443,187.8107,0.801,71.3,2.296,16,0,-0.397,0,1778967670
MS,us,1776643200,31.0,4.8,0.443,189.6806,0.996,71.3,2.074,16,0,-0.273,0,1778967670
MS,us,1776729600,29.98,4.8,0.428,188.2981,-0.729,73.3,1.648,16,0,0.555,0,1778967670
MS,us,1776816000,29.67,4.8,0.424,190.0288,0.919,75.2,1.617,16,0,-2.078,0,1778967670
MS,us,1776902400,30.59,4.8,0.437,187.6416,-1.256,71.3,1.709,16,0,1.571,0,1778967670
MS,us,1776988800,32.25,6.05,0.461,187.0647,-0.307,75.2,1.772,16,0,1.66,0,1778967670
MS,us,1777248000,34.12,7.92,0.487,189.1634,1.122,73.3,2.176,16,0,-0.61,0,1778967670
MS,us,1777334400,36.62,10.42,0.523,189.3425,0.095,75.2,2.73,16,0,-0.049,0,1778967670
MS,us,1777420800,41.25,12.25,0.589,186.08,-1.723,71.3,2.136,20,0,3.907,1,1778967670
MS,us,1777507200,42.5,13.5,0.607,190.59,2.424,71.3,2.097,20,0,-0.22,0,1778967670
MS,us,1777593600,44.38,15.38,0.634,190.17,-0.22,73.3,2.118,20,0,1.535,0,1778967670
MS,us,1777852800,48.12,19.12,0.687,188.01,-1.136,67.3,1.827,20,0,1.644,0,1778967670
MS,us,1777939200,43.38,18.58,0.62,189.25,0.66,69.3,1.797,14,0,1.39,0,1778967670
MS,us,1778025600,51.88,22.88,0.741,193.35,2.166,73.3,1.764,20,0,0.248,0,1778967670
MS,us,1778112000,51.18,25.38,0.731,190.17,-1.645,67.3,1.43,20,0,2.293,0,1778967670
MS,us,1778198400,54.02,25.38,0.772,193.09,1.535,65.3,1.714,20,0,-0.3,0,1778967670
V,us,1763683200,7.28,1.82,0.104,326.628,1.3,31.7,0.516,4,0,0.735,0,1778967670
V,us,1763942400,9.0,3.08,0.129,327.9425,0.402,29.7,0.562,4,0,0.097,0,1778967670
V,us,1764028800,16.51,5.82,0.236,333.1509,1.588,33.7,0.689,9,0,-1.471,0,1778967670
V,us,1764115200,17.52,6.45,0.25,332.414,-0.221,29.7,0.727,9,0,-2.004,0,1778967670
V,us,1764288000,17.9,7.08,0.256,333.0613,0.195,27.7,0.702,9,0,-0.957,0,1778967670
V,us,1764547200,14.16,6.82,0.202,329.028,-1.211,29.7,0.704,4,0,-1.074,0,1778967670
V,us,1764633600,14.55,7.45,0.208,328.2612,-0.233,31.7,0.68,4,0,-0.947,0,1778967670
V,us,1764720000,13.96,8.08,0.199,328.2512,-0.003,27.7,0.558,4,0,-1.177,0,1778967670
V,us,1764806400,14.49,8.7,0.207,325.7516,-0.762,27.7,0.549,4,0,5.665,1,1778967670
V,us,1764892800,27.42,12.62,0.392,329.8745,1.266,29.7,0.68,15,0,5.008,1,1778967670
V,us,1765152000,22.98,11.75,0.328,325.4926,-1.328,23.8,0.673,10,0,6.134,1,1778967670
V,us,1765238400,23.7,12.38,0.339,325.1541,-0.104,23.8,0.682,10,0,5.7,1,1778967670
V,us,1765324800,23.93,13.62,0.342,324.3872,-0.236,17.8,0.581,10,0,5.735,1,1778967670
V,us,1765411200,27.0,11.68,0.386,344.2052,6.109,31.7,0.662,16,0,0.11,0,1778967670
V,us,1765497600,24.57,7.92,0.351,346.3961,0.637,37.6,0.795,16,0,0.408,0,1778967670
V,us,1765756800,26.01,6.62,0.372,345.46,-0.27,37.6,0.789,20,0,1.499,0,1778967670
V,us,1765843200,25.31,6.0,0.362,343.6873,-0.513,35.6,0.781,20,0,2.396,0,1778967670
V,us,1765929600,26.13,6.62,0.373,342.9902,-0.203,39.6,0.801,20,0,3.115,1,1778967670
V,us,1766016000,25.48,6.0,0.364,344.5836,0.465,41.6,0.798,20,0,2.598,0,1778967670
V,us,1766102400,24.9,4.8,0.356,347.8102,0.936,41.6,1.14,16,0,1.535,0,1778967670
V,us,1766361600,24.34,4.8,0.348,350.6385,0.813,39.6,1.084,16,0,0.435,0,1778967670
V,us,1766448000,23.53,4.8,0.336,351.9232,0.366,39.6,1.003,16,0,-0.756,0,1778967670
V,us,1766534400,22.98,4.8,0.328,353.676,0.498,39.6,0.948,16,0,-2.438,0,1778967670
V,us,1766707200,23.3,4.8,0.333,353.5366,-0.039,37.6,0.98,16,0,-0.338,0,1778967670
V,us,1766966400,22.11,4.8,0.316,353.1481,-0.11,41.6,0.861,16,0,0.832,0,1778967670
V,us,1767052800,23.21,5.42,0.332,352.1622,-0.279,37.6,0.909,16,0,0.639,0,1778967670
V,us,1767139200,24.51,6.05,0.35,349.2642,-0.823,39.6,0.976,16,0,0.433,0,1778967670
V,us,1767312000,29.91,8.5,0.427,345.0517,-1.206,39.6,0.991,20,0,0.95,0,1778967670
V,us,1767571200,33.64,9.75,0.481,352.3415,2.113,37.6,1.239,20,0,-2.996,0,1778967670
V,us,1767657600,35.16,11.0,0.502,356.086,1.063,39.6,1.266,20,0,-8.301,-1,1778967670
V,us,1767744000,37.6,13.5,0.537,354.4129,-0.47,37.6,1.26,20,0,-7.505,-1,1778967670
V,us,1767830400,41.53,17.88,0.593,350.778,-1.026,37.6,1.215,20,0,-6.95,-1,1778967670
V,us,1767916800,44.15,23.88,0.631,348.3281,-0.698,35.6,1.227,15,0,-6.138,-1,1778967670
V,us,1768176000,33.38,21.45,0.477,341.7852,-1.878,31.7,0.813,9,0,-5.064,-1,1778967670
V,us,1768262400,18.93,13.08,0.27,326.5284,-4.464,23.8,0.555,4,0,-0.793,0,1778967670
V,us,1768348800,18.01,10.58,0.257,327.813,0.393,25.7,0.713,4,0,-0.854,0,1778967670
V,us,1768435200,14.77,7.45,0.211,326.3989,-0.431,21.8,0.702,4,0,-0.479,0,1778967670
V,us,1768521600,13.99,4.95,0.2,326.9466,0.168,29.7,0.874,4,0,0.058,0,1778967670
V,us,1768867200,9.87,2.45,0.141,324.4768,-0.755,27.7,0.712,4,0,-0.172,0,1778967670
V,us,1768953600,5.99,1.2,0.086,323.9391,-0.166,27.7,0.449,4,0,0.523,0,1778967670
V,us,1769040000,6.19,1.2,0.088,325.0146,0.332,27.7,0.469,4,0,1.667,0,1778967670
V,us,1769126400,5.56,1.2,0.079,324.8353,-0.055,29.7,0.406,4,0,-1.334,0,1778967670
V,us,1769385600,6.11,1.2,0.087,327.1358,0.708,29.7,0.461,4,0,1.629,0,1778967670
V,us,1769472000,5.92,1.2,0.085,323.9192,-0.983,27.7,0.442,4,0,1.128,0,1778967670
V,us,1769558400,8.77,3.08,0.125,325.632,0.529,35.6,0.539,4,0,0.908,0,1778967670
V,us,1769644800,11.24,4.32,0.161,330.4322,1.474,37.6,0.662,4,0,-0.805,0,1778967670
V,us,1769731200,10.76,4.32,0.154,320.5033,-3.005,35.6,0.614,4,0,3.03,1,1778967670
V,us,1769990400,13.2,5.58,0.189,332.4638,3.732,39.6,0.732,4,0,-2.474,0,1778967670
V,us,1770076800,19.13,8.62,0.273,327.574,-1.471,41.6,0.601,10,0,-0.025,0,1778967670
V,us,1770163200,24.92,14.25,0.356,328.5898,0.31,47.5,0.617,10,0,-0.009,0,1778967670
V,us,1770249600,29.81,19.25,0.426,327.7732,-0.249,47.5,0.606,10,0,-1.301,0,1778967670
V,us,1770336000,37.17,22.0,0.531,330.2131,0.744,45.5,0.717,15,0,-5.082,-1,1778967670
V,us,1770595200,26.55,19.32,0.379,324.2378,-1.81,41.6,0.693,4,0,-1.665,0,1778967670
V,us,1770681600,40.38,23.88,0.577,327.4911,1.003,41.6,0.85,15,0,-2.398,0,1778967670
V,us,1770768000,43.16,23.25,0.617,328.5588,0.326,47.5,1.191,15,0,-3.131,-1,1778967670
V,us,1770854400,29.1,19.32,0.416,323.5093,-1.537,47.5,0.948,4,0,-0.996,0,1778967670
V,us,1770940800,26.89,17.45,0.384,313.4302,-3.116,37.6,0.914,4,0,-2.407,0,1778967670
V,us,1771286400,25.67,16.2,0.367,318.839,1.726,43.6,0.917,4,0,-3.844,-1,1778967670
V,us,1771372800,26.91,15.58,0.384,319.6374,0.25,43.6,1.103,4,0,-2.282,0,1778967670
V,us,1771459200,26.71,14.95,0.382,318.2702,-0.428,45.5,1.146,4,0,-0.699,0,1778967670
V,us,1771545600,26.07,14.32,0.372,320.286,0.633,43.6,1.145,4,0,-0.252,0,1778967670
V,us,1771804800,22.56,11.82,0.322,305.8859,-4.496,39.6,1.044,4,0,4.564,1,1778967670
V,us,1771891200,22.13,11.2,0.316,306.5844,0.228,37.6,1.063,4,0,4.43,1,1778967670
V,us,1771977600,23.37,10.58,0.334,312.3425,1.878,37.6,1.249,4,0,2.39,0,1778967670
V,us,1772064000,23.45,10.58,0.335,316.0448,1.185,41.6,1.257,4,0,0.979,0,1778967670
V,us,1772150400,24.98,11.82,0.357,319.4777,1.086,43.6,1.286,4,0,-0.868,0,1778967670
V,us,1772409600,28.17,11.82,0.402,319.8469,0.116,45.5,1.605,4,0,-1.416,0,1778967670
V,us,1772496000,29.59,13.7,0.423,320.1663,0.1,47.5,1.559,4,0,-1.995,0,1778967670
V,us,1772582400,30.55,13.7,0.436,319.807,-0.112,41.6,1.655,4,0,-3.592,-1,1778967670
V,us,1772668800,27.4,13.7,0.391,319.1384,-0.209,41.6,1.34,4,0,-4.159,-1,1778967670
V,us,1772755200,34.39,16.12,0.491,316.7034,-0.763,43.6,1.377,10,0,-3.22,-1,1778967670
V,us,1773014400,26.51,14.95,0.379,315.3163,-0.438,43.6,1.126,4,0,-1.855,0,1778967670
V,us,1773100800,27.01,14.95,0.386,313.7795,-0.487,43.6,1.176,4,0,-1.899,0,1778967670
V,us,1773187200,25.34,14.95,0.362,308.3208,-1.74,43.6,1.009,4,0,-3.217,-1,1778967670
V,us,1773273600,23.53,14.95,0.336,305.8659,-0.796,41.6,0.828,4,0,-2.215,0,1778967670
V,us,1773360000,30.52,16.12,0.436,306.5046,0.209,45.5,0.99,10,0,-1.797,0,1778967670
V,us,1773619200,32.59,15.5,0.466,309.4684,0.967,41.6,1.259,10,0,-1.828,0,1778967670
V,us,1773705600,22.36,11.82,0.319,307.8218,-0.532,41.6,1.024,4,0,-1.524,0,1778967670
V,us,1773792000,16.83,8.08,0.24,298.4014,-3.06,35.6,0.845,4,0,1.97,0,1778967670
V,us,1773878400,16.54,6.2,0.236,299.0899,0.231,37.6,1.004,4,0,1.942,0,1778967670
V,us,1773964800,16.3,4.95,0.233,300.996,0.637,41.6,1.105,4,0,-2.022,0,1778967670
V,us,1774224000,19.28,4.32,0.275,303.8102,0.935,41.6,1.466,4,0,-1.61,0,1778967670
V,us,1774310400,14.88,2.45,0.213,303.1316,-0.223,43.6,1.213,4,0,-0.5,0,1778967670
V,us,1774396800,14.04,1.82,0.201,304.2792,0.379,43.6,1.192,4,0,-2.099,0,1778967670
V,us,1774483200,14.51,2.45,0.207,304.8979,0.203,43.6,1.176,4,0,-1.548,0,1778967670
V,us,1774569600,10.13,1.2,0.145,294.9086,-3.276,43.6,0.863,4,0,2.643,0,1778967670
V,us,1774828800,11.09,1.82,0.158,298.9203,1.36,43.6,0.897,4,0,1.005,0,1778967670
V,us,1774915200,16.71,6.82,0.239,301.6147,0.901,43.6,0.959,4,0,2.223,0,1778967670
V,us,1775001600,20.17,10.58,0.288,297.8925,-1.234,39.6,0.929,4,0,3.276,1,1778967670
V,us,1775088000,25.61,14.32,0.366,300.1777,0.767,37.6,1.099,4,0,1.184,0,1778967670
V,us,1775433600,31.32,18.08,0.447,302.7025,0.841,43.6,1.294,4,0,1.998,0,1778967670
V,us,1775520000,34.66,20.58,0.495,301.9241,-0.257,37.6,1.378,4,0,2.915,0,1778967670
V,us,1775606400,48.21,23.88,0.689,308.3208,2.119,41.6,1.633,15,0,2.249,0,1778967670
V,us,1775692800,48.69,23.88,0.696,307.6522,-0.217,41.6,1.681,15,0,2.209,0,1778967670
V,us,1775779200,49.38,23.88,0.705,303.7303,-1.275,41.6,1.757,15,0,4.16,1,1778967670
V,us,1776038400,47.5,22.0,0.679,308.7499,1.653,43.6,1.795,15,0,1.471,0,1778967670
V,us,1776124800,46.88,21.38,0.67,310.7258,0.64,41.6,1.779,15,0,-0.459,0,1778967670
V,us,1776211200,50.62,21.62,0.723,315.2564,1.458,41.6,2.161,20,0,-1.462,0,1778967670
V,us,1776297600,47.5,18.5,0.679,314.4481,-0.256,37.6,2.236,20,0,-1.974,0,1778967670
V,us,1776384000,40.38,14.18,0.577,316.3641,0.609,37.6,2.265,16,0,-2.397,0,1778967670
V,us,1776643200,37.75,12.62,0.539,313.2905,-0.972,33.7,1.713,15,0,-1.367,0,1778967670
V,us,1776729600,32.99,11.38,0.471,309.2988,-1.274,33.7,1.361,15,0,-0.207,0,1778967670
V,us,1776816000,35.59,11.38,0.508,310.646,0.436,31.7,1.621,15,0,7.572,1,1778967670
V,us,1776902400,33.06,12.0,0.472,308.241,-0.774,31.7,1.306,15,0,6.786,1,1778967670
V,us,1776988800,32.7,12.0,0.467,308.7799,0.175,31.7,1.27,15,0,6.014,1,1778967670
V,us,1777248000,41.08,16.38,0.587,309.0094,0.074,31.7,1.67,15,0,5.555,1,1778967670
V,us,1777334400,39.91,19.5,0.57,308.6601,-0.113,31.7,1.241,15,0,4.116,1,1778967670
V,us,1777420800,28.3,6.05,0.404,334.1672,8.264,49.5,1.355,16,0,-4.796,-1,1778967670
V,us,1777507200,26.25,4.8,0.375,329.1576,-1.499,37.6,1.275,16,0,-2.595,0,1778967670
V,us,1777593600,28.3,6.0,0.404,327.3514,-0.549,39.6,1.08,20,0,-2.817,0,1778967670
V,us,1777852800,26.56,6.0,0.379,326.1738,-0.36,33.7,0.906,20,0,-0.915,0,1778967670
V,us,1777939200,27.63,7.25,0.395,321.3638,-1.475,33.7,0.888,20,0,1.573,0,1778967670
V,us,1778025600,26.59,7.88,0.38,318.1404,-1.003,31.7,0.721,20,0,0.682,0,1778967670
V,us,1778112000,29.2,9.12,0.417,320.6153,0.778,31.7,0.858,20,0,0.594,0,1778967670
V,us,1778198400,31.0,11.0,0.443,318.1305,-0.775,31.7,0.85,20,0,2.395,0,1778967670
MA,us,1763683200,7.01,2.45,0.1,538.6639,2.372,21.8,0.426,4,0,0.661,0,1778967670
MA,us,1763942400,7.97,3.7,0.114,536.1219,-0.472,19.8,0.397,4,0,1.499,0,1778967670
MA,us,1764028800,10.29,4.95,0.147,544.7142,1.603,19.8,0.504,4,0,1.329,0,1778967670
MA,us,1764115200,11.13,5.58,0.159,543.1792,-0.282,25.7,0.525,4,0,-0.481,0,1778967670
MA,us,1764288000,17.78,7.7,0.254,548.7613,1.028,25.7,0.628,9,0,-0.91,0,1778967670
MA,us,1764547200,13.66,6.82,0.195,542.2223,-1.192,21.8,0.654,4,0,-0.649,0,1778967670
MA,us,1764633600,21.04,8.95,0.301,544.1561,0.357,23.8,0.829,9,0,-1.531,0,1778967670
MA,us,1764720000,20.42,8.32,0.292,551.9509,1.432,21.8,0.83,9,0,-2.685,0,1778967670
MA,us,1764806400,15.88,8.7,0.227,540.5677,-2.062,17.8,0.688,4,0,3.883,1,1778967670
MA,us,1764892800,22.82,10.82,0.326,543.7674,0.592,15.8,0.82,9,0,4.841,1,1778967670
MA,us,1765152000,24.47,11.75,0.35,538.7037,-0.931,11.9,0.822,10,0,5.309,1,1778967670
MA,us,1765238400,23.96,12.38,0.342,535.823,-0.535,13.9,0.708,10,0,5.296,1,1778967670
MA,us,1765324800,30.58,18.62,0.437,537.1287,0.244,13.9,0.746,10,0,4.938,1,1778967670
MA,us,1765411200,38.68,19.12,0.553,561.56,4.548,19.8,0.806,20,0,0.504,0,1778967670
MA,us,1765497600,30.42,9.12,0.435,570.0925,1.519,25.7,0.98,20,0,0.052,0,1778967670
MA,us,1765756800,28.5,7.25,0.407,567.3015,-0.49,23.8,0.975,20,0,1.154,0,1778967670
MA,us,1765843200,27.19,6.0,0.388,564.2015,-0.546,23.8,0.969,20,0,1.825,0,1778967670
MA,us,1765929600,28.54,7.25,0.408,563.6533,-0.097,29.7,0.979,20,0,2.472,0,1778967670
MA,us,1766016000,29.01,7.88,0.414,564.3909,0.131,27.7,0.963,20,0,2.365,0,1778967670
MA,us,1766102400,34.18,9.12,0.488,570.3915,1.063,27.7,1.356,20,0,0.991,0,1778967670
MA,us,1766361600,30.57,6.0,0.437,573.8504,0.606,29.7,1.307,20,0,0.299,0,1778967670
MA,us,1766448000,35.0,6.0,0.5,574.4983,0.113,31.7,1.774,20,0,-0.949,0,1778967670
MA,us,1766534400,30.22,4.8,0.432,577.5884,0.538,31.7,1.672,16,0,-2.816,0,1778967670
MA,us,1766707200,31.0,4.8,0.443,577.7378,0.026,33.7,1.926,16,0,-1.903,0,1778967670
MA,us,1766966400,30.86,4.8,0.441,576.0433,-0.293,33.7,1.736,16,0,0.422,0,1778967670
MA,us,1767052800,31.62,5.42,0.452,575.5649,-0.083,33.7,1.802,16,0,0.433,0,1778967670
MA,us,1767139200,30.38,6.68,0.434,569.0459,-1.133,29.7,1.5,16,0,1.61,0,1778967670
MA,us,1767312000,20.51,5.2,0.293,561.3208,-1.358,25.7,1.151,9,0,2.357,0,1778967670
MA,us,1767571200,30.25,8.58,0.432,566.7433,0.966,25.7,1.437,14,0,-0.253,0,1778967670
MA,us,1767657600,39.65,12.88,0.566,578.4755,2.07,31.7,1.527,20,0,-5.95,-1,1778967670
MA,us,1767744000,42.58,16.62,0.608,578.0568,-0.072,27.7,1.446,20,0,-5.566,-1,1778967670
MA,us,1767830400,53.07,24.12,0.758,578.2064,0.026,31.7,1.745,20,0,-6.31,-1,1778967670
MA,us,1767916800,51.34,25.38,0.733,574.5526,-0.632,29.7,1.446,20,0,-6.264,-1,1778967670
MA,us,1768176000,37.06,22.08,0.529,565.3085,-1.609,25.7,1.118,9,0,-6.099,-1,1778967670
MA,us,1768262400,27.04,19.32,0.386,544.0551,-3.76,21.8,0.742,4,0,-3.196,-1,1778967670
MA,us,1768348800,24.5,14.95,0.35,545.8819,0.336,21.8,0.925,4,0,-2.553,0,1778967670
MA,us,1768435200,20.41,11.2,0.292,541.7191,-0.763,19.8,0.891,4,0,-3.3,-1,1778967670
MA,us,1768521600,16.6,7.45,0.237,538.5645,-0.582,21.8,0.885,4,0,-2.248,0,1778967670
MA,us,1768867200,8.81,1.2,0.126,530.8278,-1.437,21.8,0.731,4,0,-2.131,0,1778967670
MA,us,1768953600,6.28,1.2,0.09,526.6649,-0.784,21.8,0.478,4,0,-1.175,0,1778967670
MA,us,1769040000,6.89,1.2,0.098,531.9459,1.003,19.8,0.539,4,0,2.04,0,1778967670
MA,us,1769126400,5.95,1.2,0.085,523.8398,-1.524,15.8,0.445,4,0,2.678,0,1778967670
MA,us,1769385600,6.74,1.2,0.096,526.4553,0.499,15.8,0.524,4,0,5.311,1,1778967670
MA,us,1769472000,6.16,1.2,0.088,519.5172,-1.318,17.8,0.466,4,0,5.824,1,1778967670
MA,us,1769558400,7.37,1.2,0.105,520.4756,0.184,17.8,0.587,4,0,6.166,1,1778967670
MA,us,1769644800,9.91,2.45,0.142,542.7972,4.289,33.7,0.716,4,0,1.501,0,1778967670
MA,us,1769731200,10.19,3.08,0.146,537.8657,-0.909,37.6,0.681,4,0,1.847,0,1778967670
MA,us,1769990400,22.33,6.7,0.319,554.4172,3.077,41.6,0.833,14,0,-3.608,-1,1778967670
MA,us,1770076800,23.15,8.25,0.331,549.7752,-0.837,45.5,0.69,15,0,-1.876,0,1778967670
MA,us,1770163200,29.48,11.0,0.421,552.5704,0.508,49.5,0.698,20,0,-2.901,0,1778967670
MA,us,1770249600,31.23,12.88,0.446,550.9432,-0.294,51.5,0.685,20,0,-4.427,-1,1778967670
MA,us,1770336000,27.07,13.25,0.387,547.7986,-0.571,43.6,0.582,15,0,-5.536,-1,1778967670
MA,us,1770595200,28.14,18.0,0.402,534.4116,-2.444,39.6,0.564,10,0,-2.503,0,1778967670
MA,us,1770681600,35.13,20.75,0.502,539.463,0.945,39.6,0.638,15,0,-2.296,0,1778967670
MA,us,1770768000,30.75,19.25,0.439,536.538,-0.542,41.6,0.7,10,0,-3.2,-1,1778967670
MA,us,1770854400,28.35,18.0,0.405,526.5551,-1.861,39.6,0.585,10,0,-0.199,0,1778967670
MA,us,1770940800,20.47,14.32,0.292,517.4707,-1.725,35.6,0.585,4,0,-4.308,-1,1778967670
MA,us,1771286400,26.86,15.5,0.384,521.0346,0.689,35.6,0.686,10,0,-4.585,-1,1778967670
MA,us,1771372800,27.58,14.88,0.394,527.0742,1.159,37.6,0.82,10,0,-3.521,-1,1778967670
MA,us,1771459200,20.67,11.82,0.295,519.3675,-1.462,33.7,0.855,4,0,-1.055,0,1778967670
MA,us,1771545600,18.93,10.58,0.27,525.5069,1.182,39.6,0.805,4,0,-1.748,0,1778967670
MA,us,1771804800,16.82,8.7,0.24,495.179,-5.771,33.7,0.782,4,0,5.034,1,1778967670
MA,us,1771891200,15.67,7.45,0.224,497.1457,0.397,33.7,0.792,4,0,5.285,1,1778967670
MA,us,1771977600,17.34,7.45,0.248,508.5161,2.287,35.6,0.959,4,0,2.656,0,1778967670
MA,us,1772064000,16.56,6.82,0.237,513.8869,1.056,33.7,0.944,4,0,1.921,0,1778967670
MA,us,1772150400,16.48,6.82,0.235,516.3228,0.474,37.6,0.936,4,0,0.992,0,1778967670
MA,us,1772409600,19.14,7.45,0.273,520.1062,0.733,41.6,1.139,4,0,-0.63,0,1778967670
MA,us,1772496000,22.16,10.58,0.317,523.4205,0.637,41.6,1.128,4,0,-1.831,0,1778967670
MA,us,1772582400,24.83,12.45,0.355,522.0229,-0.267,37.6,1.208,4,0,-3.618,-1,1778967670
MA,us,1772668800,31.54,15.82,0.451,523.7599,0.333,35.6,1.192,9,0,-5.213,-1,1778967670
MA,us,1772755200,33.78,16.75,0.483,521.4439,-0.442,35.6,1.253,10,0,-4.662,-1,1778967670
MA,us,1773014400,31.61,18.7,0.452,516.8318,-0.884,35.6,1.261,4,0,-1.781,0,1778967670
MA,us,1773100800,32.13,18.7,0.459,513.837,-0.579,37.6,1.313,4,0,-1.581,0,1778967670
MA,us,1773187200,32.33,20.58,0.462,503.1354,-2.083,35.6,1.145,4,0,-3.081,-1,1778967670
MA,us,1773273600,32.03,19.95,0.458,496.4568,-1.327,33.7,1.178,4,0,-1.241,0,1778967670
MA,us,1773360000,37.74,19.25,0.539,497.1357,0.137,35.6,1.399,10,0,-0.335,0,1778967670
MA,us,1773619200,39.82,18.0,0.569,507.6277,2.11,33.7,1.732,10,0,-1.597,0,1778967670
MA,us,1773705600,31.13,16.2,0.445,505.7109,-0.378,33.7,1.463,4,0,-1.51,0,1778967670
MA,us,1773792000,26.05,13.7,0.372,487.632,-3.575,31.7,1.205,4,0,2.925,0,1778967670
MA,us,1773878400,24.57,9.95,0.351,490.2975,0.547,31.7,1.432,4,0,1.957,0,1778967670
MA,us,1773964800,26.15,10.58,0.374,495.4685,1.055,35.6,1.527,4,0,-2.434,0,1778967670
MA,us,1774224000,29.62,11.82,0.423,499.5216,0.818,37.6,2.049,4,0,-1.275,0,1778967670
MA,us,1774310400,28.85,11.82,0.412,498.0741,-0.29,37.6,1.673,4,0,0.146,0,1778967670
MA,us,1774396800,26.96,10.58,0.385,501.8975,0.768,41.6,1.608,4,0,-2.21,0,1778967670
MA,us,1774483200,22.63,9.95,0.323,499.8909,-0.4,39.6,1.238,4,0,-1.46,0,1778967670
MA,us,1774569600,16.59,6.82,0.237,483.4093,-3.297,41.6,0.947,4,0,3.564,1,1778967670
MA,us,1774828800,17.16,7.45,0.245,493.1525,2.016,41.6,0.941,4,0,0.866,0,1778967670
MA,us,1774915200,22.23,12.45,0.318,498.8028,1.146,39.6,0.948,4,0,1.493,0,1778967670
MA,us,1775001600,25.59,16.2,0.366,490.8065,-1.603,35.6,0.909,4,0,2.601,0,1778967670
MA,us,1775088000,29.71,20.58,0.424,492.5935,0.364,35.6,0.883,4,0,1.232,0,1778967670
MA,us,1775433600,36.22,22.08,0.517,500.6396,1.633,39.6,1.034,9,0,1.586,0,1778967670
MA,us,1775520000,31.21,20.58,0.446,497.4252,-0.642,35.6,1.033,4,0,3.163,1,1778967670
MA,us,1775606400,44.43,23.88,0.635,506.25,1.774,39.6,1.255,15,0,2.708,0,1778967670
MA,us,1775692800,43.62,23.25,0.623,503.57,-0.529,35.6,1.237,15,0,2.973,0,1778967670
MA,us,1775779200,42.94,22.62,0.613,498.66,-0.975,39.6,1.232,15,0,4.54,1,1778967670
MA,us,1776038400,42.48,22.0,0.607,508.58,1.989,37.6,1.248,15,0,1.587,0,1778967670
MA,us,1776124800,41.0,20.75,0.586,513.16,0.901,39.6,1.225,15,0,-0.353,0,1778967670
MA,us,1776211200,47.03,21.0,0.672,519.96,1.325,39.6,1.453,20,0,-1.885,0,1778967670
MA,us,1776297600,46.67,20.38,0.667,518.54,-0.273,35.6,1.479,20,0,-3.116,-1,1778967670
MA,us,1776384000,40.29,16.68,0.576,521.3,0.532,35.6,1.491,16,0,-3.286,-1,1778967670
MA,us,1776643200,39.25,16.0,0.561,516.65,-0.892,31.7,1.175,20,0,-1.978,0,1778967670
MA,us,1776729600,30.27,12.62,0.432,511.35,-1.026,31.7,0.965,15,0,-0.729,0,1778967670
MA,us,1776816000,30.27,12.62,0.432,510.16,-0.233,29.7,0.965,15,0,2.954,0,1778967670
MA,us,1776902400,23.87,11.12,0.341,502.38,-1.525,29.7,0.825,10,0,0.107,0,1778967670
MA,us,1776988800,26.27,11.75,0.375,504.17,0.356,29.7,1.002,10,0,-1.728,0,1778967670
MA,us,1777248000,39.2,18.88,0.56,506.43,0.448,27.7,1.232,15,0,-0.334,0,1778967670
MA,us,1777334400,39.92,19.5,0.57,507.62,0.235,29.7,1.242,15,0,-2.076,0,1778967670
MA,us,1777420800,42.93,18.5,0.613,525.23,3.469,37.6,1.293,20,0,-6.348,-1,1778967670
MA,us,1777507200,34.84,18.0,0.498,502.92,-4.248,31.7,1.234,10,0,-0.394,0,1778967670
MA,us,1777593600,26.96,16.82,0.385,495.46,-1.483,29.7,0.984,4,0,0.004,0,1778967670
MA,us,1777852800,27.54,16.82,0.393,504.74,1.873,27.7,1.042,4,0,-1.373,0,1778967670
MA,us,1777939200,26.73,16.2,0.382,497.08,-1.518,25.7,1.023,4,0,0.549,0,1778967670
MA,us,1778025600,20.85,12.45,0.298,491.89,-1.044,23.8,0.81,4,0,-0.254,0,1778967670
MA,us,1778112000,22.35,11.82,0.319,500.94,1.84,21.8,1.023,4,0,-2.196,0,1778967670
MA,us,1778198400,20.75,10.58,0.296,495.48,-1.09,23.8,0.987,4,0,-0.258,0,1778967670
BX,us,1763683200,24.69,20.58,0.353,139.7361,3.07,13.9,0.381,4,0,2.579,0,1778967670
BX,us,1763942400,24.65,20.58,0.352,138.5118,-0.876,5.9,0.377,4,0,3.762,1,1778967670
BX,us,1764028800,30.39,22.08,0.434,140.4805,1.421,9.9,0.451,9,0,5.64,1,1778967670
BX,us,1764115200,37.16,23.88,0.531,141.9398,1.039,5.9,0.528,15,0,4.465,1,1778967670
BX,us,1764288000,37.84,23.88,0.541,143.409,1.035,4.0,0.596,15,0,3.913,1,1778967670
BX,us,1764547200,36.91,22.62,0.527,143.3404,-0.048,9.9,0.629,15,0,3.43,1,1778967670
BX,us,1764633600,37.63,22.0,0.538,143.7224,0.266,9.9,0.763,15,0,6.324,1,1778967670
BX,us,1764720000,37.63,20.12,0.538,148.4041,3.257,9.9,0.951,15,0,3.353,1,1778967670
BX,us,1764806400,31.3,18.3,0.447,148.2768,-0.086,9.9,0.78,11,0,1.797,0,1778967670
BX,us,1764892800,31.39,17.05,0.448,149.0211,0.502,9.9,0.914,11,0,-0.638,0,1778967670
BX,us,1765152000,27.52,14.55,0.393,148.2572,-0.513,9.9,0.777,11,0,-0.68,0,1778967670
BX,us,1765238400,31.04,12.3,0.443,152.8116,3.072,11.9,1.004,16,0,-2.519,0,1778967670
BX,us,1765324800,27.01,7.92,0.386,153.3796,0.372,11.9,1.039,16,0,-2.178,0,1778967670
BX,us,1765411200,20.14,4.55,0.288,150.9408,-1.59,11.9,1.039,11,0,-0.247,0,1778967670
BX,us,1765497600,27.15,7.62,0.388,148.0711,-1.901,9.9,1.153,15,0,0.271,0,1778967670
BX,us,1765756800,25.54,8.25,0.365,147.2484,-0.556,11.9,0.929,15,0,3.652,1,1778967670
BX,us,1765843200,31.1,12.0,0.444,148.9624,1.164,11.9,1.11,15,0,2.019,0,1778967670
BX,us,1765929600,42.93,17.25,0.613,150.0397,0.723,13.9,1.418,20,0,1.554,0,1778967670
BX,us,1766016000,42.71,17.25,0.61,150.5686,0.353,13.9,1.396,20,0,1.093,0,1778967670
BX,us,1766102400,38.89,18.25,0.556,148.4727,-1.392,13.9,1.264,15,0,2.335,0,1778967670
BX,us,1766361600,43.59,19.75,0.623,152.6255,2.797,13.9,1.234,20,0,-0.674,0,1778967670
BX,us,1766448000,46.3,21.62,0.661,151.9693,-0.43,13.9,1.318,20,0,-0.657,0,1778967670
BX,us,1766534400,46.32,22.25,0.662,152.3708,0.264,13.9,1.257,20,0,2.076,0,1778967670
BX,us,1766707200,46.2,23.5,0.66,152.2141,-0.103,13.9,1.12,20,0,4.466,1,1778967670
BX,us,1766966400,47.18,25.38,0.674,151.9399,-0.18,13.9,1.03,20,0,4.848,1,1778967670
BX,us,1767052800,41.67,23.58,0.595,151.5971,-0.226,13.9,1.079,14,0,-0.769,0,1778967670
BX,us,1767139200,40.4,23.58,0.577,150.9702,-0.413,13.9,0.952,14,0,0.753,0,1778967670
BX,us,1767312000,45.56,24.75,0.651,155.5344,3.023,21.8,0.931,20,0,-0.743,0,1778967670
BX,us,1767571200,42.35,22.3,0.605,159.0114,2.236,27.7,1.135,16,0,-3.554,-1,1778967670
BX,us,1767657600,38.73,18.55,0.553,159.3052,0.185,27.7,1.148,16,0,-4.55,-1,1778967670
BX,us,1767744000,36.06,18.25,0.515,150.4315,-5.57,13.9,0.981,15,0,3.334,1,1778967670
BX,us,1767830400,40.5,19.75,0.579,152.1064,1.113,19.8,0.925,20,0,3.548,1,1778967670
BX,us,1767916800,38.66,18.5,0.552,154.3787,1.494,21.8,0.866,20,0,3.73,1,1778967670
BX,us,1768176000,38.21,17.88,0.546,153.36,-0.66,21.8,0.883,20,0,-1.705,0,1778967670
BX,us,1768262400,32.01,18.95,0.457,152.0574,-0.849,25.7,0.926,9,0,0.464,0,1778967670
BX,us,1768348800,45.09,22.25,0.644,155.4462,2.229,27.7,1.134,20,0,-2.394,0,1778967670
BX,us,1768435200,44.06,21.62,0.629,157.5031,1.323,31.7,1.094,20,0,-6.424,-1,1778967670
BX,us,1768521600,39.8,17.25,0.569,160.1377,1.673,35.6,1.105,20,0,-8.214,-1,1778967670
BX,us,1768867200,26.36,13.95,0.377,150.7449,-5.865,31.7,0.861,9,0,-3.574,-1,1778967670
BX,us,1768953600,40.39,19.5,0.577,152.7626,1.338,33.7,1.289,15,0,-5.886,-1,1778967670
BX,us,1769040000,37.22,18.88,0.532,151.7244,-0.68,29.7,1.034,15,0,-7.727,-1,1778967670
BX,us,1769126400,24.44,10.82,0.349,147.3855,-2.86,19.8,0.982,9,0,-5.356,-1,1778967670
BX,us,1769385600,16.71,8.08,0.239,146.9839,-0.272,23.8,0.833,4,0,-5.857,-1,1778967670
BX,us,1769472000,15.11,6.82,0.216,145.358,-1.106,23.8,0.799,4,0,-9.79,-1,1778967670
BX,us,1769558400,12.64,4.95,0.181,143.7714,-1.092,19.8,0.739,4,0,-8.345,-1,1778967670
BX,us,1769644800,10.34,3.7,0.148,140.0005,-2.623,19.8,0.634,4,0,-11.27,-1,1778967670
BX,us,1769731200,8.84,2.45,0.126,139.4912,-0.364,21.8,0.609,4,0,-8.938,-1,1778967670
BX,us,1769990400,6.56,1.2,0.094,138.3747,-0.8,21.8,0.506,4,0,-5.898,-1,1778967670
BX,us,1770076800,5.12,1.2,0.073,131.1269,-5.238,21.8,0.362,4,0,1.117,0,1778967670
BX,us,1770163200,6.07,1.2,0.087,131.7733,0.493,25.7,0.457,4,0,0.358,0,1778967670
BX,us,1770249600,5.79,1.2,0.083,124.2218,-5.731,25.7,0.429,4,0,3.507,1,1778967670
BX,us,1770336000,6.83,1.2,0.098,127.023,2.255,25.7,0.533,4,0,1.295,0,1778967670
BX,us,1770595200,7.64,1.2,0.109,130.2135,2.512,23.8,0.614,4,0,-0.023,0,1778967670
BX,us,1770681600,9.11,1.2,0.13,132.5914,1.826,23.8,0.761,4,0,-0.688,0,1778967670
BX,us,1770768000,8.74,1.2,0.125,132.2446,-0.262,25.7,0.724,4,0,-5.777,-1,1778967670
BX,us,1770854400,7.5,1.2,0.107,128.5786,-2.772,25.7,0.6,4,0,-6.55,-1,1778967670
BX,us,1770940800,10.41,3.7,0.149,128.6678,0.069,23.8,0.641,4,0,-12.436,-1,1778967670
BX,us,1771286400,11.99,4.95,0.171,130.1837,1.178,27.7,0.674,4,0,-11.401,-1,1778967670
BX,us,1771372800,14.3,6.2,0.204,131.6799,1.149,27.7,0.78,4,0,-11.046,-1,1778967670
BX,us,1771459200,13.47,6.82,0.192,124.6054,-5.372,21.8,0.635,4,0,-6.21,-1,1778967670
BX,us,1771545600,13.38,7.45,0.191,120.1566,-3.57,19.8,0.563,4,0,-6.514,-1,1778967670
BX,us,1771804800,11.42,6.2,0.163,112.666,-6.234,19.8,0.492,4,0,1.425,0,1778967670
BX,us,1771891200,12.52,6.2,0.179,115.3413,2.374,17.8,0.602,4,0,-4.716,-1,1778967670
BX,us,1771977600,14.71,7.45,0.21,117.1346,1.555,13.9,0.696,4,0,-3.451,-1,1778967670
BX,us,1772064000,15.68,8.7,0.224,116.8671,-0.228,11.9,0.668,4,0,-2.035,0,1778967670
BX,us,1772150400,14.95,8.08,0.214,112.3292,-3.883,9.9,0.657,4,0,-2.62,0,1778967670
BX,us,1772409600,17.3,9.32,0.247,114.2712,1.729,9.9,0.768,4,0,-4.058,-1,1778967670
BX,us,1772496000,15.99,8.7,0.228,109.9017,-3.824,9.9,0.699,4,0,-0.865,0,1778967670
BX,us,1772582400,15.65,6.82,0.224,113.0921,2.903,7.9,0.853,4,0,-6.036,-1,1778967670
BX,us,1772668800,16.22,7.45,0.232,114.4892,1.235,9.9,0.847,4,0,-11.623,-1,1778967670
BX,us,1772755200,13.93,4.95,0.199,109.3864,-4.457,5.9,0.868,4,0,-3.279,-1,1778967670
BX,us,1773014400,13.81,4.95,0.197,109.6341,0.226,7.9,0.856,4,0,-3.19,-1,1778967670
BX,us,1773100800,11.89,4.32,0.17,108.9505,-0.624,9.9,0.727,4,0,1.855,0,1778967670
BX,us,1773187200,11.95,5.58,0.171,106.2654,-2.465,5.9,0.607,4,0,5.855,1,1778967670
BX,us,1773273600,10.29,4.32,0.147,101.1825,-4.783,4.0,0.567,4,0,11.114,1,1778967670
BX,us,1773360000,12.94,5.58,0.185,105.7997,4.563,7.9,0.706,4,0,3.418,1,1778967670
BX,us,1773619200,15.6,8.08,0.223,106.1366,0.318,5.9,0.722,4,0,2.082,0,1778967670
BX,us,1773705600,24.53,16.82,0.35,110.9717,4.556,7.9,0.741,4,0,-3.589,-1,1778967670
BX,us,1773792000,33.02,21.45,0.472,112.4877,1.366,9.9,0.777,9,0,-4.536,-1,1778967670
BX,us,1773878400,39.8,23.88,0.569,112.4283,-0.053,9.9,0.792,15,0,-3.384,-1,1778967670
BX,us,1773964800,26.94,20.58,0.385,109.4162,-2.679,5.9,0.606,4,0,-2.137,0,1778967670
BX,us,1774224000,26.72,19.95,0.382,108.3461,-0.978,5.9,0.647,4,0,2.058,0,1778967670
BX,us,1774310400,26.36,20.58,0.377,106.9887,-1.253,11.9,0.548,4,0,6.492,1,1778967670
BX,us,1774396800,26.23,20.58,0.375,107.385,0.37,11.9,0.535,4,0,5.49,1,1778967670
BX,us,1774483200,27.06,20.58,0.387,108.6235,1.153,11.9,0.618,4,0,3.12,1,1778967670
BX,us,1774569600,27.13,20.58,0.388,107.0778,-1.423,11.9,0.625,4,0,3.859,1,1778967670
BX,us,1774828800,38.07,23.88,0.544,110.5754,3.266,13.9,0.619,15,0,1.013,0,1778967670
BX,us,1774915200,38.88,23.25,0.555,113.9343,3.038,13.9,0.763,15,0,2.331,0,1778967670
BX,us,1775001600,33.19,21.42,0.474,113.2804,-0.574,15.8,0.657,11,0,2.248,0,1778967670
BX,us,1775088000,36.83,23.25,0.526,112.0121,-1.12,15.8,0.558,15,0,1.575,0,1778967670
BX,us,1775433600,36.44,22.62,0.521,111.2095,-0.716,11.9,0.582,15,0,8.535,1,1778967670
BX,us,1775520000,35.36,22.0,0.505,111.695,0.437,11.9,0.536,15,0,12.064,1,1778967670
BX,us,1775606400,33.17,18.88,0.474,116.5897,4.382,17.8,0.629,15,0,10.64,1,1778967670
BX,us,1775692800,32.06,17.62,0.458,115.8268,-0.654,19.8,0.644,15,0,9.607,1,1778967670
BX,us,1775779200,37.04,22.0,0.529,113.7758,-1.771,17.8,0.704,15,0,12.41,1,1778967670
BX,us,1776038400,28.35,16.42,0.405,120.7016,6.087,17.8,0.673,11,0,5.886,1,1778967670
BX,us,1776124800,29.06,13.55,0.415,125.1702,3.702,19.8,0.681,16,0,1.718,0,1778967670
BX,us,1776211200,27.85,12.3,0.398,128.9948,3.055,19.8,0.685,16,0,-0.353,0,1778967670
BX,us,1776297600,26.08,11.68,0.373,126.9537,-1.582,15.8,0.57,16,0,-4.527,-1,1778967670
BX,us,1776384000,25.95,10.42,0.371,127.8949,0.741,17.8,0.683,16,0,-5.756,-1,1778967670
BX,us,1776643200,29.52,9.18,0.422,127.8058,-0.07,17.8,1.164,16,0,-6.683,-1,1778967670
BX,us,1776729600,29.99,9.18,0.428,127.3203,-0.38,13.9,1.211,16,0,-5.432,-1,1778967670
BX,us,1776816000,32.07,8.55,0.458,128.539,0.957,13.9,1.482,16,0,-7.631,-1,1778967670
BX,us,1776902400,34.06,11.0,0.487,121.2069,-5.704,15.8,1.156,20,0,2.657,0,1778967670
BX,us,1776988800,33.51,12.25,0.479,120.5331,-0.556,15.8,0.976,20,0,3.864,1,1778967670
BX,us,1777248000,29.59,11.38,0.423,119.2649,-1.052,15.8,1.021,15,0,3.207,1,1778967670
BX,us,1777334400,34.22,12.88,0.489,120.4043,0.955,19.8,0.984,20,0,1.923,0,1778967670
BX,us,1777420800,27.85,12.0,0.398,118.7299,-1.391,17.8,0.785,15,0,5.02,1,1778967670
BX,us,1777507200,35.16,13.5,0.502,124.4271,4.798,23.8,1.016,20,0,-1.685,0,1778967670
BX,us,1777593600,38.1,14.12,0.544,125.19,0.613,21.8,1.248,20,0,-1.134,0,1778967670
BX,us,1777852800,32.09,12.32,0.458,123.09,-1.677,19.8,1.247,14,0,-1.373,0,1778967670
BX,us,1777939200,26.76,12.08,0.382,122.72,-0.301,19.8,1.088,9,0,0.033,0,1778967670
BX,us,1778025600,33.09,15.45,0.473,124.69,1.605,21.8,1.034,14,0,-4.066,-1,1778967670
BX,us,1778112000,30.72,16.45,0.439,122.33,-1.893,19.8,1.047,9,0,0.106,0,1778967670
BX,us,1778198400,37.73,22.08,0.539,123.77,1.177,17.8,1.185,9,0,-4.751,-1,1778967670
KKR,us,1763683200,32.67,16.75,0.467,118.2222,3.723,15.8,1.142,10,0,2.966,0,1778967670
KKR,us,1763942400,26.87,16.82,0.384,117.4053,-0.691,11.9,0.975,4,0,4.098,1,1778967670
KKR,us,1764028800,38.79,19.5,0.554,120.3541,2.512,13.9,1.129,15,0,4.693,1,1778967670
KKR,us,1764115200,40.3,18.88,0.576,120.3741,0.017,13.9,1.342,15,0,6.29,1,1778967670
KKR,us,1764288000,37.51,14.5,0.536,121.8485,1.225,11.9,1.501,15,0,5.813,1,1778967670
KKR,us,1764547200,34.2,13.25,0.489,121.7289,-0.098,13.9,1.295,15,0,6.588,1,1778967670
KKR,us,1764633600,35.69,12.62,0.51,122.2171,0.401,13.9,1.507,15,0,10.678,1,1778967670
KKR,us,1764720000,36.63,10.38,0.523,126.0027,3.097,17.8,1.475,20,0,11.907,1,1778967670
KKR,us,1764806400,34.51,8.5,0.493,127.9454,1.542,19.8,1.451,20,0,11.166,1,1778967670
KKR,us,1764892800,32.34,7.25,0.462,128.9316,0.771,17.8,1.359,20,0,5.548,1,1778967670
KKR,us,1765152000,25.78,4.8,0.368,129.7486,0.634,21.8,1.228,16,0,3.509,1,1778967670
KKR,us,1765238400,29.7,4.8,0.424,135.2676,4.254,31.7,1.62,16,0,-1.768,0,1778967670
KKR,us,1765324800,31.0,4.8,0.443,141.0059,4.242,33.7,1.75,16,0,-6.634,-1,1778967670
KKR,us,1765411200,31.0,4.8,0.443,142.2313,0.869,39.6,1.85,16,0,-7.565,-1,1778967670
KKR,us,1765497600,31.0,4.8,0.443,136.0846,-4.322,23.8,2.122,16,0,-4.385,-1,1778967670
KKR,us,1765756800,31.0,4.8,0.443,134.3013,-1.31,21.8,2.041,16,0,-2.515,0,1778967670
KKR,us,1765843200,36.25,7.25,0.518,132.8767,-1.061,21.8,2.115,20,0,-1.784,0,1778967670
KKR,us,1765929600,37.02,8.5,0.529,131.6513,-0.922,19.8,1.702,20,0,-1.037,0,1778967670
KKR,us,1766016000,34.6,9.12,0.494,131.472,-0.136,19.8,1.398,20,0,-1.182,0,1778967670
KKR,us,1766102400,35.52,10.38,0.507,130.1172,-1.031,17.8,1.364,20,0,-0.911,0,1778967670
KKR,us,1766361600,35.68,11.0,0.51,130.9241,0.62,17.8,1.318,20,0,-2.115,0,1778967670
KKR,us,1766448000,37.02,11.62,0.529,130.5057,-0.32,17.8,1.39,20,0,-2.687,0,1778967670
KKR,us,1766534400,36.52,12.88,0.522,130.2865,-0.168,17.8,1.214,20,0,-1.438,0,1778967670
KKR,us,1766707200,30.56,12.0,0.437,129.9179,-0.283,17.8,1.056,15,0,3.19,1,1778967670
KKR,us,1766966400,24.3,10.82,0.347,128.9316,-0.759,17.8,0.968,9,0,4.945,1,1778967670
KKR,us,1767052800,25.76,12.08,0.368,128.1546,-0.603,17.8,0.988,9,0,1.702,0,1778967670
KKR,us,1767139200,25.94,13.32,0.371,126.999,-0.902,21.8,0.882,9,0,4.832,1,1778967670
KKR,us,1767312000,26.45,13.95,0.378,128.4136,1.114,31.7,0.87,9,0,4.461,1,1778967670
KKR,us,1767571200,32.43,16.08,0.463,134.0622,4.399,35.6,0.905,14,0,-0.446,0,1778967670
KKR,us,1767657600,39.33,18.5,0.562,135.3075,0.929,33.7,0.933,20,0,-4.226,-1,1778967670
KKR,us,1767744000,27.84,16.45,0.398,130.3363,-3.674,25.7,0.759,9,0,0.955,0,1778967670
KKR,us,1767830400,38.97,20.38,0.557,133.1357,2.148,35.6,0.709,20,0,-1.736,0,1778967670
KKR,us,1767916800,38.57,21.0,0.551,134.1419,0.756,39.6,0.607,20,0,-2.399,0,1778967670
KKR,us,1768176000,41.01,25.38,0.586,133.4645,-0.505,39.6,0.413,20,0,-8.263,-1,1778967670
KKR,us,1768262400,30.2,22.08,0.431,129.5892,-2.904,37.6,0.432,9,0,-4.42,-1,1778967670
KKR,us,1768348800,43.3,25.38,0.619,131.5816,1.538,37.6,0.642,20,0,-6.511,-1,1778967670
KKR,us,1768435200,38.45,23.88,0.549,130.8245,-0.575,37.6,0.657,15,0,-7.668,-1,1778967670
KKR,us,1768521600,40.04,23.88,0.572,130.9241,0.076,41.6,0.816,15,0,-9.717,-1,1778967670
KKR,us,1768867200,25.76,17.45,0.368,122.4362,-6.483,33.7,0.801,4,0,-5.614,-1,1778967670
KKR,us,1768953600,27.89,16.82,0.398,123.8609,1.164,35.6,1.077,4,0,-6.081,-1,1778967670
KKR,us,1769040000,24.65,15.58,0.352,123.0141,-0.684,25.7,0.877,4,0,-6.884,-1,1778967670
KKR,us,1769126400,20.84,11.82,0.298,120.7925,-1.806,23.8,0.872,4,0,-5.765,-1,1778967670
KKR,us,1769385600,17.5,9.95,0.25,118.2023,-2.144,17.8,0.725,4,0,-3.616,-1,1778967670
KKR,us,1769472000,15.12,8.08,0.216,115.5623,-2.233,15.8,0.674,4,0,-10.966,-1,1778967670
KKR,us,1769558400,15.24,6.82,0.218,116.3294,0.664,13.9,0.812,4,0,-10.277,-1,1778967670
KKR,us,1769644800,12.57,4.95,0.18,114.5461,-1.533,17.8,0.732,4,0,-13.75,-1,1778967670
KKR,us,1769731200,10.91,3.7,0.156,113.8288,-0.626,19.8,0.691,4,0,-9.68,-1,1778967670
KKR,us,1769990400,10.67,3.08,0.152,113.9285,0.088,19.8,0.729,4,0,-6.182,-1,1778967670
KKR,us,1770076800,6.79,1.2,0.097,102.8903,-9.689,15.8,0.529,4,0,3.805,1,1778967670
KKR,us,1770163200,9.42,1.2,0.135,104.3747,1.443,17.8,0.792,4,0,0.277,0,1778967670
KKR,us,1770249600,8.14,1.2,0.116,98.7958,-5.345,15.8,0.664,4,0,1.966,0,1778967670
KKR,us,1770336000,9.43,1.2,0.135,102.8106,4.064,15.8,0.793,4,0,-1.424,0,1778967670
KKR,us,1770595200,11.25,1.82,0.161,106.8852,3.963,19.8,0.913,4,0,-4.244,-1,1778967670
KKR,us,1770681600,12.06,3.08,0.172,106.8055,-0.075,15.8,0.868,4,0,-3.191,-1,1778967670
KKR,us,1770768000,12.31,3.7,0.176,104.6636,-2.005,17.8,0.831,4,0,-3.079,-1,1778967670
KKR,us,1770854400,11.39,4.32,0.163,100.7384,-3.75,17.8,0.677,4,0,0.242,0,1778967670
KKR,us,1770940800,12.74,4.95,0.182,101.3461,0.603,15.8,0.749,4,0,-9.213,-1,1778967670
KKR,us,1771286400,14.27,6.2,0.204,102.3492,0.99,17.8,0.777,4,0,-6.66,-1,1778967670
KKR,us,1771372800,16.02,6.82,0.229,103.3971,1.024,19.8,0.89,4,0,-6.728,-1,1778967670
KKR,us,1771459200,15.93,8.08,0.228,101.4409,-1.892,19.8,0.755,4,0,-7.891,-1,1778967670
KKR,us,1771545600,16.24,8.7,0.232,100.9818,-0.453,17.8,0.724,4,0,-13.343,-1,1778967670
KKR,us,1771804800,15.45,8.7,0.221,92.0095,-8.885,11.9,0.645,4,0,-1.714,0,1778967670
KKR,us,1771891200,17.47,9.32,0.25,95.5325,3.829,13.9,0.785,4,0,-5.401,-1,1778967670
KKR,us,1771977600,20.12,10.58,0.287,96.4408,0.951,11.9,0.924,4,0,-2.898,0,1778967670
KKR,us,1772064000,19.67,11.82,0.281,93.4367,-3.115,7.9,0.755,4,0,2.104,0,1778967670
KKR,us,1772150400,16.9,9.95,0.241,87.5083,-6.345,7.9,0.665,4,0,4.163,1,1778967670
KKR,us,1772409600,20.16,11.82,0.288,90.4325,3.342,7.9,0.804,4,0,0.364,0,1778967670
KKR,us,1772496000,21.68,14.32,0.31,90.3727,-0.066,7.9,0.706,4,0,-0.652,0,1778967670
KKR,us,1772582400,22.47,13.7,0.321,93.6462,3.622,5.9,0.847,4,0,-7.141,-1,1778967670
KKR,us,1772668800,23.31,15.58,0.333,95.4028,1.876,7.9,0.743,4,0,-12.25,-1,1778967670
KKR,us,1772755200,21.91,13.7,0.313,91.1511,-4.457,4.0,0.791,4,0,-5.913,-1,1778967670
KKR,us,1773014400,19.65,13.08,0.281,90.7619,-0.427,4.0,0.627,4,0,-5.322,-1,1778967670
KKR,us,1773100800,20.33,14.95,0.29,89.7838,-1.078,5.9,0.508,4,0,-1.1,0,1778967670
KKR,us,1773187200,21.61,16.2,0.309,86.9594,-3.146,2.0,0.511,4,0,4.017,1,1778967670
KKR,us,1773273600,18.85,13.7,0.269,83.7157,-3.73,2.0,0.485,4,0,8.011,1,1778967670
KKR,us,1773360000,18.53,12.45,0.265,85.7617,2.444,2.0,0.578,4,0,4.736,1,1778967670
KKR,us,1773619200,19.3,13.08,0.276,85.9314,0.198,2.0,0.592,4,0,5.505,1,1778967670
KKR,us,1773705600,24.8,18.7,0.354,88.7958,3.333,2.0,0.58,4,0,2.181,0,1778967670
KKR,us,1773792000,26.8,20.58,0.383,90.4525,1.866,2.0,0.592,4,0,-1.898,0,1778967670
KKR,us,1773878400,33.02,22.38,0.472,90.4226,-0.033,2.0,0.614,10,0,-0.673,0,1778967670
KKR,us,1773964800,26.89,20.58,0.384,89.8237,-0.662,4.0,0.601,4,0,-1.667,0,1778967670
KKR,us,1774224000,39.31,23.88,0.562,90.6621,0.933,4.0,0.743,15,0,-0.528,0,1778967670
KKR,us,1774310400,33.14,22.08,0.473,90.732,0.077,9.9,0.726,9,0,1.749,0,1778967670
KKR,us,1774396800,26.98,20.58,0.385,88.7359,-2.2,7.9,0.61,4,0,2.756,0,1778967670
KKR,us,1774483200,33.67,22.08,0.481,89.8138,1.215,7.9,0.779,9,0,1.378,0,1778967670
KKR,us,1774569600,29.92,20.58,0.427,88.3267,-1.656,9.9,0.904,4,0,2.881,0,1778967670
KKR,us,1774828800,40.17,23.88,0.574,90.183,2.102,11.9,0.829,15,0,0.432,0,1778967670
KKR,us,1774915200,40.54,22.0,0.579,92.3188,2.368,9.9,1.054,15,0,1.578,0,1778967670
KKR,us,1775001600,36.46,22.68,0.521,91.1811,-1.232,13.9,0.858,11,0,1.609,0,1778967670
KKR,us,1775088000,38.96,23.88,0.557,91.0513,-0.142,13.9,0.708,15,0,-0.011,0,1778967670
KKR,us,1775433600,39.45,23.88,0.564,90.8717,-0.197,9.9,0.757,15,0,7.787,1,1778967670
KKR,us,1775520000,40.01,23.88,0.572,90.5723,-0.329,9.9,0.813,15,0,10.667,1,1778967670
KKR,us,1775606400,39.54,22.0,0.565,93.776,3.537,15.8,0.954,15,0,10.526,1,1778967670
KKR,us,1775692800,39.37,21.38,0.562,92.6482,-1.203,17.8,0.999,15,0,9.9,1,1778967670
KKR,us,1775779200,43.57,23.88,0.622,91.0414,-1.734,15.8,1.169,15,0,13.572,1,1778967670
KKR,us,1776038400,41.0,21.38,0.586,97.9478,7.586,15.8,1.162,15,0,5.89,1,1778967670
KKR,us,1776124800,40.76,17.25,0.582,100.2333,2.333,15.8,1.201,20,0,4.003,1,1778967670
KKR,us,1776211200,34.5,13.55,0.493,103.6466,3.405,15.8,1.225,16,0,1.993,0,1778967670
KKR,us,1776297600,31.21,12.3,0.446,101.8202,-1.762,13.9,1.021,16,0,-0.372,0,1778967670
KKR,us,1776384000,32.03,11.05,0.458,103.3971,1.549,13.9,1.228,16,0,-1.708,0,1778967670
KKR,us,1776643200,34.95,10.42,0.499,103.7165,0.309,15.8,1.583,16,0,-3.099,-1,1778967670
KKR,us,1776729600,31.62,7.3,0.452,104.2454,0.51,15.8,1.562,16,0,-2.92,0,1778967670
KKR,us,1776816000,28.63,4.8,0.409,105.7126,1.407,15.8,1.513,16,0,-6.231,-1,1778967670
KKR,us,1776902400,33.57,6.62,0.48,101.4409,-4.041,17.8,1.545,20,0,2.656,0,1778967670
KKR,us,1776988800,34.39,8.5,0.491,101.6306,0.187,17.8,1.439,20,0,1.817,0,1778967670
KKR,us,1777248000,38.43,11.0,0.549,100.5028,-1.11,17.8,1.593,20,0,2.612,0,1778967670
KKR,us,1777334400,37.93,11.62,0.542,101.2014,0.695,21.8,1.481,20,0,0.592,0,1778967670
KKR,us,1777420800,34.78,11.62,0.497,99.1255,-2.051,21.8,1.166,20,0,1.48,0,1778967670
KKR,us,1777507200,34.8,11.05,0.497,104.1357,5.054,25.7,1.505,16,0,-3.834,-1,1778967670
KKR,us,1777593600,40.05,12.88,0.572,103.477,-0.633,25.7,1.567,20,0,-1.119,0,1778967670
KKR,us,1777852800,40.47,13.5,0.578,103.1276,-0.338,21.8,1.547,20,0,-3.745,-1,1778967670
KKR,us,1777939200,34.62,12.95,0.495,101.8002,-1.287,23.8,1.437,14,0,-2.48,0,1778967670
KKR,us,1778025600,28.1,12.7,0.401,100.5926,-1.186,19.8,1.16,9,0,-3.334,-1,1778967670
KKR,us,1778112000,29.68,14.58,0.424,100.1435,-0.446,17.8,1.13,9,0,-0.767,0,1778967670
KKR,us,1778198400,44.67,23.58,0.638,102.3192,2.173,19.8,1.379,14,0,-5.228,-1,1778967670
APO,us,1763683200,38.44,18.88,0.549,129.491,2.572,39.6,1.156,15,0,1.054,0,1778967670
APO,us,1763942400,42.69,19.12,0.61,129.5707,0.062,37.6,1.207,20,0,1.522,0,1778967670
APO,us,1764028800,40.43,19.2,0.578,130.0886,0.4,35.6,1.393,14,0,2.97,0,1778967670
APO,us,1764115200,45.1,21.62,0.644,129.74,-0.268,41.6,1.198,20,0,4.974,1,1778967670
APO,us,1764288000,41.19,19.82,0.588,131.3136,1.213,39.6,1.407,14,0,4.763,1,1778967670
APO,us,1764547200,45.08,21.62,0.644,130.8555,-0.349,41.6,1.196,20,0,4.559,1,1778967670
APO,us,1764633600,42.93,21.08,0.613,131.5427,0.525,39.6,1.455,14,0,8.942,1,1778967670
APO,us,1764720000,47.64,22.25,0.681,133.9528,1.832,41.6,1.389,20,0,10.84,1,1778967670
APO,us,1764806400,44.15,19.75,0.631,136.1937,1.673,41.6,1.29,20,0,9.931,1,1778967670
APO,us,1764892800,44.03,16.62,0.629,137.5681,1.009,39.6,1.591,20,0,7.182,1,1778967670
APO,us,1765152000,29.42,7.92,0.42,136.8211,-0.543,41.6,1.28,16,0,6.879,1,1778967670
APO,us,1765238400,29.97,4.8,0.428,143.3046,4.739,55.4,1.647,16,0,2.266,0,1778967670
APO,us,1765324800,31.0,4.8,0.443,148.4735,3.607,57.4,1.77,16,0,-1.798,0,1778967670
APO,us,1765411200,31.0,4.8,0.443,149.7184,0.838,57.4,1.833,16,0,-2.681,0,1778967670
APO,us,1765497600,31.0,4.8,0.443,147.4477,-1.517,53.5,1.924,16,0,-1.155,0,1778967670
APO,us,1765756800,29.38,4.8,0.42,146.2327,-0.824,51.5,1.588,16,0,1.403,0,1778967670
APO,us,1765843200,31.62,5.42,0.452,146.5513,0.218,55.4,2.008,16,0,0.829,0,1778967670
APO,us,1765929600,32.88,6.68,0.47,145.8044,-0.51,61.4,1.95,16,0,1.674,0,1778967670
APO,us,1766016000,32.22,7.3,0.46,145.7048,-0.068,59.4,1.622,16,0,1.517,0,1778967670
APO,us,1766102400,34.75,8.55,0.496,145.7446,0.027,53.5,2.191,16,0,0.636,0,1778967670
APO,us,1766361600,35.38,9.18,0.505,148.2843,1.743,55.4,2.168,16,0,-1.901,0,1778967670
APO,us,1766448000,36.0,9.8,0.514,147.7664,-0.349,61.4,1.801,16,0,-2.433,0,1778967670
APO,us,1766534400,36.0,10.42,0.514,148.2444,0.324,61.4,1.688,16,0,-1.505,0,1778967670
APO,us,1766707200,37.25,11.05,0.532,147.9158,-0.222,63.4,1.794,16,0,0.835,0,1778967670
APO,us,1766966400,37.29,12.3,0.533,146.6709,-0.842,57.4,1.629,16,0,3.687,1,1778967670
APO,us,1767052800,42.9,14.12,0.613,145.4658,-0.822,61.4,1.728,20,0,-1.219,0,1778967670
APO,us,1767139200,31.4,12.08,0.449,144.1711,-0.89,63.4,1.552,9,0,0.988,0,1778967670
APO,us,1767312000,40.79,19.2,0.583,146.0135,1.278,61.4,1.429,14,0,-0.539,0,1778967670
APO,us,1767571200,49.44,23.5,0.706,149.1507,2.149,71.3,1.444,20,0,-3.906,-1,1778967670
APO,us,1767657600,51.03,24.75,0.729,152.0788,1.963,75.2,1.478,20,0,-6.195,-1,1778967670
APO,us,1767744000,39.17,22.08,0.56,143.693,-5.514,61.4,1.329,9,0,-0.152,0,1778967670
APO,us,1767830400,38.08,22.08,0.544,145.5953,1.324,69.3,1.22,9,0,-1.395,0,1778967670
APO,us,1767916800,34.57,21.45,0.494,145.2268,-0.253,73.3,0.932,9,0,-1.33,0,1778967670
APO,us,1768176000,31.71,20.82,0.453,143.3245,-1.31,69.3,0.709,9,0,-3.662,-1,1778967670
APO,us,1768262400,30.54,19.58,0.436,142.6573,-0.466,65.3,0.716,9,0,-2.59,0,1778967670
APO,us,1768348800,31.42,18.95,0.449,143.4739,0.572,69.3,0.867,9,0,-3.006,-1,1778967670
APO,us,1768435200,30.69,18.32,0.438,143.5636,0.062,69.3,0.857,9,0,-5.439,-1,1778967670
APO,us,1768521600,30.46,17.7,0.435,143.2947,-0.187,67.3,0.896,9,0,-8.563,-1,1778967670
APO,us,1768867200,29.54,17.08,0.422,138.076,-3.642,67.3,0.866,9,0,-4.991,-1,1778967670
APO,us,1768953600,27.68,15.82,0.395,138.9624,0.642,63.4,0.806,9,0,-4.759,-1,1778967670
APO,us,1769040000,26.4,14.58,0.377,139.1615,0.143,63.4,0.802,9,0,-3.75,-1,1778967670
APO,us,1769126400,19.76,11.82,0.282,135.7554,-2.448,59.4,0.764,4,0,-1.299,0,1778967670
APO,us,1769385600,16.99,10.58,0.243,131.0248,-3.485,39.6,0.611,4,0,1.239,0,1778967670
APO,us,1769472000,17.85,9.95,0.255,131.1841,0.122,43.6,0.76,4,0,-3.697,-1,1778967670
APO,us,1769558400,17.91,8.7,0.256,132.3494,0.888,45.5,0.891,4,0,-0.068,0,1778967670
APO,us,1769644800,18.86,8.08,0.269,133.9429,1.204,57.4,1.048,4,0,-6.253,-1,1778967670
APO,us,1769731200,19.58,7.45,0.28,133.9926,0.037,59.4,1.183,4,0,-1.122,0,1778967670
APO,us,1769990400,16.6,6.2,0.237,132.6481,-1.003,55.4,1.01,4,0,0.571,0,1778967670
APO,us,1770076800,12.88,5.58,0.184,126.3339,-4.76,51.5,0.7,4,0,4.399,1,1778967670
APO,us,1770163200,15.67,7.45,0.224,132.2597,4.691,57.4,0.792,4,0,-4.405,-1,1778967670
APO,us,1770249600,13.06,4.95,0.187,125.5671,-5.06,49.5,0.781,4,0,-0.563,0,1778967670
APO,us,1770336000,14.62,5.58,0.209,132.4888,5.512,47.5,0.874,4,0,-5.984,-1,1778967670
APO,us,1770595200,19.25,8.08,0.275,133.4051,0.692,47.5,1.087,4,0,-6.57,-1,1778967670
APO,us,1770681600,19.42,8.7,0.277,131.8912,-1.135,47.5,1.042,4,0,-5.339,-1,1778967670
APO,us,1770768000,18.1,8.08,0.259,126.4335,-4.138,45.5,0.972,4,0,-6.401,-1,1778967670
APO,us,1770854400,16.25,8.08,0.232,124.86,-1.245,45.5,0.787,4,0,-4.117,-1,1778967670
APO,us,1770940800,15.95,8.7,0.228,124.5612,-0.239,47.5,0.695,4,0,-8.695,-1,1778967670
APO,us,1771286400,18.32,9.95,0.262,124.6409,0.064,47.5,0.807,4,0,-8.433,-1,1778967670
APO,us,1771372800,20.23,10.58,0.289,124.85,0.168,45.5,0.935,4,0,-6.119,-1,1778967670
APO,us,1771459200,16.2,8.7,0.231,118.34,-5.214,35.6,0.72,4,0,-3.329,-1,1778967670
APO,us,1771545600,16.83,8.7,0.24,119.72,1.166,35.6,0.783,4,0,-12.629,-1,1778967670
APO,us,1771804800,9.86,2.45,0.141,113.73,-5.003,31.7,0.711,4,0,-6.401,-1,1778967670
APO,us,1771891200,10.52,1.2,0.15,114.13,0.352,31.7,0.902,4,0,-6.177,-1,1778967670
APO,us,1771977600,10.91,1.2,0.156,117.21,2.699,31.7,0.941,4,0,-6.331,-1,1778967670
APO,us,1772064000,9.45,1.2,0.135,114.4,-2.397,29.7,0.795,4,0,-2.762,0,1778967670
APO,us,1772150400,7.54,1.2,0.108,104.6,-8.566,15.8,0.604,4,0,3.92,1,1778967670
APO,us,1772409600,8.22,1.2,0.117,106.45,1.769,25.7,0.672,4,0,1.588,0,1778967670
APO,us,1772496000,9.65,1.2,0.138,107.08,0.592,21.8,0.815,4,0,1.018,0,1778967670
APO,us,1772582400,11.51,1.2,0.164,109.79,2.531,23.8,1.001,4,0,-3.361,-1,1778967670
APO,us,1772668800,11.84,1.82,0.169,111.24,1.321,21.8,0.972,4,0,-9.835,-1,1778967670
APO,us,1772755200,11.17,1.2,0.16,108.7,-2.283,15.8,0.967,4,0,-3.919,-1,1778967670
APO,us,1773014400,11.5,3.08,0.164,108.14,-0.515,15.8,0.812,4,0,-4.337,-1,1778967670
APO,us,1773100800,13.01,4.95,0.186,108.17,0.028,17.8,0.776,4,0,0.666,0,1778967670
APO,us,1773187200,14.04,6.2,0.201,106.1,-1.914,15.8,0.754,4,0,4.807,1,1778967670
APO,us,1773273600,13.3,5.58,0.19,100.3,-5.467,11.9,0.742,4,0,11.037,1,1778967670
APO,us,1773360000,16.48,6.82,0.235,104.44,4.128,13.9,0.936,4,0,7.239,1,1778967670
APO,us,1773619200,17.29,8.08,0.247,103.45,-0.948,13.9,0.891,4,0,6.767,1,1778967670
APO,us,1773705600,18.89,9.32,0.27,108.89,5.259,17.8,0.927,4,0,2.167,0,1778967670
APO,us,1773792000,26.44,12.7,0.378,111.2,2.121,23.8,0.994,9,0,-1.259,0,1778967670
APO,us,1773878400,37.88,17.62,0.541,111.37,0.153,25.7,1.226,15,0,-1.248,0,1778967670
APO,us,1773964800,43.2,22.62,0.617,112.0,0.566,25.7,1.258,15,0,-3.196,-1,1778967670
APO,us,1774224000,43.88,22.62,0.627,110.45,-1.384,23.8,1.326,15,0,-0.453,0,1778967670
APO,us,1774310400,44.12,22.62,0.63,111.25,0.724,29.7,1.35,15,0,0.153,0,1778967670
APO,us,1774396800,37.36,22.08,0.534,109.8,-1.303,25.7,1.148,9,0,0.41,0,1778967670
APO,us,1774483200,45.45,23.88,0.649,109.98,0.164,31.7,1.357,15,0,-2.673,0,1778967670
APO,us,1774569600,48.38,23.88,0.691,108.42,-1.418,35.6,1.65,15,0,-2.131,0,1778967670
APO,us,1774828800,47.63,23.88,0.68,109.95,1.411,33.7,1.575,15,0,-4.175,-1,1778967670
APO,us,1774915200,45.2,22.62,0.646,111.42,1.337,31.7,1.458,15,0,-3.922,-1,1778967670
APO,us,1775001600,38.87,20.8,0.555,110.25,-1.05,31.7,1.287,11,0,-2.966,0,1778967670
APO,us,1775088000,36.45,21.12,0.521,107.04,-2.912,31.7,1.083,10,0,-2.578,0,1778967670
APO,us,1775433600,35.23,19.25,0.503,106.11,-0.869,27.7,1.148,10,0,3.619,1,1778967670
APO,us,1775520000,28.6,16.2,0.409,105.36,-0.707,29.7,1.21,4,0,8.979,1,1778967670
APO,us,1775606400,28.19,15.58,0.403,107.05,1.604,27.7,1.231,4,0,12.602,1,1778967670
APO,us,1775692800,29.45,16.2,0.421,106.98,-0.065,29.7,1.295,4,0,12.928,1,1778967670
APO,us,1775779200,34.7,20.58,0.496,104.28,-2.524,25.7,1.382,4,0,19.505,1,1778967670
APO,us,1776038400,38.95,22.08,0.556,109.95,5.437,27.7,1.307,9,0,15.807,1,1778967670
APO,us,1776124800,48.42,23.25,0.692,114.82,4.429,35.6,1.717,15,0,10.834,1,1778967670
APO,us,1776211200,45.23,16.62,0.646,120.54,4.982,33.7,1.711,20,0,7.068,1,1778967670
APO,us,1776297600,42.1,14.12,0.601,120.81,0.224,33.7,1.648,20,0,3.278,1,1778967670
APO,us,1776384000,36.5,11.05,0.521,124.62,3.154,33.7,1.675,16,0,-0.289,0,1778967670
APO,us,1776643200,34.43,9.8,0.492,127.33,2.175,37.6,1.593,16,0,-3.141,-1,1778967670
APO,us,1776729600,32.4,7.3,0.463,127.26,-0.055,37.6,1.64,16,0,-2.9,0,1778967670
APO,us,1776816000,29.15,5.42,0.416,129.06,1.414,41.6,1.503,16,0,-5.253,-1,1778967670
APO,us,1776902400,28.81,4.8,0.412,124.77,-3.324,39.6,1.531,16,0,3.166,1,1778967670
APO,us,1776988800,26.33,4.8,0.376,124.26,-0.409,37.6,1.283,16,0,4.99,1,1778967670
APO,us,1777248000,27.56,5.42,0.394,123.33,-0.748,37.6,1.344,16,0,4.751,1,1778967670
APO,us,1777334400,27.46,5.42,0.392,123.57,0.195,39.6,1.334,16,0,5.446,1,1778967670
APO,us,1777420800,27.07,6.68,0.387,122.28,-1.044,31.7,1.169,16,0,5.929,1,1778967670
APO,us,1777507200,27.13,4.8,0.388,128.72,5.267,41.6,1.363,16,0,-0.722,0,1778967670
APO,us,1777593600,31.27,5.42,0.447,130.46,1.352,43.6,1.715,16,0,2.1,0,1778967670
APO,us,1777852800,34.76,9.18,0.497,129.19,-0.973,39.6,1.688,16,0,0.983,0,1778967670
APO,us,1777939200,40.62,11.62,0.58,130.3,0.859,43.6,1.99,20,0,1.251,0,1778967670
APO,us,1778025600,40.34,12.88,0.576,129.53,-0.591,35.6,1.596,20,0,1.598,0,1778967670
APO,us,1778112000,41.43,14.12,0.592,127.79,-1.343,35.6,1.581,20,0,6.049,1,1778967670
APO,us,1778198400,44.38,15.38,0.634,133.2,4.234,39.6,1.977,20,0,1.637,0,1778967670
COST,us,1763683200,11.45,5.58,0.164,896.4827,0.64,33.7,0.557,4,0,1.44,0,1778967670
COST,us,1763942400,9.29,3.7,0.133,883.6289,-1.434,27.7,0.529,4,0,4.053,1,1778967670
COST,us,1764028800,9.17,2.45,0.131,891.8158,0.927,31.7,0.642,4,0,3.123,1,1778967670
COST,us,1764115200,9.72,1.82,0.139,905.7067,1.558,37.6,0.76,4,0,-1.365,0,1778967670
COST,us,1764288000,14.82,3.95,0.212,911.0217,0.587,31.7,0.707,9,0,-2.07,0,1778967670
COST,us,1764547200,10.52,3.08,0.15,909.3963,-0.178,35.6,0.714,4,0,-2.68,0,1778967670
COST,us,1764633600,21.79,7.0,0.311,919.438,1.104,35.6,0.679,15,0,-3.643,-1,1778967670
COST,us,1764720000,22.81,8.25,0.326,919.6673,0.025,35.6,0.656,15,0,-5.188,-1,1778967670
COST,us,1764806400,15.38,8.7,0.22,893.3415,-2.863,25.7,0.638,4,0,-1.27,0,1778967670
COST,us,1764892800,16.2,9.32,0.231,892.1649,-0.132,19.8,0.658,4,0,-1.141,0,1778967670
COST,us,1765152000,13.74,6.82,0.196,885.025,-0.8,17.8,0.662,4,0,-3.038,-1,1778967670
COST,us,1765238400,14.47,6.2,0.207,885.9424,0.104,19.8,0.797,4,0,-3.157,-1,1778967670
COST,us,1765324800,12.13,4.32,0.173,871.9518,-1.579,15.8,0.751,4,0,-1.345,0,1778967670
COST,us,1765411200,11.94,3.7,0.171,881.9935,1.152,13.9,0.794,4,0,-3.04,-1,1778967670
COST,us,1765497600,12.55,6.2,0.179,881.9835,-0.001,15.8,0.605,4,0,-3.262,-1,1778967670
COST,us,1765756800,7.05,1.2,0.101,858.1407,-2.703,15.8,0.555,4,0,-1.227,0,1778967670
COST,us,1765843200,6.84,1.2,0.098,857.9713,-0.02,15.8,0.534,4,0,-0.651,0,1778967670
COST,us,1765929600,7.99,1.2,0.114,860.2249,0.263,17.8,0.649,4,0,1.068,0,1778967670
COST,us,1766016000,8.18,1.2,0.117,855.1791,-0.587,17.8,0.668,4,0,1.838,0,1778967670
COST,us,1766102400,6.03,1.2,0.086,853.2146,-0.23,15.8,0.453,4,0,1.428,0,1778967670
COST,us,1766361600,5.17,1.2,0.074,847.6105,-0.657,15.8,0.367,4,0,1.841,0,1778967670
COST,us,1766448000,5.94,1.2,0.085,852.387,0.564,15.8,0.444,4,0,0.883,0,1778967670
COST,us,1766534400,5.77,1.2,0.082,869.409,1.997,15.8,0.427,4,0,-1.991,0,1778967670
COST,us,1766707200,6.88,2.45,0.098,870.8948,0.171,15.8,0.413,4,0,0.274,0,1778967670
COST,us,1766966400,7.71,3.7,0.11,865.4003,-0.631,15.8,0.371,4,0,2.45,0,1778967670
COST,us,1767052800,9.0,4.95,0.129,863.2165,-0.252,15.8,0.375,4,0,1.956,0,1778967670
COST,us,1767139200,9.65,6.2,0.138,859.9158,-0.382,15.8,0.315,4,0,6.143,1,1778967670
COST,us,1767312000,14.72,11.82,0.21,852.0978,-0.909,13.9,0.26,4,0,8.236,1,1778967670
COST,us,1767571200,23.71,16.45,0.339,873.2781,2.486,17.8,0.346,9,0,7.689,1,1778967670
COST,us,1767657600,33.7,21.38,0.481,886.6005,1.526,21.8,0.432,15,0,5.942,1,1778967670
COST,us,1767744000,34.91,22.62,0.499,880.0989,-0.733,21.8,0.429,15,0,7.75,1,1778967670
COST,us,1767830400,25.47,11.68,0.364,912.7368,3.708,29.7,0.509,16,0,4.527,1,1778967670
COST,us,1767916800,24.16,9.18,0.345,922.28,1.046,27.7,0.628,16,0,4.188,1,1778967670
COST,us,1768176000,19.83,4.8,0.283,940.4288,1.968,33.7,0.633,16,0,2.246,0,1778967670
COST,us,1768262400,20.29,4.8,0.29,939.282,-0.122,39.6,0.679,16,0,4.345,1,1778967670
COST,us,1768348800,22.27,4.8,0.318,948.3065,0.961,39.6,0.877,16,0,2.649,0,1778967670
COST,us,1768435200,24.31,4.8,0.347,954.0603,0.607,39.6,1.081,16,0,2.77,0,1778967670
COST,us,1768521600,24.87,4.8,0.355,960.9011,0.717,49.5,1.137,16,0,1.459,0,1778967670
COST,us,1768867200,27.3,4.8,0.39,961.5493,0.067,51.5,1.38,16,0,0.624,0,1778967670
COST,us,1768953600,31.0,4.8,0.443,980.0969,1.929,57.4,2.612,16,0,-2.247,0,1778967670
COST,us,1769040000,31.0,4.8,0.443,973.4257,-0.681,55.4,2.667,16,0,-2.385,0,1778967670
COST,us,1769126400,31.0,4.8,0.443,980.4858,0.725,57.4,2.651,16,0,-4.243,-1,1778967670
COST,us,1769385600,31.0,4.8,0.443,974.9215,-0.568,53.5,2.154,16,0,-0.817,0,1778967670
COST,us,1769472000,32.25,6.05,0.461,967.5523,-0.756,49.5,1.846,16,0,0.925,0,1778967670
COST,us,1769558400,34.12,7.92,0.487,958.079,-0.979,49.5,1.782,16,0,1.968,0,1778967670
COST,us,1769644800,39.38,10.38,0.563,950.2112,-0.821,45.5,1.769,20,0,3.962,1,1778967670
COST,us,1769731200,40.66,12.25,0.581,938.8876,-1.192,53.5,1.691,20,0,6.478,1,1778967670
COST,us,1769990400,42.5,13.5,0.607,966.9569,2.99,59.4,2.046,20,0,3.019,1,1778967670
COST,us,1770076800,43.75,14.75,0.625,976.5031,0.987,61.4,2.055,20,0,-0.684,0,1778967670
COST,us,1770163200,45.0,16.0,0.643,976.9324,0.044,61.4,2.048,20,0,-0.021,0,1778967670
COST,us,1770249600,50.62,21.62,0.723,987.8566,1.118,67.3,2.594,20,0,0.967,0,1778967670
COST,us,1770336000,51.25,22.25,0.732,999.7094,1.2,61.4,2.411,20,0,1.73,0,1778967670
COST,us,1770595200,51.25,22.25,0.732,996.1446,-0.357,57.4,1.986,20,0,1.449,0,1778967670
COST,us,1770681600,44.7,21.08,0.639,969.8228,-2.642,53.5,1.632,14,0,2.559,0,1778967670
COST,us,1770768000,52.5,23.5,0.75,976.7228,0.711,57.4,1.951,20,0,0.99,0,1778967670
COST,us,1770854400,51.88,22.88,0.741,997.4127,2.118,67.3,1.955,20,0,-1.361,0,1778967670
COST,us,1770940800,49.38,20.38,0.705,1017.0043,1.964,69.3,1.983,20,0,-3.187,-1,1778967670
COST,us,1771286400,46.55,19.12,0.665,1010.5836,-0.631,65.3,1.593,20,0,-1.346,0,1778967670
COST,us,1771372800,43.5,19.12,0.621,994.6368,-1.578,65.3,1.288,20,0,-0.133,0,1778967670
COST,us,1771459200,40.67,19.12,0.581,986.3887,-0.829,63.4,1.005,20,0,-0.109,0,1778967670
COST,us,1771545600,42.12,20.38,0.602,983.8424,-0.258,63.4,1.024,20,0,2.59,0,1778967670
COST,us,1771804800,41.4,19.75,0.591,984.5914,0.076,65.3,1.015,20,0,1.699,0,1778967670
COST,us,1771891200,41.67,17.88,0.595,996.9833,1.259,65.3,1.229,20,0,0.935,0,1778967670
COST,us,1771977600,43.88,19.75,0.627,993.3187,-0.368,61.4,1.263,20,0,1.204,0,1778967670
COST,us,1772064000,40.84,20.45,0.583,985.3103,-0.806,65.3,1.309,14,0,-0.423,0,1778967670
COST,us,1772150400,51.93,23.5,0.742,1009.3254,2.437,71.3,1.693,20,0,-1.255,0,1778967670
COST,us,1772409600,54.24,25.38,0.775,1001.3171,-0.793,67.3,1.736,20,0,0.252,0,1778967670
COST,us,1772496000,53.93,25.38,0.77,1006.3098,0.499,71.3,1.705,20,0,-1.033,0,1778967670
COST,us,1772582400,50.55,25.38,0.722,1005.2813,-0.102,65.3,1.367,20,0,-1.441,0,1778967670
COST,us,1772668800,36.44,22.08,0.521,981.1464,-2.401,61.4,1.056,9,0,2.112,0,1778967670
COST,us,1772755200,41.31,23.58,0.59,996.6538,1.581,69.3,1.043,14,0,1.035,0,1778967670
COST,us,1773014400,40.04,22.32,0.572,1003.8434,0.721,71.3,1.042,14,0,-0.354,0,1778967670
COST,us,1773100800,46.17,24.12,0.66,995.9149,-0.79,69.3,1.055,20,0,-0.12,0,1778967670
COST,us,1773187200,42.7,23.88,0.61,990.7923,-0.514,67.3,1.082,15,0,-1.241,0,1778967670
COST,us,1773273600,47.65,25.38,0.681,1001.8663,1.118,73.3,1.077,20,0,-2.845,0,1778967670
COST,us,1773360000,46.27,24.75,0.661,1006.9689,0.509,73.3,1.002,20,0,-3.58,-1,1778967670
COST,us,1773619200,45.05,25.38,0.644,1000.2885,-0.663,73.3,0.817,20,0,-3.595,-1,1778967670
COST,us,1773705600,40.25,23.88,0.575,994.7166,-0.557,71.3,0.837,15,0,-2.243,0,1778967670
COST,us,1773792000,33.2,20.82,0.474,978.5001,-1.63,71.3,0.858,9,0,-0.516,0,1778967670
COST,us,1773878400,31.51,18.95,0.45,973.3676,-0.525,71.3,0.876,9,0,0.5,0,1778967670
COST,us,1773964800,29.85,17.7,0.426,970.9212,-0.251,71.3,0.835,9,0,1.186,0,1778967670
COST,us,1774224000,24.14,13.32,0.345,964.3307,-0.679,71.3,0.702,9,0,3.194,1,1778967670
COST,us,1774310400,22.72,12.08,0.325,972.409,0.838,71.3,0.684,9,0,2.322,0,1778967670
COST,us,1774396800,23.11,11.45,0.33,973.4475,0.107,71.3,0.786,9,0,2.226,0,1778967670
COST,us,1774483200,24.01,10.82,0.343,978.2306,0.491,71.3,0.939,9,0,3.604,1,1778967670
COST,us,1774569600,23.39,11.45,0.334,982.4344,0.43,73.3,0.814,9,0,3.526,1,1778967670
COST,us,1774828800,31.21,13.58,0.446,995.136,1.293,77.2,1.033,14,0,1.669,0,1778967670
COST,us,1774915200,35.54,16.0,0.508,994.9862,-0.015,71.3,0.804,20,0,3.396,1,1778967670
COST,us,1775001600,31.98,14.82,0.457,995.116,0.013,71.3,0.986,14,0,3.559,1,1778967670
COST,us,1775088000,37.28,12.88,0.533,1013.4894,1.846,73.3,1.29,20,0,-1.625,0,1778967670
COST,us,1775433600,33.94,10.38,0.485,1017.0742,0.354,73.3,1.206,20,0,-3.701,-1,1778967670
COST,us,1775520000,30.82,9.75,0.44,1011.7419,-0.524,71.3,0.957,20,0,-3.791,-1,1778967670
COST,us,1775606400,28.15,7.3,0.402,1028.7772,1.684,71.3,1.215,16,0,-4.418,-1,1778967670
COST,us,1775692800,29.1,6.05,0.416,1030.5347,0.171,73.3,1.435,16,0,-4.343,-1,1778967670
COST,us,1775779200,29.93,7.25,0.428,997.0233,-3.252,63.4,1.118,20,0,0.142,0,1778967670
COST,us,1776038400,17.1,3.62,0.244,979.4288,-1.765,61.4,0.898,10,0,1.732,0,1778967670
COST,us,1776124800,16.05,3.0,0.229,973.3876,-0.617,55.4,0.855,10,0,3.181,1,1778967670
COST,us,1776211200,17.96,3.0,0.257,983.3232,1.021,55.4,1.046,10,0,1.924,0,1778967670
COST,us,1776297600,21.03,4.25,0.3,985.7796,0.25,53.5,1.228,10,0,2.752,0,1778967670
COST,us,1776384000,36.19,9.75,0.517,998.4412,1.284,55.4,1.494,20,0,1.126,0,1778967670
COST,us,1776643200,38.06,10.38,0.544,996.3942,-0.205,51.5,1.618,20,0,0.017,0,1778967670
COST,us,1776729600,40.62,11.62,0.58,1004.3527,0.799,53.5,1.969,20,0,-1.174,0,1778967670
COST,us,1776816000,40.7,12.25,0.581,1002.2457,-0.21,51.5,1.695,20,0,-0.501,0,1778967670
COST,us,1776902400,35.71,11.08,0.51,1012.9102,1.064,57.4,1.733,14,0,0.015,0,1778967670
COST,us,1776988800,33.99,12.32,0.486,1009.6849,-0.318,57.4,1.437,14,0,0.2,0,1778967670
COST,us,1777248000,27.92,12.08,0.399,996.564,-1.3,55.4,1.204,9,0,1.628,0,1778967670
COST,us,1777334400,20.6,10.58,0.294,992.5598,-0.402,53.5,0.972,4,0,2.404,0,1778967670
COST,us,1777420800,28.66,12.7,0.409,997.223,0.47,57.4,1.216,9,0,-0.148,0,1778967670
COST,us,1777507200,39.22,15.38,0.56,1013.0601,1.588,57.4,1.234,20,0,-0.099,0,1778967670
COST,us,1777593600,37.72,16.0,0.539,1011.7,-0.134,57.4,1.022,20,0,-0.288,0,1778967670
COST,us,1777852800,36.24,17.3,0.518,1012.79,0.108,53.5,1.024,16,0,-1.315,0,1778967670
COST,us,1777939200,39.56,16.0,0.565,1016.42,0.358,51.5,1.206,20,0,0.537,0,1778967670
COST,us,1778025600,34.15,20.5,0.488,995.75,-2.034,47.5,0.915,10,0,3.749,1,1778967670
COST,us,1778112000,46.34,25.38,0.662,1012.06,1.638,43.6,0.946,20,0,2.884,0,1778967670
COST,us,1778198400,45.99,24.75,0.657,1008.79,-0.323,47.5,0.974,20,0,3.981,1,1778967670
LULU,us,1763683200,26.41,14.25,0.377,168.18,2.119,5.9,0.766,10,0,8.461,1,1778967670
LULU,us,1763942400,38.56,23.25,0.551,169.67,0.886,7.9,0.731,15,0,7.503,1,1778967670
LULU,us,1764028800,45.69,24.75,0.653,177.51,4.621,15.8,0.944,20,0,2.698,0,1778967670
LULU,us,1764115200,38.45,17.3,0.549,181.94,2.496,19.8,1.245,16,0,0.912,0,1778967670
LULU,us,1764288000,35.33,11.68,0.505,184.18,1.231,19.8,1.495,16,0,3.165,1,1778967670
LULU,us,1764547200,29.42,6.0,0.42,182.41,-0.961,17.8,1.192,20,0,0.345,0,1778967670
LULU,us,1764633600,30.2,6.0,0.431,182.4,-0.005,17.8,1.27,20,0,-0.066,0,1778967670
LULU,us,1764720000,32.02,6.62,0.457,182.3,-0.055,7.9,1.39,20,0,2.918,0,1778967670
LULU,us,1764806400,26.74,4.8,0.382,183.6,0.713,33.7,1.324,16,0,1.857,0,1778967670
LULU,us,1764892800,30.51,4.8,0.436,190.01,3.491,37.6,1.701,16,0,7.873,1,1778967670
LULU,us,1765152000,26.94,5.42,0.385,183.04,-3.668,37.6,1.282,16,0,12.702,1,1778967670
LULU,us,1765238400,24.05,4.8,0.344,182.28,-0.415,35.6,1.055,16,0,13.419,1,1778967670
LULU,us,1765324800,26.15,4.8,0.374,187.62,2.93,35.6,1.265,16,0,10.793,1,1778967670
LULU,us,1765411200,22.25,4.8,0.318,187.01,-0.325,41.6,0.875,16,0,15.026,1,1778967670
LULU,us,1765497600,28.28,4.8,0.404,204.97,9.604,61.4,1.478,16,0,2.186,0,1778967670
LULU,us,1765756800,29.85,4.8,0.426,206.29,0.644,61.4,1.635,16,0,2.947,0,1778967670
LULU,us,1765843200,31.0,4.8,0.443,206.74,0.218,63.4,1.948,16,0,2.873,0,1778967670
LULU,us,1765929600,31.0,4.8,0.443,207.87,0.547,67.3,2.297,16,0,1.217,0,1778967670
LULU,us,1766016000,31.0,4.8,0.443,215.11,3.483,69.3,2.612,16,0,-2.854,0,1778967670
LULU,us,1766102400,31.62,5.42,0.452,209.45,-2.631,65.3,1.83,16,0,1.475,0,1778967670
LULU,us,1766361600,32.25,6.05,0.461,212.37,1.394,67.3,1.859,16,0,-0.8,0,1778967670
LULU,us,1766448000,34.12,7.92,0.487,212.68,0.146,63.4,1.836,16,0,-2.29,0,1778967670
LULU,us,1766534400,34.13,8.55,0.488,210.4,-1.072,63.4,1.688,16,0,0.195,0,1778967670
LULU,us,1766707200,37.82,11.0,0.54,208.97,-0.68,59.4,1.532,20,0,1.641,0,1778967670
LULU,us,1766966400,34.53,10.42,0.493,212.54,1.708,65.3,1.541,16,0,1.571,0,1778967670
LULU,us,1767052800,35.9,11.05,0.513,210.67,-0.88,63.4,1.615,16,0,0.498,0,1778967670
LULU,us,1767139200,36.68,11.68,0.524,207.81,-1.358,59.4,1.63,16,0,2.098,0,1778967670
LULU,us,1767312000,39.12,12.92,0.559,210.81,1.444,59.4,1.795,16,0,-3.278,-1,1778967670
LULU,us,1767571200,43.75,14.75,0.625,212.4,0.754,59.4,1.8,20,0,-1.582,0,1778967670
LULU,us,1767657600,44.38,15.38,0.634,215.88,1.638,65.3,1.763,20,0,-1.844,0,1778967670
LULU,us,1767744000,48.12,19.12,0.687,211.72,-1.927,65.3,1.895,20,0,-4.053,-1,1778967670
LULU,us,1767830400,51.25,22.25,0.732,212.17,0.213,67.3,2.147,20,0,-3.375,-1,1778967670
LULU,us,1767916800,41.5,20.2,0.593,203.9,-3.898,57.4,1.77,9,0,-0.996,0,1778967670
LULU,us,1768176000,43.38,22.08,0.62,209.04,2.521,65.3,2.466,9,0,-9.701,-1,1778967670
LULU,us,1768262400,48.38,23.58,0.691,211.9,1.368,71.3,1.895,14,0,-10.411,-1,1778967670
LULU,us,1768348800,39.83,20.82,0.569,203.14,-4.134,61.4,1.521,9,0,-4.174,-1,1778967670
LULU,us,1768435200,38.4,20.2,0.549,205.01,0.921,65.3,1.44,9,0,-6.8,-1,1778967670
LULU,us,1768521600,34.99,19.58,0.5,201.87,-1.532,61.4,1.161,9,0,-4.498,-1,1778967670
LULU,us,1768867200,30.26,18.95,0.432,188.76,-6.494,47.5,0.751,9,0,-1.256,0,1778967670
LULU,us,1768953600,34.64,17.7,0.495,189.84,0.572,43.6,1.314,9,0,-4.999,-1,1778967670
LULU,us,1769040000,32.41,16.45,0.463,194.66,2.539,41.6,1.216,9,0,-11.363,-1,1778967670
LULU,us,1769126400,29.98,15.82,0.428,191.07,-1.844,39.6,1.036,9,0,-8.672,-1,1778967670
LULU,us,1769385600,30.52,15.2,0.436,192.79,0.9,37.6,1.152,9,0,-7.111,-1,1778967670
LULU,us,1769472000,24.04,12.45,0.343,186.39,-3.32,35.6,1.129,4,0,-7.951,-1,1778967670
LULU,us,1769558400,20.54,11.2,0.293,180.35,-3.241,31.7,0.904,4,0,-1.303,0,1778967670
LULU,us,1769644800,17.59,8.7,0.251,172.54,-4.33,23.8,0.859,4,0,-1.42,0,1778967670
LULU,us,1769731200,15.98,5.58,0.228,174.5,1.136,29.7,1.01,4,0,-0.946,0,1778967670
LULU,us,1769990400,14.94,4.32,0.213,179.08,2.625,37.6,1.032,4,0,-1.899,0,1778967670
LULU,us,1770076800,10.65,1.82,0.152,171.57,-4.194,35.6,0.853,4,0,5.275,1,1778967670
LULU,us,1770163200,11.83,3.08,0.169,178.0,3.748,45.5,0.845,4,0,-1.202,0,1778967670
LULU,us,1770249600,9.99,1.2,0.143,170.09,-4.444,41.6,0.849,4,0,-0.329,0,1778967670
LULU,us,1770336000,10.99,2.45,0.157,172.85,1.623,39.6,0.824,4,0,2.065,0,1778967670
LULU,us,1770595200,14.69,3.7,0.21,175.68,1.637,43.6,1.069,4,0,1.161,0,1778967670
LULU,us,1770681600,16.45,6.2,0.235,180.62,2.812,45.5,0.995,4,0,0.836,0,1778967670
LULU,us,1770768000,18.11,9.32,0.259,175.86,-2.635,39.6,0.849,4,0,3.992,1,1778967670
LULU,us,1770854400,18.12,9.32,0.259,169.53,-3.599,37.6,0.85,4,0,10.482,1,1778967670
LULU,us,1770940800,20.44,11.82,0.292,176.42,4.064,45.5,0.832,4,0,0.958,0,1778967670
LULU,us,1771286400,23.65,13.08,0.338,177.72,0.737,45.5,1.027,4,0,0.996,0,1778967670
LULU,us,1771372800,37.79,16.38,0.54,182.13,2.481,47.5,1.341,15,0,0.231,0,1778967670
LULU,us,1771459200,37.8,17.0,0.54,182.88,0.412,47.5,1.28,15,0,1.761,0,1778967670
LULU,us,1771545600,39.14,17.62,0.559,187.3,2.417,47.5,1.352,15,0,-1.137,0,1778967670
LULU,us,1771804800,29.61,16.2,0.423,178.11,-4.907,47.5,1.311,4,0,-1.089,0,1778967670
LULU,us,1771891200,41.58,20.75,0.594,179.49,0.775,49.5,1.283,15,0,-2.908,0,1778967670
LULU,us,1771977600,44.39,20.75,0.634,182.55,1.705,47.5,1.564,15,0,-5.116,-1,1778967670
LULU,us,1772064000,45.0,19.5,0.643,186.1,1.945,47.5,1.992,15,0,-6.943,-1,1778967670
LULU,us,1772150400,44.38,18.88,0.634,185.17,-0.5,47.5,2.257,15,0,-8.122,-1,1778967670
LULU,us,1772409600,39.16,18.0,0.559,176.17,-4.86,37.6,1.666,10,0,-3.639,-1,1778967670
LULU,us,1772496000,28.4,15.58,0.406,174.27,-1.079,37.6,1.252,4,0,-4.499,-1,1778967670
LULU,us,1772582400,30.45,17.45,0.435,173.21,-0.608,33.7,1.27,4,0,-6.016,-1,1778967670
LULU,us,1772668800,31.88,17.38,0.455,173.18,-0.017,33.7,1.0,10,0,-8.656,-1,1778967670
LULU,us,1772755200,26.24,16.2,0.375,170.13,-1.761,29.7,0.974,4,0,-7.259,-1,1778967670
LULU,us,1773014400,23.07,14.95,0.33,169.76,-0.217,31.7,0.782,4,0,-5.802,-1,1778967670
LULU,us,1773100800,21.12,14.32,0.302,166.43,-1.962,33.7,0.65,4,0,-4.302,-1,1778967670
LULU,us,1773187200,17.88,12.45,0.255,162.79,-2.187,33.7,0.513,4,0,1.597,0,1778967670
LULU,us,1773273600,15.19,9.95,0.217,158.19,-2.826,31.7,0.494,4,0,4.665,1,1778967670
LULU,us,1773360000,14.57,9.32,0.208,157.78,-0.259,29.7,0.495,4,0,3.194,1,1778967670
LULU,us,1773619200,13.69,8.08,0.196,159.91,1.35,31.7,0.531,4,0,2.795,0,1778967670
LULU,us,1773705600,11.69,7.45,0.167,159.27,-0.4,27.7,0.394,4,0,1.055,0,1778967670
LULU,us,1773792000,13.24,7.45,0.189,165.39,3.843,33.7,0.549,4,0,-4.033,-1,1778967670
LULU,us,1773878400,13.94,7.45,0.199,165.57,0.109,35.6,0.619,4,0,-8.564,-1,1778967670
LULU,us,1773964800,12.98,8.08,0.185,162.82,-1.661,31.7,0.46,4,0,-10.423,-1,1778967670
LULU,us,1774224000,13.93,8.08,0.199,164.38,0.958,31.7,0.555,4,0,-11.285,-1,1778967670
LULU,us,1774310400,13.35,8.08,0.191,160.95,-2.087,31.7,0.497,4,0,-4.877,-1,1778967670
LULU,us,1774396800,13.33,8.7,0.19,158.72,-1.386,27.7,0.433,4,0,0.057,0,1778967670
LULU,us,1774483200,13.27,9.32,0.19,151.39,-4.618,21.8,0.365,4,0,2.86,0,1778967670
LULU,us,1774569600,13.13,9.32,0.188,145.85,-3.659,25.7,0.351,4,0,7.083,1,1778967670
LULU,us,1774828800,10.65,6.82,0.152,145.83,-0.014,23.8,0.353,4,0,5.376,1,1778967670
LULU,us,1774915200,12.7,8.08,0.181,153.1,4.985,23.8,0.432,4,0,3.762,1,1778967670
LULU,us,1775001600,20.87,11.12,0.298,158.81,3.73,29.7,0.525,10,0,4.849,1,1778967670
LULU,us,1775088000,16.15,10.58,0.231,155.72,-1.946,29.7,0.527,4,0,5.227,1,1778967670
LULU,us,1775433600,18.13,11.82,0.259,156.18,0.295,29.7,0.601,4,0,4.085,1,1778967670
LULU,us,1775520000,18.96,12.45,0.271,153.67,-1.607,27.7,0.621,4,0,4.51,1,1778967670
LULU,us,1775606400,25.45,14.58,0.364,158.86,3.377,29.7,0.707,9,0,2.442,0,1778967670
LULU,us,1775692800,32.58,16.38,0.465,166.51,4.816,33.7,0.82,15,0,-2.156,0,1778967670
LULU,us,1775779200,32.26,15.75,0.461,163.86,-1.591,35.6,0.851,15,0,2.087,0,1778967670
LULU,us,1776038400,25.77,13.32,0.368,162.56,-0.793,31.7,0.865,9,0,2.614,0,1778967670
LULU,us,1776124800,24.24,13.32,0.346,160.6,-1.206,23.8,0.712,9,0,3.798,1,1778967670
LULU,us,1776211200,32.49,15.12,0.464,162.74,1.333,17.8,0.937,15,0,0.436,0,1778967670
LULU,us,1776297600,32.29,17.0,0.461,162.92,0.111,19.8,0.729,15,0,-13.049,-1,1778967670
LULU,us,1776384000,26.46,14.55,0.378,167.28,2.676,19.8,0.671,11,0,-14.036,-1,1778967670
LULU,us,1776643200,26.8,13.92,0.383,166.81,-0.281,21.8,0.768,11,0,-11.912,-1,1778967670
LULU,us,1776729600,28.69,14.5,0.41,166.7,-0.066,25.7,0.619,15,0,-14.583,-1,1778967670
LULU,us,1776816000,28.54,14.5,0.408,163.45,-1.95,19.8,0.604,15,0,-15.473,-1,1778967670
LULU,us,1776902400,12.82,8.08,0.183,141.66,-13.331,11.9,0.444,4,0,-2.795,0,1778967670
LULU,us,1776988800,11.84,5.58,0.169,143.8,1.511,11.9,0.596,4,0,-7.107,-1,1778967670
LULU,us,1777248000,14.27,6.2,0.204,146.94,2.184,13.9,0.777,4,0,-12.223,-1,1778967670
LULU,us,1777334400,11.8,3.7,0.169,142.39,-3.097,13.9,0.78,4,0,-8.554,-1,1778967670
LULU,us,1777420800,7.75,1.2,0.111,138.16,-2.971,11.9,0.625,4,0,-4.43,-1,1778967670
LULU,us,1777507200,6.39,1.2,0.091,137.7,-0.333,9.9,0.489,4,0,-2.985,0,1778967670
LULU,us,1777593600,6.11,1.2,0.087,133.58,-2.992,7.9,0.461,4,0,-1.797,0,1778967670
LULU,us,1777852800,5.26,1.2,0.075,128.98,-3.444,5.9,0.376,4,0,-2.047,0,1778967670
LULU,us,1777939200,6.19,1.2,0.088,130.21,0.954,5.9,0.469,4,0,-3.901,-1,1778967670
LULU,us,1778025600,6.4,1.2,0.091,132.04,1.405,5.9,0.49,4,0,-8.202,-1,1778967670
LULU,us,1778112000,6.65,1.2,0.095,133.59,1.174,5.9,0.515,4,0,-9.379,-1,1778967670
LULU,us,1778198400,6.59,1.2,0.094,131.18,-1.804,5.9,0.509,4,0,-9.178,-1,1778967670
BKNG,us,1763683200,6.5,1.2,0.093,189.9225,4.034,7.9,0.5,4,0,2.597,0,1778967670
BKNG,us,1763942400,10.71,4.95,0.153,194.1994,2.252,15.8,0.546,4,0,5.327,1,1778967670
BKNG,us,1764028800,13.52,6.2,0.193,195.429,0.633,11.9,0.702,4,0,2.873,0,1778967670
BKNG,us,1764115200,22.08,8.62,0.315,195.6525,0.114,11.9,0.896,10,0,2.348,0,1778967670
BKNG,us,1764288000,16.72,8.08,0.239,195.7656,0.058,7.9,0.834,4,0,5.947,1,1778967670
BKNG,us,1764547200,17.16,8.7,0.245,194.8542,-0.466,11.9,0.816,4,0,6.04,1,1778967670
BKNG,us,1764633600,28.99,10.75,0.414,204.5439,4.973,19.8,1.024,15,0,1.375,0,1778967670
BKNG,us,1764720000,21.82,7.7,0.312,201.0442,-1.711,5.9,1.032,9,0,4.757,1,1778967670
BKNG,us,1764806400,20.82,6.45,0.297,200.2472,-0.396,7.9,1.057,9,0,5.223,1,1778967670
BKNG,us,1764892800,31.69,7.25,0.453,207.4085,3.576,13.9,1.294,20,0,2.013,0,1778967670
BKNG,us,1765152000,28.14,6.0,0.402,206.6242,-0.378,13.9,1.064,20,0,5.414,1,1778967670
BKNG,us,1765238400,28.4,6.0,0.406,207.3574,0.355,15.8,1.09,20,0,4.642,1,1778967670
BKNG,us,1765324800,25.28,4.8,0.361,210.6075,1.567,19.8,1.178,16,0,1.209,0,1778967670
BKNG,us,1765411200,25.3,4.8,0.361,210.7065,0.047,15.8,1.18,16,0,1.246,0,1778967670
BKNG,us,1765497600,27.41,4.8,0.392,211.5829,0.416,17.8,1.391,16,0,1.737,0,1778967670
BKNG,us,1765756800,30.13,4.8,0.43,217.8111,2.944,29.7,1.663,16,0,-0.929,0,1778967670
BKNG,us,1765843200,31.0,4.8,0.443,216.9822,-0.381,27.7,1.806,16,0,0.043,0,1778967670
BKNG,us,1765929600,31.62,5.42,0.452,213.153,-1.765,25.7,1.935,16,0,1.976,0,1778967670
BKNG,us,1766016000,32.88,6.68,0.47,213.3321,0.084,23.8,2.44,16,0,1.771,0,1778967670
BKNG,us,1766102400,34.12,7.92,0.487,215.2585,0.903,23.8,3.437,16,0,0.882,0,1778967670
BKNG,us,1766361600,39.38,10.38,0.563,215.7873,0.246,23.8,3.184,20,0,0.373,0,1778967670
BKNG,us,1766448000,36.62,10.42,0.523,217.0756,0.597,23.8,2.976,16,0,-1.543,0,1778967670
BKNG,us,1766534400,37.25,11.05,0.532,217.3645,0.133,21.8,2.766,16,0,-2.264,0,1778967670
BKNG,us,1766707200,38.5,12.3,0.55,217.1103,-0.117,23.8,2.431,16,0,-1.338,0,1778967670
BKNG,us,1766966400,41.62,15.42,0.595,217.1578,0.022,23.8,2.411,16,0,-1.708,0,1778967670
BKNG,us,1767052800,47.88,21.68,0.684,216.5919,-0.261,27.7,2.616,16,0,0.342,0,1778967670
BKNG,us,1767139200,52.5,23.5,0.75,213.7256,-1.323,27.7,2.103,20,0,1.674,0,1778967670
BKNG,us,1767312000,49.38,23.88,0.705,212.4434,-0.6,23.8,2.156,15,0,3.173,1,1778967670
BKNG,us,1767571200,54.38,25.38,0.777,214.2061,0.83,21.8,2.64,20,0,0.45,0,1778967670
BKNG,us,1767657600,43.38,22.08,0.62,213.4487,-0.354,23.8,2.024,9,0,-0.63,0,1778967670
BKNG,us,1767744000,54.38,25.38,0.777,217.333,1.82,29.7,2.741,20,0,-4.751,-1,1778967670
BKNG,us,1767830400,54.38,25.38,0.777,217.3043,-0.013,33.7,2.127,20,0,-4.627,-1,1778967670
BKNG,us,1767916800,54.38,25.38,0.777,219.1844,0.865,33.7,1.928,20,0,-6.85,-1,1778967670
BKNG,us,1768176000,41.08,22.08,0.587,215.1699,-1.832,29.7,1.52,9,0,-6.761,-1,1778967670
BKNG,us,1768262400,38.09,22.08,0.544,212.1045,-1.425,27.7,1.221,9,0,-2.843,0,1778967670
BKNG,us,1768348800,32.05,19.58,0.458,207.0086,-2.403,23.8,0.867,9,0,-0.696,0,1778967670
BKNG,us,1768435200,33.12,18.32,0.473,207.2496,0.116,27.7,1.1,9,0,-1.821,0,1778967670
BKNG,us,1768521600,25.1,14.95,0.359,204.1706,-1.486,27.7,0.985,4,0,-0.169,0,1778967670
BKNG,us,1768867200,21.62,13.7,0.309,200.6223,-1.738,23.8,0.762,4,0,2.515,0,1778967670
BKNG,us,1768953600,25.11,14.58,0.359,206.0743,2.718,31.7,0.673,9,0,-1.518,0,1778967670
BKNG,us,1769040000,17.65,11.82,0.252,205.567,-0.246,23.8,0.553,4,0,-0.73,0,1778967670
BKNG,us,1769126400,15.49,10.58,0.221,203.4758,-1.017,27.7,0.461,4,0,-1.896,0,1778967670
BKNG,us,1769385600,15.36,9.95,0.219,203.8262,0.172,25.7,0.511,4,0,0.293,0,1778967670
BKNG,us,1769472000,21.12,11.45,0.302,205.6672,0.903,31.7,0.587,9,0,-9.872,-1,1778967670
BKNG,us,1769558400,14.05,8.7,0.201,202.9458,-1.323,27.7,0.505,4,0,-9.402,-1,1778967670
BKNG,us,1769644800,16.52,9.95,0.236,204.0673,0.553,35.6,0.627,4,0,-13.101,-1,1778967670
BKNG,us,1769731200,13.65,7.45,0.195,199.6182,-2.18,27.7,0.59,4,0,-10.889,-1,1778967670
BKNG,us,1769990400,14.26,6.82,0.204,204.4237,2.407,31.7,0.714,4,0,-17.281,-1,1778967670
BKNG,us,1770076800,9.78,4.32,0.14,185.3627,-9.324,27.7,0.516,4,0,-7.826,-1,1778967670
BKNG,us,1770163200,6.71,1.82,0.096,183.8658,-0.808,27.7,0.459,4,0,-6.396,-1,1778967670
BKNG,us,1770249600,5.19,1.2,0.074,177.3323,-3.553,29.7,0.369,4,0,-6.399,-1,1778967670
BKNG,us,1770336000,6.74,1.2,0.096,177.881,0.309,27.7,0.524,4,0,-7.102,-1,1778967670
BKNG,us,1770595200,5.49,1.2,0.078,169.0962,-4.939,13.9,0.399,4,0,-2.287,0,1778967670
BKNG,us,1770681600,6.99,1.2,0.1,170.8558,1.041,13.9,0.549,4,0,-0.26,0,1778967670
BKNG,us,1770768000,8.86,1.2,0.127,172.105,0.731,15.8,0.736,4,0,-7.072,-1,1778967670
BKNG,us,1770854400,8.16,1.2,0.117,165.9853,-3.556,15.8,0.666,4,0,-1.979,0,1778967670
BKNG,us,1770940800,6.99,1.2,0.1,165.247,-0.445,11.9,0.549,4,0,-6.515,-1,1778967670
BKNG,us,1771286400,6.87,1.2,0.098,165.2291,-0.011,13.9,0.537,4,0,-1.729,0,1778967670
BKNG,us,1771372800,8.53,1.2,0.122,170.4109,3.136,13.9,0.703,4,0,-2.506,0,1778967670
BKNG,us,1771459200,6.99,1.2,0.1,159.9332,-6.148,11.9,0.549,4,0,6.059,1,1778967670
BKNG,us,1771545600,8.62,1.2,0.123,162.7004,1.73,13.9,0.712,4,0,3.987,1,1778967670
BKNG,us,1771804800,7.97,1.2,0.114,154.4808,-5.052,17.8,0.647,4,0,7.981,1,1778967670
BKNG,us,1771891200,9.59,1.82,0.137,162.372,5.108,25.7,0.747,4,0,2.097,0,1778967670
BKNG,us,1771977600,13.04,4.32,0.186,166.141,2.321,17.8,0.842,4,0,2.176,0,1778967670
BKNG,us,1772064000,16.44,6.2,0.235,169.6235,2.096,15.8,0.994,4,0,8.541,1,1778967670
BKNG,us,1772150400,16.03,7.45,0.229,169.188,-0.257,17.8,0.828,4,0,7.583,1,1778967670
BKNG,us,1772409600,18.22,9.95,0.26,166.8107,-1.405,17.8,0.797,4,0,6.485,1,1778967670
BKNG,us,1772496000,19.35,11.82,0.276,165.7766,-0.62,13.9,0.723,4,0,5.486,1,1778967670
BKNG,us,1772582400,26.86,14.58,0.384,169.756,2.4,17.8,0.848,9,0,1.85,0,1778967670
BKNG,us,1772668800,34.92,16.38,0.499,184.1112,8.456,23.8,1.054,15,0,-8.366,-1,1778967670
BKNG,us,1772755200,34.93,16.38,0.499,182.0172,-1.137,25.7,1.055,15,0,-6.794,-1,1778967670
BKNG,us,1773014400,34.0,17.0,0.486,177.6276,-2.412,19.8,0.9,15,0,-3.325,-1,1778967670
BKNG,us,1773100800,33.78,16.38,0.483,174.8708,-1.552,19.8,0.94,15,0,1.614,0,1778967670
BKNG,us,1773187200,32.6,16.38,0.466,172.8968,-1.129,19.8,0.822,15,0,1.364,0,1778967670
BKNG,us,1773273600,31.99,17.0,0.457,168.7084,-2.422,17.8,0.699,15,0,1.816,0,1778967670
BKNG,us,1773360000,34.33,18.25,0.49,169.6504,0.558,19.8,0.808,15,0,1.952,0,1778967670
BKNG,us,1773619200,36.16,18.88,0.517,171.7208,1.22,19.8,0.928,15,0,2.417,0,1778967670
BKNG,us,1773705600,35.12,16.38,0.502,177.6932,3.478,25.7,1.074,15,0,-3.414,-1,1778967670
BKNG,us,1773792000,33.43,16.38,0.478,175.2556,-1.372,17.8,0.905,15,0,-3.278,-1,1778967670
BKNG,us,1773878400,40.26,22.0,0.575,171.7716,-1.988,17.8,1.026,15,0,-1.875,0,1778967670
BKNG,us,1773964800,40.22,22.62,0.575,172.9616,0.693,21.8,0.96,15,0,-6.057,-1,1778967670
BKNG,us,1774224000,44.06,23.88,0.629,175.8716,1.682,25.7,1.218,15,0,-6.352,-1,1778967670
BKNG,us,1774310400,36.36,22.38,0.519,171.626,-2.414,23.8,0.948,10,0,-1.872,0,1778967670
BKNG,us,1774396800,28.31,20.58,0.404,169.51,-1.233,23.8,0.743,4,0,-1.255,0,1778967670
BKNG,us,1774483200,25.73,19.95,0.368,168.5504,-0.566,23.8,0.548,4,0,-0.462,0,1778967670
BKNG,us,1774569600,25.16,18.7,0.359,162.4856,-3.598,23.8,0.616,4,0,8.434,1,1778967670
BKNG,us,1774828800,26.39,18.08,0.377,164.7004,1.363,25.7,0.801,4,0,5.288,1,1778967670
BKNG,us,1774915200,29.05,18.7,0.415,168.4128,2.254,25.7,1.005,4,0,7.474,1,1778967670
BKNG,us,1775001600,25.83,17.45,0.369,167.3824,-0.612,25.7,0.808,4,0,5.507,1,1778967670
BKNG,us,1775088000,27.49,20.58,0.393,167.7724,0.233,25.7,0.661,4,0,3.39,1,1778967670
BKNG,us,1775433600,40.13,23.88,0.573,176.19,5.017,31.7,0.825,15,0,0.602,0,1778967670
BKNG,us,1775520000,34.5,22.08,0.493,173.41,-1.578,31.7,0.862,9,0,4.446,1,1778967670
BKNG,us,1775606400,46.52,24.12,0.665,181.0,4.377,31.7,1.09,20,0,2.591,0,1778967670
BKNG,us,1775692800,40.79,22.0,0.583,176.6,-2.431,31.7,1.079,15,0,4.507,1,1778967670
BKNG,us,1775779200,40.98,22.0,0.585,173.46,-1.778,31.7,1.098,15,0,10.694,1,1778967670
BKNG,us,1776038400,39.74,20.75,0.568,177.25,2.185,25.7,1.099,15,0,8.339,1,1778967670
BKNG,us,1776124800,41.68,19.12,0.595,181.12,2.183,27.7,1.106,20,0,5.378,1,1778967670
BKNG,us,1776211200,37.62,15.38,0.537,185.69,2.523,29.7,1.074,20,0,-3.387,-1,1778967670
BKNG,us,1776297600,37.08,14.75,0.53,184.56,-0.609,23.8,1.083,20,0,-4.232,-1,1778967670
BKNG,us,1776384000,26.44,4.8,0.378,192.01,4.037,31.7,1.294,16,0,-6.125,-1,1778967670
BKNG,us,1776643200,25.48,4.8,0.364,192.03,0.01,29.7,1.198,16,0,-7.556,-1,1778967670
BKNG,us,1776729600,23.61,4.8,0.337,190.86,-0.609,27.7,1.011,16,0,-9.159,-1,1778967670
BKNG,us,1776816000,28.12,6.62,0.402,179.4,-6.004,17.8,1.0,20,0,-3.021,-1,1778967670
BKNG,us,1776902400,23.78,5.75,0.34,176.75,-1.477,19.8,1.003,15,0,-4.747,-1,1778967670
BKNG,us,1776988800,31.65,7.88,0.452,180.25,1.98,21.8,1.227,20,0,-5.892,-1,1778967670
BKNG,us,1777248000,28.53,7.62,0.408,177.52,-1.515,23.8,1.291,15,0,-6.726,-1,1778967670
BKNG,us,1777334400,17.94,8.08,0.256,173.38,-2.332,23.8,0.956,4,0,-3.316,-1,1778967670
BKNG,us,1777420800,23.95,10.2,0.342,173.98,0.346,23.8,0.995,9,0,-3.253,-1,1778967670
BKNG,us,1777507200,18.97,8.7,0.271,168.36,-3.23,19.8,0.997,4,0,1.734,0,1778967670
BKNG,us,1777593600,19.53,9.32,0.279,169.63,0.754,17.8,0.991,4,0,-2.181,0,1778967670
BKNG,us,1777852800,14.03,5.58,0.2,165.58,-2.388,13.9,0.815,4,0,-4.699,-1,1778967670
BKNG,us,1777939200,15.65,4.95,0.224,167.63,1.238,15.8,1.04,4,0,-4.218,-1,1778967670
BKNG,us,1778025600,15.04,4.32,0.215,168.32,0.412,15.8,1.042,4,0,-7.896,-1,1778967670
BKNG,us,1778112000,17.59,4.32,0.251,171.28,1.759,15.8,1.297,4,0,-9.809,-1,1778967670
BKNG,us,1778198400,16.22,3.7,0.232,165.93,-3.124,15.8,1.222,4,0,-7.111,-1,1778967670
NKE,us,1763683200,23.46,14.25,0.335,61.9902,2.23,4.0,0.471,10,0,4.789,1,1778967670
NKE,us,1763942400,29.56,20.5,0.422,61.1314,-1.385,0.0,0.456,10,0,5.514,1,1778967670
NKE,us,1764028800,37.25,23.88,0.532,62.8588,2.826,0.0,0.537,15,0,3.752,1,1778967670
NKE,us,1764115200,38.39,23.88,0.548,63.5004,1.021,0.0,0.651,15,0,2.766,0,1778967670
NKE,us,1764288000,39.18,23.88,0.56,63.7966,0.466,0.0,0.73,15,0,2.554,0,1778967670
NKE,us,1764547200,38.86,22.0,0.555,64.9588,1.822,4.0,0.886,15,0,-2.829,0,1778967670
NKE,us,1764633600,39.06,21.38,0.558,64.5019,-0.703,2.0,0.968,15,0,-2.464,0,1778967670
NKE,us,1764720000,39.71,20.12,0.567,65.2171,1.109,4.0,1.159,15,0,0.213,0,1778967670
NKE,us,1764806400,37.69,18.88,0.538,65.2569,0.061,2.0,1.081,15,0,3.121,1,1778967670
NKE,us,1764892800,38.75,17.62,0.554,65.4257,0.259,2.0,1.313,15,0,2.445,0,1778967670
NKE,us,1765152000,41.55,20.12,0.594,63.121,-3.523,2.0,1.343,15,0,6.673,1,1778967670
NKE,us,1765238400,39.51,21.12,0.564,62.9124,-0.33,0.0,1.389,10,0,5.985,1,1778967670
NKE,us,1765324800,42.88,20.75,0.613,65.3562,3.884,2.0,1.413,15,0,-0.152,0,1778967670
NKE,us,1765411200,39.63,16.68,0.566,67.2933,2.964,9.9,1.425,16,0,-3.115,-1,1778967670
NKE,us,1765497600,37.71,15.38,0.539,67.0251,-0.399,11.9,1.083,20,0,-12.984,-1,1778967670
NKE,us,1765756800,36.27,13.55,0.518,67.3331,0.459,13.9,1.402,16,0,-15.58,-1,1778967670
NKE,us,1765843200,40.36,14.75,0.577,66.6774,-0.974,13.9,1.411,20,0,-14.571,-1,1778967670
NKE,us,1765929600,36.8,14.5,0.526,65.2569,-2.131,11.9,1.43,15,0,-8.662,-1,1778967670
NKE,us,1766016000,33.0,15.12,0.471,65.1973,-0.091,11.9,0.988,15,0,-7.161,-1,1778967670
NKE,us,1766102400,14.92,8.7,0.213,58.3229,-10.544,4.0,0.592,4,0,4.258,1,1778967670
NKE,us,1766361600,11.14,6.2,0.159,56.8427,-2.538,2.0,0.464,4,0,6.938,1,1778967670
NKE,us,1766448000,7.33,1.2,0.105,56.9619,0.21,2.0,0.583,4,0,11.109,1,1778967670
NKE,us,1766534400,8.28,1.2,0.118,59.6044,4.639,4.0,0.678,4,0,5.467,1,1778967670
NKE,us,1766707200,8.61,1.2,0.123,60.5282,1.55,4.0,0.711,4,0,5.908,1,1778967670
NKE,us,1766966400,9.12,1.2,0.13,60.8064,0.46,7.9,0.762,4,0,6.764,1,1778967670
NKE,us,1767052800,8.3,1.2,0.119,60.7865,-0.033,5.9,0.68,4,0,3.318,1,1778967670
NKE,us,1767139200,15.5,3.32,0.221,63.2899,4.118,7.9,0.838,9,0,2.433,0,1778967670
NKE,us,1767312000,10.05,2.45,0.144,62.8627,-0.675,9.9,0.73,4,0,4.172,1,1778967670
NKE,us,1767571200,21.76,6.7,0.311,64.1045,1.975,7.9,0.776,14,0,1.72,0,1778967670
NKE,us,1767657600,22.69,7.32,0.324,64.9191,1.271,9.9,0.807,14,0,1.454,0,1778967670
NKE,us,1767744000,12.54,4.32,0.179,62.8031,-3.259,9.9,0.792,4,0,3.717,1,1778967670
NKE,us,1767830400,22.95,6.7,0.328,64.8297,3.227,13.9,0.895,14,0,-1.027,0,1778967670
NKE,us,1767916800,28.89,8.5,0.413,65.4853,1.011,15.8,0.889,20,0,-2.336,0,1778967670
NKE,us,1768176000,27.67,11.05,0.395,65.2072,-0.425,13.9,0.792,16,0,-3.062,-1,1778967670
NKE,us,1768262400,29.83,12.3,0.426,65.8628,1.005,15.8,0.883,16,0,-1.342,0,1778967670
NKE,us,1768348800,30.09,13.55,0.43,65.1376,-1.101,15.8,0.784,16,0,-0.168,0,1778967670
NKE,us,1768435200,34.8,15.38,0.497,64.1641,-1.495,15.8,0.792,20,0,0.697,0,1778967670
NKE,us,1768521600,35.35,16.0,0.505,63.9555,-0.325,15.8,0.785,20,0,0.948,0,1778967670
NKE,us,1768867200,31.39,15.12,0.448,63.2104,-1.165,15.8,0.827,15,0,-0.849,0,1778967670
NKE,us,1768953600,43.24,17.25,0.618,64.9787,2.797,17.8,1.449,20,0,-4.846,-1,1778967670
NKE,us,1769040000,47.5,18.5,0.679,65.0284,0.076,15.8,1.958,20,0,-4.369,-1,1778967670
NKE,us,1769126400,50.83,22.88,0.726,64.6111,-0.642,11.9,1.645,20,0,-4.966,-1,1778967670
NKE,us,1769385600,48.28,24.12,0.69,64.5615,-0.077,11.9,1.266,20,0,-4.324,-1,1778967670
NKE,us,1769472000,31.26,20.58,0.447,62.674,-2.924,11.9,1.038,4,0,-3.424,-1,1778967670
NKE,us,1769558400,29.69,20.58,0.424,61.8296,-1.347,11.9,0.881,4,0,3.181,1,1778967670
NKE,us,1769644800,31.14,20.58,0.445,62.1872,0.578,13.9,1.026,4,0,0.16,0,1778967670
NKE,us,1769731200,27.79,19.95,0.397,61.4024,-1.262,15.8,0.754,4,0,3.414,1,1778967670
NKE,us,1769990400,28.26,18.7,0.404,61.77,0.599,15.8,0.926,4,0,0.37,0,1778967670
NKE,us,1770076800,24.8,17.45,0.354,60.5282,-2.01,23.8,0.705,4,0,3.463,1,1778967670
NKE,us,1770163200,34.86,20.45,0.498,63.7966,5.4,33.7,0.711,14,0,-2.912,0,1778967670
NKE,us,1770249600,24.47,16.82,0.35,62.2866,-2.367,35.6,0.735,4,0,-2.552,0,1778967670
NKE,us,1770336000,29.54,18.95,0.422,63.4985,1.946,37.6,0.679,9,0,-1.236,0,1778967670
NKE,us,1770595200,23.08,17.45,0.33,61.9985,-2.362,29.7,0.533,4,0,3.862,1,1778967670
NKE,us,1770681600,24.26,17.45,0.347,62.6243,1.009,35.6,0.651,4,0,3.982,1,1778967670
NKE,us,1770768000,23.63,18.08,0.338,61.9389,-1.095,33.7,0.525,4,0,5.229,1,1778967670
NKE,us,1770854400,23.06,17.45,0.329,60.6971,-2.005,33.7,0.531,4,0,7.038,1,1778967670
NKE,us,1770940800,25.9,18.7,0.37,62.7137,3.322,33.7,0.69,4,0,-0.063,0,1778967670
NKE,us,1771286400,41.51,21.62,0.593,64.3926,2.677,33.7,0.839,20,0,-1.126,0,1778967670
NKE,us,1771372800,41.09,19.12,0.587,65.1178,1.126,35.6,1.047,20,0,-3.28,-1,1778967670
NKE,us,1771459200,40.0,18.5,0.571,65.1774,0.092,37.6,1.0,20,0,-2.53,0,1778967670
NKE,us,1771545600,37.33,18.5,0.533,64.9688,-0.32,33.7,0.733,20,0,-4.924,-1,1778967670
NKE,us,1771804800,28.31,16.75,0.404,62.674,-3.532,37.6,0.706,10,0,-2.655,0,1778967670
NKE,us,1771891200,41.09,21.0,0.587,63.6674,1.585,39.6,0.859,20,0,-6.718,-1,1778967670
NKE,us,1771977600,30.31,17.7,0.433,62.982,-1.077,33.7,0.881,9,0,-6.894,-1,1778967670
NKE,us,1772064000,43.25,21.62,0.618,63.5283,0.868,35.6,1.013,20,0,-8.671,-1,1778967670
NKE,us,1772150400,22.87,14.32,0.327,61.77,-2.768,31.7,0.825,4,0,-7.706,-1,1778967670
NKE,us,1772409600,20.95,12.45,0.299,61.01,-1.23,31.7,0.82,4,0,-7.343,-1,1778967670
NKE,us,1772496000,12.07,4.95,0.172,59.39,-2.655,29.7,0.682,4,0,-5.573,-1,1778967670
NKE,us,1772582400,11.49,4.32,0.164,58.64,-1.263,21.8,0.687,4,0,-5.014,-1,1778967670
NKE,us,1772668800,8.48,3.08,0.121,58.02,-1.057,13.9,0.51,4,0,-6.705,-1,1778967670
NKE,us,1772755200,7.13,1.82,0.102,57.01,-1.741,11.9,0.501,4,0,-5.315,-1,1778967670
NKE,us,1773014400,5.58,1.2,0.08,56.53,-0.842,11.9,0.408,4,0,-3.078,-1,1778967670
NKE,us,1773100800,5.53,1.2,0.079,56.08,-0.796,15.8,0.403,4,0,-1.712,0,1778967670
NKE,us,1773187200,4.68,1.2,0.067,55.7,-0.678,17.8,0.318,4,0,-4.004,-1,1778967670
NKE,us,1773273600,4.64,1.2,0.066,54.13,-2.819,15.8,0.314,4,0,-1.275,0,1778967670
NKE,us,1773360000,4.63,1.2,0.066,53.98,-0.277,15.8,0.313,4,0,-2.983,0,1778967670
NKE,us,1773619200,4.35,1.2,0.062,54.79,1.501,15.8,0.285,4,0,-3.796,-1,1778967670
NKE,us,1773705600,4.25,1.2,0.061,55.12,0.602,13.9,0.275,4,0,-2.957,0,1778967670
NKE,us,1773792000,4.0,1.2,0.057,53.47,-2.993,13.9,0.216,4,0,-0.916,0,1778967670
NKE,us,1773878400,5.88,3.08,0.084,53.44,-0.056,13.9,0.169,4,0,-2.564,0,1778967670
NKE,us,1773964800,6.5,3.7,0.093,52.37,-2.002,13.9,0.178,4,0,-1.909,0,1778967670
NKE,us,1774224000,6.51,3.7,0.093,52.71,0.649,13.9,0.251,4,0,-2.789,0,1778967670
NKE,us,1774310400,8.38,5.58,0.12,53.49,1.48,27.7,0.242,4,0,-1.253,0,1778967670
NKE,us,1774396800,9.62,6.82,0.137,52.98,-0.953,31.7,0.238,4,0,-15.761,-1,1778967670
NKE,us,1774483200,10.88,8.08,0.155,52.07,-1.718,29.7,0.187,4,0,-15.133,-1,1778967670
NKE,us,1774569600,11.5,8.7,0.164,51.37,-1.344,29.7,0.191,4,0,-14.288,-1,1778967670
NKE,us,1774828800,12.75,9.95,0.182,51.24,-0.253,27.7,0.19,4,0,-16.686,-1,1778967670
NKE,us,1774915200,15.0,11.2,0.214,52.82,3.084,27.7,0.35,4,0,-18.345,-1,1778967670
NKE,us,1775001600,10.25,7.45,0.146,44.63,-15.505,7.9,0.25,4,0,-1.412,0,1778967670
NKE,us,1775088000,8.38,5.58,0.12,44.19,-0.986,5.9,0.224,4,0,-3.553,-1,1778967670
NKE,us,1775433600,4.0,1.2,0.057,44.03,-0.362,5.9,0.218,4,0,-2.544,0,1778967670
NKE,us,1775520000,4.0,1.2,0.057,42.69,-3.043,4.0,0.207,4,0,3.537,1,1778967670
NKE,us,1775606400,4.39,1.2,0.063,43.13,1.031,5.9,0.289,4,0,5.356,1,1778967670
NKE,us,1775692800,5.17,1.2,0.074,44.0,2.017,9.9,0.367,4,0,3.864,1,1778967670
NKE,us,1775779200,5.1,1.2,0.073,42.62,-3.136,7.9,0.36,4,0,8.001,1,1778967670
NKE,us,1776038400,5.8,1.2,0.083,42.91,0.68,5.9,0.43,4,0,8.32,1,1778967670
NKE,us,1776124800,6.68,1.82,0.095,44.2,3.006,4.0,0.456,4,0,4.955,1,1778967670
NKE,us,1776211200,7.88,2.45,0.113,45.44,2.805,4.0,0.513,4,0,0.528,0,1778967670
NKE,us,1776297600,9.98,3.7,0.143,45.7,0.572,4.0,0.598,4,0,-2.013,0,1778967670
NKE,us,1776384000,11.72,4.32,0.167,46.03,0.722,4.0,0.71,4,0,-2.911,0,1778967670
NKE,us,1776643200,13.98,5.58,0.2,46.48,0.978,4.0,0.81,4,0,-2.883,0,1778967670
NKE,us,1776729600,14.27,6.82,0.204,46.39,-0.194,4.0,0.715,4,0,-2.932,0,1778967670
NKE,us,1776816000,20.85,9.88,0.298,45.68,-1.531,2.0,0.647,10,0,-2.824,0,1778967670
NKE,us,1776902400,22.02,11.12,0.315,44.78,-1.97,4.0,0.64,10,0,-0.938,0,1778967670
NKE,us,1776988800,26.38,15.5,0.377,44.69,-0.201,4.0,0.638,10,0,-0.649,0,1778967670
NKE,us,1777248000,30.77,19.25,0.44,45.14,1.007,4.0,0.702,10,0,-4.541,-1,1778967670
NKE,us,1777334400,37.1,22.0,0.53,45.03,-0.244,4.0,0.71,15,0,-4.375,-1,1778967670
NKE,us,1777420800,32.74,22.38,0.468,44.39,-1.421,4.0,0.586,10,0,-1.149,0,1778967670
NKE,us,1777507200,34.07,21.75,0.487,44.36,-0.068,4.0,0.782,10,0,0.113,0,1778967670
NKE,us,1777593600,37.58,22.38,0.537,44.4,0.09,4.0,1.07,10,0,-0.586,0,1778967670
NKE,us,1777852800,29.39,18.7,0.42,43.09,-2.95,4.0,1.039,4,0,-1.625,0,1778967670
NKE,us,1777939200,30.42,18.7,0.435,43.06,-0.07,2.0,1.142,4,0,-1.649,0,1778967670
NKE,us,1778025600,31.79,20.58,0.454,43.88,1.904,4.0,1.091,4,0,-3.51,-1,1778967670
NKE,us,1778112000,31.44,20.58,0.449,44.41,1.208,0.0,1.056,4,0,-5.382,-1,1778967670
NKE,us,1778198400,31.93,20.58,0.456,44.14,-0.608,0.0,1.105,4,0,-5.12,-1,1778967670
LLY,us,1763683200,33.5,7.3,0.479,1056.1162,1.573,95.0,3.959,16,0,-0.171,0,1778967670
LLY,us,1763942400,34.75,8.55,0.496,1066.541,0.987,93.1,4.144,16,0,-2.246,0,1778967670
LLY,us,1764028800,36.0,9.8,0.514,1106.1863,3.717,95.0,5.061,16,0,-6.881,-1,1778967670
LLY,us,1764115200,36.62,10.42,0.523,1100.6053,-0.505,95.0,5.225,16,0,-8.136,-1,1778967670
LLY,us,1764288000,37.88,11.68,0.541,1071.8329,-2.614,89.1,4.1,16,0,-6.059,-1,1778967670
LLY,us,1764547200,39.12,12.92,0.559,1054.3124,-1.635,89.1,3.267,16,0,-5.7,-1,1778967670
LLY,us,1764633600,45.0,16.0,0.643,1042.5822,-1.113,91.1,2.607,20,0,-6.108,-1,1778967670
LLY,us,1764720000,46.88,17.88,0.67,1030.0647,-1.201,89.1,2.072,20,0,-3.862,-1,1778967670
LLY,us,1764806400,35.52,15.82,0.507,1011.0591,-1.845,87.1,1.59,9,0,-0.504,0,1778967670
LLY,us,1764892800,33.75,17.08,0.482,1006.8932,-0.412,87.1,1.287,9,0,1.702,0,1778967670
LLY,us,1765152000,34.87,17.7,0.498,994.2164,-1.259,85.1,1.337,9,0,6.476,1,1778967670
LLY,us,1765238400,32.91,18.32,0.47,978.8983,-1.541,85.1,1.079,9,0,7.337,1,1778967670
LLY,us,1765324800,32.58,18.32,0.465,990.2797,1.163,85.1,1.046,9,0,4.846,1,1778967670
LLY,us,1765411200,32.39,18.32,0.463,1005.9664,1.584,85.1,1.027,9,0,4.706,1,1778967670
LLY,us,1765497600,32.77,18.95,0.468,1024.0352,1.796,91.1,1.002,9,0,4.275,1,1778967670
LLY,us,1765756800,37.36,19.82,0.534,1058.5978,3.375,91.1,1.024,14,0,1.345,0,1778967670
LLY,us,1765843200,38.83,21.08,0.555,1050.7246,-0.744,91.1,1.045,14,0,1.646,0,1778967670
LLY,us,1765929600,33.17,20.82,0.474,1038.2668,-1.186,95.0,0.855,9,0,3.378,1,1778967670
LLY,us,1766016000,38.24,22.32,0.546,1053.3058,1.448,93.1,0.862,14,0,1.975,0,1778967670
LLY,us,1766102400,42.91,20.38,0.613,1067.8165,1.378,93.1,1.103,20,0,0.68,0,1778967670
LLY,us,1766361600,41.81,19.75,0.597,1072.8395,0.47,93.1,1.056,20,0,0.304,0,1778967670
LLY,us,1766448000,39.12,19.12,0.559,1068.0159,-0.45,93.1,0.85,20,0,0.284,0,1778967670
LLY,us,1766534400,44.52,25.38,0.636,1073.3379,0.498,93.1,0.764,20,0,0.314,0,1778967670
LLY,us,1766707200,45.5,25.38,0.65,1074.1052,0.071,93.1,0.862,20,0,-3.363,-1,1778967670
LLY,us,1766966400,42.14,23.55,0.602,1075.0819,0.091,93.1,0.989,16,0,-1.362,0,1778967670
LLY,us,1767052800,43.0,22.92,0.614,1076.0985,0.095,93.1,1.138,16,0,2.625,0,1778967670
LLY,us,1767139200,43.07,22.3,0.615,1071.0457,-0.47,93.1,1.207,16,0,0.978,0,1778967670
LLY,us,1767312000,44.64,21.05,0.638,1076.7064,0.529,91.1,1.489,16,0,-1.555,0,1778967670
LLY,us,1767571200,44.75,22.0,0.639,1037.9878,-3.596,87.1,1.475,15,0,3.792,1,1778967670
LLY,us,1767657600,53.12,24.12,0.759,1060.4417,2.163,89.1,1.775,20,0,1.236,0,1778967670
LLY,us,1767744000,53.12,24.12,0.759,1104.3427,4.14,91.1,2.333,20,0,-3.141,-1,1778967670
LLY,us,1767830400,54.38,25.38,0.777,1081.52,-2.067,89.1,2.26,20,0,-4.812,-1,1778967670
LLY,us,1767916800,49.38,23.88,0.705,1059.9633,-1.993,87.1,1.849,15,0,-2.366,0,1778967670
LLY,us,1768176000,54.37,25.38,0.777,1077.3442,1.64,87.1,1.749,20,0,-3.673,-1,1778967670
LLY,us,1768262400,51.34,25.38,0.733,1073.5471,-0.352,87.1,1.446,20,0,0.123,0,1778967670
LLY,us,1768348800,48.43,25.38,0.692,1069.6604,-0.362,87.1,1.155,20,0,1.313,0,1778967670
LLY,us,1768435200,36.1,20.82,0.516,1029.4766,-3.757,87.1,1.148,9,0,3.032,1,1778967670
LLY,us,1768521600,39.19,20.2,0.56,1034.8883,0.526,87.1,1.519,9,0,2.345,0,1778967670
LLY,us,1768867200,37.31,18.95,0.533,1037.7686,0.278,87.1,1.456,9,0,-0.171,0,1778967670
LLY,us,1768953600,40.7,19.82,0.581,1074.8727,3.575,89.1,1.358,14,0,-5.074,-1,1778967670
LLY,us,1769040000,46.01,21.0,0.657,1083.7026,0.821,89.1,1.351,20,0,-5.816,-1,1778967670
LLY,us,1769126400,34.1,17.08,0.487,1060.6908,-2.123,87.1,1.322,9,0,-2.55,0,1778967670
LLY,us,1769385600,37.88,18.25,0.541,1059.1559,-0.145,87.1,1.163,15,0,-1.752,0,1778967670
LLY,us,1769472000,29.77,15.82,0.425,1035.9945,-2.187,87.1,1.015,9,0,-3.468,-1,1778967670
LLY,us,1769558400,22.51,13.7,0.322,1020.3376,-1.511,85.1,0.851,4,0,8.138,1,1778967670
LLY,us,1769644800,21.6,12.45,0.309,1020.6765,0.033,85.1,0.885,4,0,-0.322,0,1778967670
LLY,us,1769731200,22.62,11.82,0.323,1033.6425,1.27,87.1,1.05,4,0,2.028,0,1778967670
LLY,us,1769990400,27.72,13.32,0.396,1040.5989,0.673,85.1,1.06,9,0,0.052,0,1778967670
LLY,us,1770076800,20.99,10.58,0.3,1000.0665,-3.895,85.1,1.011,4,0,2.147,0,1778967670
LLY,us,1770163200,37.2,14.12,0.531,1103.3759,10.33,91.1,1.158,20,0,-8.302,-1,1778967670
LLY,us,1770249600,17.61,9.32,0.252,1017.3877,-7.793,85.1,0.799,4,0,1.707,0,1778967670
LLY,us,1770336000,36.37,14.75,0.52,1054.6014,3.658,85.1,1.012,20,0,-1.554,0,1778967670
LLY,us,1770595200,26.12,11.75,0.373,1041.1372,-1.277,83.2,0.987,10,0,-0.66,0,1778967670
LLY,us,1770681600,19.26,10.58,0.275,1021.5336,-1.883,83.2,0.838,4,0,-0.267,0,1778967670
LLY,us,1770768000,16.67,8.08,0.238,1011.7767,-0.955,81.2,0.829,4,0,0.957,0,1778967670
LLY,us,1770854400,20.54,10.58,0.293,1034.7588,2.271,83.2,0.966,4,0,-2.607,0,1778967670
LLY,us,1770940800,22.55,10.58,0.322,1038.2128,0.334,83.2,1.167,4,0,1.785,0,1778967670
LLY,us,1771286400,19.92,9.95,0.285,1034.2697,-0.38,81.2,0.967,4,0,0.589,0,1778967670
LLY,us,1771372800,17.26,8.7,0.247,1018.8062,-1.495,81.2,0.826,4,0,0.81,0,1778967670
LLY,us,1771459200,24.75,12.38,0.354,1021.4616,0.261,79.2,0.787,10,0,-0.117,0,1778967670
LLY,us,1771545600,18.2,11.2,0.26,1007.7852,-1.339,79.2,0.67,4,0,4.207,1,1778967670
LLY,us,1771804800,36.43,16.62,0.52,1056.741,4.858,79.2,0.831,20,0,-3.834,-1,1778967670
LLY,us,1771891200,31.95,15.75,0.456,1040.3591,-1.55,79.2,0.82,15,0,-3.303,-1,1778967670
LLY,us,1771977600,20.34,11.82,0.291,1027.062,-1.278,79.2,0.822,4,0,-2.455,0,1778967670
LLY,us,1772064000,26.47,13.62,0.378,1020.2637,-0.662,79.2,0.835,10,0,-3.792,-1,1778967670
LLY,us,1772150400,30.97,14.82,0.442,1050.1821,2.932,79.2,0.885,14,0,-5.861,-1,1778967670
LLY,us,1772409600,19.58,11.82,0.28,1016.2206,-3.234,77.2,0.746,4,0,-0.941,0,1778967670
LLY,us,1772496000,15.4,8.7,0.22,1005.9982,-1.006,77.2,0.64,4,0,-0.633,0,1778967670
LLY,us,1772582400,16.55,9.32,0.236,1001.8454,-0.413,77.2,0.693,4,0,-0.372,0,1778967670
LLY,us,1772668800,22.58,17.45,0.323,981.5703,-2.024,77.2,0.483,4,0,-0.611,0,1778967670
LLY,us,1772755200,23.6,16.82,0.337,988.6282,0.719,79.2,0.648,4,0,-0.53,0,1778967670
LLY,us,1773014400,23.69,17.45,0.338,1006.6572,1.824,81.2,0.594,4,0,-1.911,0,1778967670
LLY,us,1773100800,23.97,17.45,0.342,999.6292,-0.698,81.2,0.622,4,0,-7.09,-1,1778967670
LLY,us,1773187200,24.35,17.45,0.348,998.1218,-0.151,79.2,0.66,4,0,-8.18,-1,1778967670
LLY,us,1773273600,20.65,13.7,0.295,975.5706,-2.259,79.2,0.665,4,0,-6.114,-1,1778967670
LLY,us,1773360000,15.8,9.32,0.226,983.3872,0.801,81.2,0.618,4,0,-7.957,-1,1778967670
LLY,us,1773619200,15.68,9.32,0.224,987.4202,0.41,79.2,0.606,4,0,-7.943,-1,1778967670
LLY,us,1773705600,7.13,1.2,0.102,928.7512,-5.942,75.2,0.563,4,0,-2.938,0,1778967670
LLY,us,1773792000,7.1,1.2,0.101,916.4724,-1.322,73.3,0.56,4,0,-0.19,0,1778967670
LLY,us,1773878400,6.22,1.2,0.089,915.9233,-0.06,73.3,0.472,4,0,-2.234,0,1778967670
LLY,us,1773964800,6.05,1.2,0.086,905.1419,-1.177,73.3,0.455,4,0,-3.139,-1,1778967670
LLY,us,1774224000,5.57,1.2,0.08,908.9852,0.425,73.3,0.407,4,0,-2.627,0,1778967670
LLY,us,1774310400,5.6,1.2,0.08,901.4682,-0.827,73.3,0.41,4,0,1.855,0,1778967670
LLY,us,1774396800,6.42,1.2,0.092,914.7354,1.472,73.3,0.492,4,0,4.17,1,1778967670
LLY,us,1774483200,6.49,1.2,0.093,895.4586,-2.107,73.3,0.499,4,0,4.301,1,1778967670
LLY,us,1774569600,5.72,1.82,0.082,876.7308,-2.091,71.3,0.36,4,0,5.559,1,1778967670
LLY,us,1774828800,6.2,1.2,0.089,885.1064,0.955,71.3,0.47,4,0,5.014,1,1778967670
LLY,us,1774915200,9.46,3.08,0.135,918.1895,3.738,73.3,0.608,4,0,3.645,1,1778967670
LLY,us,1775001600,18.59,6.45,0.266,952.8797,3.778,73.3,0.834,9,0,0.07,0,1778967670
LLY,us,1775088000,15.11,6.2,0.216,933.9722,-1.984,71.3,0.861,4,0,0.416,0,1778967670
LLY,us,1775433600,15.12,7.45,0.216,925.4669,-0.911,71.3,0.737,4,0,0.269,0,1778967670
LLY,us,1775520000,21.73,9.88,0.31,929.49,0.435,73.3,0.735,10,0,-0.923,0,1778967670
LLY,us,1775606400,29.15,12.62,0.416,951.6618,2.385,73.3,0.853,15,0,-5.063,-1,1778967670
LLY,us,1775692800,31.36,13.88,0.448,953.5485,0.198,71.3,0.948,15,0,-5.36,-1,1778967670
LLY,us,1775779200,32.1,14.5,0.459,937.8555,-1.646,69.3,0.96,15,0,-1.324,0,1778967670
LLY,us,1776038400,32.11,15.75,0.459,927.9526,-1.056,67.3,0.836,15,0,-1.038,0,1778967670
LLY,us,1776124800,31.51,16.38,0.45,920.9147,-0.758,65.3,0.713,15,0,-2.112,0,1778967670
LLY,us,1776211200,20.81,13.08,0.297,903.4748,-1.894,61.4,0.743,4,0,1.818,0,1778967670
LLY,us,1776297600,26.95,14.88,0.385,902.4365,-0.115,59.4,0.757,10,0,1.511,0,1778967670
LLY,us,1776384000,33.62,16.38,0.48,925.437,2.549,67.3,0.924,15,0,-4.646,-1,1778967670
LLY,us,1776643200,30.84,16.12,0.441,918.3192,-0.769,65.3,1.022,10,0,-5.613,-1,1778967670
LLY,us,1776729600,21.39,13.08,0.306,901.4682,-1.835,59.4,0.801,4,0,-3.214,-1,1778967670
LLY,us,1776816000,31.13,17.7,0.445,919.8964,2.044,59.4,0.963,9,0,-7.626,-1,1778967670
LLY,us,1776902400,25.38,16.82,0.363,916.0731,-0.416,63.4,0.826,4,0,1.847,0,1778967670
LLY,us,1776988800,21.07,13.08,0.301,882.441,-3.671,59.4,0.769,4,0,8.979,1,1778967670
LLY,us,1777248000,21.08,13.08,0.301,866.778,-1.775,51.5,0.77,4,0,11.478,1,1778967670
LLY,us,1777334400,20.93,13.08,0.299,872.498,0.66,55.4,0.755,4,0,13.143,1,1778967670
LLY,us,1777420800,17.94,11.82,0.256,849.7473,-2.608,51.5,0.582,4,0,15.958,1,1778967670
LLY,us,1777507200,24.1,13.95,0.344,932.9939,9.797,61.4,0.635,9,0,4.318,1,1778967670
LLY,us,1777593600,35.62,16.0,0.509,961.6746,3.074,69.3,0.812,20,0,-1.545,0,1778967670
LLY,us,1777852800,35.95,14.75,0.514,966.2667,0.478,69.3,0.97,20,0,-0.097,0,1778967670
LLY,us,1777939200,34.77,13.5,0.497,987.1707,2.163,71.3,0.977,20,0,0.101,0,1778967670
LLY,us,1778025600,31.77,12.25,0.454,985.3538,-0.184,65.3,0.802,20,0,2.908,0,1778967670
LLY,us,1778112000,30.03,11.62,0.429,973.2846,-1.225,59.4,0.691,20,0,3.256,1,1778967670
LLY,us,1778198400,24.14,9.5,0.345,946.8201,-2.719,51.5,0.664,15,0,6.136,1,1778967670
UNH,us,1763683200,10.41,4.32,0.149,315.3812,2.706,59.4,0.579,4,0,1.013,0,1778967670
UNH,us,1763942400,12.47,7.45,0.178,314.4744,-0.288,57.4,0.472,4,0,1.721,0,1778967670
UNH,us,1764028800,13.36,9.32,0.191,321.6007,2.266,57.4,0.374,4,0,4.116,1,1778967670
UNH,us,1764115200,27.08,14.5,0.387,324.9815,1.051,57.4,0.458,15,0,1.146,0,1778967670
UNH,us,1764288000,29.05,15.75,0.415,325.0406,0.018,57.4,0.53,15,0,0.346,0,1778967670
UNH,us,1764547200,25.41,15.5,0.363,318.5747,-1.989,53.5,0.541,10,0,0.8,0,1778967670
UNH,us,1764633600,26.53,15.82,0.379,319.8857,0.411,51.5,0.691,9,0,0.381,0,1778967670
UNH,us,1764720000,33.24,16.38,0.475,334.8381,4.674,57.4,0.886,15,0,-2.688,0,1778967670
UNH,us,1764806400,33.42,16.38,0.477,328.7073,-1.831,51.5,0.904,15,0,1.65,0,1778967670
UNH,us,1764892800,33.64,16.38,0.481,326.1643,-0.774,49.5,0.926,15,0,3.998,1,1778967670
UNH,us,1765152000,32.64,17.0,0.466,321.1235,-1.545,39.6,0.764,15,0,5.401,1,1778967670
UNH,us,1765238400,33.7,17.62,0.481,321.1036,-0.006,43.6,0.808,15,0,3.276,1,1778967670
UNH,us,1765324800,32.31,16.38,0.462,325.8369,1.474,43.6,0.793,15,0,0.993,0,1778967670
UNH,us,1765411200,32.57,17.0,0.465,334.1324,2.546,45.5,0.757,15,0,-2.551,0,1778967670
UNH,us,1765497600,37.6,16.62,0.537,339.2029,1.518,51.5,0.948,20,0,-4.218,-1,1778967670
UNH,us,1765756800,37.27,16.0,0.532,338.4687,-0.216,53.5,0.977,20,0,-4.673,-1,1778967670
UNH,us,1765843200,32.3,14.5,0.461,331.6219,-2.023,49.5,0.98,15,0,-2.813,0,1778967670
UNH,us,1765929600,34.84,16.38,0.498,329.0717,-0.769,57.4,1.046,15,0,-1.221,0,1778967670
UNH,us,1766016000,40.76,22.0,0.582,325.6086,-1.052,49.5,1.076,15,0,1.125,0,1778967670
UNH,us,1766102400,35.14,22.38,0.502,324.8942,-0.219,43.6,0.826,10,0,0.464,0,1778967670
UNH,us,1766361600,33.33,22.38,0.476,322.6516,-0.69,43.6,0.645,10,0,2.153,0,1778967670
UNH,us,1766448000,27.87,20.58,0.398,322.2944,-0.111,37.6,0.699,4,0,1.635,0,1778967670
UNH,us,1766534400,27.43,20.58,0.392,325.0529,0.856,37.6,0.655,4,0,2.692,0,1778967670
UNH,us,1766707200,38.28,23.88,0.547,329.2701,1.297,43.6,0.64,15,0,3.071,1,1778967670
UNH,us,1766966400,32.63,22.38,0.466,326.4024,-0.871,43.6,0.575,10,0,6.089,1,1778967670
UNH,us,1767052800,38.7,23.88,0.553,329.5976,0.979,45.5,0.682,15,0,2.872,0,1778967670
UNH,us,1767139200,32.32,22.38,0.462,327.5634,-0.617,45.5,0.544,10,0,5.071,1,1778967670
UNH,us,1767312000,35.95,23.58,0.514,333.8049,1.905,51.5,0.507,14,0,2.253,0,1778967670
UNH,us,1767571200,41.77,23.5,0.597,339.3815,1.671,51.5,0.677,20,0,-0.441,0,1778967670
UNH,us,1767657600,40.1,19.75,0.573,346.2779,2.032,51.5,0.885,20,0,-4.31,-1,1778967670
UNH,us,1767744000,39.75,19.75,0.568,339.064,-2.083,43.6,0.85,20,0,-1.972,0,1778967670
UNH,us,1767830400,39.31,17.88,0.562,344.1743,1.507,57.4,0.993,20,0,-2.275,0,1778967670
UNH,us,1767916800,37.18,17.25,0.531,341.3264,-0.827,55.4,0.843,20,0,-3.768,-1,1778967670
UNH,us,1768176000,34.11,16.0,0.487,337.8832,-1.009,53.5,0.661,20,0,-0.611,0,1778967670
UNH,us,1768262400,28.89,15.75,0.413,331.3539,-1.932,47.5,0.514,15,0,4.139,1,1778967670
UNH,us,1768348800,35.76,17.88,0.511,332.376,0.308,49.5,0.638,20,0,5.825,1,1778967670
UNH,us,1768435200,36.14,16.62,0.516,336.3452,1.194,55.4,0.802,20,0,5.104,1,1778967670
UNH,us,1768521600,19.13,11.2,0.273,328.4664,-2.342,51.5,0.763,4,0,6.229,1,1778967670
UNH,us,1768867200,39.58,18.5,0.565,335.8192,2.239,61.4,0.958,20,0,-16.467,-1,1778967670
UNH,us,1768953600,38.77,14.12,0.554,345.0674,2.754,65.3,1.315,20,0,-15.451,-1,1778967670
UNH,us,1769040000,40.83,12.25,0.583,351.7355,1.932,67.3,1.708,20,0,-17.542,-1,1778967670
UNH,us,1769126400,40.62,11.62,0.58,353.5117,0.505,69.3,2.115,20,0,-19.461,-1,1778967670
UNH,us,1769385600,39.44,11.62,0.563,348.9273,-1.297,69.3,1.632,20,0,-18.783,-1,1778967670
UNH,us,1769472000,8.28,1.2,0.118,280.5192,-19.605,13.9,0.678,4,0,0.524,0,1778967670
UNH,us,1769558400,10.62,1.2,0.152,291.7518,4.004,21.8,0.912,4,0,-6.156,-1,1778967670
UNH,us,1769644800,9.3,1.2,0.133,290.0352,-0.588,25.7,0.78,4,0,-8.122,-1,1778967670
UNH,us,1769731200,8.85,1.2,0.126,284.7165,-1.834,23.8,0.735,4,0,-3.583,-1,1778967670
UNH,us,1769990400,7.92,1.2,0.113,283.3869,-0.467,25.7,0.642,4,0,-3.463,-1,1778967670
UNH,us,1770076800,6.95,1.2,0.099,281.9877,-0.494,31.7,0.545,4,0,-3.857,-1,1778967670
UNH,us,1770163200,5.96,1.2,0.085,273.7915,-2.907,29.7,0.446,4,0,1.084,0,1778967670
UNH,us,1770249600,5.81,1.2,0.083,266.4783,-2.671,33.7,0.431,4,0,5.891,1,1778967670
UNH,us,1770336000,6.08,1.2,0.087,274.5158,3.016,35.6,0.458,4,0,5.979,1,1778967670
UNH,us,1770595200,5.92,1.2,0.085,273.5732,-0.343,35.6,0.442,4,0,4.857,1,1778967670
UNH,us,1770681600,5.91,1.2,0.084,271.1123,-0.9,31.7,0.441,4,0,5.483,1,1778967670
UNH,us,1770768000,6.42,1.2,0.092,276.7584,2.083,37.6,0.492,4,0,3.951,1,1778967670
UNH,us,1770854400,7.42,1.82,0.106,282.1763,1.958,41.6,0.53,4,0,1.98,0,1778967670
UNH,us,1770940800,8.88,3.08,0.127,290.9282,3.102,43.6,0.55,4,0,-3.701,-1,1778967670
UNH,us,1771286400,16.18,6.12,0.231,286.8599,-1.398,39.6,0.556,10,0,-5.237,-1,1778967670
UNH,us,1771372800,10.8,5.58,0.154,285.9767,-0.308,39.6,0.492,4,0,-1.388,0,1778967670
UNH,us,1771459200,11.82,6.82,0.169,287.6934,0.6,41.6,0.47,4,0,-1.128,0,1778967670
UNH,us,1771545600,19.67,10.5,0.281,287.7628,0.024,41.6,0.467,10,0,1.128,0,1778967670
UNH,us,1771804800,15.5,11.2,0.221,280.1619,-2.641,43.6,0.4,4,0,4.459,1,1778967670
UNH,us,1771891200,17.39,13.08,0.248,271.8367,-2.972,35.6,0.401,4,0,5.57,1,1778967670
UNH,us,1771977600,32.21,17.0,0.46,282.0076,3.742,39.6,0.721,15,0,2.73,0,1778967670
UNH,us,1772064000,31.71,17.62,0.453,284.4486,0.866,43.6,0.609,15,0,0.736,0,1778967670
UNH,us,1772150400,33.42,17.62,0.477,291.0076,2.306,45.5,0.78,15,0,-2.315,0,1778967670
UNH,us,1772409600,34.07,16.38,0.487,292.6548,0.566,47.5,0.969,15,0,-2.558,0,1778967670
UNH,us,1772496000,34.24,16.38,0.489,286.9789,-1.939,43.6,0.986,15,0,-1.616,0,1778967670
UNH,us,1772582400,36.54,16.38,0.522,289.7077,0.951,43.6,1.216,15,0,-1.539,0,1778967670
UNH,us,1772668800,38.42,17.0,0.549,286.5423,-1.093,37.6,1.342,15,0,-3.313,-1,1778967670
UNH,us,1772755200,39.92,21.45,0.57,284.27,-0.793,37.6,1.467,9,0,-0.767,0,1778967670
UNH,us,1773014400,40.67,22.08,0.581,285.17,0.317,37.6,1.479,9,0,0.112,0,1778967670
UNH,us,1773100800,36.69,20.58,0.524,282.34,-0.992,39.6,1.581,4,0,1.852,0,1778967670
UNH,us,1773187200,43.38,22.08,0.62,285.25,1.031,37.6,1.915,9,0,-0.323,0,1778967670
UNH,us,1773273600,35.99,20.58,0.514,277.05,-2.875,35.6,1.511,4,0,1.224,0,1778967670
UNH,us,1773360000,40.2,21.75,0.574,282.09,1.819,39.6,1.395,10,0,-2.304,0,1778967670
UNH,us,1773619200,45.0,23.88,0.643,285.49,1.205,39.6,1.312,15,0,-5.587,-1,1778967670
UNH,us,1773705600,46.69,23.25,0.667,287.57,0.729,39.6,1.544,15,0,-5.317,-1,1778967670
UNH,us,1773792000,36.25,19.95,0.518,284.33,-1.127,39.6,1.6,4,0,-4.846,-1,1778967670
UNH,us,1773878400,32.81,18.7,0.469,280.44,-1.368,39.6,1.381,4,0,-4.418,-1,1778967670
UNH,us,1773964800,24.34,16.2,0.348,275.59,-1.729,39.6,0.784,4,0,-6.013,-1,1778967670
UNH,us,1774224000,22.86,14.95,0.327,269.54,-2.195,35.6,0.761,4,0,-2.875,0,1778967670
UNH,us,1774310400,24.25,14.95,0.346,272.28,1.017,41.6,0.9,4,0,-0.621,0,1778967670
UNH,us,1774396800,20.57,13.08,0.294,270.55,-0.635,39.6,0.719,4,0,1.268,0,1778967670
UNH,us,1774483200,16.73,10.58,0.239,268.05,-0.924,37.6,0.585,4,0,3.436,1,1778967670
UNH,us,1774569600,11.02,6.2,0.157,259.02,-3.369,37.6,0.452,4,0,8.625,1,1778967670
UNH,us,1774828800,10.37,5.58,0.148,261.79,1.069,37.6,0.449,4,0,17.548,1,1778967670
UNH,us,1774915200,11.46,5.58,0.164,270.59,3.361,37.6,0.558,4,0,13.079,1,1778967670
UNH,us,1775001600,11.26,5.58,0.161,273.98,1.253,41.6,0.538,4,0,12.019,1,1778967670
UNH,us,1775088000,17.74,7.7,0.253,277.26,1.197,41.6,0.624,9,0,9.763,1,1778967670
UNH,us,1775433600,18.86,7.7,0.269,281.36,1.479,41.6,0.736,9,0,11.245,1,1778967670
UNH,us,1775520000,27.27,7.25,0.39,307.73,9.372,49.5,0.852,20,0,2.099,0,1778967670
UNH,us,1775606400,26.35,6.62,0.376,305.98,-0.569,45.5,0.823,20,0,2.637,0,1778967670
UNH,us,1775692800,25.63,6.0,0.366,306.91,0.304,47.5,0.813,20,0,3.092,1,1778967670
UNH,us,1775779200,26.06,6.0,0.372,304.33,-0.841,47.5,0.856,20,0,6.67,1,1778967670
UNH,us,1776038400,22.38,4.8,0.32,313.0,2.849,47.5,0.888,16,0,3.348,1,1778967670
UNH,us,1776124800,22.49,4.8,0.321,314.19,0.38,47.5,0.899,16,0,10.128,1,1778967670
UNH,us,1776211200,21.5,4.8,0.307,314.05,-0.045,45.5,0.8,16,0,12.568,1,1778967670
UNH,us,1776297600,22.39,4.8,0.32,316.4,0.748,45.5,0.889,16,0,12.061,1,1778967670
UNH,us,1776384000,23.91,4.8,0.342,324.63,2.601,47.5,1.041,16,0,9.331,1,1778967670
UNH,us,1776643200,28.73,4.8,0.41,323.48,-0.354,47.5,1.523,16,0,9.648,1,1778967670
UNH,us,1776729600,31.0,4.8,0.443,346.01,6.965,57.4,2.3,16,0,6.0,1,1778967670
UNH,us,1776816000,31.0,4.8,0.443,353.52,2.17,57.4,2.409,16,0,4.871,1,1778967670
UNH,us,1776902400,31.0,4.8,0.443,354.56,0.294,59.4,2.993,16,0,4.49,1,1778967670
UNH,us,1776988800,31.0,4.8,0.443,354.92,0.102,61.4,3.677,16,0,3.905,1,1778967670
UNH,us,1777248000,32.25,6.05,0.461,354.69,-0.065,61.4,4.031,16,0,4.528,1,1778967670
UNH,us,1777334400,33.5,7.3,0.479,366.77,3.406,77.2,4.109,16,0,-0.791,0,1778967670
UNH,us,1777420800,34.12,7.92,0.487,370.74,1.082,77.2,4.105,16,0,-0.933,0,1778967670
UNH,us,1777507200,34.75,8.55,0.496,370.48,-0.07,77.2,3.323,16,0,-0.2,0,1778967670
UNH,us,1777593600,36.0,9.8,0.514,368.78,-0.459,77.2,2.847,16,0,3.037,1,1778967670
UNH,us,1777852800,37.25,11.05,0.532,370.75,0.534,77.2,2.802,16,0,3.693,1,1778967670
UNH,us,1777939200,38.5,12.3,0.55,363.87,-1.856,77.2,2.063,16,0,8.937,1,1778967670
UNH,us,1778025600,39.12,12.92,0.559,367.28,0.937,77.2,2.656,16,0,9.225,1,1778967670
UNH,us,1778112000,40.38,14.18,0.577,369.74,0.67,71.3,2.644,16,0,7.938,1,1778967670
UNH,us,1778198400,41.62,15.42,0.595,379.98,2.77,71.3,3.155,16,0,3.65,1,1778967670
ABBV,us,1763683200,25.18,6.05,0.36,232.4655,2.977,67.3,1.043,16,0,-4.727,-1,1778967670
ABBV,us,1763942400,26.62,6.62,0.38,225.8048,-2.865,63.4,0.85,20,0,-2.24,0,1778967670
ABBV,us,1764028800,27.56,6.0,0.394,228.0579,0.998,63.4,1.006,20,0,-0.673,0,1778967670
ABBV,us,1764115200,28.11,6.62,0.402,223.9847,-1.786,61.4,0.999,20,0,0.461,0,1778967670
ABBV,us,1764288000,28.38,7.25,0.405,224.0241,0.018,59.4,0.963,20,0,-0.711,0,1778967670
ABBV,us,1764547200,26.14,7.62,0.373,221.4759,-1.137,59.4,1.052,15,0,-0.884,0,1778967670
ABBV,us,1764633600,20.22,8.7,0.289,220.7478,-0.329,57.4,1.122,4,0,-0.615,0,1778967670
ABBV,us,1764720000,33.74,15.45,0.482,226.5231,2.616,55.4,1.099,14,0,-2.198,0,1778967670
ABBV,us,1764806400,34.76,17.95,0.497,225.0178,-0.665,57.4,0.951,14,0,-2.068,0,1778967670
ABBV,us,1764892800,23.78,15.58,0.34,222.4302,-1.15,53.5,0.79,4,0,-1.221,0,1778967670
ABBV,us,1765152000,23.89,16.82,0.341,219.518,-1.309,55.4,0.677,4,0,1.941,0,1778967670
ABBV,us,1765238400,24.54,17.45,0.351,219.3901,-0.058,53.5,0.679,4,0,0.305,0,1778967670
ABBV,us,1765324800,25.11,17.45,0.359,221.5447,0.982,51.5,0.736,4,0,-0.386,0,1778967670
ABBV,us,1765411200,22.88,16.82,0.327,220.3641,-0.533,49.5,0.576,4,0,-0.518,0,1778967670
ABBV,us,1765497600,23.09,16.82,0.33,219.7148,-0.295,45.5,0.597,4,0,1.567,0,1778967670
ABBV,us,1765756800,28.79,18.95,0.411,223.7781,1.849,55.4,0.604,9,0,0.202,0,1778967670
ABBV,us,1765843200,25.13,19.95,0.359,220.0591,-1.662,47.5,0.488,4,0,2.289,0,1778967670
ABBV,us,1765929600,26.94,20.58,0.385,220.6888,0.286,59.4,0.606,4,0,2.488,0,1778967670
ABBV,us,1766016000,27.19,20.58,0.388,219.2229,-0.664,53.5,0.631,4,0,3.213,1,1778967670
ABBV,us,1766102400,41.62,23.88,0.595,223.1583,1.795,55.4,0.974,15,0,1.772,0,1778967670
ABBV,us,1766361600,46.12,25.38,0.659,224.2307,0.481,49.5,0.924,20,0,0.803,0,1778967670
ABBV,us,1766448000,42.58,23.58,0.608,225.0965,0.386,55.4,1.17,14,0,-0.131,0,1778967670
ABBV,us,1766534400,47.56,25.38,0.679,226.1787,0.481,55.4,1.068,20,0,-0.252,0,1778967670
ABBV,us,1766707200,48.61,24.75,0.694,226.2673,0.039,55.4,1.236,20,0,-4.261,-1,1778967670
ABBV,us,1766966400,46.99,22.88,0.671,227.1134,0.374,55.4,1.261,20,0,-2.993,0,1778967670
ABBV,us,1767052800,47.17,22.25,0.674,226.0311,-0.477,47.5,1.342,20,0,1.602,0,1778967670
ABBV,us,1767139200,47.77,22.25,0.682,224.8013,-0.544,47.5,1.402,20,0,-1.908,0,1778967670
ABBV,us,1767312000,47.41,22.25,0.677,225.6081,0.359,53.5,1.366,20,0,-4.025,-1,1778967670
ABBV,us,1767571200,27.94,15.58,0.399,216.6255,-3.982,39.6,1.206,4,0,-0.064,0,1778967670
ABBV,us,1767657600,30.49,14.95,0.436,220.3149,1.703,45.5,1.524,4,0,-1.42,0,1778967670
ABBV,us,1767744000,48.12,19.12,0.687,229.6517,4.238,49.5,1.934,20,0,-4.94,-1,1778967670
ABBV,us,1767830400,31.77,14.32,0.454,220.5117,-3.98,45.5,1.715,4,0,-3.293,-1,1778967670
ABBV,us,1767916800,24.74,11.2,0.353,216.5271,-1.807,43.6,1.324,4,0,-1.82,0,1778967670
ABBV,us,1768176000,21.66,8.7,0.309,216.4877,-0.018,37.6,1.266,4,0,-1.944,0,1778967670
ABBV,us,1768262400,22.2,6.82,0.317,217.1863,0.323,43.6,1.508,4,0,-1.296,0,1778967670
ABBV,us,1768348800,21.47,5.58,0.307,218.3079,0.516,43.6,1.559,4,0,-0.913,0,1778967670
ABBV,us,1768435200,20.03,4.32,0.286,213.2508,-2.316,41.6,1.541,4,0,1.972,0,1778967670
ABBV,us,1768521600,15.58,3.08,0.223,212.5864,-0.312,39.6,1.22,4,0,2.995,0,1778967670
ABBV,us,1768867200,13.63,1.82,0.195,212.2789,-0.145,45.5,1.151,4,0,4.621,1,1778967670
ABBV,us,1768953600,11.67,1.2,0.167,214.3715,0.986,45.5,1.017,4,0,1.166,0,1778967670
ABBV,us,1769040000,11.8,1.2,0.169,216.3154,0.907,45.5,1.03,4,0,1.064,0,1778967670
ABBV,us,1769126400,13.41,2.45,0.192,217.4559,0.527,47.5,1.066,4,0,1.71,0,1778967670
ABBV,us,1769385600,21.44,5.5,0.306,218.9535,0.689,51.5,1.144,10,0,2.206,0,1778967670
ABBV,us,1769472000,32.74,9.12,0.468,222.0875,1.431,57.4,1.212,20,0,0.773,0,1778967670
ABBV,us,1769558400,16.48,5.58,0.235,216.8708,-2.349,53.5,1.06,4,0,-0.713,0,1778967670
ABBV,us,1769644800,24.33,8.32,0.348,218.6163,0.805,53.5,1.221,9,0,-0.64,0,1778967670
ABBV,us,1769731200,32.68,10.75,0.467,221.1751,1.17,63.4,1.393,15,0,0.188,0,1778967670
ABBV,us,1769990400,38.65,12.88,0.552,223.7835,1.179,61.4,1.427,20,0,-1.055,0,1778967670
ABBV,us,1770076800,41.25,12.25,0.589,223.8033,0.009,65.3,1.843,20,0,-1.427,0,1778967670
ABBV,us,1770163200,20.6,7.45,0.294,215.3236,-3.789,65.3,1.285,4,0,1.741,0,1778967670
ABBV,us,1770249600,31.67,14.25,0.452,217.2179,0.88,65.3,1.292,10,0,3.872,1,1778967670
ABBV,us,1770336000,39.83,15.75,0.569,221.5916,2.014,63.4,1.608,15,0,3.612,1,1778967670
ABBV,us,1770595200,39.81,15.75,0.569,221.423,-0.076,55.4,1.606,15,0,4.3,1,1778967670
ABBV,us,1770681600,39.95,15.75,0.571,220.6098,-0.367,57.4,1.62,15,0,2.823,0,1778967670
ABBV,us,1770768000,37.83,16.38,0.54,219.0725,-0.697,59.4,1.345,15,0,1.566,0,1778967670
ABBV,us,1770854400,41.0,16.0,0.586,225.6282,2.992,65.3,1.35,20,0,-1.182,0,1778967670
ABBV,us,1770940800,40.27,12.25,0.575,229.5952,1.758,65.3,1.652,20,0,-0.873,0,1778967670
ABBV,us,1771286400,40.0,11.0,0.571,230.9441,0.587,69.3,2.087,20,0,-1.898,0,1778967670
ABBV,us,1771372800,40.62,11.62,0.58,226.8381,-1.778,63.4,2.21,20,0,-0.787,0,1778967670
ABBV,us,1771459200,43.75,14.75,0.625,222.5041,-1.911,57.4,1.777,20,0,0.152,0,1778967670
ABBV,us,1771545600,46.25,17.25,0.661,222.9603,0.205,53.5,1.799,20,0,3.234,1,1778967670
ABBV,us,1771804800,45.62,16.62,0.652,227.5919,2.077,63.4,1.792,20,0,2.083,0,1778967670
ABBV,us,1771891200,43.37,16.62,0.62,226.5604,-0.453,63.4,1.525,20,0,2.373,0,1778967670
ABBV,us,1771977600,41.13,16.62,0.588,225.0529,-0.665,57.4,1.301,20,0,4.085,1,1778967670
ABBV,us,1772064000,39.87,18.88,0.57,222.8413,-0.983,63.4,1.299,15,0,3.409,1,1778967670
ABBV,us,1772150400,44.27,19.75,0.632,230.1705,3.289,67.3,1.302,20,0,-0.849,0,1778967670
ABBV,us,1772409600,38.15,13.5,0.545,232.3325,0.939,73.3,1.315,20,0,-2.907,0,1778967670
ABBV,us,1772496000,34.24,11.62,0.489,231.9358,-0.171,73.3,1.112,20,0,-2.929,0,1778967670
ABBV,us,1772582400,31.34,9.12,0.448,234.2467,0.996,71.3,1.072,20,0,-3.603,-1,1778967670
ABBV,us,1772668800,35.46,12.25,0.507,230.4383,-1.626,71.3,1.171,20,0,-3.004,-1,1778967670
ABBV,us,1772755200,30.63,14.2,0.438,228.2167,-0.964,73.3,0.913,14,0,-4.533,-1,1778967670
ABBV,us,1773014400,27.03,15.82,0.386,225.5786,-1.156,67.3,0.741,9,0,-2.638,0,1778967670
ABBV,us,1773100800,28.94,17.7,0.413,225.1422,-0.193,67.3,0.744,9,0,-3.194,-1,1778967670
ABBV,us,1773187200,37.57,20.75,0.537,225.8067,0.295,69.3,0.882,15,0,-8.494,-1,1778967670
ABBV,us,1773273600,40.76,23.88,0.582,223.5157,-1.015,69.3,0.888,15,0,-8.493,-1,1778967670
ABBV,us,1773360000,22.95,15.58,0.328,217.8725,-2.525,67.3,0.707,4,0,-6.651,-1,1778967670
ABBV,us,1773619200,16.77,9.95,0.24,219.6279,0.806,67.3,0.652,4,0,-7.46,-1,1778967670
ABBV,us,1773705600,9.87,4.32,0.141,217.9518,-0.763,67.3,0.525,4,0,-6.625,-1,1778967670
ABBV,us,1773792000,6.56,1.2,0.094,206.6258,-5.197,53.5,0.506,4,0,-0.557,0,1778967670
ABBV,us,1773878400,6.46,1.2,0.092,204.5332,-1.013,53.5,0.496,4,0,2.371,0,1778967670
ABBV,us,1773964800,4.64,1.2,0.066,203.3827,-0.562,55.4,0.314,4,0,2.111,0,1778967670
ABBV,us,1774224000,4.0,1.2,0.057,203.2439,-0.068,53.5,0.249,4,0,3.996,1,1778967670
ABBV,us,1774310400,4.7,1.2,0.067,203.5116,0.132,53.5,0.32,4,0,5.989,1,1778967670
ABBV,us,1774396800,5.4,1.2,0.077,205.4753,0.965,53.5,0.39,4,0,3.765,1,1778967670
ABBV,us,1774483200,6.03,1.2,0.086,209.3829,1.902,61.4,0.453,4,0,-1.08,0,1778967670
ABBV,us,1774569600,5.08,1.2,0.073,207.6771,-0.815,61.4,0.358,4,0,-1.294,0,1778967670
ABBV,us,1774828800,6.96,3.08,0.099,211.3665,1.777,65.3,0.358,4,0,-3.167,-1,1778967670
ABBV,us,1774915200,9.23,4.32,0.132,215.7005,2.05,61.4,0.461,4,0,-2.713,0,1778967670
ABBV,us,1775001600,9.76,5.58,0.139,213.2112,-1.154,61.4,0.388,4,0,-1.2,0,1778967670
ABBV,us,1775088000,10.54,6.2,0.151,207.1217,-2.856,53.5,0.404,4,0,-0.431,0,1778967670
ABBV,us,1775433600,11.83,7.45,0.169,204.9894,-1.029,53.5,0.408,4,0,-0.106,0,1778967670
ABBV,us,1775520000,12.43,8.08,0.178,204.672,-0.155,51.5,0.405,4,0,1.885,0,1778967670
ABBV,us,1775606400,20.49,11.12,0.293,209.8491,2.529,51.5,0.487,10,0,-0.681,0,1778967670
ABBV,us,1775692800,26.03,13.25,0.372,210.6524,0.383,49.5,0.478,15,0,-0.789,0,1778967670
ABBV,us,1775779200,22.43,13.0,0.32,206.2291,-2.1,49.5,0.493,10,0,1.043,0,1778967670
ABBV,us,1776038400,22.96,13.62,0.328,204.7712,-0.707,49.5,0.484,10,0,-0.518,0,1778967670
ABBV,us,1776124800,31.94,18.88,0.456,208.53,1.836,49.5,0.506,15,0,-1.635,0,1778967670
ABBV,us,1776211200,36.23,23.25,0.518,208.42,-0.053,47.5,0.498,15,0,-3.8,-1,1778967670
ABBV,us,1776297600,30.64,20.82,0.438,208.99,0.273,43.6,0.602,9,0,-3.847,-1,1778967670
ABBV,us,1776384000,37.14,23.25,0.531,208.38,-0.292,43.6,0.589,15,0,-4.641,-1,1778967670
ABBV,us,1776643200,27.99,19.95,0.4,203.71,-2.241,39.6,0.774,4,0,-3.107,-1,1778967670
ABBV,us,1776729600,30.13,19.95,0.43,205.12,0.692,39.6,0.988,4,0,-3.622,-1,1778967670
ABBV,us,1776816000,24.95,16.82,0.356,200.5,-2.252,33.7,0.783,4,0,1.691,0,1778967670
ABBV,us,1776902400,22.65,14.32,0.324,200.95,0.224,43.6,0.803,4,0,5.16,1,1778967670
ABBV,us,1776988800,19.42,12.45,0.277,198.71,-1.115,35.6,0.667,4,0,3.971,1,1778967670
ABBV,us,1777248000,19.27,12.45,0.275,197.38,-0.669,33.7,0.652,4,0,5.462,1,1778967670
ABBV,us,1777334400,18.49,11.82,0.264,197.69,0.157,33.7,0.637,4,0,4.259,1,1778967670
ABBV,us,1777420800,20.63,13.7,0.295,203.89,3.136,41.6,0.663,4,0,0.559,0,1778967670
ABBV,us,1777507200,34.15,17.62,0.488,211.32,3.644,45.5,0.853,15,0,-4.074,-1,1778967670
ABBV,us,1777593600,34.64,18.25,0.495,206.6,-2.234,35.6,0.839,15,0,-2.444,0,1778967670
ABBV,us,1777852800,28.62,15.2,0.409,208.16,0.755,37.6,0.962,9,0,-2.585,0,1778967670
ABBV,us,1777939200,28.63,14.58,0.409,206.11,-0.985,35.6,1.025,9,0,0.849,0,1778967670
ABBV,us,1778025600,24.37,15.58,0.348,205.03,-0.524,33.7,0.849,4,0,1.692,0,1778967670
ABBV,us,1778112000,23.73,16.2,0.339,202.71,-1.132,33.7,0.723,4,0,3.976,1,1778967670
ABBV,us,1778198400,23.08,15.58,0.33,201.55,-0.572,33.7,0.72,4,0,4.386,1,1778967670
JNJ,us,1763683200,34.12,7.92,0.487,201.5421,0.409,69.3,2.287,16,0,1.346,0,1778967670
JNJ,us,1763942400,31.0,4.8,0.443,203.6673,1.054,67.3,2.946,16,0,0.327,0,1778967670
JNJ,us,1764028800,31.0,4.8,0.443,205.5771,0.938,67.3,3.841,16,0,-0.648,0,1778967670
JNJ,us,1764115200,31.0,4.8,0.443,206.4624,0.431,71.3,5.508,16,0,-2.447,0,1778967670
JNJ,us,1764288000,31.0,4.8,0.443,205.8258,-0.308,65.3,4.386,16,0,-2.412,0,1778967670
JNJ,us,1764547200,31.0,4.8,0.443,204.2542,-0.764,65.3,4.428,16,0,-1.812,0,1778967670
JNJ,us,1764633600,32.25,6.05,0.461,204.3337,0.039,65.3,6.028,16,0,-2.658,0,1778967670
JNJ,us,1764720000,33.5,7.3,0.479,204.2442,-0.044,63.4,4.357,16,0,0.589,0,1778967670
JNJ,us,1764806400,34.75,8.55,0.496,201.4093,-1.388,65.3,3.904,16,0,3.719,1,1778967670
JNJ,us,1764892800,40.0,11.0,0.571,200.8622,-0.272,63.4,3.101,20,0,4.779,1,1778967670
JNJ,us,1765152000,41.88,12.88,0.598,200.5538,-0.154,63.4,3.046,20,0,6.225,1,1778967670
JNJ,us,1765238400,38.12,12.62,0.545,198.9026,-0.823,63.4,2.53,15,0,4.671,1,1778967670
JNJ,us,1765324800,44.38,15.38,0.634,205.4478,3.291,63.4,2.606,20,0,1.835,0,1778967670
JNJ,us,1765411200,45.0,16.0,0.643,208.8995,1.68,65.3,2.609,20,0,-0.809,0,1778967670
JNJ,us,1765497600,46.25,17.25,0.661,210.4612,0.748,75.2,2.578,20,0,-2.462,0,1778967670
JNJ,us,1765756800,46.25,17.25,0.661,213.0375,1.224,77.2,2.572,20,0,-3.198,-1,1778967670
JNJ,us,1765843200,47.5,18.5,0.679,208.1932,-2.274,77.2,1.97,20,0,-1.682,0,1778967670
JNJ,us,1765929600,48.12,19.12,0.687,209.2178,0.492,77.2,1.908,20,0,-1.212,0,1778967670
JNJ,us,1766016000,46.3,19.75,0.661,207.2085,-0.96,77.2,1.505,20,0,-0.326,0,1778967670
JNJ,us,1766102400,42.6,21.0,0.609,205.2787,-0.931,77.2,1.01,20,0,0.577,0,1778967670
JNJ,us,1766361600,42.71,21.62,0.61,206.2237,0.46,73.3,0.959,20,0,-0.198,0,1778967670
JNJ,us,1766448000,36.26,20.75,0.518,204.6918,-0.743,73.3,0.751,15,0,0.569,0,1778967670
JNJ,us,1766534400,40.5,22.25,0.579,206.6813,0.972,73.3,0.675,20,0,-0.207,0,1778967670
JNJ,us,1766707200,39.72,22.25,0.567,206.5321,-0.072,73.3,0.597,20,0,-1.599,0,1778967670
JNJ,us,1766966400,39.79,22.25,0.568,206.4624,-0.034,73.3,0.604,20,0,-1.335,0,1778967670
JNJ,us,1767052800,42.57,24.75,0.608,205.8159,-0.313,73.3,0.632,20,0,0.28,0,1778967670
JNJ,us,1767139200,42.77,25.38,0.611,205.8557,0.019,73.3,0.589,20,0,-0.58,0,1778967670
JNJ,us,1767312000,37.99,23.58,0.543,206.2535,0.193,73.3,0.711,14,0,-1.428,0,1778967670
JNJ,us,1767571200,32.96,22.08,0.471,203.2296,-1.466,65.3,0.708,9,0,2.648,0,1778967670
JNJ,us,1767657600,34.56,22.08,0.494,203.7071,0.235,67.3,0.868,9,0,4.326,1,1778967670
JNJ,us,1767744000,36.43,22.08,0.52,206.3928,1.318,75.2,1.055,9,0,5.33,1,1778967670
JNJ,us,1767830400,36.56,22.08,0.522,204.662,-0.839,71.3,1.068,9,0,6.717,1,1778967670
JNJ,us,1767916800,33.71,21.45,0.482,203.3092,-0.661,71.3,0.846,9,0,6.982,1,1778967670
JNJ,us,1768176000,45.05,24.75,0.644,208.611,2.608,75.2,0.88,20,0,4.048,1,1778967670
JNJ,us,1768262400,44.35,23.5,0.634,212.5202,1.874,73.3,0.935,20,0,2.041,0,1778967670
JNJ,us,1768348800,38.88,20.42,0.555,217.3943,2.293,75.2,0.976,16,0,-0.027,0,1778967670
JNJ,us,1768435200,32.66,11.68,0.467,218.4089,0.467,75.2,1.228,16,0,0.26,0,1778967670
JNJ,us,1768521600,27.01,8.55,0.386,217.5037,-0.414,77.2,0.976,16,0,1.294,0,1778967670
JNJ,us,1768867200,29.03,8.5,0.415,217.0561,-0.206,77.2,0.903,20,0,2.855,0,1778967670
JNJ,us,1768953600,25.57,6.68,0.365,216.8572,-0.092,77.2,1.019,16,0,4.454,1,1778967670
JNJ,us,1769040000,25.57,6.05,0.365,217.3346,0.22,77.2,1.082,16,0,4.028,1,1778967670
JNJ,us,1769126400,26.35,4.8,0.376,218.9759,0.755,79.2,1.285,16,0,3.23,1,1778967670
JNJ,us,1769385600,26.98,4.8,0.385,220.3188,0.613,79.2,1.348,16,0,4.181,1,1778967670
JNJ,us,1769472000,28.61,4.8,0.409,223.2532,1.332,81.2,1.511,16,0,3.858,1,1778967670
JNJ,us,1769558400,31.0,4.8,0.443,226.5158,1.461,81.2,1.751,16,0,2.964,0,1778967670
JNJ,us,1769644800,29.59,4.8,0.423,226.0881,-0.189,81.2,1.609,16,0,4.62,1,1778967670
JNJ,us,1769731200,26.92,4.8,0.385,226.0483,-0.018,83.2,1.342,16,0,5.606,1,1778967670
JNJ,us,1769990400,27.15,4.8,0.388,229.5298,1.54,79.2,1.365,16,0,3.419,1,1778967670
JNJ,us,1770076800,30.23,4.8,0.432,231.8674,1.018,81.2,1.673,16,0,2.252,0,1778967670
JNJ,us,1770163200,30.3,4.8,0.433,233.2301,0.588,83.2,1.68,16,0,2.725,0,1778967670
JNJ,us,1770249600,30.68,4.8,0.438,236.5326,1.416,83.2,1.718,16,0,2.843,0,1778967670
JNJ,us,1770336000,31.0,4.8,0.443,238.7209,0.925,83.2,2.015,16,0,1.442,0,1778967670
JNJ,us,1770595200,34.12,7.92,0.487,237.3781,-0.563,81.2,1.921,16,0,1.965,0,1778967670
JNJ,us,1770681600,33.82,9.18,0.483,237.0896,-0.122,81.2,1.594,16,0,2.786,0,1778967670
JNJ,us,1770768000,33.84,9.8,0.483,239.5863,1.053,85.1,1.534,16,0,2.512,0,1778967670
JNJ,us,1770854400,31.75,7.92,0.454,243.2568,1.532,85.1,1.513,16,0,-0.842,0,1778967670
JNJ,us,1770940800,26.66,6.05,0.381,242.1626,-0.45,85.1,1.191,16,0,0.982,0,1778967670
JNJ,us,1771286400,26.95,6.68,0.385,242.0433,-0.049,85.1,1.157,16,0,1.75,0,1778967670
JNJ,us,1771372800,31.96,8.55,0.457,243.6945,0.682,85.1,1.471,16,0,0.605,0,1778967670
JNJ,us,1771459200,37.25,11.05,0.532,245.6043,0.784,83.2,1.938,16,0,-0.869,0,1778967670
JNJ,us,1771545600,37.09,14.18,0.53,241.2077,-1.79,81.2,1.421,16,0,2.994,0,1778967670
JNJ,us,1771804800,38.68,15.42,0.553,244.54,1.381,83.2,1.456,16,0,1.644,0,1778967670
JNJ,us,1771891200,39.99,16.68,0.571,246.28,0.712,83.2,1.461,16,0,0.191,0,1778967670
JNJ,us,1771977600,38.92,17.92,0.556,245.17,-0.451,85.1,1.23,16,0,0.053,0,1778967670
JNJ,us,1772064000,42.84,21.0,0.612,243.47,-0.693,85.1,1.034,20,0,-1.577,0,1778967670
JNJ,us,1772150400,47.33,22.25,0.676,248.43,2.037,85.1,1.358,20,0,-3.232,-1,1778967670
JNJ,us,1772409600,52.61,24.12,0.752,248.56,0.052,83.2,1.699,20,0,-2.402,0,1778967670
JNJ,us,1772496000,51.43,25.38,0.735,246.75,-0.728,85.1,1.455,20,0,-1.232,0,1778967670
JNJ,us,1772582400,49.28,25.38,0.704,245.3,-0.588,83.2,1.24,20,0,-0.942,0,1778967670
JNJ,us,1772668800,36.08,22.08,0.515,239.63,-2.311,83.2,1.02,9,0,1.006,0,1778967670
JNJ,us,1772755200,35.74,22.08,0.511,240.4,0.321,83.2,0.986,9,0,0.466,0,1778967670
JNJ,us,1773014400,41.69,23.88,0.596,242.59,0.911,83.2,0.981,15,0,0.247,0,1778967670
JNJ,us,1773100800,48.68,25.38,0.695,243.71,0.462,85.1,1.18,20,0,-2.298,0,1778967670
JNJ,us,1773187200,37.65,22.08,0.538,242.99,-0.295,85.1,1.177,9,0,-2.35,0,1778967670
JNJ,us,1773273600,41.9,23.88,0.599,242.04,-0.391,85.1,1.002,15,0,-1.834,0,1778967670
JNJ,us,1773360000,33.54,21.45,0.479,241.52,-0.215,87.1,0.829,9,0,-2.546,0,1778967670
JNJ,us,1773619200,35.77,21.45,0.511,243.19,0.691,87.1,1.052,9,0,-3.195,-1,1778967670
JNJ,us,1773705600,34.63,19.58,0.495,238.11,-2.089,85.1,1.125,9,0,-1.193,0,1778967670
JNJ,us,1773792000,31.51,18.32,0.45,237.28,-0.349,85.1,0.939,9,0,1.117,0,1778967670
JNJ,us,1773878400,30.26,17.08,0.432,237.6,0.135,85.1,0.938,9,0,0.69,0,1778967670
JNJ,us,1773964800,28.0,15.2,0.4,235.37,-0.939,85.1,0.9,9,0,2.158,0,1778967670
JNJ,us,1774224000,27.12,14.58,0.387,235.42,0.021,85.1,0.874,9,0,3.003,1,1778967670
JNJ,us,1774310400,24.94,13.95,0.356,235.27,-0.064,85.1,0.719,9,0,3.898,1,1778967670
JNJ,us,1774396800,32.27,15.75,0.461,239.93,1.981,85.1,0.852,15,0,1.746,0,1778967670
JNJ,us,1774483200,26.47,13.95,0.378,239.24,-0.288,85.1,0.872,9,0,1.588,0,1778967670
JNJ,us,1774569600,26.09,14.58,0.373,240.45,0.506,85.1,0.771,9,0,0.216,0,1778967670
JNJ,us,1774828800,33.39,18.58,0.477,242.49,0.848,85.1,0.751,14,0,-1.683,0,1778967670
JNJ,us,1774915200,41.5,21.0,0.593,244.44,0.804,85.1,0.9,20,0,-1.285,0,1778967670
JNJ,us,1775001600,42.06,21.62,0.601,244.12,-0.131,83.2,0.894,20,0,-1.151,0,1778967670
JNJ,us,1775088000,41.72,21.0,0.596,243.04,-0.442,83.2,0.922,20,0,-1.884,0,1778967670
JNJ,us,1775433600,33.76,18.58,0.482,240.97,-0.852,83.2,0.788,14,0,-1.249,0,1778967670
JNJ,us,1775520000,33.97,19.5,0.485,238.41,-1.062,83.2,0.647,15,0,0.709,0,1778967670
JNJ,us,1775606400,40.39,22.25,0.577,241.3,1.212,83.2,0.664,20,0,-1.09,0,1778967670
JNJ,us,1775692800,41.69,22.25,0.596,241.31,0.004,81.2,0.794,20,0,-2.806,0,1778967670
JNJ,us,1775779200,36.72,20.75,0.525,238.46,-1.181,81.2,0.797,15,0,-1.795,0,1778967670
JNJ,us,1776038400,35.97,20.12,0.514,237.96,-0.21,79.2,0.785,15,0,-3.055,-1,1778967670
JNJ,us,1776124800,41.93,22.25,0.599,240.1,0.899,79.2,0.818,20,0,-5.806,-1,1778967670
JNJ,us,1776211200,31.01,18.95,0.443,238.67,-0.596,79.2,0.826,9,0,-5.267,-1,1778967670
JNJ,us,1776297600,22.7,14.32,0.324,234.54,-1.73,75.2,0.808,4,0,-1.659,0,1778967670
JNJ,us,1776384000,15.52,8.7,0.222,234.18,-0.153,73.3,0.652,4,0,-2.853,0,1778967670
JNJ,us,1776643200,13.11,5.58,0.187,230.69,-1.49,73.3,0.723,4,0,-2.319,0,1778967670
JNJ,us,1776729600,7.1,1.2,0.101,226.16,-1.964,71.3,0.56,4,0,0.721,0,1778967670
JNJ,us,1776816000,7.11,1.2,0.102,226.1,-0.027,71.3,0.561,4,0,0.553,0,1778967670
JNJ,us,1776902400,7.17,1.2,0.102,230.65,2.012,73.3,0.567,4,0,-0.347,0,1778967670
JNJ,us,1776988800,7.12,1.2,0.102,227.5,-1.366,73.3,0.562,4,0,-0.136,0,1778967670
JNJ,us,1777248000,5.98,1.2,0.085,225.34,-0.949,69.3,0.448,4,0,-0.506,0,1778967670
JNJ,us,1777334400,5.97,1.2,0.085,227.79,1.087,73.3,0.447,4,0,-0.983,0,1778967670
JNJ,us,1777420800,5.64,1.82,0.081,227.35,-0.193,73.3,0.352,4,0,-1.201,0,1778967670
JNJ,us,1777507200,7.88,3.08,0.113,229.85,1.1,69.3,0.45,4,0,-3.193,-1,1778967670
JNJ,us,1777593600,8.5,3.7,0.121,227.19,-1.157,71.3,0.45,4,0,-2.584,0,1778967670
JNJ,us,1777852800,8.34,3.7,0.119,224.2,-1.316,65.3,0.434,4,0,-1.236,0,1778967670
JNJ,us,1777939200,9.14,3.7,0.131,225.55,0.602,63.4,0.514,4,0,-0.572,0,1778967670
JNJ,us,1778025600,10.49,6.2,0.15,224.62,-0.412,63.4,0.399,4,0,2.582,0,1778967670
JNJ,us,1778112000,10.34,6.82,0.148,222.51,-0.939,51.5,0.322,4,0,3.726,1,1778967670
JNJ,us,1778198400,11.02,7.45,0.157,221.32,-0.535,55.4,0.327,4,0,2.435,0,1778967670
CAT,us,1763683200,35.14,22.08,0.502,548.1017,0.787,87.1,0.926,9,0,3.203,1,1778967670
CAT,us,1763942400,41.89,23.88,0.598,557.2329,1.666,85.1,1.001,15,0,4.087,1,1778967670
CAT,us,1764028800,43.17,23.58,0.617,564.2132,1.253,87.1,1.229,14,0,4.391,1,1778967670
CAT,us,1764115200,47.25,25.38,0.675,571.3031,1.257,85.1,1.037,20,0,4.431,1,1778967670
CAT,us,1764288000,48.84,25.38,0.698,573.3246,0.354,85.1,1.196,20,0,4.761,1,1778967670
CAT,us,1764547200,43.5,23.58,0.621,565.6571,-1.337,81.2,1.262,14,0,5.007,1,1778967670
CAT,us,1764633600,51.22,24.12,0.732,580.0061,2.537,83.2,1.56,20,0,2.041,0,1778967670
CAT,us,1764720000,51.25,22.25,0.732,588.988,1.549,83.2,2.051,20,0,4.034,1,1778967670
CAT,us,1764806400,46.62,20.42,0.666,596.6156,1.295,83.2,2.027,16,0,4.416,1,1778967670
CAT,us,1764892800,45.38,19.18,0.648,600.6185,0.671,83.2,2.023,16,0,-0.875,0,1778967670
CAT,us,1765152000,44.12,17.92,0.63,593.9768,-1.106,87.1,2.087,16,0,-1.13,0,1778967670
CAT,us,1765238400,43.5,17.3,0.621,591.8458,-0.359,87.1,1.771,16,0,-0.914,0,1778967670
CAT,us,1765324800,41.0,14.8,0.586,612.747,3.532,89.1,2.117,16,0,-8.688,-1,1778967670
CAT,us,1765411200,39.12,12.92,0.559,622.9636,1.667,91.1,2.126,16,0,-9.555,-1,1778967670
CAT,us,1765497600,44.38,15.38,0.634,595.3609,-4.431,87.1,1.985,20,0,-3.624,-1,1778967670
CAT,us,1765756800,41.65,15.38,0.595,587.2653,-1.36,87.1,1.477,20,0,-1.246,0,1778967670
CAT,us,1765843200,42.01,16.0,0.6,586.4388,-0.141,85.1,1.451,20,0,-1.105,0,1778967670
CAT,us,1765929600,29.86,12.7,0.427,559.5132,-4.591,85.1,1.336,9,0,3.892,1,1778967670
CAT,us,1766016000,30.61,13.32,0.437,563.4365,0.701,81.2,1.349,9,0,3.034,1,1778967670
CAT,us,1766102400,41.25,15.75,0.589,573.7826,1.836,81.2,1.834,15,0,0.415,0,1778967670
CAT,us,1766361600,37.12,15.82,0.53,579.9464,1.074,81.2,1.807,9,0,-0.862,0,1778967670
CAT,us,1766448000,37.48,17.08,0.535,579.9564,0.002,81.2,1.66,9,0,-1.64,0,1778967670
CAT,us,1766534400,36.4,17.08,0.52,581.2907,0.23,81.2,1.552,9,0,2.51,0,1778967670
CAT,us,1766707200,34.74,17.08,0.496,580.5339,-0.13,81.2,1.386,9,0,5.678,1,1778967670
CAT,us,1766966400,32.78,17.08,0.468,576.1625,-0.753,81.2,1.19,9,0,7.687,1,1778967670
CAT,us,1767052800,33.69,17.7,0.481,574.9476,-0.211,81.2,1.219,9,0,3.313,1,1778967670
CAT,us,1767139200,31.34,17.08,0.448,570.4468,-0.783,83.2,1.046,9,0,6.155,1,1778967670
CAT,us,1767312000,35.17,17.32,0.502,595.8787,4.458,85.1,1.055,14,0,3.21,1,1778967670
CAT,us,1767571200,39.14,16.62,0.559,613.4939,2.956,85.1,1.102,20,0,2.219,0,1778967670
CAT,us,1767657600,36.24,13.5,0.518,620.4543,1.135,85.1,1.124,20,0,2.157,0,1778967670
CAT,us,1767744000,34.96,12.88,0.499,593.9968,-4.264,85.1,1.058,20,0,7.079,1,1778967670
CAT,us,1767830400,35.98,12.25,0.514,605.5576,1.946,85.1,1.223,20,0,6.421,1,1778967670
CAT,us,1767916800,30.94,10.42,0.442,615.0075,1.561,85.1,1.182,16,0,4.739,1,1778967670
CAT,us,1768176000,30.56,10.42,0.437,627.1061,1.967,85.1,1.144,16,0,0.111,0,1778967670
CAT,us,1768262400,33.05,9.18,0.472,633.8375,1.073,85.1,1.517,16,0,1.628,0,1778967670
CAT,us,1768348800,32.88,6.68,0.47,636.0481,0.349,85.1,2.048,16,0,1.75,0,1778967670
CAT,us,1768435200,31.0,4.8,0.443,644.4424,1.32,85.1,2.572,16,0,-2.95,0,1778967670
CAT,us,1768521600,31.0,4.8,0.443,644.1537,-0.045,85.1,2.833,16,0,-1.466,0,1778967670
CAT,us,1768867200,36.25,7.25,0.518,627.8047,-2.538,85.1,2.16,20,0,1.576,0,1778967670
CAT,us,1768953600,32.25,6.05,0.461,644.1537,2.604,85.1,1.962,16,0,-0.325,0,1778967670
CAT,us,1769040000,31.62,5.42,0.452,647.1779,0.469,85.1,1.905,16,0,2.596,0,1778967670
CAT,us,1769126400,36.05,9.12,0.515,625.4293,-3.361,83.2,1.543,20,0,4.906,1,1778967670
CAT,us,1769385600,38.88,11.0,0.555,634.7116,1.484,85.1,1.638,20,0,8.647,1,1778967670
CAT,us,1769472000,41.88,12.88,0.598,637.6959,0.47,85.1,1.853,20,0,10.014,1,1778967670
CAT,us,1769558400,43.75,14.75,0.625,642.0577,0.684,87.1,2.423,20,0,7.546,1,1778967670
CAT,us,1769644800,41.0,14.8,0.586,663.9759,3.414,87.1,3.041,16,0,1.965,0,1778967670
CAT,us,1769731200,49.38,20.38,0.705,656.1109,-1.185,85.1,2.58,20,0,10.472,1,1778967670
CAT,us,1769990400,40.38,14.18,0.577,689.5971,5.104,89.1,2.7,16,0,7.412,1,1778967670
CAT,us,1770076800,36.62,10.42,0.523,701.5544,1.734,91.1,2.706,16,0,5.617,1,1778967670
CAT,us,1770163200,37.93,9.75,0.542,690.5054,-1.575,89.1,1.668,20,0,12.023,1,1778967670
CAT,us,1770249600,40.85,12.25,0.584,677.0211,-1.953,91.1,1.71,20,0,11.791,1,1778967670
CAT,us,1770336000,35.62,6.62,0.509,724.8201,7.06,91.1,1.772,20,0,6.61,1,1778967670
CAT,us,1770595200,31.0,4.8,0.443,740.7098,2.192,91.1,1.804,16,0,3.051,1,1778967670
CAT,us,1770681600,31.0,4.8,0.443,740.9594,0.034,91.1,1.908,16,0,1.293,0,1778967670
CAT,us,1770768000,31.0,4.8,0.443,773.5273,4.395,91.1,2.003,16,0,-1.867,0,1778967670
CAT,us,1770854400,28.88,4.8,0.413,756.8491,-2.156,91.1,1.538,16,0,0.191,0,1778967670
CAT,us,1770940800,29.34,4.8,0.419,772.7289,2.098,91.1,1.584,16,0,-2.29,0,1778967670
CAT,us,1771286400,28.81,4.8,0.412,763.3068,-1.219,91.1,1.531,16,0,0.454,0,1778967670
CAT,us,1771372800,29.48,5.42,0.421,750.5411,-1.672,91.1,1.536,16,0,1.947,0,1778967670
CAT,us,1771459200,30.27,6.05,0.432,759.0849,1.138,91.1,1.552,16,0,-0.999,0,1778967670
CAT,us,1771545600,29.83,7.3,0.426,758.2963,-0.104,91.1,1.383,16,0,-2.226,0,1778967670
CAT,us,1771804800,35.07,9.75,0.501,755.0325,-0.43,91.1,1.382,20,0,-0.549,0,1778967670
CAT,us,1771891200,36.35,11.0,0.519,766.7702,1.555,91.1,1.385,20,0,-5.994,-1,1778967670
CAT,us,1771977600,35.22,11.62,0.503,765.1533,-0.211,91.1,1.21,20,0,-4.519,-1,1778967670
CAT,us,1772064000,34.52,12.88,0.493,751.4993,-1.784,91.1,1.014,20,0,-6.222,-1,1778967670
CAT,us,1772150400,33.67,14.12,0.481,741.4185,-1.341,89.1,0.805,20,0,-8.337,-1,1778967670
CAT,us,1772409600,43.91,22.88,0.627,750.8904,1.278,89.1,0.953,20,0,-6.314,-1,1778967670
CAT,us,1772496000,31.52,20.2,0.45,720.8077,-4.006,91.1,0.752,9,0,-0.762,0,1778967670
CAT,us,1772582400,31.95,20.82,0.456,730.5791,1.356,91.1,0.733,9,0,-3.331,-1,1778967670
CAT,us,1772668800,33.31,21.45,0.476,704.7383,-3.537,91.1,0.806,9,0,-0.763,0,1778967670
CAT,us,1772755200,33.14,21.45,0.473,679.6062,-3.566,91.1,0.789,9,0,1.922,0,1778967670
CAT,us,1773014400,31.33,19.58,0.448,703.4807,3.513,91.1,0.795,9,0,-0.715,0,1778967670
CAT,us,1773100800,30.24,18.32,0.432,715.3182,1.683,91.1,0.812,9,0,-2.048,0,1778967670
CAT,us,1773187200,26.87,16.45,0.384,706.2455,-1.268,91.1,0.662,9,0,-1.974,0,1778967670
CAT,us,1773273600,24.12,15.2,0.345,699.3586,-0.975,91.1,0.512,9,0,-1.718,0,1778967670
CAT,us,1773360000,23.89,14.58,0.341,692.6713,-0.956,91.1,0.551,9,0,-1.889,0,1778967670
CAT,us,1773619200,24.22,15.2,0.346,698.4503,0.834,91.1,0.522,9,0,0.274,0,1778967670
CAT,us,1773705600,25.9,15.82,0.37,700.6661,0.317,89.1,0.628,9,0,2.084,0,1778967670
CAT,us,1773792000,23.54,13.32,0.336,692.302,-1.194,89.1,0.642,9,0,3.665,1,1778967670
CAT,us,1773878400,21.7,12.7,0.31,687.3414,-0.717,89.1,0.52,9,0,2.111,0,1778967670
CAT,us,1773964800,21.3,12.7,0.304,679.5862,-1.128,89.1,0.48,9,0,2.133,0,1778967670
CAT,us,1774224000,26.8,17.08,0.383,700.3666,3.058,89.1,0.592,9,0,-4.884,-1,1778967670
CAT,us,1774310400,34.15,21.08,0.488,715.2682,2.128,89.1,0.577,14,0,-1.14,0,1778967670
CAT,us,1774396800,43.57,25.38,0.622,717.6736,0.336,89.1,0.669,20,0,1.569,0,1778967670
CAT,us,1774483200,38.76,23.88,0.554,701.8538,-2.204,91.1,0.688,15,0,1.995,0,1778967670
CAT,us,1774569600,33.06,22.08,0.472,694.0786,-1.108,91.1,0.718,9,0,3.716,1,1778967670
CAT,us,1774828800,26.79,20.58,0.383,666.1617,-4.022,91.1,0.591,4,0,8.542,1,1778967670
CAT,us,1774915200,44.4,25.38,0.634,707.1138,6.147,91.1,0.752,20,0,8.909,1,1778967670
CAT,us,1775001600,44.28,25.38,0.633,728.9323,3.086,91.1,0.74,20,0,7.771,1,1778967670
CAT,us,1775088000,43.52,24.12,0.622,715.8571,-1.794,91.1,0.79,20,0,10.24,1,1778967670
CAT,us,1775433600,45.75,24.75,0.654,719.8695,0.561,89.1,0.95,20,0,9.773,1,1778967670
CAT,us,1775520000,42.45,22.25,0.606,723.0634,0.444,87.1,0.87,20,0,9.636,1,1778967670
CAT,us,1775606400,39.92,19.75,0.57,770.1139,6.507,89.1,0.867,20,0,-0.183,0,1778967670
CAT,us,1775692800,29.71,10.42,0.424,785.5744,2.008,89.1,1.059,16,0,-1.831,0,1778967670
CAT,us,1775779200,28.61,6.68,0.409,789.1576,0.456,85.1,1.323,16,0,0.505,0,1778967670
CAT,us,1776038400,29.86,5.42,0.427,790.2255,0.135,85.1,1.574,16,0,1.034,0,1778967670
CAT,us,1776124800,33.09,6.0,0.473,792.7408,0.318,85.1,1.559,20,0,0.972,0,1778967670
CAT,us,1776211200,30.14,6.0,0.431,768.7065,-3.032,85.1,1.264,20,0,5.225,1,1778967670
CAT,us,1776297600,32.39,6.0,0.463,771.1918,0.323,85.1,1.489,20,0,8.305,1,1778967670
CAT,us,1776384000,31.0,4.8,0.443,793.14,2.846,85.1,1.856,16,0,4.747,1,1778967670
CAT,us,1776643200,31.62,5.42,0.452,798.4,0.663,85.1,2.8,16,0,3.806,1,1778967670
CAT,us,1776729600,31.62,5.42,0.452,800.45,0.257,85.1,2.741,16,0,2.176,0,1778967670
CAT,us,1776816000,31.0,4.8,0.443,808.87,1.052,85.1,2.7,16,0,0.146,0,1778967670
CAT,us,1776902400,31.0,4.8,0.443,835.24,3.26,85.1,2.787,16,0,6.569,1,1778967670
CAT,us,1776988800,31.0,4.8,0.443,830.79,-0.533,83.2,2.83,16,0,7.087,1,1778967670
CAT,us,1777248000,32.25,6.05,0.461,828.79,-0.241,83.2,2.848,16,0,5.549,1,1778967670
CAT,us,1777334400,41.25,12.25,0.589,817.87,-1.318,87.1,3.045,20,0,10.603,1,1778967670
CAT,us,1777420800,42.5,13.5,0.607,810.05,-0.956,83.2,2.226,20,0,14.429,1,1778967670
CAT,us,1777507200,37.25,11.05,0.532,890.11,9.883,89.1,2.435,16,0,0.627,0,1778967670
CAT,us,1777593600,37.25,11.05,0.532,889.67,-0.049,87.1,2.328,16,0,0.874,0,1778967670
CAT,us,1777852800,43.12,14.12,0.616,874.78,-1.674,85.1,1.875,20,0,5.945,1,1778967670
CAT,us,1777939200,39.75,13.55,0.568,904.59,3.408,87.1,1.938,16,0,0.835,0,1778967670
CAT,us,1778025600,33.5,7.3,0.479,926.93,2.47,85.1,1.938,16,0,-2.657,0,1778967670
CAT,us,1778112000,30.37,6.68,0.434,895.69,-3.37,87.1,1.499,16,0,2.739,0,1778967670
CAT,us,1778198400,30.45,6.68,0.435,897.45,0.196,85.1,1.507,16,0,-1.018,0,1778967670
DE,us,1763683200,47.25,21.05,0.675,484.1443,2.29,45.5,1.87,16,0,-3.926,-1,1778967670
DE,us,1763942400,45.6,20.38,0.651,484.1344,-0.002,43.6,1.372,20,0,-3.711,-1,1778967670
DE,us,1764028800,38.48,12.3,0.55,494.9651,2.237,45.5,1.748,16,0,-3.274,-1,1778967670
DE,us,1764115200,24.42,10.2,0.349,466.8847,-5.673,35.6,1.042,9,0,2.801,0,1778967670
DE,us,1764288000,18.38,8.08,0.263,461.5389,-1.145,29.7,1.0,4,0,2.286,0,1778967670
DE,us,1764547200,27.88,12.08,0.398,465.1359,0.779,37.6,1.2,9,0,-0.376,0,1778967670
DE,us,1764633600,30.61,14.58,0.437,466.1693,0.222,37.6,1.223,9,0,-1.341,0,1778967670
DE,us,1764720000,41.33,17.88,0.59,478.7588,2.701,37.6,1.195,20,0,-2.682,0,1778967670
DE,us,1764806400,40.4,16.62,0.577,479.9611,0.251,39.6,1.228,20,0,-1.468,0,1778967670
DE,us,1764892800,27.67,13.32,0.395,472.0914,-1.64,33.7,1.055,9,0,2.04,0,1778967670
DE,us,1765152000,22.06,11.2,0.315,463.3871,-1.844,31.7,1.056,4,0,4.645,1,1778967670
DE,us,1765238400,19.54,9.95,0.279,459.9192,-0.748,29.7,0.929,4,0,4.878,1,1778967670
DE,us,1765324800,22.96,9.58,0.328,465.9209,1.305,31.7,0.958,9,0,2.581,0,1778967670
DE,us,1765411200,28.65,11.7,0.409,472.9161,1.501,29.7,0.965,14,0,-0.187,0,1778967670
DE,us,1765497600,27.91,9.2,0.399,481.7198,1.862,39.6,1.141,14,0,-2.935,0,1778967670
DE,us,1765756800,33.47,10.38,0.478,484.9095,0.662,39.6,1.159,20,0,-3.943,-1,1778967670
DE,us,1765843200,26.62,7.95,0.38,482.3558,-0.527,39.6,1.137,14,0,-3.961,-1,1778967670
DE,us,1765929600,32.27,9.75,0.461,477.944,-0.915,37.6,1.102,20,0,-2.819,0,1778967670
DE,us,1766016000,25.5,8.25,0.364,472.0318,-1.237,37.6,0.925,15,0,-1.288,0,1778967670
DE,us,1766102400,21.66,6.38,0.309,467.5803,-0.943,33.7,0.728,15,0,-0.07,0,1778967670
DE,us,1766361600,9.49,3.08,0.136,465.7917,-0.383,25.7,0.611,4,0,0.25,0,1778967670
DE,us,1766448000,11.66,4.95,0.167,463.248,-0.546,25.7,0.641,4,0,0.208,0,1778967670
DE,us,1766534400,20.19,14.32,0.288,464.4701,0.264,25.7,0.557,4,0,0.209,0,1778967670
DE,us,1766707200,21.73,13.7,0.31,465.9507,0.319,27.7,0.773,4,0,-0.26,0,1778967670
DE,us,1766966400,35.53,18.25,0.508,467.2523,0.279,29.7,0.928,15,0,3.705,1,1778967670
DE,us,1767052800,34.5,18.88,0.493,466.9543,-0.064,31.7,0.762,15,0,1.469,0,1778967670
DE,us,1767139200,21.69,14.95,0.31,464.2123,-0.587,35.6,0.644,4,0,7.567,1,1778967670
DE,us,1767312000,23.57,16.82,0.337,465.4387,0.264,35.6,0.645,4,0,4.559,1,1778967670
DE,us,1767571200,22.94,17.45,0.328,464.7407,-0.15,31.7,0.519,4,0,5.286,1,1778967670
DE,us,1767657600,28.06,14.2,0.401,484.5627,4.265,41.6,0.656,14,0,2.786,0,1778967670
DE,us,1767744000,32.06,17.95,0.458,473.8142,-2.218,35.6,0.681,14,0,7.765,1,1778967670
DE,us,1767830400,26.08,6.0,0.373,499.3395,5.387,51.5,0.858,20,0,2.843,0,1778967670
DE,us,1767916800,24.16,6.0,0.345,486.6566,-2.54,47.5,0.666,20,0,5.393,1,1778967670
DE,us,1768176000,24.38,6.0,0.348,489.3089,0.545,45.5,0.688,20,0,3.656,1,1778967670
DE,us,1768262400,23.77,6.0,0.34,498.0633,1.789,59.4,0.627,20,0,6.004,1,1778967670
DE,us,1768348800,20.02,4.8,0.286,510.6065,2.518,67.3,0.652,16,0,2.007,0,1778967670
DE,us,1768435200,21.56,4.8,0.308,513.538,0.574,67.3,0.806,16,0,-0.118,0,1778967670
DE,us,1768521600,21.73,4.8,0.31,512.8999,-0.124,59.4,0.823,16,0,0.416,0,1778967670
DE,us,1768867200,26.06,6.0,0.372,507.1965,-1.112,65.3,0.856,20,0,2.066,0,1778967670
DE,us,1768953600,25.88,4.8,0.37,527.9658,4.095,69.3,1.238,16,0,-0.85,0,1778967670
DE,us,1769040000,25.9,4.8,0.37,520.8566,-1.347,69.3,1.24,16,0,1.472,0,1778967670
DE,us,1769126400,29.97,6.62,0.428,512.9297,-1.522,67.3,1.185,20,0,2.638,0,1778967670
DE,us,1769385600,30.96,7.25,0.442,515.0336,0.41,67.3,1.221,20,0,3.041,1,1778967670
DE,us,1769472000,32.06,7.88,0.458,517.6759,0.513,69.3,1.268,20,0,4.971,1,1778967670
DE,us,1769558400,29.41,7.92,0.42,523.4789,1.121,69.3,1.279,16,0,8.047,1,1778967670
DE,us,1769644800,36.45,9.75,0.521,528.5242,0.964,69.3,1.52,20,0,6.727,1,1778967670
DE,us,1769731200,32.13,9.18,0.459,526.4602,-0.391,69.3,1.425,16,0,10.437,1,1778967670
DE,us,1769990400,34.33,11.05,0.49,530.6978,0.805,71.3,1.458,16,0,10.037,1,1778967670
DE,us,1770076800,37.88,11.68,0.541,543.4106,2.395,71.3,1.812,16,0,8.883,1,1778967670
DE,us,1770163200,36.0,9.8,0.514,565.6057,4.084,77.2,1.971,16,0,8.009,1,1778967670
DE,us,1770249600,36.0,9.8,0.514,564.0801,-0.27,77.2,1.855,16,0,5.724,1,1778967670
DE,us,1770336000,31.0,4.8,0.443,581.4095,3.072,75.2,1.821,16,0,3.397,1,1778967670
DE,us,1770595200,31.0,4.8,0.443,583.962,0.439,77.2,2.299,16,0,2.59,0,1778967670
DE,us,1770681600,31.0,4.8,0.443,591.6794,1.322,77.2,2.306,16,0,-0.024,0,1778967670
DE,us,1770768000,31.0,4.8,0.443,610.9033,3.249,79.2,2.416,16,0,8.048,1,1778967670
DE,us,1770854400,30.3,4.8,0.433,596.3657,-2.38,79.2,1.68,16,0,10.764,1,1778967670
DE,us,1770940800,30.61,4.8,0.437,601.1617,0.804,79.2,1.711,16,0,7.285,1,1778967670
DE,us,1771286400,29.85,4.8,0.426,599.0878,-0.345,79.2,1.635,16,0,7.273,1,1778967670
DE,us,1771372800,29.66,6.05,0.424,591.5399,-1.26,75.2,1.491,16,0,5.114,1,1778967670
DE,us,1771459200,31.0,4.8,0.443,660.0694,11.585,85.1,1.867,16,0,-6.426,-1,1778967670
DE,us,1771545600,31.0,4.8,0.443,660.558,0.074,85.1,2.289,16,0,-4.948,-1,1778967670
DE,us,1771804800,31.0,4.8,0.443,644.9537,-2.362,85.1,2.202,16,0,-2.467,0,1778967670
DE,us,1771891200,32.25,6.05,0.461,642.6603,-0.356,85.1,1.93,16,0,-3.928,-1,1778967670
DE,us,1771977600,35.53,7.88,0.508,621.7914,-3.247,81.2,1.615,20,0,-1.535,0,1778967670
DE,us,1772064000,34.84,9.12,0.498,617.6535,-0.665,83.2,1.422,20,0,-4.644,-1,1778967670
DE,us,1772150400,35.77,9.75,0.511,627.8736,1.655,81.2,1.452,20,0,-6.343,-1,1778967670
DE,us,1772409600,40.89,12.88,0.584,629.0402,0.186,81.2,1.651,20,0,-4.977,-1,1778967670
DE,us,1772496000,40.82,14.75,0.583,617.4142,-1.848,81.2,1.457,20,0,-4.28,-1,1778967670
DE,us,1772582400,40.95,16.62,0.585,612.2493,-0.837,81.2,1.283,20,0,-3.257,-1,1778967670
DE,us,1772668800,31.66,17.7,0.452,588.9674,-3.803,81.2,1.016,9,0,-0.823,0,1778967670
DE,us,1772755200,33.8,19.58,0.483,588.0501,-0.156,81.2,1.042,9,0,-2.08,0,1778967670
DE,us,1773014400,35.07,20.82,0.501,597.7318,1.646,79.2,1.045,9,0,-4.504,-1,1778967670
DE,us,1773100800,33.97,20.82,0.485,590.9915,-1.128,79.2,0.935,9,0,-3.114,-1,1778967670
DE,us,1773187200,33.68,20.82,0.481,592.3076,0.223,81.2,0.906,9,0,-3.875,-1,1778967670
DE,us,1773273600,30.31,18.95,0.433,584.1216,-1.382,81.2,0.756,9,0,-3.115,-1,1778967670
DE,us,1773360000,27.69,15.82,0.396,575.8159,-1.422,79.2,0.807,9,0,-3.077,-1,1778967670
DE,us,1773619200,24.68,13.95,0.353,570.8105,-0.869,77.2,0.693,9,0,-0.603,0,1778967670
DE,us,1773705600,25.43,13.32,0.363,572.5853,0.311,77.2,0.831,9,0,1.525,0,1778967670
DE,us,1773792000,25.4,12.7,0.363,569.3548,-0.564,79.2,0.89,9,0,1.221,0,1778967670
DE,us,1773878400,22.07,13.32,0.315,565.9248,-0.602,79.2,0.495,9,0,2.398,0,1778967670
DE,us,1773964800,22.67,15.82,0.324,558.0977,-1.383,79.2,0.305,9,0,1.235,0,1778967670
DE,us,1774224000,25.46,17.7,0.364,567.3706,1.662,79.2,0.396,9,0,-2.378,0,1778967670
DE,us,1774310400,30.71,22.08,0.439,581.3198,2.459,83.2,0.483,9,0,-3.1,-1,1778967670
DE,us,1774396800,31.02,22.08,0.443,576.3044,-0.863,79.2,0.514,9,0,-0.972,0,1778967670
DE,us,1774483200,32.36,22.08,0.462,579.4951,0.554,83.2,0.648,9,0,-0.653,0,1778967670
DE,us,1774569600,30.74,22.08,0.439,564.9875,-2.503,83.2,0.486,9,0,1.788,0,1778967670
DE,us,1774828800,24.91,20.58,0.356,553.88,-1.966,83.2,0.403,4,0,3.994,1,1778967670
DE,us,1774915200,25.93,20.58,0.37,563.3,1.701,81.2,0.505,4,0,8.17,1,1778967670
DE,us,1775001600,32.15,22.08,0.459,570.7,1.314,81.2,0.627,9,0,8.288,1,1778967670
DE,us,1775088000,38.6,23.58,0.551,575.71,0.878,81.2,0.772,14,0,5.088,1,1778967670
DE,us,1775433600,44.78,25.38,0.64,575.09,-0.108,81.2,0.79,20,0,4.86,1,1778967670
DE,us,1775520000,44.38,25.38,0.634,576.0,0.158,81.2,0.75,20,0,3.479,1,1778967670
DE,us,1775606400,43.47,22.88,0.621,609.32,5.785,81.2,0.909,20,0,-5.363,-1,1778967670
DE,us,1775692800,42.35,21.62,0.605,618.0,1.425,83.2,0.923,20,0,-5.471,-1,1778967670
DE,us,1775779200,41.97,21.0,0.6,605.0,-2.104,77.2,0.947,20,0,-2.403,0,1778967670
DE,us,1776038400,40.86,19.75,0.584,603.04,-0.324,77.2,0.961,20,0,-1.413,0,1778967670
DE,us,1776124800,40.43,19.12,0.578,596.04,-1.161,77.2,0.981,20,0,-1.466,0,1778967670
DE,us,1776211200,28.44,16.12,0.406,576.64,-3.255,75.2,0.782,10,0,0.581,0,1778967670
DE,us,1776297600,40.19,19.12,0.574,584.19,1.309,73.3,0.957,20,0,1.328,0,1778967670
DE,us,1776384000,42.95,19.75,0.614,590.46,1.073,75.2,1.17,20,0,-4.712,-1,1778967670
DE,us,1776643200,47.25,19.75,0.675,594.52,0.688,75.2,1.6,20,0,-4.513,-1,1778967670
DE,us,1776729600,46.29,21.0,0.661,587.3,-1.214,75.2,1.379,20,0,-3.991,-1,1778967670
DE,us,1776816000,33.63,17.38,0.48,579.99,-1.245,73.3,1.175,10,0,-3.443,-1,1778967670
DE,us,1776902400,46.25,21.0,0.661,591.95,2.062,75.2,1.375,20,0,-0.351,0,1778967670
DE,us,1776988800,23.78,12.45,0.34,562.64,-4.951,69.3,1.103,4,0,2.598,0,1778967670
DE,us,1777248000,26.5,12.45,0.379,567.69,0.898,67.3,1.375,4,0,1.885,0,1778967670
DE,us,1777334400,30.79,16.2,0.44,563.86,-0.675,65.3,1.429,4,0,2.116,0,1778967670
DE,us,1777420800,26.91,14.95,0.384,560.02,-0.681,69.3,1.166,4,0,5.646,1,1778967670
DE,us,1777507200,33.15,17.7,0.474,589.87,5.33,73.3,1.165,9,0,-1.582,0,1778967670
DE,us,1777593600,26.16,16.2,0.374,577.26,-2.138,67.3,0.966,4,0,-0.419,0,1778967670
DE,us,1777852800,27.99,16.2,0.4,578.39,0.196,71.3,1.149,4,0,1.789,0,1778967670
DE,us,1777939200,25.61,15.58,0.366,575.79,-0.45,65.3,0.973,4,0,2.327,0,1778967670
DE,us,1778025600,42.42,21.62,0.606,591.64,2.753,67.3,0.93,20,0,-1.858,0,1778967670
DE,us,1778112000,25.36,17.45,0.362,580.54,-1.876,57.4,0.761,4,0,-1.016,0,1778967670
DE,us,1778198400,26.85,18.7,0.384,574.84,-0.982,53.5,0.785,4,0,-2.263,0,1778967670
NOC,us,1763683200,26.32,20.58,0.376,562.6105,-0.115,37.6,0.544,4,0,-3.349,-1,1778967670
NOC,us,1763942400,26.2,20.58,0.374,561.4787,-0.201,35.6,0.532,4,0,-2.895,0,1778967670
NOC,us,1764028800,32.59,22.08,0.466,565.3109,0.683,37.6,0.671,9,0,-2.434,0,1778967670
NOC,us,1764115200,27.8,20.58,0.397,563.0175,-0.406,39.6,0.692,4,0,-2.093,0,1778967670
NOC,us,1764288000,40.29,23.88,0.576,568.1205,0.906,37.6,0.841,15,0,-3.679,-1,1778967670
NOC,us,1764547200,26.93,19.95,0.385,543.7684,-4.286,27.7,0.668,4,0,1.476,0,1778967670
NOC,us,1764633600,27.19,18.7,0.388,545.2238,0.268,27.7,0.819,4,0,0.669,0,1778967670
NOC,us,1764720000,27.68,18.7,0.395,551.5535,1.161,31.7,0.868,4,0,0.369,0,1778967670
NOC,us,1764806400,26.83,18.08,0.383,551.2345,-0.058,29.7,0.845,4,0,1.273,0,1778967670
NOC,us,1764892800,24.8,17.45,0.354,547.2173,-0.729,21.8,0.705,4,0,3.787,1,1778967670
NOC,us,1765152000,26.18,17.45,0.374,551.7927,0.836,29.7,0.843,4,0,4.016,1,1778967670
NOC,us,1765238400,25.65,16.2,0.366,548.8721,-0.529,21.8,0.915,4,0,3.285,1,1778967670
NOC,us,1765324800,25.56,16.2,0.365,553.587,0.859,27.7,0.906,4,0,1.59,0,1778967670
NOC,us,1765411200,31.67,17.08,0.452,558.252,0.843,23.8,1.079,9,0,-0.093,0,1778967670
NOC,us,1765497600,38.46,17.0,0.549,567.941,1.736,29.7,1.346,15,0,-0.228,0,1778967670
NOC,us,1765756800,39.83,15.75,0.569,573.9517,1.058,35.6,1.608,15,0,1.54,0,1778967670
NOC,us,1765843200,36.38,15.12,0.52,566.9043,-1.228,33.7,1.326,15,0,1.994,0,1778967670
NOC,us,1765929600,27.35,13.32,0.391,562.3888,-0.797,35.6,1.023,9,0,3.219,1,1778967670
NOC,us,1766016000,21.94,11.82,0.313,557.7337,-0.828,29.7,0.982,4,0,3.19,1,1778967670
NOC,us,1766102400,31.97,13.25,0.457,566.6452,1.598,31.7,1.072,15,0,1.64,0,1778967670
NOC,us,1766361600,34.24,12.3,0.489,582.7934,2.85,33.7,1.324,16,0,-1.726,0,1778967670
NOC,us,1766448000,37.37,12.25,0.534,578.2081,-0.787,33.7,1.362,20,0,-1.698,0,1778967670
NOC,us,1766534400,35.53,11.62,0.508,580.4908,0.395,33.7,1.241,20,0,0.568,0,1778967670
NOC,us,1766707200,30.38,9.5,0.434,575.5267,-0.855,31.7,1.288,15,0,5.88,1,1778967670
NOC,us,1766966400,29.46,8.88,0.421,575.9354,0.071,31.7,1.258,15,0,5.682,1,1778967670
NOC,us,1767052800,30.7,9.5,0.439,572.7357,-0.556,23.8,1.32,15,0,0.425,0,1778967670
NOC,us,1767139200,29.05,10.12,0.415,568.3896,-0.759,25.7,1.093,15,0,3.609,1,1778967670
NOC,us,1767312000,32.73,11.0,0.468,583.7902,2.71,37.6,1.023,20,0,5.662,1,1778967670
NOC,us,1767571200,32.31,7.25,0.462,609.3683,4.381,45.5,1.356,20,0,2.944,0,1778967670
NOC,us,1767657600,30.53,6.0,0.436,608.6606,-0.116,35.6,1.303,20,0,2.439,0,1778967670
NOC,us,1767744000,27.04,6.62,0.386,575.1679,-5.503,23.8,0.892,20,0,13.194,1,1778967670
NOC,us,1767830400,34.31,7.88,0.49,588.9039,2.388,27.7,1.493,20,0,10.802,1,1778967670
NOC,us,1767916800,33.59,6.0,0.48,616.8444,4.745,45.5,1.609,20,0,7.77,1,1778967670
NOC,us,1768176000,34.56,6.0,0.494,627.3109,1.697,47.5,1.706,20,0,4.446,1,1778967670
NOC,us,1768262400,31.02,6.0,0.443,623.5031,-0.607,51.5,1.352,20,0,6.181,1,1778967670
NOC,us,1768348800,28.35,4.8,0.405,651.0548,4.419,65.3,1.485,16,0,2.649,0,1778967670
NOC,us,1768435200,30.67,4.8,0.438,652.5201,0.225,71.3,1.717,16,0,2.802,0,1778967670
NOC,us,1768521600,31.0,4.8,0.443,664.7709,1.877,73.3,2.066,16,0,-0.889,0,1778967670
NOC,us,1768867200,31.0,4.8,0.443,655.2015,-1.44,71.3,2.051,16,0,3.262,1,1778967670
NOC,us,1768953600,31.0,4.8,0.443,662.0396,1.044,73.3,2.002,16,0,3.76,1,1778967670
NOC,us,1769040000,31.0,4.8,0.443,668.2996,0.946,73.3,2.013,16,0,3.715,1,1778967670
NOC,us,1769126400,31.0,4.8,0.443,670.8016,0.374,73.3,2.302,16,0,2.869,0,1778967670
NOC,us,1769385600,35.62,6.62,0.509,658.8598,-1.78,73.3,1.937,20,0,3.639,1,1778967670
NOC,us,1769472000,35.0,6.0,0.5,676.5731,2.688,73.3,2.204,20,0,3.866,1,1778967670
NOC,us,1769558400,31.0,4.8,0.443,686.9299,1.531,73.3,2.347,16,0,0.09,0,1778967670
NOC,us,1769644800,33.5,7.3,0.479,693.1301,0.903,73.3,2.713,16,0,0.165,0,1778967670
NOC,us,1769731200,34.75,8.55,0.496,690.0499,-0.444,73.3,2.501,16,0,2.434,0,1778967670
NOC,us,1769990400,36.62,10.42,0.523,682.8331,-1.046,73.3,2.071,16,0,1.898,0,1778967670
NOC,us,1770076800,36.62,10.42,0.523,702.7293,2.914,75.2,2.071,16,0,-2.834,0,1778967670
NOC,us,1770163200,42.5,13.5,0.607,687.5479,-2.16,75.2,1.897,20,0,-1.583,0,1778967670
NOC,us,1770249600,43.75,14.75,0.625,694.2764,0.979,79.2,2.468,20,0,-0.207,0,1778967670
NOC,us,1770336000,45.0,16.0,0.643,706.8461,1.81,77.2,2.046,20,0,-0.922,0,1778967670
NOC,us,1770595200,45.5,17.25,0.65,695.7916,-1.564,75.2,1.675,20,0,0.444,0,1778967670
NOC,us,1770681600,43.46,18.5,0.621,682.8131,-1.865,75.2,1.346,20,0,5.815,1,1778967670
NOC,us,1770768000,42.67,20.75,0.61,676.6628,-0.901,75.2,1.392,15,0,8.55,1,1778967670
NOC,us,1770854400,47.59,22.88,0.68,692.841,2.391,77.2,1.321,20,0,4.1,1,1778967670
NOC,us,1770940800,47.87,23.5,0.684,700.327,1.08,77.2,1.287,20,0,3.579,1,1778967670
NOC,us,1771286400,46.54,24.12,0.665,698.8817,-0.206,77.2,1.092,20,0,4.128,1,1778967670
NOC,us,1771372800,48.77,23.5,0.697,722.516,3.382,79.2,1.377,20,0,-2.611,0,1778967670
NOC,us,1771459200,46.89,21.62,0.67,734.5175,1.661,77.2,1.377,20,0,-3.215,-1,1778967670
NOC,us,1771545600,44.41,21.0,0.634,721.25,-1.806,77.2,1.191,20,0,0.434,0,1778967670
NOC,us,1771804800,43.75,20.38,0.625,725.39,0.574,77.2,1.187,20,0,5.877,1,1778967670
NOC,us,1771891200,48.15,22.25,0.688,727.73,0.323,77.2,1.44,20,0,4.312,1,1778967670
NOC,us,1771977600,44.81,22.88,0.64,703.65,-3.309,75.2,1.043,20,0,7.133,1,1778967670
NOC,us,1772064000,44.75,23.5,0.639,710.9,1.03,77.2,0.975,20,0,4.095,1,1778967670
NOC,us,1772150400,42.7,21.62,0.61,724.38,1.896,77.2,0.958,20,0,4.383,1,1778967670
NOC,us,1772409600,41.79,17.88,0.597,768.02,6.024,85.1,1.241,20,0,-2.693,0,1778967670
NOC,us,1772496000,36.35,15.42,0.519,759.11,-1.16,83.2,1.223,16,0,-3.179,-1,1778967670
NOC,us,1772582400,32.63,14.18,0.466,753.84,-0.694,85.1,0.975,16,0,-2.741,0,1778967670
NOC,us,1772668800,37.52,15.38,0.536,740.01,-1.835,85.1,1.064,20,0,-0.501,0,1778967670
NOC,us,1772755200,36.18,14.12,0.517,756.13,2.178,87.1,1.056,20,0,-2.965,0,1778967670
NOC,us,1773014400,33.94,13.5,0.485,747.34,-1.162,85.1,0.894,20,0,-1.523,0,1778967670
NOC,us,1773100800,34.6,14.12,0.494,734.98,-1.654,83.2,0.898,20,0,-1.49,0,1778967670
NOC,us,1773187200,31.42,14.82,0.449,733.18,-0.245,83.2,0.93,14,0,-1.138,0,1778967670
NOC,us,1773273600,40.49,17.88,0.578,736.3,0.426,83.2,1.111,20,0,-3.008,-1,1778967670
NOC,us,1773360000,39.55,18.5,0.565,733.71,-0.352,85.1,0.955,20,0,-3.647,-1,1778967670
NOC,us,1773619200,41.97,21.0,0.6,735.96,0.307,85.1,0.947,20,0,-7.604,-1,1778967670
NOC,us,1773705600,41.19,23.88,0.588,724.03,-1.621,83.2,0.931,15,0,-5.783,-1,1778967670
NOC,us,1773792000,40.49,23.88,0.578,724.84,0.112,83.2,0.861,15,0,-4.64,-1,1778967670
NOC,us,1773878400,30.26,19.58,0.432,714.15,-1.475,83.2,0.688,9,0,-3.103,-1,1778967670
NOC,us,1773964800,26.53,16.45,0.379,706.95,-1.008,83.2,0.628,9,0,-3.954,-1,1778967670
NOC,us,1774224000,14.81,9.32,0.212,680.0,-3.812,81.2,0.519,4,0,-1.237,0,1778967670
NOC,us,1774310400,12.3,6.82,0.176,682.16,0.318,79.2,0.518,4,0,0.012,0,1778967670
NOC,us,1774396800,16.78,6.45,0.24,691.21,1.327,77.2,0.653,9,0,0.838,0,1778967670
NOC,us,1774483200,15.48,5.2,0.221,691.99,0.113,79.2,0.648,9,0,1.519,0,1778967670
NOC,us,1774569600,6.85,1.2,0.098,679.0,-1.877,79.2,0.535,4,0,2.473,0,1778967670
NOC,us,1774828800,5.23,1.2,0.075,671.59,-1.091,81.2,0.373,4,0,2.816,0,1778967670
NOC,us,1774915200,6.8,1.82,0.097,682.24,1.586,79.2,0.468,4,0,0.767,0,1778967670
NOC,us,1775001600,14.22,4.58,0.203,697.0,2.163,79.2,0.584,9,0,-0.923,0,1778967670
NOC,us,1775088000,16.78,5.82,0.24,702.5,0.789,79.2,0.716,9,0,-4.095,-1,1778967670
NOC,us,1775433600,14.75,8.7,0.211,695.79,-0.955,75.2,0.575,4,0,-2.081,0,1778967670
NOC,us,1775520000,17.44,11.2,0.249,690.5,-0.76,75.2,0.594,4,0,-1.502,0,1778967670
NOC,us,1775606400,18.29,12.45,0.261,687.47,-0.439,75.2,0.554,4,0,-1.292,0,1778967670
NOC,us,1775692800,20.14,13.08,0.288,690.57,0.451,75.2,0.676,4,0,-2.578,0,1778967670
NOC,us,1775779200,20.89,14.95,0.298,673.73,-2.439,73.3,0.564,4,0,-1.257,0,1778967670
NOC,us,1776038400,28.99,18.0,0.414,681.31,1.125,71.3,0.649,10,0,-3.571,-1,1778967670
NOC,us,1776124800,25.14,19.32,0.359,680.13,-0.173,67.3,0.552,4,0,-10.145,-1,1778967670
NOC,us,1776211200,26.52,20.58,0.379,678.59,-0.226,69.3,0.564,4,0,-13.111,-1,1778967670
NOC,us,1776297600,25.62,20.58,0.366,672.77,-0.858,65.3,0.474,4,0,-12.651,-1,1778967670
NOC,us,1776384000,25.67,20.58,0.367,665.26,-1.116,59.4,0.479,4,0,-13.551,-1,1778967670
NOC,us,1776643200,25.52,19.95,0.365,656.98,-1.245,57.4,0.527,4,0,-12.436,-1,1778967670
NOC,us,1776729600,17.8,12.45,0.254,611.13,-6.979,45.5,0.505,4,0,-5.451,-1,1778967670
NOC,us,1776816000,5.28,1.2,0.075,589.62,-3.52,35.6,0.378,4,0,-2.919,0,1778967670
NOC,us,1776902400,4.38,1.2,0.063,587.66,-0.332,47.5,0.288,4,0,-1.392,0,1778967670
NOC,us,1776988800,4.0,1.2,0.057,575.11,-2.136,33.7,0.225,4,0,-1.212,0,1778967670
NOC,us,1777248000,4.58,1.2,0.065,575.28,0.03,35.6,0.308,4,0,-1.439,0,1778967670
NOC,us,1777334400,5.32,1.2,0.076,577.82,0.442,35.6,0.382,4,0,-3.326,-1,1778967670
NOC,us,1777420800,4.67,1.2,0.067,572.41,-0.936,29.7,0.317,4,0,-2.238,0,1778967670
NOC,us,1777507200,4.75,1.2,0.068,579.48,1.235,33.7,0.325,4,0,-4.696,-1,1778967670
NOC,us,1777593600,4.13,1.2,0.059,568.14,-1.957,31.7,0.263,4,0,-3.277,-1,1778967670
NOC,us,1777852800,4.14,1.2,0.059,567.0,-0.201,31.7,0.264,4,0,-3.314,-1,1778967670
NOC,us,1777939200,4.08,1.2,0.058,558.6,-1.481,29.7,0.258,4,0,-0.054,0,1778967670
NOC,us,1778025600,5.61,1.82,0.08,559.6,0.179,29.7,0.349,4,0,-1.394,0,1778967670
NOC,us,1778112000,6.05,3.08,0.086,552.27,-1.31,23.8,0.267,4,0,-0.655,0,1778967670
NOC,us,1778198400,6.62,3.7,0.095,549.52,-0.498,25.7,0.262,4,0,-1.607,0,1778967670
GEV,us,1763683200,22.44,16.82,0.321,555.0954,-0.392,25.7,0.532,4,0,3.789,1,1778967670
GEV,us,1763942400,35.18,20.75,0.503,579.7123,4.435,33.7,0.643,15,0,3.633,1,1778967670
GEV,us,1764028800,35.39,20.75,0.506,571.793,-1.366,23.8,0.664,15,0,5.137,1,1778967670
GEV,us,1764115200,33.36,18.88,0.477,588.9299,2.997,31.7,0.648,15,0,6.679,1,1778967670
GEV,us,1764288000,36.57,17.88,0.522,598.9665,1.704,41.6,0.719,20,0,5.26,1,1778967670
GEV,us,1764547200,25.0,15.2,0.357,576.1272,-3.813,39.6,0.6,9,0,7.8,1,1778967670
GEV,us,1764633600,34.01,15.38,0.486,600.7742,4.278,43.6,0.713,20,0,3.943,1,1778967670
GEV,us,1764720000,35.79,15.38,0.511,601.1636,0.065,39.6,0.891,20,0,20.106,1,1778967670
GEV,us,1764806400,32.93,12.25,0.47,628.2672,4.509,47.5,0.918,20,0,11.936,1,1778967670
GEV,us,1764892800,33.17,11.0,0.474,630.4742,0.351,47.5,1.067,20,0,6.398,1,1778967670
GEV,us,1765152000,28.93,8.5,0.413,621.0669,-1.492,43.6,0.893,20,0,9.559,1,1778967670
GEV,us,1765238400,29.08,8.5,0.415,624.4623,0.547,39.6,0.908,20,0,9.743,1,1778967670
GEV,us,1765324800,26.89,4.8,0.384,722.0314,15.624,65.3,1.339,16,0,-15.05,-1,1778967670
GEV,us,1765411200,25.75,4.8,0.368,703.2566,-2.6,61.4,1.225,16,0,-9.198,-1,1778967670
GEV,us,1765497600,29.73,6.0,0.425,670.8102,-4.614,55.4,1.223,20,0,-1.999,0,1778967670
GEV,us,1765756800,29.57,6.0,0.422,680.4373,1.435,63.4,1.207,20,0,-2.868,0,1778967670
GEV,us,1765843200,27.97,4.8,0.4,685.3007,0.715,65.3,1.447,16,0,-3.61,-1,1778967670
GEV,us,1765929600,26.6,5.75,0.38,613.3672,-10.497,43.6,1.285,15,0,8.65,1,1778967670
GEV,us,1766016000,32.29,7.88,0.461,638.5734,4.109,51.5,1.291,20,0,3.758,1,1778967670
GEV,us,1766102400,37.9,9.75,0.541,657.3981,2.948,51.5,1.665,20,0,0.787,0,1778967670
GEV,us,1766361600,39.38,10.38,0.563,660.9234,0.536,53.5,2.114,20,0,-0.328,0,1778967670
GEV,us,1766448000,40.0,11.0,0.571,660.5639,-0.054,49.5,1.846,20,0,-1.191,0,1778967670
GEV,us,1766534400,41.25,12.25,0.589,666.4261,0.887,59.4,2.077,20,0,1.833,0,1778967670
GEV,us,1766707200,41.88,12.88,0.598,662.5712,-0.578,61.4,1.891,20,0,2.698,0,1778967670
GEV,us,1766966400,42.01,13.5,0.6,662.5712,0.0,61.4,1.701,20,0,3.523,1,1778967670
GEV,us,1767052800,43.12,14.12,0.616,658.7563,-0.576,55.4,1.772,20,0,0.48,0,1778967670
GEV,us,1767139200,31.09,11.45,0.444,652.6945,-0.92,57.4,1.584,9,0,-3.78,-1,1778967670
GEV,us,1767312000,36.71,13.58,0.524,678.6396,3.975,65.3,1.583,14,0,-8.328,-1,1778967670
GEV,us,1767571200,43.49,16.62,0.621,680.4485,0.267,67.3,1.537,20,0,-6.035,-1,1778967670
GEV,us,1767657600,44.18,17.25,0.631,685.9152,0.803,69.3,1.543,20,0,-4.989,-1,1778967670
GEV,us,1767744000,34.39,15.2,0.491,661.9197,-3.498,57.4,1.539,9,0,-2.739,0,1778967670
GEV,us,1767830400,38.58,18.25,0.551,628.0203,-5.121,43.6,1.233,15,0,2.201,0,1778967670
GEV,us,1767916800,28.82,17.08,0.412,622.1238,-0.939,37.6,0.794,9,0,9.486,1,1778967670
GEV,us,1768176000,32.29,18.32,0.461,639.3834,2.774,51.5,1.017,9,0,7.048,1,1778967670
GEV,us,1768262400,35.93,18.95,0.513,651.6959,1.926,55.4,1.318,9,0,2.423,0,1778967670
GEV,us,1768348800,34.08,19.58,0.487,643.7907,-1.213,51.5,1.07,9,0,2.715,0,1778967670
GEV,us,1768435200,32.62,20.2,0.466,641.8419,-0.303,57.4,0.862,9,0,2.421,0,1778967670
GEV,us,1768521600,50.28,25.38,0.718,681.1381,6.122,71.3,1.34,20,0,-2.283,0,1778967670
GEV,us,1768867200,49.42,24.75,0.706,684.4461,0.486,75.2,1.317,20,0,1.145,0,1778967670
GEV,us,1768953600,45.12,24.12,0.645,667.4864,-2.478,71.3,0.95,20,0,6.543,1,1778967670
GEV,us,1769040000,42.66,23.5,0.609,661.2701,-0.931,71.3,0.766,20,0,8.421,1,1778967670
GEV,us,1769126400,31.04,19.58,0.443,657.3825,-0.588,71.3,0.766,9,0,10.427,1,1778967670
GEV,us,1769385600,37.8,22.32,0.54,665.5875,1.248,71.3,0.818,14,0,13.361,1,1778967670
GEV,us,1769472000,42.68,21.0,0.61,692.2814,4.011,75.2,1.018,20,0,12.639,1,1778967670
GEV,us,1769558400,43.24,18.5,0.618,711.16,2.727,77.2,1.324,20,0,4.867,1,1778967670
GEV,us,1769644800,38.78,14.8,0.554,716.9565,0.815,77.2,1.528,16,0,2.807,0,1778967670
GEV,us,1769731200,38.5,12.3,0.55,725.931,1.252,77.2,1.772,16,0,7.294,1,1778967670
GEV,us,1769990400,36.62,10.42,0.523,754.5137,3.937,81.2,1.828,16,0,6.168,1,1778967670
GEV,us,1770076800,34.75,8.55,0.496,779.7784,3.348,83.2,1.888,16,0,1.351,0,1778967670
GEV,us,1770163200,30.69,7.3,0.438,745.769,-4.361,81.2,1.469,16,0,10.379,1,1778967670
GEV,us,1770249600,28.94,6.05,0.413,737.0843,-1.165,81.2,1.419,16,0,10.715,1,1778967670
GEV,us,1770336000,31.0,4.8,0.443,778.879,5.67,81.2,1.789,16,0,2.923,0,1778967670
GEV,us,1770595200,31.0,4.8,0.443,801.0556,2.847,85.1,2.176,16,0,2.197,0,1778967670
GEV,us,1770681600,31.0,4.8,0.443,790.3121,-1.341,85.1,1.847,16,0,3.384,1,1778967670
GEV,us,1770768000,31.0,4.8,0.443,823.1722,4.158,87.1,1.876,16,0,1.328,0,1778967670
GEV,us,1770854400,31.0,4.8,0.443,816.0665,-0.863,87.1,1.855,16,0,1.688,0,1778967670
GEV,us,1770940800,32.25,6.05,0.461,801.6453,-1.767,87.1,1.883,16,0,3.686,1,1778967670
GEV,us,1771286400,32.25,6.05,0.461,818.655,2.122,87.1,1.771,16,0,7.395,1,1778967670
GEV,us,1771372800,29.78,6.05,0.425,817.0559,-0.195,87.1,1.503,16,0,7.151,1,1778967670
GEV,us,1771459200,33.5,7.3,0.479,834.1056,2.087,87.1,1.846,16,0,5.014,1,1778967670
GEV,us,1771545600,39.38,10.38,0.563,829.8382,-0.512,87.1,1.945,20,0,5.21,1,1778967670
GEV,us,1771804800,41.88,12.88,0.598,831.1974,0.164,87.1,2.221,20,0,5.949,1,1778967670
GEV,us,1771891200,43.12,14.12,0.616,879.1983,5.775,87.1,2.203,20,0,-4.289,-1,1778967670
GEV,us,1771977600,39.75,13.55,0.568,875.4806,-0.423,87.1,1.752,16,0,-3.966,-1,1778967670
GEV,us,1772064000,39.64,14.8,0.566,875.9304,0.051,87.1,1.614,16,0,-7.011,-1,1778967670
GEV,us,1772150400,37.16,15.42,0.531,873.072,-0.326,87.1,1.304,16,0,-9.658,-1,1778967670
GEV,us,1772409600,37.19,16.05,0.531,880.6475,0.868,87.1,1.244,16,0,-5.797,-1,1778967670
GEV,us,1772496000,38.75,17.88,0.554,841.4911,-4.446,87.1,0.937,20,0,-0.333,0,1778967670
GEV,us,1772582400,38.1,19.12,0.544,840.7616,-0.087,87.1,0.748,20,0,0.758,0,1778967670
GEV,us,1772668800,28.24,16.45,0.403,814.5175,-3.121,87.1,0.799,9,0,2.098,0,1778967670
GEV,us,1772755200,29.76,17.7,0.425,788.7531,-3.163,85.1,0.826,9,0,2.001,0,1778967670
GEV,us,1773014400,36.86,20.75,0.527,829.5983,5.178,87.1,0.811,15,0,-0.329,0,1778967670
GEV,us,1773100800,42.22,22.88,0.603,838.6929,1.096,87.1,0.784,20,0,0.639,0,1778967670
GEV,us,1773187200,44.97,24.12,0.642,847.1378,1.007,87.1,0.935,20,0,1.338,0,1778967670
GEV,us,1773273600,38.77,23.25,0.554,831.6071,-1.833,87.1,0.752,15,0,5.505,1,1778967670
GEV,us,1773360000,32.25,20.82,0.461,804.5335,-3.256,83.2,0.763,9,0,5.784,1,1778967670
GEV,us,1773619200,35.14,22.08,0.502,826.87,2.776,83.2,0.926,9,0,6.745,1,1778967670
GEV,us,1773705600,40.16,23.58,0.574,844.05,2.078,87.1,0.928,14,0,7.744,1,1778967670
GEV,us,1773792000,41.91,23.58,0.599,858.47,1.708,87.1,1.103,14,0,7.597,1,1778967670
GEV,us,1773878400,46.42,23.5,0.663,877.39,2.204,87.1,1.142,20,0,-0.487,0,1778967670
GEV,us,1773964800,39.78,22.32,0.568,851.07,-3.0,87.1,1.016,14,0,0.246,0,1778967670
GEV,us,1774224000,43.43,21.0,0.62,882.64,3.709,87.1,1.093,20,0,-7.397,-1,1778967670
GEV,us,1774310400,41.74,19.12,0.596,909.41,3.033,87.1,1.112,20,0,-4.015,-1,1778967670
GEV,us,1774396800,42.27,17.25,0.604,923.69,1.57,87.1,1.352,20,0,-3.13,-1,1778967670
GEV,us,1774483200,39.59,17.25,0.566,873.12,-5.475,87.1,1.084,20,0,2.915,0,1778967670
GEV,us,1774569600,39.58,17.25,0.565,853.16,-2.286,87.1,1.083,20,0,5.181,1,1778967670
GEV,us,1774828800,26.02,13.32,0.372,817.35,-4.197,87.1,0.89,9,0,11.427,1,1778967670
GEV,us,1774915200,37.81,14.75,0.54,872.9,6.796,87.1,1.156,20,0,7.237,1,1778967670
GEV,us,1775001600,39.16,14.12,0.559,894.78,2.507,87.1,1.354,20,0,8.185,1,1778967670
GEV,us,1775088000,41.71,13.5,0.596,898.57,0.424,87.1,1.671,20,0,10.322,1,1778967670
GEV,us,1775433600,46.88,17.88,0.67,897.36,-0.135,87.1,1.787,20,0,10.448,1,1778967670
GEV,us,1775520000,45.2,16.62,0.646,910.75,1.492,91.1,1.708,20,0,8.427,1,1778967670
GEV,us,1775606400,40.17,11.62,0.574,936.07,2.78,87.1,1.705,20,0,5.325,1,1778967670
GEV,us,1775692800,39.12,10.38,0.559,968.02,3.413,87.1,1.724,20,0,1.064,0,1778967670
GEV,us,1775779200,37.5,8.5,0.536,991.32,2.407,89.1,2.08,20,0,1.153,0,1778967670
GEV,us,1776038400,36.25,7.25,0.518,991.12,-0.02,87.1,2.164,20,0,-0.095,0,1778967670
GEV,us,1776124800,35.62,6.62,0.509,987.5,-0.365,87.1,1.785,20,0,0.385,0,1778967670
GEV,us,1776211200,32.18,6.0,0.46,985.92,-0.16,87.1,1.468,20,0,14.366,1,1778967670
GEV,us,1776297600,26.21,4.8,0.374,978.32,-0.771,87.1,1.271,16,0,17.5,1,1778967670
GEV,us,1776384000,26.12,4.8,0.373,1002.75,2.497,89.1,1.262,16,0,14.604,1,1778967670
GEV,us,1776643200,28.5,5.42,0.407,990.18,-1.254,87.1,1.438,16,0,13.134,1,1778967670
GEV,us,1776729600,27.84,5.42,0.398,991.3,0.113,87.1,1.372,16,0,9.849,1,1778967670
GEV,us,1776816000,27.97,4.8,0.4,1127.5601,13.746,89.1,1.447,16,0,-5.716,-1,1778967670
GEV,us,1776902400,28.08,4.8,0.401,1149.53,1.948,91.1,1.458,16,0,-5.748,-1,1778967670
GEV,us,1776988800,27.61,4.8,0.394,1149.1899,-0.03,89.1,1.411,16,0,-7.504,-1,1778967670
GEV,us,1777248000,26.69,4.8,0.381,1120.23,-2.52,89.1,1.319,16,0,-4.131,-1,1778967670
GEV,us,1777334400,27.13,6.05,0.388,1088.9301,-2.794,89.1,1.238,16,0,0.577,0,1778967670
GEV,us,1777420800,29.27,8.5,0.418,1063.11,-2.371,89.1,0.927,20,0,5.253,1,1778967670
GEV,us,1777507200,30.3,9.12,0.433,1083.46,1.914,87.1,0.968,20,0,-3.492,-1,1778967670
GEV,us,1777593600,29.57,9.75,0.422,1062.95,-1.893,85.1,0.832,20,0,-2.145,0,1778967670
GEV,us,1777852800,31.99,11.0,0.457,1073.95,1.035,87.1,0.949,20,0,-0.081,0,1778967670
GEV,us,1777939200,32.86,11.62,0.469,1095.21,1.98,85.1,0.974,20,0,-2.121,0,1778967670
GEV,us,1778025600,33.47,12.25,0.478,1118.96,2.169,87.1,0.972,20,0,-5.04,-1,1778967670
GEV,us,1778112000,30.65,14.5,0.438,1045.63,-6.553,85.1,0.815,15,0,4.294,1,1778967670
GEV,us,1778198400,30.71,15.75,0.439,1040.15,-0.524,81.2,0.696,15,0,0.873,0,1778967670
COIN,us,1763683200,7.08,1.2,0.101,240.41,0.945,0.0,0.558,4,0,8.082,1,1778967670
COIN,us,1763942400,7.72,1.82,0.11,255.97,6.472,4.0,0.56,4,0,2.848,0,1778967670
COIN,us,1764028800,8.27,2.45,0.118,254.12,-0.723,2.0,0.552,4,0,8.972,1,1778967670
COIN,us,1764115200,10.59,3.7,0.151,264.97,4.27,7.9,0.659,4,0,3.427,1,1778967670
COIN,us,1764288000,12.42,4.32,0.177,272.82,2.963,15.8,0.78,4,0,-1.133,0,1778967670
COIN,us,1764547200,11.96,5.58,0.171,259.84,-4.758,2.0,0.608,4,0,5.526,1,1778967670
COIN,us,1764633600,13.75,6.2,0.196,263.26,1.316,4.0,0.725,4,0,5.356,1,1778967670
COIN,us,1764720000,21.63,8.95,0.309,276.92,5.189,13.9,0.888,9,0,-0.661,0,1778967670
COIN,us,1764806400,21.72,10.2,0.31,274.05,-1.036,11.9,0.772,9,0,-1.835,0,1778967670
COIN,us,1764892800,17.67,9.32,0.252,269.73,-1.576,5.9,0.805,4,0,-0.842,0,1778967670
COIN,us,1765152000,28.78,13.25,0.411,274.2,1.657,5.9,0.753,15,0,-8.673,-1,1778967670
COIN,us,1765238400,30.55,15.12,0.436,277.36,1.152,9.9,0.743,15,0,-8.923,-1,1778967670
COIN,us,1765324800,35.57,20.12,0.508,275.09,-0.818,5.9,0.745,15,0,-11.233,-1,1778967670
COIN,us,1765411200,39.27,23.88,0.561,269.02,-2.207,2.0,0.739,15,0,-11.085,-1,1778967670
COIN,us,1765497600,39.46,23.88,0.564,267.46,-0.58,4.0,0.758,15,0,-8.353,-1,1778967670
COIN,us,1765756800,26.84,20.58,0.383,250.42,-6.371,2.0,0.596,4,0,-1.006,0,1778967670
COIN,us,1765843200,27.72,19.95,0.396,252.61,0.875,2.0,0.747,4,0,-4.081,-1,1778967670
COIN,us,1765929600,26.02,18.08,0.372,244.19,-3.333,2.0,0.764,4,0,-1.826,0,1778967670
COIN,us,1766016000,25.7,17.45,0.367,239.2,-2.043,2.0,0.795,4,0,-0.962,0,1778967670
COIN,us,1766102400,28.37,17.45,0.405,245.12,2.475,2.0,1.062,4,0,-4.63,-1,1778967670
COIN,us,1766361600,28.9,18.7,0.413,247.9,1.134,4.0,0.99,4,0,-6.575,-1,1778967670
COIN,us,1766448000,24.58,16.2,0.351,242.3,-2.259,4.0,0.808,4,0,-6.669,-1,1778967670
COIN,us,1766534400,23.12,14.32,0.33,239.73,-1.061,2.0,0.85,4,0,-1.335,0,1778967670
COIN,us,1766707200,20.91,13.7,0.299,236.9,-1.18,0.0,0.691,4,0,7.607,1,1778967670
COIN,us,1766966400,18.33,12.45,0.262,233.77,-1.321,0.0,0.558,4,0,7.182,1,1778967670
COIN,us,1767052800,18.72,12.45,0.267,231.6,-0.928,0.0,0.597,4,0,6.187,1,1778967670
COIN,us,1767139200,16.17,11.2,0.231,226.14,-2.358,0.0,0.467,4,0,8.601,1,1778967670
COIN,us,1767312000,16.1,11.2,0.23,236.53,4.594,0.0,0.46,4,0,1.797,0,1778967670
COIN,us,1767571200,22.87,12.7,0.327,254.92,7.775,2.0,0.637,9,0,-4.684,-1,1778967670
COIN,us,1767657600,30.02,15.75,0.429,250.56,-1.71,0.0,0.627,15,0,0.85,0,1778967670
COIN,us,1767744000,18.62,13.08,0.266,245.93,-1.848,0.0,0.524,4,0,4.038,1,1778967670
COIN,us,1767830400,25.45,16.75,0.364,245.59,-0.138,0.0,0.42,10,0,-2.569,0,1778967670
COIN,us,1767916800,30.4,21.75,0.434,240.78,-1.959,0.0,0.415,10,0,0.154,0,1778967670
COIN,us,1768176000,25.92,20.58,0.37,242.98,0.914,0.0,0.504,4,0,-6.276,-1,1778967670
COIN,us,1768262400,38.3,23.88,0.547,252.69,3.996,5.9,0.642,15,0,-10.194,-1,1778967670
COIN,us,1768348800,39.78,23.25,0.568,255.86,1.255,7.9,0.853,15,0,-12.788,-1,1778967670
COIN,us,1768435200,27.0,19.95,0.386,239.28,-6.48,7.9,0.675,4,0,-9.332,-1,1778967670
COIN,us,1768521600,33.88,21.12,0.484,241.15,0.782,7.9,0.826,10,0,-11.474,-1,1778967670
COIN,us,1768867200,26.6,18.08,0.38,227.73,-5.565,4.0,0.822,4,0,-7.421,-1,1778967670
COIN,us,1768953600,24.15,17.45,0.345,226.93,-0.351,4.0,0.64,4,0,-7.712,-1,1778967670
COIN,us,1769040000,21.87,16.2,0.312,223.14,-1.67,0.0,0.537,4,0,-10.738,-1,1778967670
COIN,us,1769126400,18.46,13.08,0.264,216.95,-2.774,0.0,0.508,4,0,-10.237,-1,1778967670
COIN,us,1769385600,13.31,8.08,0.19,213.48,-1.599,0.0,0.493,4,0,-12.001,-1,1778967670
COIN,us,1769472000,10.75,5.58,0.154,210.83,-1.241,0.0,0.487,4,0,-14.784,-1,1778967670
COIN,us,1769558400,8.76,3.7,0.125,209.43,-0.664,0.0,0.476,4,0,-19.486,-1,1778967670
COIN,us,1769644800,5.92,1.2,0.085,199.18,-4.894,0.0,0.442,4,0,-26.639,-1,1778967670
COIN,us,1769731200,5.82,1.2,0.083,194.74,-2.229,0.0,0.432,4,0,-15.21,-1,1778967670
COIN,us,1769990400,4.82,1.2,0.069,187.86,-3.533,0.0,0.332,4,0,-10.971,-1,1778967670
COIN,us,1770076800,4.0,1.2,0.057,179.66,-4.365,0.0,0.217,4,0,-9.546,-1,1778967670
COIN,us,1770163200,4.0,1.2,0.057,168.62,-6.145,0.0,0.206,4,0,-9.145,-1,1778967670
COIN,us,1770249600,4.0,1.2,0.057,146.12,-13.344,0.0,0.181,4,0,-3.442,-1,1778967670
COIN,us,1770336000,4.5,1.2,0.064,165.12,13.003,0.0,0.3,4,0,-0.484,0,1778967670
COIN,us,1770595200,5.27,1.2,0.075,167.25,1.29,0.0,0.377,4,0,-0.735,0,1778967670
COIN,us,1770681600,4.75,1.2,0.068,162.51,-2.834,0.0,0.325,4,0,0.948,0,1778967670
COIN,us,1770768000,4.04,1.2,0.058,153.2,-5.729,0.0,0.254,4,0,8.316,1,1778967670
COIN,us,1770854400,4.0,1.2,0.057,141.09,-7.905,0.0,0.179,4,0,21.447,1,1778967670
COIN,us,1770940800,6.27,2.45,0.09,164.32,16.465,0.0,0.352,4,0,-2.483,0,1778967670
COIN,us,1771286400,8.6,4.32,0.123,166.02,1.035,0.0,0.398,4,0,-2.403,0,1778967670
COIN,us,1771372800,9.15,4.95,0.131,164.05,-1.187,0.0,0.39,4,0,12.124,1,1778967670
COIN,us,1771459200,10.98,6.2,0.157,165.94,1.152,0.0,0.448,4,0,9.112,1,1778967670
COIN,us,1771545600,13.12,7.45,0.187,171.35,3.26,2.0,0.537,4,0,2.626,0,1778967670
COIN,us,1771804800,13.76,8.08,0.197,160.24,-6.484,2.0,0.538,4,0,15.602,1,1778967670
COIN,us,1771891200,15.79,9.32,0.226,162.03,1.117,2.0,0.617,4,0,12.547,1,1778967670
COIN,us,1771977600,29.68,13.88,0.424,183.94,13.522,4.0,0.78,15,0,13.586,1,1778967670
COIN,us,1772064000,30.76,15.12,0.439,181.06,-1.566,2.0,0.764,15,0,13.614,1,1778967670
COIN,us,1772150400,32.16,16.38,0.459,175.85,-2.877,2.0,0.778,15,0,12.152,1,1778967670
COIN,us,1772409600,33.98,17.0,0.485,185.24,5.34,4.0,0.898,15,0,7.855,1,1778967670
COIN,us,1772496000,35.2,18.25,0.503,182.36,-1.555,2.0,0.895,15,0,7.765,1,1778967670
COIN,us,1772582400,30.6,13.92,0.437,208.93,14.57,9.9,1.148,11,0,-4.93,-1,1778967670
COIN,us,1772668800,30.1,13.3,0.43,205.71,-1.541,5.9,1.16,11,0,-6.067,-1,1778967670
COIN,us,1772755200,36.3,15.12,0.519,197.22,-4.127,2.0,1.318,15,0,-0.857,0,1778967670
COIN,us,1773014400,33.85,13.25,0.484,199.79,1.303,5.9,1.26,15,0,1.767,0,1778967670
COIN,us,1773100800,32.16,13.25,0.459,196.52,-1.637,7.9,1.091,15,0,6.976,1,1778967670
COIN,us,1773187200,33.58,13.25,0.48,198.63,1.074,7.9,1.233,15,0,1.843,0,1778967670
COIN,us,1773273600,37.28,16.38,0.533,193.23,-2.719,7.9,1.29,15,0,5.01,1,1778967670
COIN,us,1773360000,44.51,20.12,0.636,195.53,1.19,9.9,1.639,15,0,1.008,0,1778967670
COIN,us,1773619200,43.36,20.75,0.619,203.32,3.984,9.9,1.461,15,0,-1.328,0,1778967670
COIN,us,1773705600,47.92,22.25,0.685,210.23,3.399,11.9,1.417,20,0,-13.885,-1,1778967670
COIN,us,1773792000,44.32,22.0,0.633,202.29,-3.777,11.9,1.432,15,0,-10.475,-1,1778967670
COIN,us,1773878400,45.06,22.62,0.644,202.91,0.306,11.9,1.444,15,0,-14.553,-1,1778967670
COIN,us,1773964800,42.34,22.62,0.605,197.5,-2.666,11.9,1.172,15,0,-18.41,-1,1778967670
COIN,us,1774224000,46.12,23.88,0.659,200.62,1.58,11.9,1.424,15,0,-19.853,-1,1778967670
COIN,us,1774310400,32.02,20.58,0.457,181.04,-9.76,4.0,1.114,4,0,-3.552,-1,1778967670
COIN,us,1774396800,30.35,19.95,0.434,181.1,0.033,5.9,1.01,4,0,-4.478,-1,1778967670
COIN,us,1774483200,29.99,19.32,0.428,173.38,-4.263,4.0,1.037,4,0,-1.107,0,1778967670
COIN,us,1774569600,28.68,18.08,0.41,161.14,-7.06,2.0,1.03,4,0,8.471,1,1778967670
COIN,us,1774828800,24.41,15.58,0.349,160.79,-0.217,2.0,0.853,4,0,8.95,1,1778967670
COIN,us,1774915200,25.66,14.95,0.367,174.61,8.595,4.0,1.041,4,0,0.275,0,1778967670
COIN,us,1775001600,21.71,13.7,0.31,172.99,-0.928,4.0,0.771,4,0,-2.295,0,1778967670
COIN,us,1775088000,20.83,12.45,0.298,171.46,-0.884,4.0,0.808,4,0,-2.105,0,1778967670
COIN,us,1775433600,21.6,11.82,0.309,174.79,1.942,2.0,0.948,4,0,-0.149,0,1778967670
COIN,us,1775520000,20.61,11.2,0.294,175.18,0.223,2.0,0.911,4,0,5.269,1,1778967670
COIN,us,1775606400,20.07,10.58,0.287,175.09,-0.051,4.0,0.919,4,0,11.885,1,1778967670
COIN,us,1775692800,17.27,9.32,0.247,169.02,-3.467,4.0,0.765,4,0,18.229,1,1778967670
COIN,us,1775779200,16.66,8.7,0.238,167.85,-0.692,5.9,0.766,4,0,22.925,1,1778967670
COIN,us,1776038400,16.29,8.7,0.233,174.53,3.98,4.0,0.729,4,0,21.257,1,1778967670
COIN,us,1776124800,30.24,15.12,0.432,184.41,5.661,7.9,0.712,15,0,6.258,1,1778967670
COIN,us,1776211200,40.23,21.62,0.575,195.9,6.231,5.9,0.711,20,0,5.278,1,1778967670
COIN,us,1776297600,42.0,21.62,0.6,199.83,2.006,5.9,0.888,20,0,-0.951,0,1778967670
COIN,us,1776384000,37.32,19.18,0.533,206.33,3.253,7.9,0.944,16,0,-3.179,-1,1778967670
COIN,us,1776643200,35.18,14.8,0.503,211.63,2.569,7.9,1.168,16,0,-7.064,-1,1778967670
COIN,us,1776729600,37.83,17.25,0.54,195.95,-7.409,5.9,0.908,20,0,-0.944,0,1778967670
COIN,us,1776816000,30.23,9.18,0.432,206.24,5.251,7.9,1.235,16,0,-11.884,-1,1778967670
COIN,us,1776902400,29.67,7.88,0.424,197.93,-4.029,13.9,1.029,20,0,-5.133,-1,1778967670
COIN,us,1776988800,30.69,7.25,0.438,199.77,0.93,13.9,1.194,20,0,-4.265,-1,1778967670
COIN,us,1777248000,35.65,11.62,0.509,196.68,-1.547,9.9,1.253,20,0,3.208,1,1778967670
COIN,us,1777334400,43.96,19.12,0.628,194.1,-1.312,9.9,1.334,20,0,1.88,0,1778967670
COIN,us,1777420800,30.92,16.12,0.442,181.73,-6.373,7.9,1.03,10,0,8.931,1,1778967670
COIN,us,1777507200,40.33,20.12,0.576,187.77,3.324,7.9,1.221,15,0,2.764,0,1778967670
COIN,us,1777593600,48.19,22.25,0.688,191.25,1.853,11.9,1.444,20,0,5.182,1,1778967670
COIN,us,1777852800,48.71,22.25,0.696,202.99,6.139,17.8,1.496,20,0,6.705,1,1778967670
COIN,us,1777939200,46.16,22.25,0.659,197.75,-2.581,13.9,1.241,20,0,5.001,1,1778967670
COIN,us,1778025600,43.92,21.7,0.627,197.96,0.106,17.8,1.492,14,0,1.94,0,1778967670
COIN,us,1778112000,39.85,20.82,0.569,192.96,-2.526,27.7,1.523,9,0,9.873,1,1778967670
COIN,us,1778198400,48.38,23.58,0.691,201.16,4.25,21.8,1.88,14,0,-2.848,0,1778967670
APP,us,1763683200,11.59,4.32,0.166,520.26,-0.108,71.3,0.697,4,0,19.861,1,1778967670
APP,us,1763942400,12.44,4.95,0.178,559.8,7.6,75.2,0.719,4,0,16.649,1,1778967670
APP,us,1764028800,13.67,6.2,0.195,556.03,-0.673,75.2,0.717,4,0,19.096,1,1778967670
APP,us,1764115200,19.36,8.32,0.277,586.37,5.457,79.2,0.724,9,0,16.612,1,1778967670
APP,us,1764288000,20.84,8.95,0.298,599.48,2.236,77.2,0.809,9,0,15.423,1,1778967670
APP,us,1764547200,27.76,12.32,0.397,623.59,4.022,85.1,0.814,14,0,10.611,1,1778967670
APP,us,1764633600,32.88,11.62,0.47,653.0,4.716,87.1,0.976,20,0,10.968,1,1778967670
APP,us,1764720000,31.23,8.5,0.446,662.21,1.41,85.1,1.123,20,0,6.202,1,1778967670
APP,us,1764806400,24.49,4.8,0.35,683.78,3.257,91.1,1.099,16,0,4.855,1,1778967670
APP,us,1764892800,23.4,4.8,0.334,691.94,1.193,89.1,0.99,16,0,-3.074,-1,1778967670
APP,us,1765152000,24.28,4.8,0.347,689.76,-0.315,89.1,1.078,16,0,-2.116,0,1778967670
APP,us,1765238400,24.1,4.8,0.344,724.62,5.054,91.1,1.06,16,0,-6.53,-1,1778967670
APP,us,1765324800,25.2,4.8,0.36,703.28,-2.945,87.1,1.17,16,0,-6.562,-1,1778967670
APP,us,1765411200,27.88,4.8,0.398,716.98,1.948,89.1,1.438,16,0,-3.154,-1,1778967670
APP,us,1765497600,28.96,5.42,0.414,670.67,-6.459,85.1,1.484,16,0,7.56,1,1778967670
APP,us,1765756800,29.46,6.05,0.421,675.165,0.67,85.1,1.471,16,0,8.655,1,1778967670
APP,us,1765843200,33.5,7.3,0.479,677.3,0.316,87.1,1.793,16,0,7.552,1,1778967670
APP,us,1765929600,38.75,9.75,0.554,657.13,-2.978,87.1,1.855,20,0,10.709,1,1778967670
APP,us,1766016000,40.0,11.0,0.571,694.37,5.667,89.1,1.84,20,0,2.86,0,1778967670
APP,us,1766102400,41.25,12.25,0.589,721.37,3.888,89.1,2.549,20,0,-3.126,-1,1778967670
APP,us,1766361600,42.5,13.5,0.607,733.6,1.695,89.1,3.673,20,0,-5.438,-1,1778967670
APP,us,1766448000,46.88,17.88,0.67,728.45,-0.702,89.1,2.969,20,0,-7.499,-1,1778967670
APP,us,1766534400,50.0,21.0,0.714,727.5,-0.13,89.1,3.286,20,0,-15.008,-1,1778967670
APP,us,1766707200,51.88,22.88,0.741,714.23,-1.824,87.1,2.792,20,0,-11.386,-1,1778967670
APP,us,1766966400,54.38,25.38,0.777,698.82,-2.158,83.2,2.298,20,0,-11.674,-1,1778967670
APP,us,1767052800,43.38,22.08,0.62,693.71,-0.731,83.2,1.897,9,0,-8.763,-1,1778967670
APP,us,1767139200,41.45,22.08,0.592,673.82,-2.867,85.1,1.557,9,0,-8.502,-1,1778967670
APP,us,1767312000,31.49,19.32,0.45,618.32,-8.237,77.2,1.187,4,0,4.755,1,1778967670
APP,us,1767571200,34.89,19.58,0.498,632.91,2.36,77.2,1.151,9,0,4.067,1,1778967670
APP,us,1767657600,26.84,17.45,0.383,617.24,-2.476,79.2,0.909,4,0,8.326,1,1778967670
APP,us,1767744000,32.29,17.7,0.461,632.92,2.54,81.2,1.079,9,0,-2.395,0,1778967670
APP,us,1767830400,24.69,15.58,0.353,616.53,-2.59,79.2,0.881,4,0,-1.547,0,1778967670
APP,us,1767916800,31.11,16.45,0.444,647.72,5.059,83.2,1.086,9,0,-12.19,-1,1778967670
APP,us,1768176000,31.98,17.08,0.457,658.65,1.687,83.2,1.11,9,0,-14.14,-1,1778967670
APP,us,1768262400,34.29,16.45,0.49,668.63,1.515,83.2,1.404,9,0,-20.351,-1,1778967670
APP,us,1768348800,23.2,13.08,0.331,617.76,-7.608,81.2,0.982,4,0,-15.511,-1,1778967670
APP,us,1768435200,20.16,11.82,0.288,606.99,-1.743,77.2,0.804,4,0,-13.605,-1,1778967670
APP,us,1768521600,17.33,9.95,0.248,568.76,-6.298,69.3,0.708,4,0,-5.858,-1,1778967670
APP,us,1768867200,14.22,8.7,0.203,565.52,-0.57,73.3,0.522,4,0,-3.883,-1,1778967670
APP,us,1768953600,11.81,8.08,0.169,532.56,-5.828,67.3,0.343,4,0,1.84,0,1778967670
APP,us,1769040000,9.81,6.82,0.14,521.94,-1.994,61.4,0.269,4,0,9.062,1,1778967670
APP,us,1769126400,10.62,6.82,0.152,524.41,0.473,65.3,0.35,4,0,-9.782,-1,1778967670
APP,us,1769385600,11.53,6.82,0.165,535.44,2.103,65.3,0.441,4,0,-9.794,-1,1778967670
APP,us,1769472000,13.01,7.45,0.186,543.56,1.517,61.4,0.526,4,0,-15.043,-1,1778967670
APP,us,1769558400,12.89,7.45,0.184,542.36,-0.221,59.4,0.514,4,0,-28.582,-1,1778967670
APP,us,1769644800,15.16,8.7,0.217,569.24,4.956,71.3,0.616,4,0,-34.082,-1,1778967670
APP,us,1769731200,11.8,6.2,0.169,473.11,-16.887,33.7,0.53,4,0,-14.033,-1,1778967670
APP,us,1769990400,9.38,2.45,0.134,483.0,2.09,33.7,0.663,4,0,-4.683,-1,1778967670
APP,us,1770076800,6.99,1.2,0.1,461.79,-4.391,33.7,0.549,4,0,2.41,0,1778967670
APP,us,1770163200,6.29,1.2,0.09,387.34,-16.122,11.9,0.479,4,0,17.935,1,1778967670
APP,us,1770249600,5.54,1.2,0.079,375.23,-3.126,11.9,0.404,4,0,-2.217,0,1778967670
APP,us,1770336000,6.38,1.2,0.091,406.72,8.392,19.8,0.488,4,0,-3.976,-1,1778967670
APP,us,1770595200,7.74,1.82,0.111,460.38,13.193,37.6,0.562,4,0,-18.246,-1,1778967670
APP,us,1770681600,9.19,3.08,0.131,472.92,2.724,37.6,0.581,4,0,-14.491,-1,1778967670
APP,us,1770768000,8.84,3.7,0.126,456.81,-3.406,31.7,0.484,4,0,-9.809,-1,1778967670
APP,us,1770854400,8.39,3.7,0.12,366.91,-19.68,9.9,0.439,4,0,14.11,1,1778967670
APP,us,1770940800,10.02,4.32,0.143,390.55,6.443,17.8,0.54,4,0,-2.543,0,1778967670
APP,us,1771286400,9.57,3.7,0.137,376.38,-3.628,15.8,0.557,4,0,4.474,1,1778967670
APP,us,1771372800,11.37,4.32,0.162,404.39,7.442,23.8,0.675,4,0,4.263,1,1778967670
APP,us,1771459200,13.21,4.95,0.189,412.0,1.882,27.7,0.796,4,0,7.993,1,1778967670
APP,us,1771545600,15.42,5.58,0.22,418.68,1.621,29.7,0.954,4,0,3.843,1,1778967670
APP,us,1771804800,13.49,4.95,0.193,380.62,-9.09,29.7,0.824,4,0,13.757,1,1778967670
APP,us,1771891200,16.57,8.08,0.237,393.22,3.31,29.7,0.819,4,0,11.614,1,1778967670
APP,us,1771977600,24.58,11.75,0.351,421.63,7.225,29.7,0.833,10,0,14.51,1,1778967670
APP,us,1772064000,31.37,13.88,0.448,444.93,5.526,31.7,0.949,15,0,14.301,1,1778967670
APP,us,1772150400,35.89,19.5,0.513,434.77,-2.284,33.7,0.839,15,0,15.496,1,1778967670
APP,us,1772409600,32.59,19.58,0.466,432.98,-0.412,33.7,0.921,9,0,19.458,1,1778967670
APP,us,1772496000,33.73,20.82,0.482,438.89,1.365,33.7,0.911,9,0,8.772,1,1778967670
APP,us,1772582400,41.09,22.0,0.587,482.81,10.007,39.6,1.109,15,0,-4.424,-1,1778967670
APP,us,1772668800,38.12,17.68,0.545,508.56,5.333,47.5,1.524,11,0,-11.647,-1,1778967670
APP,us,1772755200,37.21,15.8,0.532,502.14,-1.262,47.5,1.621,11,0,-8.657,-1,1778967670
APP,us,1773014400,35.13,13.92,0.502,517.23,3.005,51.5,1.601,11,0,-12.36,-1,1778967670
APP,us,1773100800,35.78,15.12,0.511,477.39,-7.703,31.7,1.266,15,0,-3.833,-1,1778967670
APP,us,1773187200,34.45,15.75,0.492,461.45,-3.339,27.7,1.07,15,0,-4.091,-1,1778967670
APP,us,1773273600,36.04,16.38,0.515,449.33,-2.627,23.8,1.166,15,0,-2.094,0,1778967670
APP,us,1773360000,43.75,18.25,0.625,458.67,2.079,27.7,1.751,15,0,-3.549,-1,1778967670
APP,us,1773619200,42.9,20.75,0.613,453.3,-1.171,27.7,1.415,15,0,1.246,0,1778967670
APP,us,1773705600,47.51,22.62,0.679,459.09,1.277,31.7,1.689,15,0,-5.049,-1,1778967670
APP,us,1773792000,34.62,19.95,0.495,442.57,-3.598,25.7,1.437,4,0,-1.329,0,1778967670
APP,us,1773878400,38.7,22.38,0.553,439.92,-0.599,23.8,1.182,10,0,-11.072,-1,1778967670
APP,us,1773964800,37.93,22.38,0.542,442.39,0.561,27.7,1.105,10,0,-13.832,-1,1778967670
APP,us,1774224000,45.8,23.88,0.654,458.95,3.743,27.7,1.392,15,0,-18.928,-1,1778967670
APP,us,1774310400,32.54,20.58,0.465,435.91,-5.02,21.8,1.166,4,0,-8.697,-1,1778967670
APP,us,1774396800,31.92,20.58,0.456,436.69,0.179,21.8,1.104,4,0,-11.186,-1,1778967670
APP,us,1774483200,28.29,19.32,0.404,391.21,-10.415,13.9,0.867,4,0,-1.237,0,1778967670
APP,us,1774569600,27.17,18.08,0.388,381.2,-2.559,13.9,0.879,4,0,8.258,1,1778967670
APP,us,1774828800,22.02,13.08,0.315,372.08,-2.392,7.9,0.864,4,0,10.31,1,1778967670
APP,us,1774915200,20.66,11.82,0.295,398.0,6.966,11.9,0.854,4,0,-1.709,0,1778967670
APP,us,1775001600,16.86,9.95,0.241,387.84,-2.553,9.9,0.661,4,0,-2.243,0,1778967670
APP,us,1775088000,15.89,10.58,0.227,386.37,-0.379,9.9,0.501,4,0,1.297,0,1778967670
APP,us,1775433600,18.99,12.45,0.271,412.68,6.81,21.8,0.624,4,0,1.156,0,1778967670
APP,us,1775520000,22.77,17.45,0.325,410.44,-0.543,19.8,0.502,4,0,5.621,1,1778967670
APP,us,1775606400,23.46,18.08,0.335,391.2,-4.688,19.8,0.508,4,0,18.77,1,1778967670
APP,us,1775692800,22.76,17.45,0.325,379.14,-3.083,15.8,0.501,4,0,22.933,1,1778967670
APP,us,1775779200,24.13,17.45,0.345,391.38,3.228,19.8,0.638,4,0,21.928,1,1778967670
APP,us,1776038400,30.08,19.58,0.43,417.45,6.661,19.8,0.67,9,0,17.609,1,1778967670
APP,us,1776124800,31.27,19.58,0.447,433.51,3.847,21.8,0.789,9,0,9.151,1,1778967670
APP,us,1776211200,41.75,22.25,0.596,464.63,7.179,25.7,0.8,20,0,4.106,1,1778967670
APP,us,1776297600,41.48,20.38,0.593,466.09,0.314,31.7,0.96,20,0,-2.557,0,1778967670
APP,us,1776384000,35.17,14.8,0.502,477.2,2.384,29.7,1.167,16,0,-6.058,-1,1778967670
APP,us,1776643200,31.82,11.68,0.455,490.96,2.883,35.6,1.144,16,0,-6.247,-1,1778967670
APP,us,1776729600,32.57,11.62,0.465,473.18,-3.621,29.7,0.945,20,0,-5.104,-1,1778967670
APP,us,1776816000,27.83,7.92,0.398,483.71,2.225,39.6,1.121,16,0,-8.327,-1,1778967670
APP,us,1776902400,29.04,7.88,0.415,454.17,-6.107,33.7,0.966,20,0,-1.722,0,1778967670
APP,us,1776988800,30.72,9.12,0.439,448.29,-1.295,27.7,1.01,20,0,2.612,0,1778967670
APP,us,1777248000,33.97,10.38,0.485,460.29,2.677,29.7,1.209,20,0,3.196,1,1778967670
APP,us,1777334400,37.84,13.5,0.541,449.03,-2.446,27.7,1.284,20,0,6.476,1,1778967670
APP,us,1777420800,37.11,14.75,0.53,443.43,-1.247,27.7,1.086,20,0,5.728,1,1778967670
APP,us,1777507200,39.97,16.0,0.571,446.35,0.659,27.7,1.247,20,0,11.767,1,1778967670
APP,us,1777593600,45.72,19.75,0.653,460.0,3.058,33.7,1.447,20,0,1.859,0,1778967670
APP,us,1777852800,46.83,21.0,0.669,475.0,3.261,35.6,1.433,20,0,0.72,0,1778967670
APP,us,1777939200,49.38,21.0,0.705,478.11,0.655,37.6,1.688,20,0,2.631,0,1778967670
APP,us,1778025600,51.42,24.12,0.735,468.83,-1.941,49.5,1.58,20,0,-3.263,-1,1778967670
APP,us,1778112000,54.38,25.38,0.777,498.87,6.407,55.4,2.504,20,0,-2.748,0,1778967670
APP,us,1778198400,48.38,23.58,0.691,468.55,-6.078,41.6,1.758,14,0,6.926,1,1778967670
SPOT,us,1763683200,6.07,2.45,0.087,583.61,-0.954,9.9,0.332,4,0,-0.809,0,1778967670
SPOT,us,1763942400,5.46,1.2,0.078,584.98,0.235,9.9,0.396,4,0,-1.4,0,1778967670
SPOT,us,1764028800,6.7,1.2,0.096,585.47,0.084,5.9,0.52,4,0,-4.834,-1,1778967670
SPOT,us,1764115200,7.44,1.82,0.106,592.69,1.233,4.0,0.532,4,0,-5.352,-1,1778967670
SPOT,us,1764288000,8.62,2.45,0.123,598.87,1.043,5.9,0.587,4,0,-5.667,-1,1778967670
SPOT,us,1764547200,8.47,2.45,0.121,578.89,-3.336,0.0,0.572,4,0,-1.13,0,1778967670
SPOT,us,1764633600,8.34,1.82,0.119,576.79,-0.363,0.0,0.622,4,0,2.233,0,1778967670
SPOT,us,1764720000,8.12,1.2,0.116,557.17,-3.402,0.0,0.662,4,0,9.376,1,1778967670
SPOT,us,1764806400,9.91,1.2,0.142,560.97,0.682,0.0,0.841,4,0,6.756,1,1778967670
SPOT,us,1764892800,11.73,1.2,0.168,564.93,0.706,0.0,1.023,4,0,5.818,1,1778967670
SPOT,us,1765152000,14.42,1.2,0.206,572.35,1.313,0.0,1.292,4,0,0.839,0,1778967670
SPOT,us,1765238400,15.87,1.82,0.227,589.67,3.026,4.0,1.375,4,0,-1.798,0,1778967670
SPOT,us,1765324800,23.15,4.58,0.331,609.41,3.348,7.9,1.477,9,0,-7.086,-1,1778967670
SPOT,us,1765411200,28.3,7.62,0.404,598.87,-1.73,4.0,1.268,15,0,-5.853,-1,1778967670
SPOT,us,1765497600,29.91,8.88,0.427,597.8,-0.179,5.9,1.303,15,0,-2.616,0,1778967670
SPOT,us,1765756800,22.41,9.32,0.32,577.15,-3.454,4.0,1.279,4,0,0.286,0,1778967670
SPOT,us,1765843200,27.55,14.32,0.394,579.07,0.333,4.0,1.293,4,0,0.055,0,1778967670
SPOT,us,1765929600,30.68,18.08,0.438,566.23,-2.217,4.0,1.23,4,0,3.592,1,1778967670
SPOT,us,1766016000,32.3,19.95,0.461,563.82,-0.426,4.0,1.205,4,0,3.641,1,1778967670
SPOT,us,1766102400,46.78,23.88,0.668,582.16,3.253,5.9,1.49,15,0,-0.167,0,1778967670
SPOT,us,1766361600,41.82,21.75,0.597,578.8,-0.577,5.9,1.557,10,0,-0.366,0,1778967670
SPOT,us,1766448000,40.37,22.38,0.577,579.39,0.102,5.9,1.349,10,0,0.228,0,1778967670
SPOT,us,1766534400,43.53,23.25,0.622,586.57,1.239,7.9,1.228,15,0,-1.972,0,1778967670
SPOT,us,1766707200,42.65,23.88,0.609,584.35,-0.378,7.9,1.077,15,0,1.547,0,1778967670
SPOT,us,1766966400,41.45,23.88,0.592,581.19,-0.541,5.9,0.957,15,0,-1.679,0,1778967670
SPOT,us,1767052800,30.66,19.95,0.438,576.68,-0.776,7.9,1.041,4,0,-1.224,0,1778967670
SPOT,us,1767139200,37.4,21.45,0.534,580.71,0.699,5.9,1.215,9,0,-4.655,-1,1778967670
SPOT,us,1767312000,34.22,20.58,0.489,575.0,-0.983,5.9,1.334,4,0,-6.197,-1,1778967670
SPOT,us,1767571200,39.52,22.08,0.565,593.39,3.198,9.9,1.364,9,0,-10.683,-1,1778967670
SPOT,us,1767657600,31.62,20.58,0.452,571.43,-3.701,5.9,1.074,4,0,-6.438,-1,1778967670
SPOT,us,1767744000,28.61,19.95,0.409,569.62,-0.317,4.0,0.836,4,0,-7.145,-1,1778967670
SPOT,us,1767830400,24.03,18.08,0.343,553.68,-2.798,5.9,0.565,4,0,-8.243,-1,1778967670
SPOT,us,1767916800,18.78,14.95,0.268,539.37,-2.585,5.9,0.353,4,0,-6.465,-1,1778967670
SPOT,us,1768176000,14.36,10.58,0.205,530.0,-1.737,4.0,0.348,4,0,-3.523,-1,1778967670
SPOT,us,1768262400,15.37,9.95,0.22,534.64,0.875,4.0,0.512,4,0,-6.07,-1,1778967670
SPOT,us,1768348800,13.99,8.7,0.2,528.92,-1.07,5.9,0.499,4,0,-5.725,-1,1778967670
SPOT,us,1768435200,9.36,5.58,0.134,508.04,-3.948,4.0,0.348,4,0,1.018,0,1778967670
SPOT,us,1768521600,7.28,3.7,0.104,504.5,-0.697,4.0,0.328,4,0,1.606,0,1778967670
SPOT,us,1768867200,5.9,1.2,0.084,511.33,1.354,7.9,0.44,4,0,0.072,0,1778967670
SPOT,us,1768953600,4.81,1.2,0.069,502.19,-1.787,5.9,0.331,4,0,1.296,0,1778967670
SPOT,us,1769040000,4.68,1.2,0.067,498.64,-0.707,5.9,0.318,4,0,1.059,0,1778967670
SPOT,us,1769126400,5.35,1.2,0.076,513.21,2.922,7.9,0.385,4,0,-2.506,0,1778967670
SPOT,us,1769385600,5.57,1.82,0.08,512.6,-0.119,5.9,0.345,4,0,-0.784,0,1778967670
SPOT,us,1769472000,6.72,3.08,0.096,511.7,-0.176,5.9,0.334,4,0,-7.37,-1,1778967670
SPOT,us,1769558400,7.3,3.7,0.104,508.7,-0.586,7.9,0.33,4,0,-13.401,-1,1778967670
SPOT,us,1769644800,7.81,4.32,0.112,503.92,-0.94,7.9,0.319,4,0,-18.092,-1,1778967670
SPOT,us,1769731200,8.76,5.58,0.125,500.35,-0.708,7.9,0.288,4,0,-15.537,-1,1778967670
SPOT,us,1769990400,10.63,6.82,0.152,508.58,1.645,7.9,0.351,4,0,-18.432,-1,1778967670
SPOT,us,1770076800,10.89,8.08,0.156,473.99,-6.801,7.9,0.251,4,0,0.428,0,1778967670
SPOT,us,1770163200,9.0,6.2,0.129,440.53,-7.059,7.9,0.226,4,0,10.587,1,1778967670
SPOT,us,1770249600,4.0,1.2,0.057,412.75,-6.306,7.9,0.203,4,0,8.005,1,1778967670
SPOT,us,1770336000,4.73,1.2,0.068,422.61,2.389,7.9,0.323,4,0,8.455,1,1778967670
SPOT,us,1770595200,4.66,1.2,0.067,414.84,-1.839,5.9,0.316,4,0,11.566,1,1778967670
SPOT,us,1770681600,7.61,1.82,0.109,476.02,14.748,7.9,0.549,4,0,0.328,0,1778967670
SPOT,us,1770768000,13.7,3.95,0.196,487.17,2.342,7.9,0.595,9,0,-0.386,0,1778967670
SPOT,us,1770854400,8.2,2.45,0.117,445.79,-8.494,5.9,0.545,4,0,10.052,1,1778967670
SPOT,us,1770940800,9.55,2.45,0.136,458.34,2.815,5.9,0.68,4,0,2.071,0,1778967670
SPOT,us,1771286400,12.7,4.32,0.181,462.82,0.977,7.9,0.808,4,0,0.614,0,1778967670
SPOT,us,1771372800,18.59,6.45,0.266,477.58,3.189,7.9,0.834,9,0,-2.994,0,1778967670
SPOT,us,1771459200,20.53,7.08,0.293,485.29,1.614,7.9,0.965,9,0,2.135,0,1778967670
SPOT,us,1771545600,22.32,7.7,0.319,490.6,1.094,7.9,1.082,9,0,4.961,1,1778967670
SPOT,us,1771804800,17.32,7.45,0.247,467.83,-4.641,7.9,0.957,4,0,8.433,1,1778967670
SPOT,us,1771891200,17.78,8.08,0.254,465.66,-0.464,7.9,0.94,4,0,11.661,1,1778967670
SPOT,us,1771977600,24.86,11.12,0.355,463.28,-0.511,7.9,0.924,10,0,15.284,1,1778967670
SPOT,us,1772064000,31.75,13.25,0.454,495.65,6.987,13.9,1.05,15,0,11.393,1,1778967670
SPOT,us,1772150400,32.69,12.62,0.467,514.94,3.892,19.8,1.207,15,0,9.758,1,1778967670
SPOT,us,1772409600,32.64,12.62,0.466,507.28,-1.488,15.8,1.202,15,0,7.412,1,1778967670
SPOT,us,1772496000,32.21,12.0,0.46,519.96,2.5,19.8,1.221,15,0,1.981,0,1778967670
SPOT,us,1772582400,36.11,9.75,0.516,534.09,2.718,25.7,1.486,20,0,-3.692,-1,1778967670
SPOT,us,1772668800,31.0,4.8,0.443,552.12,3.376,27.7,1.97,16,0,-7.703,-1,1778967670
SPOT,us,1772755200,31.0,4.8,0.443,565.19,2.367,31.7,2.74,16,0,-8.693,-1,1778967670
SPOT,us,1773014400,32.25,6.05,0.461,544.88,-3.593,27.7,2.156,16,0,-3.832,-1,1778967670
SPOT,us,1773100800,43.75,14.75,0.625,530.26,-2.683,25.7,2.439,20,0,-0.949,0,1778967670
SPOT,us,1773187200,39.38,13.88,0.563,514.37,-2.997,21.8,1.761,15,0,0.457,0,1778967670
SPOT,us,1773273600,36.61,14.5,0.523,509.59,-0.929,19.8,1.411,15,0,-5.312,-1,1778967670
SPOT,us,1773360000,42.5,17.0,0.607,516.06,1.27,21.8,2.021,15,0,-8.046,-1,1778967670
SPOT,us,1773619200,51.25,22.25,0.732,524.0,1.539,23.8,1.874,20,0,-6.032,-1,1778967670
SPOT,us,1773705600,51.88,22.88,0.741,525.23,0.235,19.8,1.764,20,0,-7.688,-1,1778967670
SPOT,us,1773792000,49.48,23.5,0.707,516.72,-1.62,27.7,1.448,20,0,-8.42,-1,1778967670
SPOT,us,1773878400,30.52,18.7,0.436,482.52,-6.619,15.8,1.152,4,0,-0.899,0,1778967670
SPOT,us,1773964800,28.39,18.7,0.406,474.54,-1.654,15.8,0.939,4,0,-0.434,0,1778967670
SPOT,us,1774224000,31.96,20.58,0.457,492.39,3.762,15.8,1.108,4,0,-3.532,-1,1778967670
SPOT,us,1774310400,32.51,20.58,0.464,484.85,-1.531,15.8,1.163,4,0,0.012,0,1778967670
SPOT,us,1774396800,32.89,20.58,0.47,473.21,-2.401,15.8,1.201,4,0,-0.676,0,1778967670
SPOT,us,1774483200,30.58,19.32,0.437,478.18,1.05,19.8,1.096,4,0,2.256,0,1778967670
SPOT,us,1774569600,26.99,18.08,0.386,472.48,-1.192,19.8,0.861,4,0,2.54,0,1778967670
SPOT,us,1774828800,26.59,16.2,0.38,475.0,0.533,21.8,1.009,4,0,1.722,0,1778967670
SPOT,us,1774915200,23.89,14.32,0.341,484.91,2.086,21.8,0.927,4,0,-0.359,0,1778967670
SPOT,us,1775001600,20.91,13.7,0.299,470.01,-3.073,19.8,0.691,4,0,3.534,1,1778967670
SPOT,us,1775088000,22.67,16.2,0.324,488.97,4.034,23.8,0.617,4,0,-2.655,0,1778967670
SPOT,us,1775433600,25.51,20.58,0.364,484.48,-0.918,19.8,0.463,4,0,4.05,1,1778967670
SPOT,us,1775520000,25.97,20.58,0.371,483.18,-0.268,21.8,0.509,4,0,5.832,1,1778967670
SPOT,us,1775606400,26.13,20.58,0.373,483.17,-0.002,23.8,0.525,4,0,9.934,1,1778967670
SPOT,us,1775692800,33.61,22.38,0.48,486.62,0.714,23.8,0.673,10,0,9.213,1,1778967670
SPOT,us,1775779200,33.72,22.38,0.482,475.99,-2.184,23.8,0.684,10,0,12.736,1,1778967670
SPOT,us,1776038400,44.09,25.38,0.63,504.1,5.906,29.7,0.721,20,0,6.479,1,1778967670
SPOT,us,1776124800,44.1,25.38,0.63,511.36,1.44,25.7,0.722,20,0,2.167,0,1778967670
SPOT,us,1776211200,39.91,23.55,0.57,531.17,3.874,31.7,0.766,16,0,-1.561,0,1778967670
SPOT,us,1776297600,38.89,21.05,0.556,531.45,0.053,25.7,0.914,16,0,-2.918,0,1778967670
SPOT,us,1776384000,39.77,19.18,0.568,536.61,0.971,27.7,1.189,16,0,-3.468,-1,1778967670
SPOT,us,1776643200,42.78,18.55,0.611,536.76,0.028,27.7,1.553,16,0,-7.627,-1,1778967670
SPOT,us,1776729600,42.17,18.5,0.602,522.44,-2.668,19.8,1.217,20,0,-16.89,-1,1778967670
SPOT,us,1776816000,40.65,16.68,0.581,522.88,0.084,23.8,1.527,16,0,-15.168,-1,1778967670
SPOT,us,1776902400,44.76,17.88,0.639,515.94,-1.327,25.7,1.538,20,0,-13.449,-1,1778967670
SPOT,us,1776988800,45.62,18.5,0.652,518.0,0.399,23.8,1.562,20,0,-14.766,-1,1778967670
SPOT,us,1777248000,39.77,18.25,0.568,495.82,-4.282,21.8,1.352,15,0,-11.609,-1,1778967670
SPOT,us,1777334400,16.29,8.7,0.233,434.2,-12.428,7.9,0.729,4,0,-3.379,-1,1778967670
SPOT,us,1777420800,10.49,1.82,0.15,443.57,2.158,13.9,0.837,4,0,-4.13,-1,1778967670
SPOT,us,1777507200,11.62,1.2,0.166,446.55,0.672,13.9,1.012,4,0,-4.282,-1,1778967670
SPOT,us,1777593600,10.27,1.2,0.147,441.51,-1.129,9.9,0.877,4,0,-5.363,-1,1778967670
SPOT,us,1777852800,10.21,1.2,0.146,438.26,-0.736,9.9,0.871,4,0,-4.281,-1,1778967670
SPOT,us,1777939200,9.22,1.2,0.132,419.53,-4.274,9.9,0.772,4,0,3.151,1,1778967670
SPOT,us,1778025600,11.03,1.2,0.158,425.25,1.363,9.9,0.953,4,0,1.329,0,1778967670
SPOT,us,1778112000,11.35,1.2,0.162,427.43,0.513,7.9,0.985,4,0,1.196,0,1778967670
SPOT,us,1778198400,11.25,1.2,0.161,417.83,-2.246,7.9,0.975,4,0,4.574,1,1778967670
